autor,caracteres_contenido,categoria,contenido,created_at,fecha,fecha_extraccion,fuente,id,imagenes,palabras_contenido,resumen,tags,titulo,url
Desconocido,1633,General,"Inicio AREQUIPA Arequipa: Detienen a sujeto por presunta extorsión a mujeres con imágenes privadas Arequipa: Detienen a sujeto por presunta extorsión a mujeres con imágenes privadas Por Diario Sin Fronteras - 19 junio, 2025 - En AREQUIPA, DiarioSF 616 La Dirección de Investigación de Delitos de Alta Tecnología (DIVINDAT), en coordinación con la Fiscalía Especializada en Ciberdelincuencia, intervino a Marco Huaracha C. (37) por presuntamente suplantar identidades femeninas en redes sociales para entablar conversaciones de confianza con mujeres y luego extorsionarlas. Según las autoridades, el investigado habría creado perfiles falsos en Facebook, simulando ser una mujer, para así lograr establecer vínculos con sus víctimas. Posteriormente, les solicitaba imágenes de carácter privado que luego habría usado para chantajearlas, exigiendo encuentros personales bajo amenaza de divulgar dicho contenido. La intervención se realizó en un inmueble de la urbanización Alameda Salaverry, en el distrito de Miraflores, donde se incautaron laptops, routers, un celular y dispositivos de almacenamiento digital. Las investigaciones se iniciaron en mayo de 2024. Se sospecha que habría contactado a más de 50 mujeres, entre ellas posiblemente algunas menores de edad, motivo por el cual se analiza minuciosamente todo el material incautado. La Fiscalía ha solicitado prisión preventiva mientras continúan las diligencias del caso. Comentarios de Facebook También te puede interesar Puno: Intervienen al director de Energía y Minas por presunto uso indebido de camioneta en reunión privada El director regional de Energía y Minas, Edwin",2025-11-16T22:38:52.363631,2025-11-16T22:38:52.721068,2025-11-16T22:38:52.721071,Sin Fronteras,10970,"https://diariosinfronteras.com.pe/wp-content/uploads/2025/06/IMG_20250619_081629_800_x_533_pixel-660x330.jpg, https://diariosinfronteras.com.pe/wp-content/uploads/2020/06/dxt-nav.png",235,,,Arequipa: Detienen a sujeto por presunta extorsión a mujeres con imágenes privadas,https://diariosinfronteras.com.pe/2025/06/19/arequipa-detienen-a-sujeto-por-presunta-extorsion-a-mujeres-con-imagenes-privadas/
Desconocido,1478,General,"Inicio ESCENARIO Marina Mora realizará el Miss Teen Model Perú 2024 Marina Mora realizará el Miss Teen Model Perú 2024 Por Diario Sin Fronteras - 12 abril, 2024 - En ESCENARIO 1056 Empresaria Marina Mora. La reina de belleza Marina Mora anunció la convocatoria para el próximo Miss Teen Model Perú 2024, que busca elegir nuestra representante al certamen de belleza no solo en Lima, sino en todas las regiones del país.  El Miss Teen Model Perú es una plataforma de formación para que ellas puedan ir haciendo una carrera profesional, nosotros les brindaremos las herramientas necesarias para que logren el mayor éxito en sus metas , indica Marina Mora sobre lo que el certamen ofrece a quienes desean concursar. Este certamen está dirigido a adolescentes nacidas en Perú o doble nacionalidad, entre los 13 y 19 años. Además de tener noción en pasarela, mucha actitud y proyección. Mora remarcó que no hay requisitos de estatura ni peso. La selección se realizará hasta el próximo viernes 26 de abril en Miraflores, a las 4:00 p.m. en la avenida Reducto 971. Para obtener más detalles sobre el proceso de inscripción y el evento en sí, los interesados pueden comunicarse a través de WhatsApp al número 999 897 142 o seguir la cuenta oficial de Instagram  missteenmodelperu. Comentarios de Facebook También te puede interesar Puno: Intervienen al director de Energía y Minas por presunto uso indebido de camioneta en reunión privada El director regional de Energía y Minas, Edwin",2025-11-16T22:38:52.363631,2025-11-16T22:38:52.720489,2025-11-16T22:38:52.720492,Sin Fronteras,10969,"https://diariosinfronteras.com.pe/wp-content/uploads/2024/04/CCCCCCCCCCCC-1.jpg, https://diariosinfronteras.com.pe/wp-content/uploads/2020/06/dxt-nav.png",247,,,Marina Mora realizará el Miss Teen Model Perú 2024,https://diariosinfronteras.com.pe/2024/04/12/marina-mora-realizara-el-miss-teen-model-peru-2024/
Desconocido,2067,General,"Inicio PUNO Inician construcción del camal municipal de Azángaro Inician construcción del camal municipal de Azángaro Por Diario Sin Fronteras - 18 agosto, 2025 - En PUNO 2069 El proyecto, ejecutado por el Gobierno Regional de Puno a través de PRADERA, busca modernizar con la construcción el faenado de carne de vacuno y mejorar las condiciones sanitarias en beneficio de productores, comerciantes y la población Con una inversión de S  2,899,854.12 y un plazo de ejecución de 180 días calendarios, el Gobierno Regional de Puno, a través del Proyecto Especial PRADERA, inició este lunes la construcción y mejoramiento del camal municipal de Azángaro, obra que beneficiará a la zona norte de la región. La infraestructura permitirá modernizar el procesamiento de carne de vacuno, garantizando estándares de salubridad y fortaleciendo la comercialización en favor de productores, comerciantes y consumidores. Durante la ceremonia de inicio participaron el director ejecutivo de PRADERA, Fredy Edmundo Álvarez Lupaca; el jefe del Proyecto Vacunos Carne, Iván C. Huancco Sucasaca; el equipo técnico de PRADERA; los consejeros regionales por Azángaro, Percy Mamani Vargas y Reynaldo Choquehuanca Rivera; así como el alcalde provincial, Salvador Apaza Flores. También asistió el director de la Agencia Agraria de Azángaro, ingeniero Heyne Limache Colquehuanca, quien destacó la trascendencia de la obra.  El proyecto representa un paso decisivo hacia la modernización de los servicios de faenado y comercialización, mejorando la infraestructura, los procesos técnicos y las condiciones sanitarias, lo que garantizará un producto de calidad para toda la población , señaló Limache. Con este proyecto, el Gobierno Regional de Puno busca consolidar un modelo de desarrollo agropecuario más eficiente y competitivo, asegurando mejores condiciones para la producción y el consumo en la provincia de Azángaro. Comentarios de Facebook También te puede interesar Cientos de jóvenes puneños rinden examen de preselección para Beca 18 Aspirantes de toda la región participaron en la",2025-11-16T22:38:52.363631,2025-11-16T22:38:52.719869,2025-11-16T22:38:52.719871,Sin Fronteras,10968,"https://diariosinfronteras.com.pe/wp-content/uploads/2025/08/puno-660x330.jpeg, https://diariosinfronteras.com.pe/wp-content/uploads/2020/06/dxt-nav.png",308,,,Inician construcción del camal municipal de Azángaro,https://diariosinfronteras.com.pe/2025/08/18/inician-construccion-del-camal-municipal-de-azangaro-con-inversion-de-s-2-8-millones/
Desconocido,1413,General,"Inicio PUNO Camioneta de Serenazgo se despista y cae a un pendiente en Azángaro Camioneta de Serenazgo se despista y cae a un pendiente en Azángaro Por Diario Sin Fronteras - 7 horas atrás - En PUNO 149 El vehículo municipal terminó con serios daños tras impactar contra una vivienda; dos agentes resultaron heridos. La Policía investiga una posible mala maniobra Una camioneta blanca perteneciente al Serenazgo de la Municipalidad Provincial de Azángaro sufrió un aparatoso accidente la noche del lunes, cuando se despistó y cayó a un pendiente en la bajada de la vía de circunvalación del barrio Peña Dorada. El hecho ocurrió alrededor de las 20:00 horas. En la unidad viajaban el conductor y una agente de serenazgo, quienes resultaron con heridas leves. El vehículo, sin embargo, quedó seriamente dañado tras impactar contra una vivienda particular de la zona, generando además daños materiales en la propiedad. Según fuentes municipales, la camioneta había sido retirada del taller hace pocos días, lo que indica que se encontraba recientemente reparada. Las primeras versiones apuntan a una posible mala maniobra del conductor como causa del despiste, aunque la Policía ya asumió las investigaciones para determinar las responsabilidades. Comentarios de Facebook También te puede interesar Cientos de jóvenes puneños rinden examen de preselección para Beca 18 Aspirantes de toda la región participaron en la",2025-11-16T22:38:52.363631,2025-11-16T22:38:52.719340,2025-11-16T22:38:52.719342,Sin Fronteras,10967,"https://diariosinfronteras.com.pe/wp-content/uploads/2025/11/accidente-660x330.jpeg, https://diariosinfronteras.com.pe/wp-content/uploads/2020/06/dxt-nav.png",221,,,Camioneta de Serenazgo se despista y cae a un pendiente en Azángaro,https://diariosinfronteras.com.pe/2025/11/16/camioneta-de-serenazgo-se-despista-y-cae-a-un-pendiente-en-azangaro/
Desconocido,4489,General,"Inicio PUNO Puno: Director sería el  soldado  de Calmet Puno: Director sería el  soldado  de Calmet Por Diario Sin Fronteras - 3 julio, 2024 - En PUNO 861 En nuestra edición anterior revelamos que el oficioso director del Colegio Politécnico Huáscar, Rolando Martín Eduardo Aranda, hizo reiterativos trámites (lobbies) para que no se apele una sentencia por delimitación de áreas y linderos a favor de Enrique Calmet Choque.  Cómo este sinuoso director sabía cuál sería la decisión judicial? Él presionó hasta que el exgobernador Juan Luque Mamani, el 18 de agosto de 2017, mediante resolución 57-2017, dispuso que la Procuraduría del Gobierno Regional no apele la sentencia que saldría a favor de Calmet Choque. El fallo que fue emitido un mes después, el 15 de setiembre de 2017 por el juez Guido Chevarría Tisnado, quien ordenó que Calmet se quede con 12 mil 272 metros cuadrados (m2) que corresponde al campo de juego de dicho plantel. El fallo fue controversial ya que este consideró dos áreas públicas: el jirón Enrique Torres Belón y el sector Ríos. La Municipalidad Provincial de Puno (MPP) tenía la responsabilidad de batallar legalmente por estos terrenos pero el juez nunca la hizo parte del proceso. Por esa razón, el exalcalde, Martín Ticona Maquera, impulsó un proceso por nulidad de cosa juzgada fraudulenta. La decisión aún no se emite, pero muchos juristas sostienen que no hubo debido proceso. TREMENDO LOBBY Tres años después de la emisión de esa sentencia, Eduardo Aranda hizo trámites que en la práctica iban contra los intereses del colegio, develándose acaso, como un operador de Calmet. Semanas atrás publicamos fotos donde se ve a ambos en la oficina del odiado empresario, haciendo coordinaciones. Sin tener autorización de la UGEL Puno ni del Ministerio de Educación, el 30 de octubre de 2020, solicitó al municipio de Puno,  se excluya el uso de suelo destinado a área de aporte educativo de un área de 1.073 m2, supuestamente perteneciente a la urbanización Sector Ríos, así como también se anule la prolongación del jirón Enrique Torres Belón, considerado en el PDU (Plan de Desarrollo Urbano de la MPP)  . El propósito del oficioso director era que Calmet no tenga trabas para que sea reconocido como dueño de los más de 12 mil m2. TRAS LA PERMUTA Además, previamente, Eduardo Aranda ya había tramitado ante la Dirección Regional de Educación de Puno (DRE), la transferencia de tres hectáreas de terreno supuestamente porque el Politécnico Huáscar  carece de áreas para el funcionamiento adecuado , según se lee en la Resolución Directoral N  0679-2020 emitido por el exdirector de la DREP, Mario Benavente, que otorgó un área de 30 mil 078.71 m2 (más de tres hectáreas), las que serían propuestas como canje o permuta. PRIMER REVÉS El pedido para que se desconozca las dos áreas públicas fue rechazado por la anterior gestión edil. Mediante Resolución 181-2021-MPP- DGU desestimó el pedido alegando que el director no tenía competencia para pedir ello y además los terrenos públicos estaban reconocidos mediante Ordenanza Municipal 328-2012-MP. Ante el rechazo municipal y cual si fuera su alma gemela, Calmet acudió al Juzgado Constitucional de Arequipa, vía proceso de amparo, alegando que ambos espacios públicos afectaban su derecho de propiedad reconocida por la sentencia que quedó consentida gracias al lobby del director del colegio Huáscar. DERROTA JUDICIAL La pretensión no tuvo acogida ante los jueces de Arequipa. El 09 de abril de 2024, la jueza Karina Fiorella Apaza del Carpio, declaró infundada la demanda y advirtió que los bienes públicos son inalienables y el municipio debe defenderlos.  AUTOGOL  En ese fallo se hizo notar que el polémico abogado, el 30 de setiembre de 2021, cuando solicitó licencia de cerco perimétrico reconoció la existencia del jirón Enrique Torres Belón como límite de  su propiedad . JUNTITOS Asimismo, 14 de setiembre de 2015, ambos personajes presentaron juntos un documento solicitando se viabilice la permuta del terreno, cuya gestión también estuvo a cargo del oficioso director. La alianza que existe entre el director y el empresario es cada vez más evidente. Sin Fronteras hizo públicas fotografías registradas en 2023 donde se le ve al director como si fuese secretario de Calmet sentado en el escritorio de la oficina de este último. Comentarios de Facebook También te puede interesar Cientos de jóvenes puneños rinden examen de preselección para Beca 18 Aspirantes de toda la región participaron en la",2025-11-16T22:38:52.363631,2025-11-16T22:38:52.718420,2025-11-16T22:38:52.718423,Sin Fronteras,10966,"https://diariosinfronteras.com.pe/wp-content/uploads/2024/07/dccc-660x330.jpg, https://diariosinfronteras.com.pe/wp-content/uploads/2020/06/dxt-nav.png",728,Puno: Director sería el  soldado  de Calmet,,Puno: Director sería el  soldado  de Calmet,https://diariosinfronteras.com.pe/2024/07/03/puno-director-seria-el-soldado-de-calmet/
Desconocido,1987,General,"Inicio AREQUIPA Infraestructura vial beneficiará a 50 mil Infraestructura vial beneficiará a 50 mil Por Diario Sin Fronteras - 30 marzo, 2021 - En AREQUIPA 777 Municipio provincial viene invirtiendo en diferentes distritos desde el 2019. Bustamante y Rivero. Más de 50.000 pobladores del distrito de José Luis Bustamante y Rivero y otras jurisdicciones de la provincia de Arequipa se beneficiarán con una nueva infraestructura vial y equipamiento urbano en la avenida Vidaurrázaga, resaltó Paúl Rondón, edil de la comuna bustamantina. Por su parte, Omar Candia Aguilar, alcalde provincial, quien participó de la firma del convenio para la realización del proyecto, afirmó que esta obra, que tendrá una duración de 120 días, forma parte del plan de proyectos descentralizados que viene ejecutando la comuna provincial. Asimismo, precisó que para financiar este proyecto se asignó un total de 2 millones 168 mil 11 soles. Esta inversión se realiza porque los fondos de algunas jurisdicciones distritales no les permite la realización de proyectos de dicha magnitud. Por ejemplo, la Municipalidad de José Luis Bustamante y Rivero no recibe más de 3 millones de soles de presupuesto para la ejecución de obras y servicios en el distrito. Con esta infraestructura ya serían 23 convenios firmados entre la municipalidad provincial y otros municipios ubicados en zona metropolitana, pero también rural. Entre tanto, la obra de mejoramiento de transitabilidad vehicular, el tránsito de pasajeros, de carros de carga pesada, además de descongestionar la zona, ofrecerá una mejor infraestructura en el distrito. Asimismo, se mejorará el ornato, veredas y se hará la instalación de drenaje y alcantarillado en 480 metros lineales, entre otras modificaciones que se hará en la Av. Vidaurrázaga. Comentarios de Facebook También te puede interesar Puno: Intervienen al director de Energía y Minas por presunto uso indebido de camioneta en reunión privada El director regional de Energía y Minas, Edwin",2025-11-16T22:38:52.363631,2025-11-16T22:38:52.718101,2025-11-16T22:38:52.718103,Sin Fronteras,10965,"https://diariosinfronteras.com.pe/wp-content/uploads/2021/03/A-41.jpg, https://diariosinfronteras.com.pe/wp-content/uploads/2020/06/dxt-nav.png",307,,,Infraestructura vial beneficiará a 50 mil,https://diariosinfronteras.com.pe/2021/03/30/infraestructura-vial-beneficiara-a-50-mil/
Desconocido,923,General,"Inicio AREQUIPA Arequipa: Capturan a anciano con requisitoria por secuestro Arequipa: Capturan a anciano con requisitoria por secuestro Por Diario Sin Fronteras - 7 marzo, 2025 - En AREQUIPA 372 Cuenta con varias denuncias. Julio Paredes Calle (62) fue capturado en inmediaciones del balneario de Tingo tras contar con una requisitoria por tocamientos indebidos y secuestro en agravio de una niña, emitida por el Segundo Juzgado Colegiado de Arequipa, y una sentencia de 10 años de prisión. La detención ocurrió ayer a las 17:21 horas, luego de un seguimiento de los detectives del área de requisitorias. Paredes fue denunciado en 2020. Invitó a comer a la menor y, en un descuido de esta, intentó cometer los delitos. Comentarios de Facebook También te puede interesar Puno: Intervienen al director de Energía y Minas por presunto uso indebido de camioneta en reunión privada El director regional de Energía y Minas, Edwin",2025-11-16T22:38:52.363631,2025-11-16T22:38:52.716535,2025-11-16T22:38:52.716537,Sin Fronteras,10964,"https://diariosinfronteras.com.pe/wp-content/uploads/2025/03/C-660x330.jpeg, https://diariosinfronteras.com.pe/wp-content/uploads/2020/06/dxt-nav.png",149,,,Arequipa: Capturan a anciano con requisitoria por secuestro,https://diariosinfronteras.com.pe/2025/03/07/arequipa-capturan-a-anciano-con-requisitoria-por-secuestro/
Desconocido,3626,General,"Inicio PUNO Puno: Festín en UGEL Yunguyo sale a la luz Puno: Festín en UGEL Yunguyo sale a la luz Por Redacción Diario Sin Fronteras - 25 días atrás - En PUNO 728 festin Funcionarios de la Unidad de Gestión Local (UGEL) de Yunguyo desviaron y malversaron más de 715 mil soles, correspondientes al pago de la Asignación por Tiempo de Servicio (ATS) de cuatro maestros de esa localidad aymara. El despilfarro se hizo los primeros meses del presente año, tras una reunión secreta del 28 de enero de 2025 en la que participaron el entonces titular de la UGEL Yunguyo, Efraín Condori Rivera; la jefa de AGP, Luz Poma Mamani; el jefe de Gestión Institucional, Jesús Rivera Cahuaya; y la administradora, Sonia Rojas Huancapaza. Ese día firmaron un acta donde trataron saldos presupuestales, pero en realidad era para coordinar cómo y en qué dispondrían los saldos presupuestales del 2024 que eran S  779 mil 452.80. Fuentes de la UGEL Yunguyo informaron a este medio de que el único pago regular de CTS fue de S  64 mil 383, para la viuda, Justina Chahuares Salas, por los derechos de su esposo Raúl Mamani Ortega. El resto de dinero fue festinado. GRAVÍSIMO El responsable de remuneraciones, Alex Huarachi Tito, con Informe 002-2025 remite la relación pendiente de pago correspondiente al concepto de asignación por tiempo de servicio ATS, que corresponde a Sonia Rojas Huancapaza, aprobado el mismo día, por S  102 mil 247.78, con Informe 004-2025, los S  64 mil 383 a la viuda. Luego dispusieron S  42 mil para el pago luto y sepelio; luego el pago de S  28 mil 500, por el interés D.U. 037-94 con afectación al registro 883. Alex Huarachi en supuesto contubernio con Condori Rivera, con informe 023-2025 requirió el pago  planillas de los administrados pendientes de atención a fin de realizar las fases para el propósito . ACADEMIA Según las indagaciones realizadas por este diario, se pagaron un total de S  89 mil 070 para el funcionamiento de una academia vacacional promovida por la UGEL Yunguyo. Efraín Condori, Julio Choque y Luz Poma, habrían sido quienes reclutaron a todo el personal para su funcionamiento de esa academia. Sin Fronteras dialogó con dos de ellos, quienes dijeron que no firmaron ningún contrato, orden de servicio ni otro documento.  La selección (de los maestros) fue  a dedo  y nos pagaron a sus cuentas de ahorro de forma directa , contó un docente. Cabe precisar que el último 15 de setiembre la oficina de Tesorería emito el informe 20-2025 que detalla la ejecución del conclave del 28 de enero, dirigido por Efraín Condori. LAS DENUNCIAS Uno de los maestros perjudicados, Pablo Aceituno Vargas, denunció los hechos a la Unidad Anticorrupción del Ministerio de Educación. Le indicaron que las acciones legales son responsabilidad de la Dirección Regional de Educación de Puno (DREP). El Minedu así lo dispuso con Oficio 10968-2025-MINEDU del 01 de octubre de 2025. No se conoce algún trámite. BORRAN EVIDENCIAS Sin Fronteras accedió al portal Facebook de la UGEL Yunguyo, pero habían eliminado todas las publicaciones de enero 2025, justo del funcionamiento de la academia vacacional que funcionó en la IES Micaela Bastidas. Un total de 32 maestros habrían impartido clases en el mes de enero en la academia. Los primeros siete cobraron entre S  6960 y S  4900. Los otros de manera descendente desde S  4160. Es inexplicable que haya n contratado tantos docentes, quizás algunos serían  fantasmas . Comentarios de Facebook También te puede interesar Arequipa: Tragedia en Arequipa: bus interprovincial cae a un abismo y deja 37 muertos y 14 heridos Una nueva tragedia enluta las carreteras del sur",2025-11-16T22:38:52.363631,2025-11-16T22:38:52.716158,2025-11-16T22:38:52.716160,Sin Fronteras,10963,"https://diariosinfronteras.com.pe/wp-content/uploads/2025/10/abrdiroaaaaa-660x330.jpg, https://diariosinfronteras.com.pe/wp-content/uploads/2020/06/dxt-nav.png",607,"Funcionarios de la Unidad de Gestión Local (UGEL) de Yunguyo desviaron y malversaron más de 715 mil soles, correspondientes al pago de la Asignación por Tiempo de Servicio (ATS) de cuatro maestros de esa localidad aymara.",,Puno: Festín en UGEL Yunguyo sale a la luz,https://diariosinfronteras.com.pe/2025/10/22/puno-festin-en-ugel-yunguyo-sale-a-la-luz/
Desconocido,911,General,"Inicio POLICIALES Puno: Dos mujeres mueren por impacto de un rayo en la comunidad de Catacora Puno: Dos mujeres mueren por impacto de un rayo en la comunidad de Catacora Por Diario Sin Fronteras - 19 septiembre, 2024 - En POLICIALES, PUNO 799 Puno: Dos mujeres mueren por impacto de un rayo en la comunidad de Catacora En la mañana de hoy, personal de Serenazgo de Azángaro encontró los cuerpos sin vida de Celia Arpita Condori (43) y su hija Jadynne Huanca Arpita ( 18) en la comunidad de Catacora. Ambas fallecieron tras ser alcanzadas por un rayo mientras recolectaban ramas secas en un cerro. Las autoridades confirmaron que las víctimas presentaban quemaduras, y se espera la llegada de la Fiscalía para las diligencias correspondientes. Comentarios de Facebook También te puede interesar Cientos de jóvenes puneños rinden examen de preselección para Beca 18 Aspirantes de toda la región participaron en la",2025-11-16T22:38:52.363631,2025-11-16T22:38:52.714743,2025-11-16T22:38:52.714746,Sin Fronteras,10962,"https://diariosinfronteras.com.pe/wp-content/uploads/2024/09/5f6b27ad-e047-49ff-9805-fd523caee9c5-660x330.png, https://diariosinfronteras.com.pe/wp-content/uploads/2020/06/dxt-nav.png",151,"En la mañana de hoy, personal de Serenazgo de Azángaro encontró los cuerpos sin vida de Celia Arpita Condori (43) y su hija Jadynne Huanca Arpita ( 18) en la comunidad de Catacora.",,Puno: Dos mujeres mueren por impacto de un rayo en la comunidad de Catacora,https://diariosinfronteras.com.pe/2024/09/19/puno-dos-mujeres-mueren-por-impacto-de-un-rayo-en-la-comunidad-de-catacora/
Desconocido,1748,General,"Inicio TACNA Ciudadanos soportarán temperaturas de hasta 30 C en el sur del país Ciudadanos soportarán temperaturas de hasta 30 C en el sur del país Por Diario Sin Fronteras - 24 noviembre, 2024 - En TACNA 713 Ciudadanos soportarán temperaturas de hasta 30 C en el sur del país Tacna. El incremento de las temperaturas continuará en la costa sur del país hasta finales del presente mes, informó el Servicio Nacional de Meteorología e Hidrología (Senamhi). Precisó que en la región Ica los valores llegarían a 33 grados Celsius ( C), mientras que en Arequipa, Moquegua y Tacna alcanzarían 30  C. Especialistas del organismo adscrito al Ministerio del Ambiente explicaron que estas condiciones se deben al alejamiento del anticiclón del Pacífico sur (APS), lo que atenuará los vientos del sur y provocará mayor frecuencia de vientos cálidos del norte. Dichas condiciones aumentan la probabilidad de que la nubosidad se disipe con mayor facilidad durante el día. Asimismo, no se descarta la existencia de niebla neblina y lloviznas dispersas, principalmente en horas de la madrugada en los distritos cercanos al litoral. VALORES MÁXIMOS En Ica se prevén temperaturas diurnas de 23  C a 33  C; en Arequipa, 24  C en el litoral y 30  C en los valles costeros, mientras que en las regiones Moquegua y Tacna se alcanzarían valores máximos entre 24  C y 30  C, precisó el Senamhi. La entidad dio a conocer que continuará emitiendo información oficial sobre el comportamiento del tiempo y clima y recomendó a la población mantenerse informada a través de su página web y redes sociales. y Comentarios de Facebook También te puede interesar Cientos de jóvenes puneños rinden examen de preselección para Beca 18 Aspirantes de toda la región participaron en la",2025-11-16T22:38:52.363631,2025-11-16T22:38:52.714172,2025-11-16T22:38:52.714174,Sin Fronteras,10961,"https://diariosinfronteras.com.pe/wp-content/uploads/2024/11/3-A-660x330.jpg, https://diariosinfronteras.com.pe/wp-content/uploads/2020/06/dxt-nav.png",290,"Tacna. El incremento de las temperaturas continuará en la costa sur del país hasta finales del presente mes, informó el Servicio Nacional de Meteorología e Hidrología (Senamhi). Precisó que en la región Ica los valores llegarían a 33 grados Celsius ( C), mientras que en Arequipa, Moquegua y Tacna alcanzarían 30  C.",,Ciudadanos soportarán temperaturas de hasta 30 C en el sur del país,https://diariosinfronteras.com.pe/2024/11/24/ciudadanos-soportaran-temperaturas-de-hasta-30c-en-el-sur-del-pais/
Desconocido,2062,General,"Inicio POLITICA Elecciones de 2026 serán inéditas por tantos partidos Elecciones de 2026 serán inéditas por tantos partidos Por Diario Sin Fronteras - 25 julio, 2025 - En POLITICA 814 Desde Arequipa, el vocero del Jurado Nacional de Elecciones (JNE), Jorge Valdivia, advirtió que el proceso electoral del 2026 será sin precedentes debido al elevado número de agrupaciones políticas y candidatos que participarán. Por primera vez en dos décadas, las elecciones generales y las regionales y municipales coincidirán en un mismo año, configurando un escenario electoral inusual y complejo. Para los comicios generales de abril ya están habilitados 43 partidos políticos, pero para las elecciones regionales y municipales de octubre este número se incrementará considerablemente. A la fecha se han registrado también 96 movimientos regionales, y aún hay plazo hasta enero del próximo año para que nuevas organizaciones se inscriban.  Esta cantidad de candidatos es inédita. Son procesos complejos, con una coyuntura que ha incrementado la presencia de organizaciones políticas , manifestó. En total, se elegirá a 13.032 autoridades entre alcaldes distritales y provinciales, gobernadores regionales, regidores y consejeros. El JNE, según indicó el portavoz, garantizará que los comicios se desarrollen con legalidad, transparencia y respeto a la voluntad popular.  Las votaciones deben traducir la expresión auténtica, libre y espontánea de los ciudadanos , afirmó. CALENDARIO El calendario electoral ya está en marcha. El 2 de agosto vence el plazo para que las agrupaciones inscriban alianzas electorales ante la Dirección Nacional de Registro de Organizaciones Políticas. Estas alianzas deben ser registradas bajo una denominación y símbolo común. Será el 1 de setiembre cuando se conozca oficialmente cuáles cumplieron con los requisitos para su inscripción. Comentarios de Facebook También te puede interesar Puno: Intervienen al director de Energía y Minas por presunto uso indebido de camioneta en reunión privada El director regional de Energía y Minas, Edwin",2025-11-16T22:38:52.363631,2025-11-16T22:38:52.713854,2025-11-16T22:38:52.713857,Sin Fronteras,10960,"https://diariosinfronteras.com.pe/wp-content/uploads/2025/07/a-40-660x330.jpeg, https://diariosinfronteras.com.pe/wp-content/uploads/2020/06/dxt-nav.png",306,,,Elecciones de 2026 serán inéditas por tantos partidos,https://diariosinfronteras.com.pe/2025/07/25/elecciones-de-2026-seran-ineditas-por-tantos-partidos/
Desconocido,2725,General,"Inicio POLITICA Puno: Azangarino busca llegar a la presidencia de la República por el partido Salvemos al Perú Puno: Azangarino busca llegar a la presidencia de la República por el partido Salvemos al Perú Por Diario Sin Fronteras - 29 septiembre, 2024 - En POLITICA, PUNO 914 Puno: Azangarino busca llegar a la presidencia de la República por el partido Salvemos al Perú Juliaca. Siguen saliendo a la luz más candidatos para postular a las próximas elecciones generales del año 2026. Por el partido Salvemos al Perú se encuentra latente la posibilidad de contar con un candidato azangarino a la presidencia de la República, se trata del doctor David Sergio Mamani Mamani, precandidato presidencial del partido político Salvemos al Perú.  Soy natural de Arapa, estudié en un colegio cristiano y soy contador egresado de la Universidad Peruana Unión, también estudié Derecho en la Pontificia Universidad Católica del Perú, estudié maestrías y doctorados, fui catedrático en temas tributarios y de contabilidad , señaló. Respecto a la idea de ser precandidato presidencial,  soy un no contaminado político, que nunca he pertenecido a ningún partido político , aseguró.  Esta idea nació cuando estudié en España en una escuela de negocios, donde dije que, el Perú tiene que estar presidido por una persona con valores e hidalguía, un líder profesional que respete la parte técnica, para tener a los mejores profesionales , indicó.  Hubo cuatro partidos que me estaban convocando, pero llegué a Salvemos al Perú, ahora son 7 precandidatos en el partido Salvemos al Perú, cuando el JNE convoque a elecciones generales, recién el partido convocará a elecciones internas y es ahí donde las bases van a elegir a su representantes , dio a conocer David Mamani. Respecto a la alianza política con el partido MIRA.  El MIRA tendrá esas facultades plenas para poder elegir a sus candidatos, de todas maneras el partido Salvemos el Perú será el filtro también, un ejemplo que haya un candidato con antecedentes penales, tal vez en ese supuesto puede intervenir el partido, queremos rostros nuevos , añadió. Respecto a sus propuestas para con la región Puno, indicó  la educación, más del 55 por ciento según OCI carece de los servicios básicos, en salud debe haber una mejor alimentación, salud y educación van de la mano, una mala alimentación no va a permitir que el niño se concentre no va a poder analizar sus estudios, tenemos que cambiar el currículo, Puno no puede tener la misma curricular que Lima o que otra ciudad, cada ciudad tiene su fortaleza , sentenció. Comentarios de Facebook También te puede interesar Cientos de jóvenes puneños rinden examen de preselección para Beca 18 Aspirantes de toda la región participaron en la",2025-11-16T22:38:52.363631,2025-11-16T22:38:52.711531,2025-11-16T22:38:52.711534,Sin Fronteras,10959,"https://diariosinfronteras.com.pe/wp-content/uploads/2024/09/abri-11-660x330.jpg, https://diariosinfronteras.com.pe/wp-content/uploads/2020/06/dxt-nav.png",448,"Juliaca. Siguen saliendo a la luz más candidatos para postular a las próximas elecciones generales del año 2026. Por el partido Salvemos al Perú se encuentra latente la posibilidad de contar con un candidato azangarino a la presidencia de la República, se trata del doctor David Sergio Mamani Mamani, precandidato presidencial del partido político Salvemos al Perú.",,Puno: Azangarino busca llegar a la presidencia de la República por el partido Salvemos al Perú,https://diariosinfronteras.com.pe/2024/09/29/puno-azangarino-busca-llegar-a-la-presidencia-de-la-republica-por-el-partido-salvemos-al-peru/
Desconocido,1825,General,"Inicio POLICIALES Puno:  Secuestran  a inspector en operativo a  toritos  Puno:  Secuestran  a inspector en operativo a  toritos  Por Diario Sin Fronteras - 16 agosto, 2024 - En POLICIALES, PUNO 628 Puno:  Secuestran  a inspector en operativo a  toritos  Juliaca. Durante un operativo inopinado realizado ayer por la mañana a unidades menores en Juliaca, los agentes de Serenazgo frustraron un intento de secuestro y lograron atrapar a un mototaxista que intentó darse a la fuga, poniendo en riesgo la vida de los inspectores. FUGA PELIGROSA El primer incidente ocurrió cuando inspectores de la Gerencia de Transporte y Circulación Vial de Juliaca, intervinieron al mototaxi de placa 5035-7Z, en el óvalo Pedro Vilcapaza, porque no contaba con la documentación requerida. Es así que, mientras era trasladado al depósito vehicular del Terminal Terrestre, el conductor intentó escapar, llevando consigo a un inspector que se encontraba en el interior del vehículo. A pesar de las maniobras temerarias y su fuga hacia la urbanización Tambopata, los agentes de Serenazgo lograron interceptar y rescatar al inspector. SEGUNDO INCIDENTE En otro hecho, durante el mismo operativo, otro mototaxista intentó darse a la fuga y casi atropella a dos inspectores. A pesar de la persecución no fue posible detenerlo. LLAMADO A LA RESPONSABILIDAD Ante estos hechos, el subgerente de Vehículos Menores, Juan Ramos Calcina, expresó su preocupación por la seguridad de los inspectores y exhortó a los conductores a respetar las normas de tránsito y a regularizar su documentación. Asimismo, informó que durante el operativo se multó a 40 vehículos por diversas infracciones. Comentarios de Facebook También te puede interesar Cientos de jóvenes puneños rinden examen de preselección para Beca 18 Aspirantes de toda la región participaron en la",2025-11-16T22:38:52.363631,2025-11-16T22:38:52.711039,2025-11-16T22:38:52.711042,Sin Fronteras,10958,"https://diariosinfronteras.com.pe/wp-content/uploads/2024/08/Puno-9-A-1-660x330.jpg, https://diariosinfronteras.com.pe/wp-content/uploads/2020/06/dxt-nav.png",282,"Juliaca. Durante un operativo inopinado realizado ayer por la mañana a unidades menores en Juliaca, los agentes de Serenazgo frustraron un intento de secuestro y lograron atrapar a un mototaxista que intentó darse a la fuga, poniendo en riesgo la vida de los inspectores.",,Puno:  Secuestran  a inspector en operativo a  toritos,https://diariosinfronteras.com.pe/2024/08/16/puno-secuestran-a-inspector-en-operativo-a-toritos/
Desconocido,1531,General,"Inicio AREQUIPA Suspenden audiencia de prisión preventiva contra sujeto acusado de asesinar a su padre Suspenden audiencia de prisión preventiva contra sujeto acusado de asesinar a su padre Por Diario Sin Fronteras - 17 enero, 2025 - En AREQUIPA 634 Suspenden audiencia de prisión preventiva contra sujeto acusado de asesinar a su padre La jueza Salomé Salas del primer Juzgado de Investigación Preparatoria de Paucarpata suspendió la audiencia de prisión preventiva presentada en contra de Piero Caldas Zavala, presunto autor del delito de parricidio cometido en contra de su padre el último domingo. Según se informó desde el área de Imagen Institucional de la Corte Superior de Justicia, esta decisión se tomó a pedido de la defensa que argumentó que Caldas Zavala fue detenido por tráfico de drogas y para el delito de parricidio que le imputa el Ministerio Público necesita reunir elementos de defensa. El letrado explicó que la situación se complica porque el detenido vive en Nazca y para no vulnerar el derecho a defensa, la magistrada decidió postergar la audiencia hasta el lunes 20 de enero al mediodía. El crimen ocurrió el 12 de enero, el cuerpo del empresario fue hallado en el armario de su vivienda ubicada en el distrito de Paucarpata. Días después, la Policía capturó a Piero Caldas luego de ser captado por una cámara de vigilancia del sector. Comentarios de Facebook También te puede interesar Cientos de jóvenes puneños rinden examen de preselección para Beca 18 Aspirantes de toda la región participaron en la",2025-11-16T22:38:52.363631,2025-11-16T22:38:52.710626,2025-11-16T22:38:52.710629,Sin Fronteras,10957,"https://diariosinfronteras.com.pe/wp-content/uploads/2025/01/empresario-613x330-1.jpg, https://diariosinfronteras.com.pe/wp-content/uploads/2020/06/dxt-nav.png",251,"La jueza Salomé Salas del primer Juzgado de Investigación Preparatoria de Paucarpata suspendió la audiencia de prisión preventiva presentada en contra de Piero Caldas Zavala, presunto autor del delito de parricidio cometido en contra de su padre el último domingo.",,Suspenden audiencia de prisión preventiva contra sujeto acusado de asesinar a su padre,https://diariosinfronteras.com.pe/2025/01/17/suspenden-audiencia-de-prision-preventiva-contra-sujeto-acusado-de-asesinar-a-su-padre/
Desconocido,1709,General,"Inicio TACNA Tacna: Alcalde herido tras caída de camión a barranco Tacna: Alcalde herido tras caída de camión a barranco Por Diario Sin Fronteras - 16 abril, 2025 - En TACNA 496 Burgomaestre de Borogueña sobrevivió de milagro y conductor no fue encontrado. Con un traumatismo encéfalo craneano (TEC) resultó el alcalde del centro poblado Borogueña, Alberto Paria Gallegos (56), luego de que un camión en el que se trasladaba despistara y cayera a un barranco de 300 metros de altura la mañana de este martes. El accidente ocurrió en el centro poblado Borogueña del distrito Ilabaya (provincia Jorge Basadre) cerca de las 08:00 horas. Paria Gallegos viajaba a bordo del camión de placa Z6M-713, propiedad de Guillermina Quispe Mamani. Por razones que investiga la Policía Nacional el vehículo despistó en una carretera y rodó por un barranco, quedando con las llantas arriba y la cabina destrozada en medio de cultivos de alfalfa y maíz. Agentes de Seguridad Ciudadana de Cambaya llegaron primero a la zona del accidente y alertaron a la comisaría de Ilabaya, cuyos agentes descendieron por el barranco pero no encontraron a ningún ocupante de la unidad. Al averiguar en el centro de salud de Ilabaya encontraron al alcalde de Borogueña recibiendo atención médica por heridas recientes. Paria fue diagnosticado preliminarmente con un traumatismo encéfalo craneano, heridas en el cuerpo y posible fractura en el brazo derecho, por lo que fue derivado en una ambulancia al hospital regional Hipólito Unanue. Comentarios de Facebook También te puede interesar Puno: Intervienen al director de Energía y Minas por presunto uso indebido de camioneta en reunión privada El director regional de Energía y Minas, Edwin",2025-11-16T22:38:52.363631,2025-11-16T22:38:52.710049,2025-11-16T22:38:52.710051,Sin Fronteras,10956,"https://diariosinfronteras.com.pe/wp-content/uploads/2025/04/abridoraaa-detalle-660x330.jpg, https://diariosinfronteras.com.pe/wp-content/uploads/2020/06/dxt-nav.png",275,,,Tacna: Alcalde herido tras caída de camión a barranco,https://diariosinfronteras.com.pe/2025/04/16/tacna-alcalde-herido-tras-caida-de-camion-a-barranco/
Desconocido,1527,General,"Inicio PUNO Puno: Con el fin de garantizar la seguridad, clausuran definitivamente local  La Enfermera  Puno: Con el fin de garantizar la seguridad, clausuran definitivamente local  La Enfermera  Por Diario Sin Fronteras - 27 septiembre, 2024 - En PUNO 466 Puno: Con el fin de garantizar la seguridad, clausuran definitivamente local  La Enfermera  Ananea. Rondas campesinas, en coordinación con el área de Fiscalización de la Municipalidad Distrital de Ananea, clausuraron un cuestionado local nocturno de manera definitiva. Con la finalidad de garantizar la seguridad de los pobladores, seis bases ronderiles, como Peña Azul, Chuquine, Casa Blanca, Trapiche, Belén y Poquera, descendieron al distrito de Ananea en coordinación con la oficina de Fiscalización de la Municipalidad Distrital de Ananea y montaron un operativo inopinado a los locales nocturnos que operaban sin licencia de funcionamiento. Durante el operativo, clausuraron de manera definitiva el local clandestino denominado  La Enfermera , que funcionaba a pocos pasos del terminal, el cual era escenario de varios hechos delictivos. El operativo ocurrió este último miércoles a las 6:30 p.m. Por su parte, Federico Carrizales Huarilloclla, presidente de las rondas campesinas, manifestó que continuarán realizando acciones similares de manera constante para erradicar los locales nocturnos. Comentarios de Facebook También te puede interesar Cientos de jóvenes puneños rinden examen de preselección para Beca 18 Aspirantes de toda la región participaron en la",2025-11-16T22:38:52.363631,2025-11-16T22:38:52.708532,2025-11-16T22:38:52.708534,Sin Fronteras,10955,"https://diariosinfronteras.com.pe/wp-content/uploads/2024/09/Clausura-definitiva-a-local-La-Enfermera-660x330.png, https://diariosinfronteras.com.pe/wp-content/uploads/2020/06/dxt-nav.png",223,"Ananea. Rondas campesinas, en coordinación con el área de Fiscalización de la Municipalidad Distrital de Ananea, clausuraron un cuestionado local nocturno de manera definitiva.",,"Puno: Con el fin de garantizar la seguridad, clausuran definitivamente local  La Enfermera",https://diariosinfronteras.com.pe/2024/09/27/puno-con-el-fin-de-garantizar-la-seguridad-clausuran-definitivamente-local-la-enfermera/
Desconocido,1406,General,"Inicio POLICIALES Arequipa: Inicia juicio por matanza de trece mineros Arequipa: Inicia juicio por matanza de trece mineros Por Redacción Diario Sin Fronteras - 2 septiembre, 2025 - En POLICIALES 920 Inicia juicio por matanza de trece mineros Después de tres años de espera, el caso de los sangrientos enfrentamientos entre mineros ilegales en Caravelí finalmente empieza a llegar a su fin. El colegiado penal de Camaná instaló ayer lunes el megajuicio contra 46 procesados, investigados por una pluralidad de delitos. Los acusados afrontan cargos por organización criminal, usurpación agravada, sicariato, homicidio simple. Además de tenencia de armas, explosivos y materiales peligrosos. De ellos, 19 permanecen en prisión preventiva, algunos se acogieron a confesión sincera y otros siguen bajo comparecencia con restricciones. El proceso fue declarado complejo por la gravedad de los hechos y abundancia de pruebas. Según la acusación fiscal, los procesados integraban dos bandos rivales, Atico Calpa y Calpa Renace, que entre 2021 y 2022 se enfrentaron por el control de concesiones mineras. El hecho más sangriento ocurrió el 2 de junio de 2022, donde murieron 13 mineros. Además, hubo varios heridos. Comentarios de Facebook También te puede interesar Arequipa: Tragedia en Arequipa: bus interprovincial cae a un abismo y deja 37 muertos y 14 heridos Una nueva tragedia enluta las carreteras del sur",2025-11-16T22:38:52.363631,2025-11-16T22:38:52.708097,2025-11-16T22:38:52.708100,Sin Fronteras,10954,"https://diariosinfronteras.com.pe/wp-content/uploads/2025/09/B-2-660x330.jpeg, https://diariosinfronteras.com.pe/wp-content/uploads/2020/06/dxt-nav.png",216,"Después de tres años de espera, el caso de los sangrientos enfrentamientos entre mineros ilegales en Caravelí finalmente empieza a llegar a su fin. El colegiado penal de Camaná instaló ayer lunes el megajuicio contra 46 procesados, investigados por una pluralidad de delitos.",,Arequipa: Inicia juicio por matanza de trece mineros,https://diariosinfronteras.com.pe/2025/09/02/arequipa-inicia-juicio-por-matanza-de-trece-mineros/
Desconocido,1673,General,"Inicio ESPECTACULOS Tilsa Lozano se divorcia de Jackson Mora y lo fulmina:  Era el abono para las plantas  Tilsa Lozano se divorcia de Jackson Mora y lo fulmina:  Era el abono para las plantas  Por Diario Sin Fronteras - 1 día atrás - En ESPECTACULOS 231 Tilsa Lozano anunció con evidente alivio que finalmente recibió sus documentos de divorcio, oficializando así su regreso a la soltería. La exmodelo confesó que, tras reflexionar sobre su matrimonio, llegó a la conclusión de que casarse con Jackson Mora fue un error.  Se dicen muchas cosas y realmente no sé con quién me casé. Creo que fue un grave error de mi parte casarme, pero hoy ya estoy absolutamente desligada del señor , afirmó, dejando claro que se siente liberada tanto emocional como legalmente. La conductora también señaló que nada de lo que haga su exesposo le incumbe ahora, pues cada uno está siguiendo su camino. Cuando le preguntaron si lo mejor que le había pasado era la salida oficial de sus documentos de divorcio, respondió sin dudar:   Sí!, al fin oficialmente estoy divorciada . Tilsa aseguró que hace tiempo ya se sentía libre, pero que ahora, con el proceso concluido,  legalmente nada me une al señor . Además, en tono humorístico pero contundente, Tilsa comentó en su programa que, dentro de la categoría de hombres infieles, a ella le había tocado el peor:  Están los tramposos, mentirosos y los mie  y a mí me tocó lo peor, el abono para las plantas, guano, ja, ja, ja , sentenció. Comentarios de Facebook También te puede interesar Puno: Intervienen al director de Energía y Minas por presunto uso indebido de camioneta en reunión privada El director regional de Energía y Minas, Edwin",2025-11-16T22:38:52.363631,2025-11-16T22:38:52.707382,2025-11-16T22:38:52.707385,Sin Fronteras,10953,"https://diariosinfronteras.com.pe/wp-content/uploads/2025/11/jackson-mora-tilsa-800x533-1-660x330.jpg, https://diariosinfronteras.com.pe/wp-content/uploads/2020/06/dxt-nav.png",287,,,Tilsa Lozano se divorcia de Jackson Mora y lo fulmina:  Era el abono para las plantas,https://diariosinfronteras.com.pe/2025/11/15/tilsa-lozano-se-divorcia-de-jackson-mora-y-lo-fulmina-era-el-abono-para-las-plantas/
Desconocido,1473,General,"Inicio PUNO Puno: Conductor ebrio provoca triple choque e intenta huir, pero termina impactando una vivienda Puno: Conductor ebrio provoca triple choque e intenta huir, pero termina impactando una vivienda Por Redacción Diario Sin Fronteras - 31 enero, 2025 - En PUNO 836 Conductor ebrio provoca triple choque e intenta huir, pero termina impactando una vivienda Un aparatoso accidente de tránsito se registró anoche en la intersección de los jirones Pumacahua y Atahualpa, en Juliaca, dejando daños materiales en tres vehículos y una vivienda. El responsable sería Jhoel C. C., conductor de un auto negro, marca Suzuki, con placa A6M-019, quien, según testigos, manejaba en aparente estado de ebriedad. En primera instancia, chocó contra un taxi blanco, marca Probox, de la empresa Flamengo, conducido por Plácido A. F. Luego, impactó una moto torito azul y blanca, marca Bajaj, con placa 2952-AZ, conducida por Malguin V. C. Tras el incidente, el conductor intentó darse a la fuga, pero perdió el control y terminó estrellándose contra una vivienda en la Av. América con Mamá Ocllo, donde finalmente fue detenido. Vecinos y personal de serenazgo dieron aviso a la Policía Nacional del Perú (PNP), que ahora investiga el caso para determinar las sanciones correspondientes. Comentarios de Facebook También te puede interesar Arequipa: Tragedia en Arequipa: bus interprovincial cae a un abismo y deja 37 muertos y 14 heridos Una nueva tragedia enluta las carreteras del sur",2025-11-16T22:38:52.363631,2025-11-16T22:38:52.706753,2025-11-16T22:38:52.706755,Sin Fronteras,10952,"https://diariosinfronteras.com.pe/wp-content/uploads/2025/01/475498505_1021968409978765_6649684012644551636_n-660x330.jpg, https://diariosinfronteras.com.pe/wp-content/uploads/2020/06/dxt-nav.png",233,"Un aparatoso accidente de tránsito se registró anoche en la intersección de los jirones Pumacahua y Atahualpa, en Juliaca, dejando daños materiales en tres vehículos y una vivienda.",,"Puno: Conductor ebrio provoca triple choque e intenta huir, pero termina impactando una vivienda",https://diariosinfronteras.com.pe/2025/01/31/puno-conductor-ebrio-provoca-triple-choque-e-intenta-huir-pero-termina-impactando-una-vivienda/
Desconocido,2312,General,"Inicio PUNO Puno: Aprueban vacancia del alcalde Salvador Apaza Puno: Aprueban vacancia del alcalde Salvador Apaza Por Redacción Diario Sin Fronteras - 20 mayo, 2025 - En PUNO 750 Aprueban vacancia del alcalde Salvador Apaza Después de la postergación de la semana pasada, ayer se llevó a cabo la sesión del Concejo Municipal para evaluar la vacancia del alcalde de Azángaro, Salvador Apaza Flores, la cual se acordó en contra de la autoridad. La sesión se inició a las 16:00 horas y duró poco más de una hora. Durante el debate, expusieron los ciudadanos que impulsaban la vacancia, entre ellos Abel García como principal promotor, junto a Grover Hancco y Abraham Cotacallapa, quienes se adhirieron a la solicitud. VOTACIÓN Tras escuchar los argumentos, los regidores procedieron a votar, obteniéndose 10 votos a favor de la vacancia y 1 abstención. ANTECEDENTES Mediante el Informe N  012-2024-OCI-0457-AOP, la Contraloría General de la República confirmó que el alcalde provincial de Azángaro, Salvador Apaza, incurrió en el delito de nepotismo al contratar a su cuñado, Dennis Félix Calsín Otazú, como operador de maquinaria pesada en 2023. VACANCIA El 29 de febrero de 2024, Abel García solicitó la vacancia de Apaza Flores por nepotismo, basándose en la contratación irregular de su cuñado. Posteriormente, el 9 de abril de 2024, se logró la vacancia mediante el Acuerdo de Concejo N  026-2024-CM MPA, con 8 votos a favor y 3 en contra. APELACIÓN El 14 de mayo de 2024, el alcalde presentó un recurso de apelación ante el (JNE), argumentando irregularidades en el debido proceso. El JNE declaró nulos los acuerdos de vacancia (N  026-2024 y N  058-2024) y ordenó reiniciar el proceso por no haberse respetado los procedimientos legales. Tras la notificación del JNE, el Concejo Municipal programó una sesión extraordinaria para el 15 de junio, la cual fue postergada y finalmente se realizó ayer, aprobándose la vacancia con 10 votos a favor y 1 abstención. AUN TIENE TIEMPO El alcalde podría pedir una reconsideración, y luego apelar ante el JNE, que finalmente ratificaría el acuerdo de Concejo Municipal.  Comentarios de Facebook También te puede interesar Arequipa: Tragedia en Arequipa: bus interprovincial cae a un abismo y deja 37 muertos y 14 heridos Una nueva tragedia enluta las carreteras del sur",2025-11-16T22:38:52.363631,2025-11-16T22:38:52.706221,2025-11-16T22:38:52.706224,Sin Fronteras,10951,"https://diariosinfronteras.com.pe/wp-content/uploads/2025/05/Aprueban-vacancia-del-alcalde-Salvador-Apaza-660x330.jpeg, https://diariosinfronteras.com.pe/wp-content/uploads/2020/06/dxt-nav.png",375,"Después de la postergación de la semana pasada, ayer se llevó a cabo la sesión del Concejo Municipal para evaluar la vacancia del alcalde de Azángaro, Salvador Apaza Flores, la cual se acordó en contra de la autoridad.",,Puno: Aprueban vacancia del alcalde Salvador Apaza,https://diariosinfronteras.com.pe/2025/05/20/puno-aprueban-vacancia-del-alcalde-salvador-apaza/
Desconocido,2073,General,"Inicio AREQUIPA Pedían préstamos para apoderarse de dinero Pedían préstamos para apoderarse de dinero Por Diario Sin Fronteras - 30 diciembre, 2021 - En AREQUIPA 979 Habrían incurrido en apropiación ilícita. Otorgaron créditos para sus empresas. Siguen saliendo a la luz más presuntas irregularidades realizadas por los exdirectivos de la Cooperativa de Ahorro y Crédito PrestaPerú. La mañana de ayer, la Segunda Fiscalía Supraprovincial Corporativa Especializada contra la Criminalidad Organizada sustentó el pedido de prisión preventiva (36 meses) contra Luis Guillermo Ponce Manrique al considerarlo miembro de la organización  Los embaucadores del sur . Según la fiscalía, Ponce Manrique ocupó los cargos de vocal, presidente y vicepresidente del Consejo Administrativo de PrestaPerú con el fin de que la organización criminal pueda controlar el máximo órgano de administración de la cooperativa. Una de las acusaciones en su contra es por el delito de apropiación ilícita. El Ministerio Público sostuvo que Ponce Manrique habría autorizado créditos para diferentes empresas; préstamos que finalmente recaían en poder de los miembros de la organización criminal. Es el caso de la empresa Destinos Rent a Car, que recibió 17 créditos por parte de PrestaPerú. De los cuales, 5 préstamos habrían sido cobrados por el propio Ponce Manrique. Asimismo, se menciona una constancia de no adeudo firmada por Elvis Carlos Neira Mestas, exgerente de Asesoría Legal de PrestaPerú, indicando que la empresa Destinos Rent a Car no registra ningún crédito vigente; documento fechado el 6 de julio de 2018. Ayer también se evaluó el pedido de prisión preventiva contra Renato Manrique Carnero, hijo del exgerente general René Manrique, quien a través de las empresas Imosur y Multiservisur se habría apropiado, junto con toda la organización, de S  25 millones, según la fiscalía. Comentarios de Facebook También te puede interesar Puno: Intervienen al director de Energía y Minas por presunto uso indebido de camioneta en reunión privada El director regional de Energía y Minas, Edwin",2025-11-16T22:38:52.363631,2025-11-16T22:38:52.705588,2025-11-16T22:38:52.705591,Sin Fronteras,10950,"https://diariosinfronteras.com.pe/wp-content/uploads/2021/12/Juicio-Manrique.jpg, https://diariosinfronteras.com.pe/wp-content/uploads/2020/06/dxt-nav.png",317,,,Pedían préstamos para apoderarse de dinero,https://diariosinfronteras.com.pe/2021/12/30/pedian-prestamos-para-apoderarse-de-dinero/
Desconocido,3925,General,"Inicio PUNO  Director del Politécnico Huáscar no va más! Desaprobó evaluación y será retirado  Director del Politécnico Huáscar no va más! Desaprobó evaluación y será retirado Por Diario Sin Fronteras - 3 marzo, 2025 - En PUNO 1368 Cuestionado director no seguiría más en el cargo. El director del Colegio Politécnico Huáscar, Rolando Martín Eduardo Aranda, por fin dejará el cargo tras desaprobar la evaluación dispuesta por el Ministerio de Educación (Minedu). El polémico maestro además atesora dos sentencias judiciales: por tomar la Unidad de Gestión Educativa Local de Juli, al lado de un puñado de maestros revoltosos, y por golpear salvajemente a su padre. Pero en los últimos años se hizo conocido no por sus dotes pedagogos, sino por ser considerado el operador de Enrique Calmer Choque, sinuoso empresario que pretende la posesión de un área de 12 mil metros cuadrados del referido plantel educativo. En julio del año pasado, unos profesores nos llamaron para advertir que el aun director, Eduardo Aranda, habría dispuesto que alumnos echen agua a unos muros recientemente construidos ilegalmente. Obviamente, reservamos nuestras fuentes, pero uno de los maestros nos dijo una frase profética:  Ya va a caer, las torres más altas caen . Y así fue. Semanas atrás los docentes llenaron calificaciones sobre el director, y según nuestras fuentes, la mayoría le retiró la confianza. Rolando Martín Eduardo Aranda sacó apenas 2.09 puntos. De los 3 ítems, fue jalado, y le quedan sus últimos días en la dirección. Lo desaprobaron. NO VA MÁS Al respecto, el titular de la UGEL Puno, José Gabriel Vizcarra Fajardo, fue enfático en indicar que los directores que desaprobaron la evaluación, tienen que regresar a sus plazas de maestros que ocuparon antes de asumir la dirección. De acuerdo a información de la DREP, el todavía director del Politécnico Huáscar tendrá que volver a dictar clases en la provincia de Chucuito, donde seguramente sus alumnos le recriminarán el haber golpeado con brutalidad al autor de sus días. Trascendió que Eduardo Aranda asumió la dirección del plantel el 1 de marzo de 2015. Dos años después impulsó uno de sus mayores lobbies, ante el entonces gobernador regional Juan Luque Mamani, pidiéndole que no apele una sentencia sobre delimitación de linderos a favor de Calmet Choque. El insultante documento lo remitió antes de que se conociera el veredicto del juez, es decir él ya sabía que saldría favorable al polémico empresario. No se apeló el fallo, quedando consentida. Lo que no contó es que en dicho proceso, la Municipalidad Provincial de Puno (MPP) no fue considerada como parte, a pesar de que dentro de la delimitación de linderos se consideraba el jirón Enrique Torres Belón y el Sector Ríos, dos áreas públicas. La comuna ha presentado una demanda de nulidad de cosa juzgada fraudulenta, y se prevé que en dicha instancia el litigio dé un vuelto vertiginoso. En tanto, la semana pasada, la MPP aperturó esa calle y derruyó los once paños del muro que ilegalmente construyeron en la gestión de Eduardo Aranda -con su venia y apoyo-, y la misma suerte corrió parte de la pared que colinda con el Sector Ríos, esto porque un informe de inteligencia advirtió que Calmet Choque tendría planeado ocupar por la fuerza el terreno en posesión del colegio. Vizcarra Fajardo ha dicho además que la UGEL, la DREP y el Gobierno Regional Puno, entes rectores de esa posesión y el plantel, no permitirán una asonada en contra de los intereses de la comunidad educativa. La demolición efectuada días atrás se hizo a pedido de la Procuraduría del GRP, a cargo de Gerardo Zantalla, y por disposición de la MPP, que impuso la autoridad ante acciones que se zurraban de las normas municipales. Comentarios de Facebook También te puede interesar Puno: Intervienen al director de Energía y Minas por presunto uso indebido de camioneta en reunión privada El director regional de Energía y Minas, Edwin",2025-11-16T22:38:52.363631,2025-11-16T22:38:52.704779,2025-11-16T22:38:52.704798,Sin Fronteras,10949,"https://diariosinfronteras.com.pe/wp-content/uploads/2025/03/111b8522-bf45-4d69-a1f4-2d20829904ad-660x330.jpeg, https://diariosinfronteras.com.pe/wp-content/uploads/2025/03/753b756b-ad74-46c3-803d-61aa5c7e2615-500x165.jpeg",649,"El director del Colegio Politécnico Huáscar, Rolando Martín Eduardo Aranda, por fin dejará el cargo tras desaprobar la evaluación dispuesta por el Ministerio de Educación (Minedu).",,Director del Politécnico Huáscar no va más! Desaprobó evaluación y será retirado,https://diariosinfronteras.com.pe/2025/03/03/director-del-politecnico-huascar-no-va-mas-desaprobo-evaluacion-y-sera-retirado/
Desconocido,2425,General,"Inicio AREQUIPA Arequipa: Apelaron improcedencia de vacancia contra alcalde Rivera Arequipa: Apelaron improcedencia de vacancia contra alcalde Rivera Por Diario Sin Fronteras - 22 mayo, 2025 - En AREQUIPA 970 Concejales votaron por pedido de vacancia debido a caso de perro  Flechita . Aunque el Concejo Municipal de Arequipa declaró improcedente la solicitud de vacancia presentada contra el alcalde Víctor Rivera, el caso sigue abierto. El pasado 19 de mayo, la ciudadana Claudia Orihuela Larico presentó un recurso de apelación ante el Jurado Nacional de Elecciones (JNE), insistiendo en la destitución de la autoridad edil por presuntamente haber contratado a un trabajador municipal para labores personales, como el cuidado de su mascota Flechita. La apelación, respaldada por videos y órdenes de servicio, acusa a Rivera de haber permitido que Herbert Arenas Román, contratado como personal de vigilancia, cuidara a su perro Flechita, desviando recursos públicos para fines privados. Orihuela argumenta que esto representa un claro conflicto de intereses y un uso indebido del presupuesto municipal, lo cual fue minimizado por la mayoría de regidores al votar contra la vacancia. Según la apelante, los regidores y el propio alcalde realizaron una evaluación errónea de los hechos al desechar la solicitud, amparándose en argumentos ajenos a la jurisprudencia del JNE. Orihuela sostiene que existen evidencias contractuales y audiovisuales que demuestran la conducta irregular de la autoridad. Además, se adjunta un informe de la Contraloría que detecta posibles irregularidades en la contratación de servicios de seguridad para la Municipalidad Provincial de Arequipa, lo que refuerza la tesis de que se utilizó personal pagado con fondos públicos para fines particulares. En concreto, se cuestiona que las órdenes de servicio emitidas en 2023 encubrían la verdadera labor del cuidador de mascotas. Ahora, el JNE deberá pronunciarse sobre la legalidad del acuerdo del concejo municipal que rechazó la vacancia. Cabe señalar que este es el segundo proceso de vacancia que el alcalde Víctor Rivera Chávez afronta en su gestión, pues el primero se realizó por la elección de José Arce Paredes como gerente municipal. Comentarios de Facebook También te puede interesar Puno: Intervienen al director de Energía y Minas por presunto uso indebido de camioneta en reunión privada El director regional de Energía y Minas, Edwin",2025-11-16T22:38:52.363631,2025-11-16T22:38:52.703977,2025-11-16T22:38:52.703980,Sin Fronteras,10948,"https://diariosinfronteras.com.pe/wp-content/uploads/2025/05/a-26-660x330.jpeg, https://diariosinfronteras.com.pe/wp-content/uploads/2020/06/dxt-nav.png",370,,,Arequipa: Apelaron improcedencia de vacancia contra alcalde Rivera,https://diariosinfronteras.com.pe/2025/05/22/arequipa-apelaron-improcedencia-de-vacancia-contra-alcalde-rivera/
Desconocido,1761,General,"Inicio AREQUIPA Lluvias en Arequipa: inicio del año escolar en incertidumbre Lluvias en Arequipa: inicio del año escolar en incertidumbre Por Diario Sin Fronteras - 17 febrero, 2025 - En AREQUIPA 557 Las intensas lluvias que azotan Arequipa han causado graves afectaciones en 77 instituciones educativas, lo que ha llevado a la Gerenta Regional de Educación, Cecilia Jarita Padilla, a evaluar medidas extraordinarias para garantizar el inicio del Año Escolar 2025. En una reciente declaración, la funcionaria no descartó la posibilidad de suspender las clases programadas para el 17 de marzo si las condiciones climáticas no mejoran. De acuerdo con el informe actualizado, 8 instituciones educativas presentan un nivel de afectación grave, 49 moderado y 20 leve. Estos daños afectan a diversas Ugel de la región, siendo las más impactadas las de Arequipa Sur, Caylloma y La Joya, con un total de 21, 24 y 17 instituciones afectadas, respectivamente. Ante este escenario, la Gerenta Cecilia Jarita Padilla manifestó que las autoridades educativas están en constante monitoreo de la situación. En caso de que las lluvias continúen y se presenten nuevas emergencias, se evaluará la posibilidad de aplazar el inicio del año escolar, buscando salvaguardar la integridad de los estudiantes y el personal docente. El Gobierno Regional de Arequipa sigue tomando las acciones necesarias para atender las emergencias y minimizar los impactos en el sector educativo. Además, se ha instado a las autoridades locales a reportar cualquier incidencia para poder brindar el apoyo adecuado de manera oportuna. Comentarios de Facebook También te puede interesar Cientos de jóvenes puneños rinden examen de preselección para Beca 18 Aspirantes de toda la región participaron en la",2025-11-16T22:38:52.363631,2025-11-16T22:38:52.703427,2025-11-16T22:38:52.703429,Sin Fronteras,10947,"https://diariosinfronteras.com.pe/wp-content/uploads/2025/02/WhatsApp-Image-2025-02-17-at-8.36.13-PM-660x330.jpeg, https://diariosinfronteras.com.pe/wp-content/uploads/2020/06/dxt-nav.png",272,"Debido a las intensas lluvias y los daños a 77 instituciones educativas, la gerenta de Educación de Arequipa considera la posibilidad de suspender el inicio del Año Escolar 2025, programado para el 17 de marzo.",,Lluvias en Arequipa: inicio del año escolar en incertidumbre,https://diariosinfronteras.com.pe/2025/02/17/gerenta-educacion-suspension-ano-escolar-arequipa-2025/
Desconocido,2124,General,"Inicio PUNO En Sandia cultivan la valiosa fruta pitahaya En Sandia cultivan la valiosa fruta pitahaya Por Diario Sin Fronteras - 29 enero, 2023 - En PUNO 1166 Productores del valle Tambopata de Putina Punco, expusieron la  fruta dragón . Sandia.  Fruta dragón! La Asociación de Productores Frutales Tambopata, del distrito de San Pedro de Putina Punco, de la provincia de Sandia, logró cultivar la valiosa pitahaya en el valle de Tambopata. Los agricultores indicaron que el resultado positivo fue gracias la dedicación y cuidado que le pusieron los socios a la producción de cuatro tipos de pitahaya. REQUIEREN APOYO Javier Arce Mezares, presidente de la Asociación Frutales de Tambopata, a través de su red social, enfatizó que los productores de pitahaya requieren el apoyo de las autoridades regionales y provinciales a fin de fortalecer la producción de la fruta exótica, y más adelante convertirse en agroexportadores de la región Puno.  Invoco a las autoridades locales, provinciales y departamentales a que nos apoyen para representar con mucho orgullo a nuestro departamento como productores de pitahayas, aquí en la selva de Puno , expresó Arce Mezares. Para potenciar la producción de la conocida  fruta del dragón , los socios necesitan que les abastezcan de abonos, tutores para la pitahaya, a fin de que sean el soporte a la planta; asimismo, la apertura de carreteras para que su traslado no sea dificultoso, entre otros requerimientos. 4 TIPOS DE PITAHAYA En tanto, el secretario productores frutales, indicó que cultivaron cuatro tipos de pitahaya, las cuales son: polyrhizus, undatus de Israel, American beauty, y graffiti (cascara roja y amarilla). BENEFICIOS Según especialistas en salud, la pitahaya es una fruta con importantes propiedades nutricionales para el ser humano, previene enfermedades respiratorias y combate la anemia, entre otros beneficios. Productores del valle Tambopata de Putina Punco, expusieron la  fruta dragón . Comentarios de Facebook También te puede interesar Cientos de jóvenes puneños rinden examen de preselección para Beca 18 Aspirantes de toda la región participaron en la",2025-11-16T22:38:52.363631,2025-11-16T22:38:52.703140,2025-11-16T22:38:52.703142,Sin Fronteras,10946,"https://diariosinfronteras.com.pe/wp-content/uploads/2023/01/pitahaya-2.jpg, https://diariosinfronteras.com.pe/wp-content/uploads/2023/01/pitahaya-1-500x333.jpg",331,,,En Sandia cultivan la valiosa fruta pitahaya,https://diariosinfronteras.com.pe/2023/01/29/en-sandia-cultivan-la-valiosa-fruta-pitahaya/
Desconocido,1369,General,"Inicio NACIONAL  Increíble! Hombre muere trágicamente en el velorio de su madre  Increíble! Hombre muere trágicamente en el velorio de su madre Por Diario Sin Fronteras - 9 marzo, 2025 - En NACIONAL 714 Otras tres personas también resultaron heridas a causa del incidente. Un hombre falleció mientras velaba a su madre luego de ser embestido por un auto. El trágico suceso se produjo en la cuadra 14 de la calle Baltazar Villalonga con el pasaje San José, distrito El Porvenir, Trujillo (La Libertad). El conductor del vehículo, Adrián Horna Alvarado (72), habría sufrido un desvanecimiento, lo que provocó que impactara contra un taxi amarillo y el toldo donde se realizaban las exequias. La víctima, Dilton Ramírez Méndez, de 52 años, padre de dos menores, falleció en el acto, dejando a su familia sumida en el dolor y la indignación. Otras tres personas también resultaron heridas a causa del incidente. Ellos fueron atendidos por los bomberos de la compañía 215, según reportó el Centro de Operaciones de Emergencia Regional de La Libertad. El conductor del vehículo que provocó el accidente fue detenido por la Policía. Sería procesado por homicidio culposo. Comentarios de Facebook También te puede interesar Puno: Intervienen al director de Energía y Minas por presunto uso indebido de camioneta en reunión privada El director regional de Energía y Minas, Edwin",2025-11-16T22:38:52.363631,2025-11-16T22:38:52.702430,2025-11-16T22:38:52.702433,Sin Fronteras,10945,"https://diariosinfronteras.com.pe/wp-content/uploads/2025/03/482192001_1426071315401216_6087945207120908183_n-660x330.jpg, https://diariosinfronteras.com.pe/wp-content/uploads/2020/06/dxt-nav.png",222,"Un hombre falleció mientras velaba a su madre luego de ser embestido por un auto. El trágico suceso se produjo en la cuadra 14 de la calle Baltazar Villalonga con el pasaje San José, distrito El Porvenir, Trujillo (La Libertad).",,Increíble! Hombre muere trágicamente en el velorio de su madre,https://diariosinfronteras.com.pe/2025/03/09/increible-hombre-muere-tragicamente-en-el-velorio-de-su-madre/
Desconocido,1486,General,"Inicio AREQUIPA Ebrio insulta y agrede a 2 policías y a 3 personas Ebrio insulta y agrede a 2 policías y a 3 personas Por Diario Sin Fronteras - 7 abril, 2022 - En AREQUIPA, POLICIALES 930 Lo investigan por los delitos de resistencia a la autoridad y peligro común. Un sujeto golpeó y amenazó con buscarlos desde el penal a dos policías que lo intervinieron. Fuera de sí, el individuo, minutos antes de la intervención, agredió presuntamente con una piedra a tres ocupantes de un auto. Eran aproximadamente las 18 horas de ayer cuando un sujeto en estado de ebriedad conducía el motocar de placa 1959-3V y, fuera de control, empezó a seguir al auto de placa V4F-699 por una discusión. Tras alcanzarlo, rompió con una piedra los parabrisas delanteros y posteriores del auto, y luego agredió a tres de sus ocupantes. Uno de los pasajeros tuvo que ser trasladado en una ambulancia a un hospital. Tras el ataque llegaron efectivos de la comisaría de Zamácola, quienes, tras reducirlo, intentaron llevarlo a la comisaría, pero el sujeto no dejaba de insultar y agredir a los efectivos. Los agentes del orden tuvieron que bajarlo del patrullero y en plena calle seguía resistiéndose a ser detenido.  Yo salgo del penal y los vendré a buscar , gritaba el varón mientras seguía agrediendo. Comentarios de Facebook También te puede interesar Puno: Intervienen al director de Energía y Minas por presunto uso indebido de camioneta en reunión privada El director regional de Energía y Minas, Edwin",2025-11-16T22:38:52.363631,2025-11-16T22:38:52.702064,2025-11-16T22:38:52.702067,Sin Fronteras,10944,"https://diariosinfronteras.com.pe/wp-content/uploads/2022/04/A-4.jpeg, https://diariosinfronteras.com.pe/wp-content/uploads/2020/06/dxt-nav.png",253,,,Ebrio insulta y agrede a 2 policías y a 3 personas,https://diariosinfronteras.com.pe/2022/04/07/ebrio-insulta-y-agrede-a-2-policias-y-a-3-personas/
Desconocido,3106,General,"Inicio PUNO Funcionario Damián Yucra fue liberado y afirma que lo  sembraron  Funcionario Damián Yucra fue liberado y afirma que lo  sembraron  Por Redacción Diario Sin Fronteras - 27 días atrás - En PUNO 771 Juliaca. Caos y desorden en fiscalización. El funcionario Damián Yucra Coari (42), recuperó su libertad luego de que la Fiscalía determinó que su detención fue irregular y no existía flagrancia por el presunto delito de hurto agravado. En consecuencia, el caso no ameritó la ampliación de la detención preliminar ni un pedido de prisión preventiva. El ex subgerente de Operaciones y Fiscalización, negó esta mañana ante los medios de comunicación haber sustraído expedientes o documentos vinculados a locales nocturnos y discotecas en proceso de sanción.  FUE SEMBRADO  Yucra Coari sospecha que la denuncia presentada por trabajadores de la Gerencia de Fiscalización y Control de San Román   Juliaca, respondería a intereses internos, pues según dijo, su labor habría incomodado a algunos colegas. Su abogado, Nicolás Parada, precisó que el video presentado como prueba dura apenas 15 segundos, fue grabado con un celular oculto previamente colocado en el lugar, y no proviene de cámaras de seguridad, por lo que consideran que el material fue preparado para inculparlo.  INFILTRADOS? Damián Yucra sostuvo que la denuncia en su contra sería una distracción para encubrir a los verdaderos responsables, presuntos infiltrados de locales nocturnos que operarían dentro del municipio para impedir las clausuras.  Lo difícil es demostrarlo , afirmó. SU VERSIÓN El funcionario también aclaró que no forzó ninguna puerta, ya que contaba con las llaves del área entregadas por el propio gerente de Fiscalización. Reconoció haber ingresado a la oficina la mañana del jueves 16 de octubre, pero explicó que lo hizo para retirar documentos necesarios para ejecutar un operativo inopinado ese mismo día. ARGUMENTO Finalmente, sostuvo que, según el procedimiento administrativo, la pérdida de un expediente puede subsanarse con su recomposición y que ello no impide la clausura de locales informales, ni limita las acciones de las autoridades. Actualmente, el ex subgerente de Operaciones está siendo investigado por el presunto delito de hurto simple, aunque aseguró que demostrará su inocencia y colaborará con las diligencias fiscales para esclarecer el caso. CONFLICTO Este conflicto entre funcionarios y trabajadores pone en evidencia los problemas internos dentro de la Gerencia de Fiscalización y Control, además de posibles intereses enfrentados en torno al manejo de los expedientes y las sanciones a locales nocturnos. Esta situación genera cuestionamientos sobre la transparencia en los procedimientos y la seguridad de la documentación municipal. La población espera que las autoridades esclarezcan el hecho y adopten medidas que garanticen la integridad de las investigaciones y la función pública. Comentarios de Facebook También te puede interesar Arequipa: Tragedia en Arequipa: bus interprovincial cae a un abismo y deja 37 muertos y 14 heridos Una nueva tragedia enluta las carreteras del sur",2025-11-16T22:38:52.363631,2025-11-16T22:38:52.701560,2025-11-16T22:38:52.701562,Sin Fronteras,10943,"https://diariosinfronteras.com.pe/wp-content/uploads/2025/10/IMG-20251020-WA0031-660x330.jpg, https://diariosinfronteras.com.pe/wp-content/uploads/2020/06/dxt-nav.png",473,,,Funcionario Damián Yucra fue liberado y afirma que lo  sembraron,https://diariosinfronteras.com.pe/2025/10/20/funcionario-damian-yucra-fue-liberado-y-afirma-que-lo-sembraron/
Desconocido,1247,General,"Inicio NACIONAL Habrían utilizado balones de gas para explotar y robar una agencia bancaria en Trujillo Habrían utilizado balones de gas para explotar y robar una agencia bancaria en Trujillo Por Diario Sin Fronteras - 20 diciembre, 2024 - En NACIONAL 537 Habrían utilizado balones de gas para explotar y robar una agencia bancaria en Trujillo Delincuentes habrían usado balones de gas para explotar la puerta y robar una agencia bancaria ubicada a una cuadras de la Plaza de Armas de Trujillo, en la región La Libertad. El caso está a cargo de los efectivos policiales de investigación criminal. El hecho se registró esta madrugada y según fuentes de RPP, el fin del ataque era llevarse el dinero de los cajeros automáticos. Esta sería la cuarta atentado contra cajeros, pero la primera vez que se ataca una agencia bancaria. José Zavala, jefe de la Región Policial de La Libertad, manifestó que hay personas que se dedican a cometer delitos contra el patrimonio en la modalidad de explosión. La autoridad policial se comprometió a dar resultados en el más breve plazo posible. Comentarios de Facebook También te puede interesar Cientos de jóvenes puneños rinden examen de preselección para Beca 18 Aspirantes de toda la región participaron en la",2025-11-16T22:38:52.363631,2025-11-16T22:38:52.700845,2025-11-16T22:38:52.700847,Sin Fronteras,10942,"https://diariosinfronteras.com.pe/wp-content/uploads/2024/12/explotan-agencia-660x330.jpg, https://diariosinfronteras.com.pe/wp-content/uploads/2020/06/dxt-nav.png",207,"Delincuentes habrían usado balones de gas para explotar la puerta y robar una agencia bancaria ubicada a una cuadras de la Plaza de Armas de Trujillo, en la región La Libertad. El caso está a cargo de los efectivos policiales de investigación criminal.",,Habrían utilizado balones de gas para explotar y robar una agencia bancaria en Trujillo,https://diariosinfronteras.com.pe/2024/12/20/habrian-utilizado-balones-de-gas-para-explotar-y-robar-una-agencia-bancaria-en-trujillo/
Desconocido,1836,General,"Inicio AREQUIPA Arequipa: Alcalde pide que el Ejército patrulle calles tras balacera Arequipa: Alcalde pide que el Ejército patrulle calles tras balacera Por Redacción Diario Sin Fronteras - 19 marzo, 2025 - En AREQUIPA 609 Alcalde pide que el Ejército patrulle calles tras balacera Tras la balacera ocurrida en Sachaca, donde dos ciudadanos venezolanos fueron asesinados a tiros, el alcalde del distrito, Renzo Salas, expresó su preocupación por el incremento de la criminalidad y propuso que el Ejército del Perú salga a patrullar las calles para reforzar la seguridad.  Tenemos al Ejército, ellos deben resguardar la seguridad interna del país. Tenemos ya personas con armas, que están durmiendo en los cuarteles. Ellos tienen que salir, están preparados física y mentalmente , indicó. Salas respaldó su pedido al señalar que, según un estudio de la Universidad Católica San Pablo, Sachaca era considerado el distrito más seguro de Arequipa. No obstante, tras el primer caso de sicariato, advirtió que la criminalidad está en aumento y que la inseguridad puede extenderse a otras zonas de la Ciudad Blanca. Sobre otras estrategias de seguridad, Salas señaló que ha conversado con los alcaldes de Cayma y Yanahuara para coordinar acciones frente a la creciente ola delictiva. En esa línea, buscará reunirse con el gobernador Rohel Sánchez para ver qué acciones de seguridad se pueden implementar a nivel regional en Arequipa, pues no tiene muchas expectativas de lo que podría hacer el alcalde provincial, Víctor Hugo Rivera, a quien le solicitó apoyo para intervenir en el sector transporte de Sachaca, pero no obtuvo mayor respuesta. Comentarios de Facebook También te puede interesar Arequipa: Tragedia en Arequipa: bus interprovincial cae a un abismo y deja 37 muertos y 14 heridos Una nueva tragedia enluta las carreteras del sur",2025-11-16T22:38:52.363631,2025-11-16T22:38:52.700127,2025-11-16T22:38:52.700130,Sin Fronteras,10941,"https://diariosinfronteras.com.pe/wp-content/uploads/2025/03/A-38-660x330.jpeg, https://diariosinfronteras.com.pe/wp-content/uploads/2020/06/dxt-nav.png",291,"Tras la balacera ocurrida en Sachaca, donde dos ciudadanos venezolanos fueron asesinados a tiros, el alcalde del distrito, Renzo Salas, expresó su preocupación por el incremento de la criminalidad y propuso que el Ejército del Perú salga a patrullar las calles para reforzar la seguridad.",,Arequipa: Alcalde pide que el Ejército patrulle calles tras balacera,https://diariosinfronteras.com.pe/2025/03/19/arequipa-alcalde-pide-que-el-ejercito-patrulle-calles-tras-balacera/
Desconocido,1012,General,"Inicio PUNO Puno: Denuncian invasión de terrenos en comunidad Untuca Puno: Denuncian invasión de terrenos en comunidad Untuca Por Diario Sin Fronteras - 18 octubre, 2024 - En PUNO 714 Puno: Denuncian invasión de terrenos en comunidad Untuca Sina. Pobladores de la zona de Curcurani y Toccorani, en el distrito de Sina, han reportado una invasión de terrenos por parte de supuestos miembros de la comunidad de Untuca, del distrito de Quiaca. Los invasores estarían realizando trabajos de carretera a lo largo de más de un kilómetro y medio, utilizando maquinaria pesada como compresoras de perforación y explosivos, sin ninguna coordinación con los habitantes ni con las autoridades de ambos distritos. Han solicitado la intervención de las autoridades de la provincia de San Antonio de Putina, quienes ya han sido informados sobre la situación Comentarios de Facebook También te puede interesar Cientos de jóvenes puneños rinden examen de preselección para Beca 18 Aspirantes de toda la región participaron en la",2025-11-16T22:38:52.363631,2025-11-16T22:38:52.699434,2025-11-16T22:38:52.699437,Sin Fronteras,10940,"https://diariosinfronteras.com.pe/wp-content/uploads/2024/10/Denuncian-invasion-en-comunidad-Untuca-575x330.jpg, https://diariosinfronteras.com.pe/wp-content/uploads/2020/06/dxt-nav.png",160,"Sina. Pobladores de la zona de Curcurani y Toccorani, en el distrito de Sina, han reportado una invasión de terrenos por parte de supuestos miembros de la comunidad de Untuca, del distrito de Quiaca.",,Puno: Denuncian invasión de terrenos en comunidad Untuca,https://diariosinfronteras.com.pe/2024/10/18/puno-denuncian-invasion-de-terrenos-en-comunidad-untuca/
Desconocido,1438,General,"Inicio NACIONAL Crimen en La Poderosa: Alcalde de Pataz anuncia  marcha de sacrificio  hacia Lima para el 12 de mayo Crimen en La Poderosa: Alcalde de Pataz anuncia  marcha de sacrificio  hacia Lima para el 12 de mayo Por Redacción Diario Sin Fronteras - 4 mayo, 2025 - En NACIONAL 673 Tras conocerse el terrible asesinato de los 13 trabajadores de la minera La Poderosa, en La Libertad, el alcalde de Pataz, Aldo Carlos Mariño, anunció que este lunes 12 de mayo comenzará  una marcha de sacrificio  con destino a Lima, en defensa de sus vecinos, quienes viven atemorizados por las constantes olas de violencia en la ciudad. En entrevista con Latina Noticias, el burgomaestre, visiblemente afectado, señaló que  seguirá levantando su voz  para que la paz llegue a su distrito y que incluso, no le importa ser detenido o asesinado en el desarrollo de su movilización en rechazo contra la delincuencia y minería informal. Autoridad se quiebra por el asesinato de trabajadores mineros El alcalde responsabilizó al Poder Ejecutivo por su falta de estrategias contra la delincuencia, responsabilizándolos de cualquier atentado contra su vida, ya que, desde que asumió el cargo en enero de 2023, siempre alzó su voz contra este flagelo, aseveró. Comentarios de Facebook También te puede interesar Arequipa: Tragedia en Arequipa: bus interprovincial cae a un abismo y deja 37 muertos y 14 heridos Una nueva tragedia enluta las carreteras del sur",2025-11-16T22:38:52.363631,2025-11-16T22:38:52.699008,2025-11-16T22:38:52.699011,Sin Fronteras,10939,"https://diariosinfronteras.com.pe/wp-content/uploads/2025/05/6817d06d088d0__400x209.webp, https://diariosinfronteras.com.pe/wp-content/uploads/2020/06/dxt-nav.png",236,Crimen en La Poderosa: Alcalde de Pataz anuncia  marcha de sacrificio  hacia Lima para el 12 de mayo,,Crimen en La Poderosa: Alcalde de Pataz anuncia  marcha de sacrificio  hacia Lima para el 12 de mayo,https://diariosinfronteras.com.pe/2025/05/04/crimen-en-la-poderosa-alcalde-de-pataz-anuncia-marcha-de-sacrificio-hacia-lima-para-el-12-de-mayo/
Desconocido,1638,General,"Inicio AREQUIPA UCSM distingue con Doctor Honoris Causa a Everardo Zapata, creador de  Coquito  UCSM distingue con Doctor Honoris Causa a Everardo Zapata, creador de  Coquito  Por Diario Sin Fronteras - 15 septiembre, 2025 - En AREQUIPA 746 La Universidad Católica de Santa María homenajeó al Amauta arequipeño por su legado pedagógico y el impacto de su obra, que cumple 70 años transformando la educación en América Latina La Universidad Católica de Santa María incorporó al claustro santamariano al maestro Everardo Zapata Santillana con el grado de Doctor Honoris Causa, en reconocimiento a su trayectoria y a su contribución a la educación inclusiva y moderna. Autor del emblemático libro Coquito, Zapata, a sus 99 años, sigue siendo un símbolo de innovación pedagógica y compromiso docente. Durante la ceremonia, su hija Ruth María agradeció en nombre del autor, destacando que  enseñar a leer es abrirle al niño las puertas del mundo . El rector Jorge Luis Cáceres resaltó que la distinción no solo celebra los 70 años de Coquito, sino también la vida de un maestro que revolucionó la enseñanza en el Perú y en más de 15 países de habla hispana, donde más de 40 millones de niños aprendieron a leer con su método. El reconocimiento reafirma la importancia de la educación como motor de transformación social y cultural. El legado de Everardo Zapata Santillana trasciende generaciones y continúa iluminando el camino hacia un futuro más justo, inclusivo y humano. Comentarios de Facebook También te puede interesar Cientos de jóvenes puneños rinden examen de preselección para Beca 18 Aspirantes de toda la región participaron en la",2025-11-16T22:38:52.363631,2025-11-16T22:38:52.695914,2025-11-16T22:38:52.695916,Sin Fronteras,10938,"https://diariosinfronteras.com.pe/wp-content/uploads/2025/09/cat-660x330.jpeg, https://diariosinfronteras.com.pe/wp-content/uploads/2020/06/dxt-nav.png",266,,,"UCSM distingue con Doctor Honoris Causa a Everardo Zapata, creador de  Coquito",https://diariosinfronteras.com.pe/2025/09/15/ucsm-distingue-con-doctor-honoris-causa-a-everardo-zapata-creador-de-coquito/
Desconocido,1817,General,"Inicio NACIONAL José Elice cuestiona aumento de sueldo de Boluarte:  No era el momento, no piensan en los ciudadanos  José Elice cuestiona aumento de sueldo de Boluarte:  No era el momento, no piensan en los ciudadanos  Por Diario Sin Fronteras - 6 julio, 2025 - En NACIONAL 618 El exministro del Interior José Elice se sumó a las críticas contra el reciente aumento de sueldo de la presidenta Dina Boluarte, al considerar que la medida es inoportuna en medio de la actual crisis política, social y económica que atraviesa el país.  Este no era el momento, lo que tenemos hoy es un desorden en las remuneraciones de las autoridades del Estado. En conclusión: no piensan en los ciudadanos. Si soy presidente y tengo poca aprobación y si tengo un poco de sentido ético-moral no dejo que mi ministro de Economía o mi Consejo de Ministros apruebe una cosa así , afirmó en entrevista con el programa 2025 en 24 Horas. El exministro también se refirió a la remuneración vitalicia que le correspondería a Boluarte como expresidenta, la cual ascendería a S 15,600 mensuales, además de algunos beneficios adicionales. Sin embargo, explicó que para acceder a ese derecho debe cumplir con los cinco años de gestión presidencial, algo que podría complicarse debido a que Boluarte asumió el cargo tras la destitución de Pedro Castillo.  Ahí va a haber un problema , advirtió. Finalmente, Elice recordó que el Decreto Supremo que oficializa el incremento del sueldo presidencial podría ser derogado mediante una ley aprobada por el Congreso de la República, una posibilidad que ya ha sido planteada por algunos parlamentarios. Comentarios de Facebook También te puede interesar Puno: Intervienen al director de Energía y Minas por presunto uso indebido de camioneta en reunión privada El director regional de Energía y Minas, Edwin",2025-11-16T22:38:52.363631,2025-11-16T22:38:52.694861,2025-11-16T22:38:52.694864,Sin Fronteras,10937,"https://diariosinfronteras.com.pe/wp-content/uploads/2025/07/dsc_3165-660x330.jpg, https://diariosinfronteras.com.pe/wp-content/uploads/2020/06/dxt-nav.png",300,,,"José Elice cuestiona aumento de sueldo de Boluarte:  No era el momento, no piensan en los ciudadanos",https://diariosinfronteras.com.pe/2025/07/06/jose-elice-cuestiona-aumento-de-sueldo-de-boluarte-no-era-el-momento-no-piensan-en-los-ciudadanos/
Desconocido,1766,General,"Inicio PUNO Puno: Intento de secuestro a menor de 13 años Puno: Intento de secuestro a menor de 13 años Por Redacción Diario Sin Fronteras - 23 junio, 2025 - En PUNO 869 Intento de secuestro a menor de 13 años Un intento de secuestro contra una menor de 13 años alertó a las autoridades este último sábado en pleno centro de la ciudad de Yunguyo. El hecho ocurrió en la Plaza Dos de Mayo, donde un sujeto extranjero, de apariencia formal, habría intentado llevarse a la adolescente bajo engaños. Según el subgerente de Policía Municipal y Serenazgo de Yunguyo, Carlos Manuel Álvarez Chino, el sospechoso se acercó a la menor ofreciéndole trabajo. Tras convencerla, ambos abordaron un mototaxi con la excusa de dirigirse a la Plaza 15 de Agosto. Sin embargo, la conductora notó el nerviosismo de la adolescente y alertó de inmediato al Serenazgo. Al sentirse descubierto, el presunto secuestrador pidió detenerse en la intersección de los jirones Huáscar y José Olaya, frente a un baño público. ESCAPE El individuo, en un intento por distraer a la conductora, mintió que solo tenía dólares y le pidió prestados 10 soles para supuestamente cambiarlos y pagar el viaje. Aprovechando la distracción, huyó sin regresar, mientras la menor logró escapar asustada. BÚSQUEDA Familiares de la víctima denunciaron formalmente el hecho, mientras que personal de Serenazgo realizó un rastrillaje por la zona sin lograr ubicar al responsable, quien habría escapado. Las autoridades exhortan a los padres de familia a supervisar a sus hijos y orientarlos sobre este tipo de peligro. Comentarios de Facebook También te puede interesar Arequipa: Tragedia en Arequipa: bus interprovincial cae a un abismo y deja 37 muertos y 14 heridos Una nueva tragedia enluta las carreteras del sur",2025-11-16T22:38:52.363631,2025-11-16T22:38:52.694488,2025-11-16T22:38:52.694492,Sin Fronteras,10936,"https://diariosinfronteras.com.pe/wp-content/uploads/2025/06/Intento-de-secuestro-a-menor-de-13-anos-660x330.jpg, https://diariosinfronteras.com.pe/wp-content/uploads/2020/06/dxt-nav.png",290,"Un intento de secuestro contra una menor de 13 años alertó a las autoridades este último sábado en pleno centro de la ciudad de Yunguyo. El hecho ocurrió en la Plaza Dos de Mayo, donde un sujeto extranjero, de apariencia formal, habría intentado llevarse a la adolescente bajo engaños.",,Puno: Intento de secuestro a menor de 13 años,https://diariosinfronteras.com.pe/2025/06/23/puno-intento-de-secuestro-a-menor-de-13-anos/
Desconocido,1217,General,"Inicio DiarioSF Arequipa: Hombre fue detenido por presunto abuso contra su hijastra en Cerro Colorado Arequipa: Hombre fue detenido por presunto abuso contra su hijastra en Cerro Colorado Por Diario Sin Fronteras - 20 junio, 2025 - En DiarioSF 582 Melchor Copa A. (41) fue intervenido por la Policía mientras descansaba en su vivienda, ubicada en la asociación Perú Arbo, en el distrito de Cerro Colorado. Está siendo investigado por presuntamente haber cometido actos de abuso contra su hijastra de 12 años. De acuerdo con el testimonio de la menor, la situación se habría prolongado durante varios años. Aunque en su momento intentó contar lo ocurrido a personas de su entorno, no fue escuchada. Fue su abuela materna quien, tras ser alertada por un familiar, acudió a la comisaría de Ciudad Municipal para presentar la denuncia que motivó la captura del acusado. Los exámenes médicos realizados indicaron que no se encontraron lesiones visibles. Las investigaciones continúan en curso para esclarecer el caso. Comentarios de Facebook También te puede interesar Puno: Intervienen al director de Energía y Minas por presunto uso indebido de camioneta en reunión privada El director regional de Energía y Minas, Edwin",2025-11-16T22:38:52.363631,2025-11-16T22:38:52.693847,2025-11-16T22:38:52.693849,Sin Fronteras,10935,"https://diariosinfronteras.com.pe/wp-content/uploads/2025/06/b-8-660x330.jpeg, https://diariosinfronteras.com.pe/wp-content/uploads/2020/06/dxt-nav.png",194,,,Arequipa: Hombre fue detenido por presunto abuso contra su hijastra en Cerro Colorado,https://diariosinfronteras.com.pe/2025/06/20/arequipa-hombre-fue-detenido-por-presunto-abuso-contra-su-hijastra-en-cerro-colorado/
Desconocido,1171,General,"Inicio PUNO Puno: Robaban agua potable por una tubería de 8 metros en Huaje Puno: Robaban agua potable por una tubería de 8 metros en Huaje Por Diario Sin Fronteras - 2 días atrás - En PUNO 346 La Empresa Municipal de Saneamiento Básico de Puno (Emsapuno S.A.) intervino una conexión clandestina de agua en la cuadra 19 de la avenida Sesquicentenario, donde se encontró una tubería de media pulgada instalada directamente desde la red matriz y extendida por más de ocho metros bajo tierra y asfalto. Esta práctica ilegal ponía en riesgo la infraestructura sanitaria y la seguridad de los transeúntes. El personal técnico retiró de inmediato la instalación irregular. La jefa del Departamento de Catastro de Clientes, Shamin Monroy Ccori, informó que hasta septiembre se han detectado 144 conexiones clandestinas en Puno. Advirtió que estas acciones afectan el servicio y generan pérdidas, por lo que pidió denunciar cualquier irregularidad por los canales oficiales. Comentarios de Facebook También te puede interesar Puno: Intervienen al director de Energía y Minas por presunto uso indebido de camioneta en reunión privada El director regional de Energía y Minas, Edwin",2025-11-16T22:38:52.363631,2025-11-16T22:38:52.693429,2025-11-16T22:38:52.693432,Sin Fronteras,10934,"https://diariosinfronteras.com.pe/wp-content/uploads/2025/11/agua-01-660x330.jpg, https://diariosinfronteras.com.pe/wp-content/uploads/2020/06/dxt-nav.png",187,,,Puno: Robaban agua potable por una tubería de 8 metros en Huaje,https://diariosinfronteras.com.pe/2025/11/14/puno-robaban-agua-potable-por-una-tuberia-de-8-metros-en-huaje/
Desconocido,1702,General,"Inicio PUNO Puno: Alcalde de Huacullani pide perdón de rodillas por videos escandalosos en TikTok Puno: Alcalde de Huacullani pide perdón de rodillas por videos escandalosos en TikTok Por Diario Sin Fronteras - 20 marzo, 2025 - En PUNO 1199 Alcalde pide perdón. En un acto público, Tito Apaza, alcalde distrital de Huacullani, pidió perdón de rodillas a su esposa, familiares y a la población en general tras la difusión de videos escandalosos en la plataforma TikTok. En las imágenes, el burgomaestre aparece tomando vino en compañía de una trabajadora municipal dentro de un hospedaje, lo que generó un fuerte rechazo en la comunidad. El escándalo se agravó con la circulación de otro video en el que Apaza aparece con una mujer distinta, presuntamente grabado durante su campaña política. Ante la presión ciudadana, el alcalde se vio obligado a rendir cuentas en una reunión pública realizada en la plaza de armas de Huacullani, frente a tenientes gobernadores, presidentes comunales y ronderos. Durante su intervención, Apaza no solo pidió disculpas a su familia, sino que también prometió redoblar esfuerzos en su gestión. Sin embargo, la población no se mostró del todo convencida y exigió celeridad en la ejecución de las obras financiadas por el Presupuesto Participativo, destinadas a beneficiar a las comunidades y parcialidades del distrito. Los asistentes advirtieron al alcalde que, de repetirse este tipo de situaciones que dañen la imagen de Huacullani, deberá renunciar a su cargo. Comentarios de Facebook También te puede interesar Puno: Intervienen al director de Energía y Minas por presunto uso indebido de camioneta en reunión privada El director regional de Energía y Minas, Edwin",2025-11-16T22:38:52.363631,2025-11-16T22:38:52.692229,2025-11-16T22:38:52.692236,Sin Fronteras,10933,"https://diariosinfronteras.com.pe/wp-content/uploads/2025/03/IMG_20250320_101554_800_x_533_pixel-660x330.jpg, https://diariosinfronteras.com.pe/wp-content/uploads/2020/06/dxt-nav.png",270,,,Puno: Alcalde de Huacullani pide perdón de rodillas por videos escandalosos en TikTok,https://diariosinfronteras.com.pe/2025/03/20/puno-alcalde-de-huacullani-pide-perdon-de-rodillas-por-videos-escandalosos-en-tiktok/
Desconocido,1591,General,"Inicio PUNO Puno Alcalde de Samán pierde los papeles frente a pobladores que exigen mayor seguridad Puno Alcalde de Samán pierde los papeles frente a pobladores que exigen mayor seguridad Por Diario Sin Fronteras - 5 diciembre, 2024 - En PUNO 756 Puno Alcalde de Samán pierde los papeles frente a pobladores que exigen mayor seguridad Azángaro. Un bochornoso incidente protagonizado por el alcalde del distrito de Samán, Freddy Anthony Yana Ccaccasaca, ha generado indignación entre los pobladores, quienes denunciaron que el edil  los mandó a rodar con lisuras  durante una reunión en la plaza principal del distrito. El hecho, que ya ha circulado en redes sociales a través de un video, ocurrió luego de que un grupo de aproximadamente 20 vecinos le reclamara por el aumento de robos en la zona y la falta de medidas de seguridad. La confrontación comenzó cuando varios pobladores, entre ellos una madre de familia, increparon al alcalde por la creciente inseguridad y la deficiencia en los servicios básicos, como el alumbrado público. El tono de la discusión se fue elevando, hasta que el burgomaestre, visiblemente alterado, respondió con insultos y un lenguaje agresivo hacia los vecinos, lo que provocó aún más el descontento de los presentes. En medio del tenso cruce de palabras, el alcalde se retiró del lugar, mientras algunos pobladores lo acusaban de ser responsable de la situación y lo tildaban de  ladrón . Comentarios de Facebook También te puede interesar Cientos de jóvenes puneños rinden examen de preselección para Beca 18 Aspirantes de toda la región participaron en la",2025-11-16T22:38:52.363631,2025-11-16T22:38:52.691386,2025-11-16T22:38:52.691391,Sin Fronteras,10932,"https://diariosinfronteras.com.pe/wp-content/uploads/2024/12/alcalde-saman-pobladores-660x330.jpg, https://diariosinfronteras.com.pe/wp-content/uploads/2020/06/dxt-nav.png",259,"Azángaro. Un bochornoso incidente protagonizado por el alcalde del distrito de Samán, Freddy Anthony Yana Ccaccasaca, ha generado indignación entre los pobladores, quienes denunciaron que el edil  los mandó a rodar con lisuras  durante una reunión en la plaza principal del distrito.",,Puno Alcalde de Samán pierde los papeles frente a pobladores que exigen mayor seguridad,https://diariosinfronteras.com.pe/2024/12/05/puno-alcalde-de-saman-pierde-los-papeles-frente-a-pobladores-que-exigen-mayor-seguridad/
Desconocido,1099,General,"Inicio PUNO Detienen a sujeto por presunto  pepero  en discoteca de Puno Detienen a sujeto por presunto  pepero  en discoteca de Puno Por Diario Sin Fronteras - 19 junio, 2025 - En PUNO 1908 Un hombre fue detenido en medio en un  arresto ciudadano  tras ser acusado de colocar una pastilla molida en el vaso de un parroquiano en una discoteca ubicada en el jirón Melgar de la ciudad de Puno. El sospechoso habría actuado mientras la víctima bailaba con una mujer desconocida. Según testigos, el afectado  cayó inconsciente de inmediato  después de ingerir su bebida, lo que alertó a otros asistentes. Rápidamente, identificaron al presunto  pepero  y lo retuvieron hasta la llegada de la Policía. Al revisarlo, encontraron  una pastilla escondida en su billetera  , lo que reforzó las sospechas en su contra. El detenido fue trasladado al Areincri PNP para las investigaciones correspondientes. Comentarios de Facebook También te puede interesar Puno: Intervienen al director de Energía y Minas por presunto uso indebido de camioneta en reunión privada El director regional de Energía y Minas, Edwin",2025-11-16T22:38:52.363631,2025-11-16T22:38:52.689045,2025-11-16T22:38:52.689047,Sin Fronteras,10931,"https://diariosinfronteras.com.pe/wp-content/uploads/2025/06/Photo_1750372059993-1-660x330.jpg, https://diariosinfronteras.com.pe/wp-content/uploads/2020/06/dxt-nav.png",177,,,Detienen a sujeto por presunto  pepero  en discoteca de Puno,https://diariosinfronteras.com.pe/2025/06/19/detienen-a-sujeto-por-presunto-pepero-en-discoteca-de-puno/
Desconocido,871,General,"Inicio POLICIALES Arequipa: Se resistieron a robo Arequipa: Se resistieron a robo Por Redacción Diario Sin Fronteras - 10 febrero, 2025 - En POLICIALES 981 Se resistieron a robo Juan Páucar Barrios, de 30 años, quedó detenido tras acuchillar en el abdomen a una mujer y a su hijo de 16 años en la calle Los Ángeles (Yanahuara). El sujeto, mientras era llevado a la comisaría de Yanahuara, no dejaba de repetir:  La sexta disfrazada de traje y corbata . En tanto, Elva Choquehuanca, de 51 años, y su hijo Pedro fueron trasladados en un taxi al hospital III EsSalud de Yanahuara. La mujer dijo que el varón se les acercó e intentó robar y tras resistirse les clavó un puñal. Comentarios de Facebook También te puede interesar Arequipa: Tragedia en Arequipa: bus interprovincial cae a un abismo y deja 37 muertos y 14 heridos Una nueva tragedia enluta las carreteras del sur",2025-11-16T22:38:52.363631,2025-11-16T22:38:52.688652,2025-11-16T22:38:52.688654,Sin Fronteras,10930,"https://diariosinfronteras.com.pe/wp-content/uploads/2025/02/c-6-660x330.jpeg, https://diariosinfronteras.com.pe/wp-content/uploads/2020/06/dxt-nav.png",153,"Juan Páucar Barrios, de 30 años, quedó detenido tras acuchillar en el abdomen a una mujer y a su hijo de 16 años en la calle Los Ángeles (Yanahuara).",,Arequipa: Se resistieron a robo,https://diariosinfronteras.com.pe/2025/02/10/arequipa-se-resistieron-a-robo/
Desconocido,1468,General,"Inicio ESCENARIO André Carrillo respondió a críticas por salida a discoteca:  Me encanta ir a fiestas  André Carrillo respondió a críticas por salida a discoteca:  Me encanta ir a fiestas  Por Diario Sin Fronteras - 3 julio, 2024 - En ESCENARIO 1282 André Carrillo ha causado un tremendo impacto en las últimas horas tras pronunciarse luego de ser captado en una discoteca con Christian Cueva y amistades. La  Culebra  llamó la atención al mencionar que le encanta salir a fiestas, por lo que no le ve nada de malo lo ocurrido después de la Copa América 2024, sobre todo porque estaba en día libre.  Yo tengo familia y amigos. Quiero pasar tiempo agradable. A mí me encanta salir de fiestas. A mí me encanta. Cada vez que tenga oportunidad de salir, voy a salir, con mi mujer, amigos o con quien yo quiera , declaró. Asimismo, aseguró que, pese a todo lo dicho entre los aficionados, no dejará de hacer lo que le gusta.   Por qué voy a dejar de hacer cosas que a mí me gustan si las puedo hacer? , complementó en Vía: Fuera del Sistema.  Cuántos minutos disputó André Carillo en la Copa América 2024? Por último, es válido mencionar que André Carrillo disputó un total de 11 minutos durante los tres partidos que tuvo la selección peruana en la Copa América 2024. Comentarios de Facebook También te puede interesar Puno: Intervienen al director de Energía y Minas por presunto uso indebido de camioneta en reunión privada El director regional de Energía y Minas, Edwin",2025-11-16T22:38:52.363631,2025-11-16T22:38:52.687529,2025-11-16T22:38:52.687532,Sin Fronteras,10929,"https://diariosinfronteras.com.pe/wp-content/uploads/2024/07/WhatsApp-Image-2024-07-01-at-10.59.11-PM-660x330.jpeg, https://diariosinfronteras.com.pe/wp-content/uploads/2020/06/dxt-nav.png",258,André Carrillo respondió a críticas por salida a discoteca:  Me encanta ir a fiestas,,André Carrillo respondió a críticas por salida a discoteca:  Me encanta ir a fiestas,https://diariosinfronteras.com.pe/2024/07/03/andre-carrillo-respondio-a-criticas-por-salida-a-discoteca-me-encanta-ir-a-fiestas/
Desconocido,11837,General,"Inicio MISCELANEA El golf y su efecto en el espíritu corporativo El golf y su efecto en el espíritu corporativo Por Diario Sin Fronteras - 9 mayo, 2024 - En MISCELANEA 1369 Golf y su impacto en la cultura empresarial. El golf, a menudo considerado una actividad de ocio, ha trascendido su función recreativa para convertirse en una parte integral de la cultura empresarial a nivel mundial. La naturaleza estratégica y social de este deporte lo ha convertido en una plataforma preferida para debates comerciales, networking y exhibición de habilidades de liderazgo. Las etiquetas, las reglas y el ritmo relajado del juego ofrecen un entorno único que fomenta interacciones significativas, genera confianza y fortalece las relaciones profesionales. En este contexto, profundizaremos en cómo el golf ha surgido como una importante herramienta empresarial, que influye en los procesos de toma de decisiones y da forma a la dinámica de la cultura corporativa. El campo de golf: una plataforma de networking única A diferencia de los entornos corporativos tradicionales, el campo de golf presenta una plataforma de networking poco común que permite a los profesionales de negocios interactuar fuera de los límites de las oficinas. Con su entorno sereno y su ritmo relajado, el golf facilita conversaciones matizadas y promueve una camaradería que rara vez se puede replicar en reuniones de negocios formales. Esta combinación única de deporte e interacción permite a los líderes empresariales cerrar acuerdos, negociar contratos y fomentar asociaciones estratégicas en una atmósfera menos formal y más agradable. Además, la etiqueta de justicia e integridad del campo de golf se alinea bien con los principios comerciales, lo que lo convierte en un entorno ideal para establecer contactos empresariales. Decodificación del golf empresarial: por qué funciona Cabría preguntarse por qué el golf, entre todos los deportes, se ha convertido en una parte tan fundamental del mundo empresarial. La clave radica en comprender las características únicas del golf que se alinean con la dinámica de las operaciones comerciales. Jugar una partida de golf requiere una cantidad significativa de tiempo, durante el cual las conversaciones pueden fluir de forma natural, lo que facilita la construcción de relaciones más sólidas. Hay tiempo para hablar de negocios, pero también para involucrarse a nivel personal, fomentando el entendimiento y el respeto mutuos. Además, el golf es un juego de integridad y estrategia. No hay árbitros que controlen el juego limpio; Los jugadores deben autorregularse, demostrando honestidad, integridad y cumplimiento de las reglas, cualidades muy valoradas en los negocios. Los elementos estratégicos del juego (cada movimiento requiere pensamiento, planificación y precisión) reflejan los procesos de toma de decisiones estratégicas en los negocios. Además, el enfoque del golf en la etiqueta y el respeto por los demás jugadores se correlaciona directamente con las normas de interacción empresarial. A menudo se considera que los ejecutivos que muestran cortesía en el campo de golf tienen el mismo respeto en el mundo de los negocios. Por tanto, el golf es más que un simple juego; es una metáfora de la dinámica empresarial y un escenario para mostrar el espíritu empresarial. Las reglas del juego: etiqueta y negocios en el golf La etiqueta del golf no se trata sólo de las reglas del juego, sino también de demostrar respeto por el campo de golf, los demás jugadores y el juego en sí. Estas sutiles normas reflejan los fundamentos de las interacciones comerciales exitosas. Por ejemplo, ser puntual en la hora de salida es similar a respetar el tiempo en las reuniones de negocios. Jugar fuera de turno o pisar la línea de putt de alguien puede considerarse una falta de respeto en el golf, y esa falta de cortesía también puede ser perjudicial en los negocios. Por lo tanto, la etiqueta del golf sirve como un microcosmos de principios comerciales, que resume los valores de respeto, integridad y juego limpio, que son cruciales para fomentar un ecosistema empresarial exitoso. Golf, liderazgo y estrategia: paralelos en juego Por mucho que el golf sea un juego de habilidad, es un ejercicio de pensamiento estratégico y liderazgo. Los paralelismos entre el golf y el liderazgo empresarial son sorprendentes: Paciencia y perseverancia: así como los golfistas deben tener paciencia para aprender y perfeccionar su swing, los líderes también deben ser pacientes y persistentes en sus esfuerzos por lograr los objetivos comerciales; Estrategia y visión: los juegos de golf requieren un enfoque estratégico, muy parecido a las decisiones comerciales. Los golfistas deben evaluar cuidadosamente el campo, considerar factores externos como el viento y decidir el mejor enfoque para cada golpe. De manera similar, los líderes deben tener una visión clara y un plan para guiar su organización hacia el éxito; Evaluación de riesgos: Los golfistas a menudo tienen que decidir entre realizar un tiro arriesgado para obtener recompensas potencialmente mayores o ir a lo seguro. Esto refleja escenarios empresariales en los que los líderes deben evaluar los riesgos y tomar decisiones informadas; Resiliencia: en el golf, los jugadores deben mantener la compostura y adaptar sus planes de juego incluso bajo presión o después de un mal tiro, lo que refleja la resiliencia que los líderes necesitan ante los desafíos comerciales; Integridad y transparencia: Se espera que los golfistas respeten las reglas y se sancionen a sí mismos, lo que refleja la necesidad de integridad y transparencia en el liderazgo empresarial; Aprendizaje continuo: los golfistas se esfuerzan continuamente por mejorar sus habilidades y aprender de sus errores, haciéndose eco de la necesidad de aprendizaje y mejora continuos en el liderazgo empresarial; Respeto por los demás: la etiqueta del golf subraya la importancia del respeto por los demás, un valor que es igualmente significativo en los entornos empresariales. Acuerdos comerciales exitosos sellados en los verdes El campo de golf no es sólo un lugar para practicar deportes: también es un terreno común donde los profesionales de negocios interactúan, negocian, elaboran estrategias y sellan acuerdos exitosos. Un buen ejemplo de esto lo podemos ver en el evento Pin Up casino APP. Esta reunión es reconocida por ser un centro donde se reúnen los líderes de la industria y, en medio de verdes verdes como telón de fondo, las conversaciones de negocios ocurren de manera natural junto con juegos amistosos de golf. El ambiente relajado e informal fomenta conversaciones abiertas, creando un ambiente ideal para discusiones en profundidad sobre inversiones, asociaciones y proyectos. De hecho, se han iniciado y acordado muchas decisiones comerciales y colaboraciones importantes en el campo de golf. Por lo tanto, el juego de golf y los negocios están inextricablemente vinculados y confluyen en los greens, donde se cruzan el deporte, la estrategia y el éxito. El impacto del golf en las relaciones comerciales El vínculo forjado durante un juego de golf a menudo se extiende mucho más allá de los greens y calles. Este deporte tiene una capacidad única para fomentar conexiones y generar confianza entre los profesionales de negocios. Un juego de golf es un evento social que brinda tiempo suficiente para la conversación y la camaradería fuera del entorno corporativo. Esto permite a los participantes conocer a sus homólogos a un nivel más personal, lo que puede traducirse en relaciones profesionales más sólidas y de mayor confianza. Además, la forma en que uno se comporta en el campo de golf puede proporcionar información valiosa sobre su carácter. Atributos como la integridad, el respeto por las reglas, el pensamiento estratégico y la resiliencia bajo presión se ponen de manifiesto durante una ronda de golf. Estas cualidades, muy apreciadas en el mundo empresarial, pueden reforzar las relaciones profesionales y dar lugar a colaboraciones fructíferas. En esencia, el golf sirve como conducto para fortalecer las relaciones comerciales, fomentar el respeto mutuo y, en última instancia, impulsar el éxito empresarial. Dinámica de género: mujeres, golf y negocios En el mundo empresarial, el golf se ha percibido tradicionalmente como un  juego de caballeros , que a menudo sirve como conducto para importantes acuerdos comerciales. Sin embargo, con la evolución de las normas sociales y la creciente igualdad de género, más mujeres están adoptando el deporte y aprovechándolo como plataforma para establecer contactos empresariales. La presencia de mujeres en los campos de golf no sólo está rompiendo los estereotipos de género sino que también ha dado lugar a un cambio dinámico en la forma de realizar negocios. Las mujeres ejecutivas que practican golf son vistas como pensadoras proactivas y estratégicas, capaces de asumir riesgos calculados, cualidades todas ellas muy apreciadas en el mundo empresarial. Además, la naturaleza estratégica y paciente del golf suele estar bien alineada con los estilos de liderazgo de las mujeres, mostrando sus fortalezas de una manera única. La inclusión de las mujeres en los juegos de golf empresariales está fomentando la diversidad, poniendo sobre la mesa perspectivas y enfoques variados, lo que lleva a una toma de decisiones más innovadora e inclusiva. Por lo tanto, la creciente participación de las mujeres en el golf no sólo está transformando el juego en sí, sino también la naturaleza de las relaciones corporativas y las estrategias comerciales que se fomentan en los greens. El papel del golf en la cultura empresarial internacional El impacto del golf se extiende más allá de la cultura empresarial local y también llega profundamente a las costumbres comerciales internacionales. La naturaleza universal del golf, con sus reglas y etiqueta reconocidas a través de fronteras, lo convierte en una poderosa herramienta para forjar relaciones comerciales internacionales. Proporciona un terreno común donde empresarios de diferentes nacionalidades, culturas e idiomas pueden interactuar, negociar y establecer conexiones. En países como Japón y Corea del Sur, el golf está profundamente integrado en la cultura empresarial y se considera una actividad esencial para establecer contactos, establecer vínculos e incluso evaluar el carácter y el enfoque de negocios de un socio potencial. En otros países, como Estados Unidos, las salidas de golf sirven como escenarios informales para reuniones, lo que permite discusiones relajadas y francas lejos de la intensidad de la sala de juntas. Desmitificando la jerga del golf: una guía rápida para principiantes Para quienes son nuevos en el mundo del golf, la terminología a menudo puede parecer desconcertante y compleja. Sin embargo, comprender la jerga del golf es un aspecto fundamental para apreciar el juego y sus matices estratégicos. Aquí hay una guía rápida para comenzar: Birdie: Puntuación de uno bajo par en un hoyo; Bogey: Puntuación de uno sobre par en un hoyo; Drive: El primer golpe en un hoyo, generalmente realizado desde un tee de salida elevado con un driver; Fairway: La porción del campo de golf entre el tee y el green, donde se corta el césped; Verde: El área al final de una calle donde se encuentra el hoyo, marcada por un asta-bandera. El césped se corta especialmente corto para permitir un lanzamiento suave; Handicap: Un sistema utilizado para calificar la habilidad de juego de los golfistas, permitiendo que jugadores de diferentes niveles compitan en igualdad de condiciones; Par: El número estándar de golpes en los que se espera que un golfista experto complete un hoyo o una ronda. Comentarios de Facebook También te puede interesar CD Moquegua asciende a Liga1 tras vencer 3-2 a César Vallejo CD Moquegua volvió a Primera División después de",2025-11-16T22:38:52.363631,2025-11-16T22:38:52.686051,2025-11-16T22:38:52.686054,Sin Fronteras,10928,"https://diariosinfronteras.com.pe/wp-content/uploads/2024/05/Golf-y-su-impacto-en-la-cultura-empresarial-602x330.jpg, https://diariosinfronteras.com.pe/wp-content/uploads/2020/06/dxt-nav.png",1860,"En este artículo profundizamos en la fascinante interacción entre el golf y la cultura empresarial. Exploramos cómo el golf, más que un simple deporte, se ha convertido en un conducto importante para establecer contactos, cerrar acuerdos y demostrar perspicacia de liderazgo en el mundo empresarial.",,El golf y su efecto en el espíritu corporativo,https://diariosinfronteras.com.pe/2024/05/09/el-golf-y-su-efecto-en-el-espiritu-corporativo/
Desconocido,2095,General,"Inicio AREQUIPA Nuevo juicio contra Vera empezará en septiembre Nuevo juicio contra Vera empezará en septiembre Por Diario Sin Fronteras - 5 julio, 2024 - En AREQUIPA 662 Nuevo juicio contra Vera empezará en septiembre Nuevo juicio contra Vera empezará en septiembre El nuevo juicio oral por enriquecimiento ilícito contra Manuel Vera Paredes iniciará el próximo lunes 9 de septiembre a las 8:30 horas. De acuerdo a lo informado por el presidente de la Corte de Justicia de Arequipa, César Cuba Chirinos, para el alcalde están solicitando 5 años de pena privativa de la libertad. Asimismo, están pidiendo su inhabilitación en el cargo como funcionario público y se le está solicitando el pago de S 250 mil por el concepto de reparación civil. Es importante mencionar que el caso lo resolverá el juez unipersonal para casos de corrupción de funcinarios, Eddy Leva Cascamayta. Respecto al recurso de casación que fue aprobado, Cuba explicó que el fallo de la Corte Suprema que absolvió a Manuel Vera Paredes del delito de lavado de activos por supuesto desbalance patrimonial en la adquisición de una vivienda, un vehículo y tenencia de dinero, responde a dos aspectos que observó la Corte. Por un lado, el quebramiento del principio de que una persona no puede ser juzgada dos veces por el mismo delito o infracción, esto con relación a la compra de un inmueble y el dinero; y con respecto a la compra de su vehículo, la decisión judicial sustentó que no hubo suficientes pruebas.  Ha razonado a los hechos de la compra del inmueble, el dinero de movimientos y la compra de un vehículo. En los dos primeros, ningún ciudadano puede ser juzgado dos veces por el mismo hecho. En Arequipa se ventila el proceso de enriquecimiento ilícito por los primeros hechos (inmueble y dinero), y no puede configurarse lavado de activos; en el tercer hecho (compra del auto) hay insuficiencia probatoria, no hay indicios suficientes , afirmó.  Comentarios de Facebook También te puede interesar Cientos de jóvenes puneños rinden examen de preselección para Beca 18 Aspirantes de toda la región participaron en la",2025-11-16T22:38:52.363631,2025-11-16T22:38:52.684267,2025-11-16T22:38:52.684270,Sin Fronteras,10927,"https://diariosinfronteras.com.pe/wp-content/uploads/2024/07/A-copia-660x330.jpeg, https://diariosinfronteras.com.pe/wp-content/uploads/2020/06/dxt-nav.png",349,Nuevo juicio contra Vera empezará en septiembre,,Nuevo juicio contra Vera empezará en septiembre,https://diariosinfronteras.com.pe/2024/07/05/86141/
Desconocido,1662,General,"Inicio PUNO Puno: TC contra la cadena ronderil por los excesos Puno: TC contra la cadena ronderil por los excesos Por Diario Sin Fronteras - 5 julio, 2025 - En PUNO 413 El Tribunal Constitucional (TC) recordó que las rondas campesinas deben ejercer sus funciones respetando los derechos fundamentales de las personas, conforme al artículo 149 de la Constitución. Así lo estableció en la sentencia del expediente N.  01622-2022-PHC TC, que declaró fundada una demanda de hábeas corpus presentada por una pareja sometida por 20 días a una  cadena ronderil  en diversas comunidades de Carabaya, Puno. Los agraviados fueron obligados a confesar su presunta participación en un feminicidio. El TC reconoció la gravedad del delito investigado y la rápida actuación de las rondas campesinas, pero advirtió que los hechos vulneraron derechos esenciales como la libertad personal y la prohibición de tratos inhumanos o degradantes. Enfatizó que incluso en el marco de su jurisdicción consuetudinaria, las rondas no pueden transgredir la dignidad humana. El tribunal recordó que corresponde a la Policía Nacional, el Ministerio Público y el Poder Judicial realizar investigaciones respetando el debido proceso, especialmente en casos de presunto feminicidio. Asimismo, subrayó que la coordinación entre la jurisdicción especial de las rondas y el sistema judicial ordinario debe regirse por la ley, sin afectar los derechos fundamentales de las personas involucradas. Comentarios de Facebook También te puede interesar Puno: Intervienen al director de Energía y Minas por presunto uso indebido de camioneta en reunión privada El director regional de Energía y Minas, Edwin",2025-11-16T22:38:52.363631,2025-11-16T22:38:52.683535,2025-11-16T22:38:52.683538,Sin Fronteras,10926,"https://diariosinfronteras.com.pe/wp-content/uploads/2025/07/habeas-corpus-por-cadea-ronderil-660x330.jpeg, https://diariosinfronteras.com.pe/wp-content/uploads/2020/06/dxt-nav.png",253,,,Puno: TC contra la cadena ronderil por los excesos,https://diariosinfronteras.com.pe/2025/07/05/puno-tc-contra-la-cadena-ronderil-por-los-excesos/
Desconocido,1461,General,"Inicio POLICIALES Ebrio se enfurece y ataca a los serenos con piedras Ebrio se enfurece y ataca a los serenos con piedras Por Diario Sin Fronteras - 19 marzo, 2022 - En POLICIALES, PUNO 1103 Sujeto agarró piedras para desafiar a los serenos. Cansados de la presencia de sujetos de malvivir, los agentes de Serenazgo realizaron un patrullaje por el jirón 1ro de Mayo, donde se toparon con dos hombres que ingerían licor en la vía pública. Los moradores indicaron que temen por la presencia de estos sujetos, pues podrían ser víctimas de algún ataque o hecho delictivo. Los agentes  azules  procedieron a intervenir a los varones, pero uno de ellos se resistía a la exhortación de los serenos, mientras su compañero de copas le decía a los serenos que sí se iban a retirar. El primero de ellos agarró un par de piedras en sus manos, indicando a los hombres  azules  que él solo estaba tomando agua. En otra de las escenas, se observa que los serenos siguen a este individuo; y que este último lanza piedras contra los agentes. Los uniformados esquivaron las pequeñas rocas, consiguiendo finalmente reducir al sujeto en el suelo. Los habitantes de la zona, agradecieron la labor de los serenos, pues están cansados del hostigamiento de algunos sujetos hacia los transeúntes y los mismos vecinos. Comentarios de Facebook También te puede interesar Cientos de jóvenes puneños rinden examen de preselección para Beca 18 Aspirantes de toda la región participaron en la",2025-11-16T22:38:52.363631,2025-11-16T22:38:52.683079,2025-11-16T22:38:52.683082,Sin Fronteras,10925,"https://diariosinfronteras.com.pe/wp-content/uploads/2022/03/1.2.jpg, https://diariosinfronteras.com.pe/wp-content/uploads/2020/06/dxt-nav.png",247,,,Ebrio se enfurece y ataca a los serenos con piedras,https://diariosinfronteras.com.pe/2022/03/19/ebrio-se-enfurece-y-ataca-a-los-serenos-con-piedras/
Desconocido,2495,General,"Inicio TACNA Cuestionan que Suma Uta sea en terreno judicializado Cuestionan que Suma Uta sea en terreno judicializado Por Diario Sin Fronteras - 20 febrero, 2022 - En TACNA 768 Predio no es custodiado correctamente por el GRT. Tacna. La consejera Luz Huancapaza Cora cuestionó que el Gobierno Regional de Tacna (GRT) decida ejecutar el programa de vivienda Suma Uta en un terreno judicializado. El predio destinado al proyecto es el de 35 hectáreas recuperado por la institución tras el desalojo de la Asociación de Pequeños Empresarios de Tacna (Apertac). Actualmente existe por el caso un juicio pendiente de resolución con el que el GRT podría verse obligado a pagar una reparación civil por las construcciones destruidas durante el desalojo o vender el predio a la misma asociación. Cabe recordar que la declaración de interés del proyecto de vivienda fue aprobada por seis de los nueve consejeros regionales en diciembre de 2021. CONOCIMIENTO DE JUICIO Huancazapa sostuvo que el consejo regional tenía conocimiento del juicio pendiente y explicó que ella votó en contra de la declaración de interés del programa con la propuesta de un privado porque se pretende ejecutar un nuevo proyecto de vivienda a pesar de que persisten problemas sin solucionar con el Providit y otros provenientes de anteriores gestiones. Mencionó que los funcionarios del GRT justificaron el nuevo proyecto indicando que la actual gestión avanzó más que otras en la resolución de los problemas de los anteriores programas de vivienda. La autoridad regional refirió que el programa Suma Uta fue una idea del gobernador Juan Tonconi y no se trabajó de manera coordinada con el consejo regional. Tampoco se desarrolló de manera clara, ya que inicialmente se señalaban otros predios y al final se decidió ejecutarlo en el terreno recuperado. Ante los problemas judiciales no se debería dar falsas esperanzas a la población que necesita una vivienda, advirtió. Además indicó que la propuesta de declaración de interés del programa de vivienda fue considerada en agenda sin la documentación correspondiente. Hubo incongruencia entre el dictamen y la sustentación de los funcionarios, ya que mientras los últimos indicaban que los lotes serían para los más necesitados, el primero señalaba como beneficiarios a personas con ingresos de S  3 mil a más, detalló. Comentarios de Facebook También te puede interesar CD Moquegua asciende a Liga1 tras vencer 3-2 a César Vallejo CD Moquegua volvió a Primera División después de",2025-11-16T22:38:52.363631,2025-11-16T22:38:52.682587,2025-11-16T22:38:52.682607,Sin Fronteras,10924,"https://diariosinfronteras.com.pe/wp-content/uploads/2022/02/3-A-12.jpg, https://diariosinfronteras.com.pe/wp-content/uploads/2020/06/dxt-nav.png",399,,,Cuestionan que Suma Uta sea en terreno judicializado,https://diariosinfronteras.com.pe/2022/02/20/cuestionan-que-suma-uta-sea-en-terreno-judicializado/
Desconocido,1198,General,"Inicio PUNO Puno:  Alcalde se venga contra estudiantes por reclamo? Puno:  Alcalde se venga contra estudiantes por reclamo? Por Redacción Diario Sin Fronteras - 2 abril, 2025 - En PUNO 793  Alcalde se venga contra estudiantes por reclamo? La suspensión del servicio de cocinero en el colegio José Carlos Mariátegui ha generado indignación en la comunidad educativa, luego de que el alcalde del distrito de San Juan de Salinas, Ancisar Cuevas Mamani, ordenara su retiro como presunta represalia por las críticas de docentes y padres de familia hacia su gestión. El conflicto estalló durante la inauguración del año escolar el 17 de marzo, cuando maestros y regidores cuestionaron la falta de obras prometidas por el burgomaestre, como aulas dignas, canchas deportivas y acceso a agua potable. Pese a que el municipio destinaba 800 soles mensuales para garantizar almuerzos higiénicos a los estudiantes, el servicio fue cancelado abruptamente tras una sesión de concejo donde se alegó falta de fondos. Comentarios de Facebook También te puede interesar Arequipa: Tragedia en Arequipa: bus interprovincial cae a un abismo y deja 37 muertos y 14 heridos Una nueva tragedia enluta las carreteras del sur",2025-11-16T22:38:52.363631,2025-11-16T22:38:52.681709,2025-11-16T22:38:52.681712,Sin Fronteras,10923,"https://diariosinfronteras.com.pe/wp-content/uploads/2025/04/Alcalde-se-venga-contra-estudiantes-por-reclamo-660x330.jpg, https://diariosinfronteras.com.pe/wp-content/uploads/2020/06/dxt-nav.png",190,"La suspensión del servicio de cocinero en el colegio José Carlos Mariátegui ha generado indignación en la comunidad educativa, luego de que el alcalde del distrito de San Juan de Salinas, Ancisar Cuevas Mamani, ordenara su retiro como presunta represalia por las críticas de docentes y padres de familia hacia su gestión.",,Puno:  Alcalde se venga contra estudiantes por reclamo?,https://diariosinfronteras.com.pe/2025/04/02/puno-alcalde-se-venga-contra-estudiantes-por-reclamo/
Desconocido,1479,General,"Inicio PUNO Siete heridos tras violento choque vehicular en Azángaro Siete heridos tras violento choque vehicular en Azángaro Por Diario Sin Fronteras - 30 junio, 2025 - En PUNO 1066 Accidente produjo 7 heridos. Un grave accidente dejó siete personas heridas esta mañana en el centro poblado de Mataro Chico, provincia de Azángaro. El siniestro ocurrió en una curva peligrosa, donde colisionaron frontalmente dos vehículos. La miniván blanca de la empresa Palmeras Tours S.R.L. (placa Z5U-961) impactó contra una camioneta Toyota Hilux (placa CAN-812) de la empresa GJR Castro E.I.R.L., provocando una emergencia que movilizó al personal médico de la zona. Equipos del Establecimiento de Salud de Mataro Chico llegaron rápidamente al lugar y brindaron los primeros auxilios. Luego, los heridos fueron evacuados al Hospital Carlos Cornejo Roselló Vizcardo de Azángaro para recibir atención especializada. Los heridos son:   Valeria Yupamqui Turpo (29 años)   Everilda Pachacutec Sucari (29 años)   Francisca Turpo Cuno (62 años)   Alberto Limache Tito (51 años)   Felicia Sile Tohalino (34 años)   Yesenia Vásquez Sarmiento (36 años)   Joel Mamani Molina (13 años) Hasta el momento, no se ha confirmado el estado de salud de cada paciente ni la causa exacta del accidente. Las autoridades investigan los hechos. Comentarios de Facebook También te puede interesar Cientos de jóvenes puneños rinden examen de preselección para Beca 18 Aspirantes de toda la región participaron en la",2025-11-16T22:38:52.363631,2025-11-16T22:38:52.680077,2025-11-16T22:38:52.680079,Sin Fronteras,10922,"https://diariosinfronteras.com.pe/wp-content/uploads/2025/06/IMG-20250630-WA0214-660x330.jpg, https://diariosinfronteras.com.pe/wp-content/uploads/2025/06/IMG-20250630-WA0218-500x331.jpg",224,"Siete personas resultaron heridas tras un violento choque entre dos vehículos en Mataro Chico, Azángaro. Todos fueron trasladados al hospital local.",,Siete heridos tras violento choque vehicular en Azángaro,https://diariosinfronteras.com.pe/2025/06/30/accidente-vehicular-azangaro-mataro-chico-siete-heridos-junio-2025/
Desconocido,4372,General,"Inicio NACIONAL Dina Boluarte: denuncian penalmente a la presidenta y sus ministros por autorizar aumento de sueldo Dina Boluarte: denuncian penalmente a la presidenta y sus ministros por autorizar aumento de sueldo Por Redacción Diario Sin Fronteras - 7 julio, 2025 - En NACIONAL 333 Dina Boluarte en problemas. El Comité Ejecutivo Nacional (CEN) del partido Voces del Pueblo presentó una denuncia penal en la Fiscalía contra la presidenta y sus 18 ministros por autorizar el aumento de sueldo de la mandataria con el fin de percibir más de S 35.000 mensuales. La organización política acusa a la jefa de Estado por los presuntos delitos de negociación incompatible o aprovechamiento del cargo. De acuerdo con el documento presentado por Ronald Atencio Sotomayor y Luis Trinidad Abarca, Boluarte Zegarra habría infringido el límite constitucional establecido en la Ley N  28212, en el que se señala que la presidenta no puede percibir más de diez Unidades Remunerativas del Sector Público (URSP), equivalente a S 26.000. ÚLTIMAS NOTICIAS POLÍTICA ECONOMÍA SOCIEDAD MUNDO CIENCIA DEPORTES ESPECTÁCULOS DATEC DÓLAR ESTADOS UNIDOS STREAMERS 9 meses de prisión preventiva en contra de Miguel Requejo, quien embistió su auto contra restaurante Política 06 Jul 2025   21:47 h Dina Boluarte: denuncian penalmente a la presidenta y sus ministros por autorizar aumento de sueldo El Comité Ejecutivo Nacional (CEN) del partido Voces del Pueblo presentaron la denuncia contra Dina Boluarte ante la Fiscalía por los presuntos delitos de negociación incompatible o aprovechamiento indebido del cargo. Dina Boluarte,  La tía rica Mc Plata : Heduardicidio ironiza el aumento de sueldo y joyas de la presidenta Dina Boluarte: 70  de investigaciones por represión en protestas contra su Gobierno se encuentran en fase preparatoria Dina Boluarte Dina Boluarte ganará más de S 35.000 mensualmente. Foto: Composición LR   Foto: Composición LR PCM. Josué Chávez Cardoza Josué Chávez Cardoza icon-shared-googlenews Dina Boluarte en problemas. El Comité Ejecutivo Nacional (CEN) del partido Voces del Pueblo presentó una denuncia penal en la Fiscalía contra la presidenta y sus 18 ministros por autorizar el aumento de sueldo de la mandataria con el fin de percibir más de S 35.000 mensuales. La organización política acusa a la jefa de Estado por los presuntos delitos de negociación incompatible o aprovechamiento del cargo. De acuerdo con el documento presentado por Ronald Atencio Sotomayor y Luis Trinidad Abarca, Boluarte Zegarra habría infringido el límite constitucional establecido en la Ley N  28212, en el que se señala que la presidenta no puede percibir más de diez Unidades Remunerativas del Sector Público (URSP), equivalente a S 26.000.  Al aprobarse una remuneración superior a dicho límite, el Decreto Supremo contraviene abiertamente esta disposición legal , se lee en el documento. Asimismo, los denunciantes sostienen que con dicho aumento salarial se infringió el artículo 118 de la Constitución Política.  Se vulnera el principio de jerarquía normativa, al pretender que un decreto supremo   norma de menor jerarquía  derogue tácitamente una ley. Tal hecho resulta jurídicamente inadmisible y representa un acto de abuso del poder normativo del Ejecutivo .  El aumento remunerativo aprobado (S  35,568.00) no solo constituye un provecho económico personal directo, sino que además afecta el principio de equidad, austeridad y legalidad en la función pública, y compromete los recursos públicos del Estado , acotó. Ministros de Dina Boluarte también son denunciados por aumento de suelo De igual manera, la denuncia alcanza a los 18 ministros de Dina Boluarte quienes, según consta en el documento,  que intervinieron en la aprobación del Decreto Supremo N.º 136-2025-EF, ostentan la condición de funcionarios públicos .  El Decreto Supremo en cuestión fue emitido con el voto aprobatorio del Consejo de Ministros, refrendado por el Ministro de Economía y la Presidenta Dina Boluarte. Esta intervención normativa tuvo por objeto aprobar una compensación económica mensual ascendente a S 35,568.00 a favor de la propia Presidenta de la República , se aprecia en la denuncia. Comentarios de Facebook También te puede interesar Arequipa: Tragedia en Arequipa: bus interprovincial cae a un abismo y deja 37 muertos y 14 heridos Una nueva tragedia enluta las carreteras del sur",2025-11-16T22:38:52.363631,2025-11-16T22:38:52.679526,2025-11-16T22:38:52.679529,Sin Fronteras,10921,"https://diariosinfronteras.com.pe/wp-content/uploads/2025/07/6868066c1db5e958890aa0cd.webp, https://diariosinfronteras.com.pe/wp-content/uploads/2020/06/dxt-nav.png",674,Dina Boluarte: denuncian penalmente a la presidenta y sus ministros por autorizar aumento de sueldo,,Dina Boluarte: denuncian penalmente a la presidenta y sus ministros por autorizar aumento de sueldo,https://diariosinfronteras.com.pe/2025/07/07/dina-boluarte-denuncian-penalmente-a-la-presidenta-y-sus-ministros-por-autorizar-aumento-de-sueldo/
Desconocido,3338,General,"Inicio POLITICA JNE exonera pago de 46.20 soles por desafiliación política tras acuerdos con Reniec JNE exonera pago de 46.20 soles por desafiliación política tras acuerdos con Reniec Por Diario Sin Fronteras - 24 abril, 2025 - En POLITICA 869 El JNE y el Reniec acuerdan mejorar la identificación de afiliados. Tras las múltiples denuncias de afiliaciones a partidos políticos sin autorización y las exigencias de la Defensoría del Pueblo, el Jurado Nacional de Elecciones (JNE) y el Registro Nacional de Identificación y Estado Civil (Reniec) tomaron decisiones conjuntas para la mejor identificación de partidarios políticos, así como la eliminación del pago por desafiliación.  Como medida inmediata, el Jurado Nacional de Elecciones eliminará el pago de 46.20 soles, con el fin de no trasladar a los ciudadanos el costo del proceso de desafiliación , anunció el presidente del JNE, Carlos Burneo alado de la jefa del Reniec Carmen Velarde. El funcionario indicó que las solicitudes actuales de desafiliación están siendo atendidas en la brevedad posible. DENUNCIAS PENALES A PARTIDOS POLÍTICOS POR FIRMAS SIN AUTORIZACIÓN  Asimismo, venimos denunciando ante el Ministerio Público a las organizaciones políticas que habrían incurrido en la presentación de firmas sin la autorización de los ciudadanos , señaló Carlos Burneo. Carmen Velarde señaló que se han observado firmas invalidadas para el proceso de inscripción de partidos políticos.  El sustento de estas denuncias mencionadas por el señor presidente del Jurado Nacional de Elecciones fueron los 130 informes técnicos presentados por el Reniec , detalló.  Se observaron 238 335 firmas, las que quedaron invalidadas para el proceso de inscripción de estas organizaciones políticas . AFILIACIÓN PARTIDARIA CON RECONOCIMIENTO DE ROSTRO Además anunciaron que entre junio y setiembre de 2024, el JNE y el Reniec trabajaron de manera conjunta con la Comisión de Constitución del Congreso de la República el proyecto de Ley 8189, aprobado en primera votación por el Pleno del Congreso para una propuesta que permitirá el uso de la plataforma ID Perú y el DNI electrónico, con el fin de que el proceso de afiliación partidaria se realice de manera segura y confiable con el reconocimiento del rostro de cada ciudadano. Finalmente, invocaron a las organizaciones políticas a optimizar sus procesos de afiliación para cautelar la real voluntad de los ciudadanos. DEFENSORÍA HABÍA PEDIDO AL JNE SUSPENDER COBRO POR DESAFILIACIÓN La Defensoría del Pueblo había solicitado disponer el retiro del cobro de 46.20 soles de desafiliación política  al ser una limitante sustancial para el ejercicio de los derechos políticos de las personas, máxime si ellas son víctimas al no haber expresado su voluntad para la afiliación de un partido político, debido a que sus firmas habrían sido falsificadas . En su comunicado, la Defensoría había remarcado que  la negligencia institucional de quienes tienen el deber de proteger y evitar la falsificación de las firmas no puede ser trasladada a la víctima, esto agravaría la situación de vulneración de los derechos fundamentales de las personas . Comentarios de Facebook También te puede interesar Puno: Intervienen al director de Energía y Minas por presunto uso indebido de camioneta en reunión privada El director regional de Energía y Minas, Edwin",2025-11-16T22:38:52.363631,2025-11-16T22:38:52.678749,2025-11-16T22:38:52.678751,Sin Fronteras,10920,"https://diariosinfronteras.com.pe/wp-content/uploads/2025/04/reniec_jne_poort-660x330.jpg, https://diariosinfronteras.com.pe/wp-content/uploads/2020/06/dxt-nav.png",520,,,JNE exonera pago de 46.20 soles por desafiliación política tras acuerdos con Reniec,https://diariosinfronteras.com.pe/2025/04/24/jne-exonera-pago-de-46-20-soles-por-desafiliacion-politica-tras-acuerdos-con-reniec/
Desconocido,1393,General,"Inicio NACIONAL Tragedia en Trujillo: 11 niños en estado crític0 tras colapso en Real Plaza Tragedia en Trujillo: 11 niños en estado crític0 tras colapso en Real Plaza Por Diario Sin Fronteras - 22 febrero, 2025 - En NACIONAL 723 El colapso del techo en el patio de comidas del centro comercial Real Plaza Trujillo ha dejado un saldo devastador. Según informó el director del Instituto Nacional de Defensa Civil (Indeci) en La Libertad, Emérito Hipólito Cruchaga, 11 niños se encuentran en estado crítico tras el accidente. El derrumbe, ocurrido la noche del viernes 21 de febrero, ha cobrado la vida de al menos ocho personas y ha dejado más de 70 heridos. Entre los afectados, un adulto sufrió la amputación de una pierna como parte de una intervención de emergencia realizada en el lugar para rescatarlo de los escombros. Las autoridades han declarado dos días de duelo regional en La Libertad, suspendiendo todas las actividades culturales y deportivas en señal de respeto a las víctimas y sus familias. Mientras tanto, las investigaciones continúan para determinar las causas del colapso y establecer responsabilidades sobre esta tragedia que ha conmocionado a la ciudad de Trujillo. Comentarios de Facebook También te puede interesar Puno: Intervienen al director de Energía y Minas por presunto uso indebido de camioneta en reunión privada El director regional de Energía y Minas, Edwin",2025-11-16T22:38:52.363631,2025-11-16T22:38:52.676629,2025-11-16T22:38:52.676632,Sin Fronteras,10919,"https://diariosinfronteras.com.pe/wp-content/uploads/2025/02/481307545_1044963847658541_3651096753882851070_n-660x330.jpg, https://diariosinfronteras.com.pe/wp-content/uploads/2020/06/dxt-nav.png",226,,,Tragedia en Trujillo: 11 niños en estado crític0 tras colapso en Real Plaza,https://diariosinfronteras.com.pe/2025/02/22/tragedia-en-trujillo-11-ninos-en-estado-critic0-tras-colapso-en-real-plaza/
Desconocido,1729,General,"Inicio TACNA Sentencian a policía por atropellar ebrio a anciano Sentencian a policía por atropellar ebrio a anciano Por Redacción Diario Sin Fronteras - 29 enero, 2025 - En TACNA 631 Sentencian a policía por atropellar ebrio a anciano El Primer Juzgado Unipersonal Transitorio de Flagrancia sentenció al suboficial de tercera PNP Juan José Choque Pilco (26) a cuatro años de pena suspendida y el pago de 33 mil soles como reparación civil por atropellar y dejar grave a un anciano de 77 años. El accidente ocurrió el pasado 15 de diciembre, cuando Clemente Flores Mamani (77) fue atropellado por una moto lineal. En el lugar se halló al anciano grave y al policía ebrio, quien era propietario de la moto y no tenía licencia de conducir ni SOAT. Durante todo el proceso Choque mantuvo que no conducía el vehículo y responsabilizó a un amigo del que nunca dijo su nombre completo, dirección o teléfono. Videos de seguridad presentados por la Fiscalía mostraron al policía conduciendo solo la moto de placa 8189-F2 antes del accidente. El anciano quedó con 90 días de incapacidad y tras varias operaciones y ser dado de alta quedó postrado en su vivienda. La familia indica que trabajaba en su tienda de abarrotes, pero ahora presenta graves secuelas con una fractura en la pelvis, alucinaciones y deseos de terminar su vida. La jueza Isabel Laqui conminó al agente policial a cumplir reglas de conducta, la inhabilitación para obtener licencias de conducir por cuatro años, registrarse en el juzgado cada mes y pagar la reparación. Comentarios de Facebook También te puede interesar Arequipa: Tragedia en Arequipa: bus interprovincial cae a un abismo y deja 37 muertos y 14 heridos Una nueva tragedia enluta las carreteras del sur",2025-11-16T22:38:52.363631,2025-11-16T22:38:52.676321,2025-11-16T22:38:52.676324,Sin Fronteras,10918,"https://diariosinfronteras.com.pe/wp-content/uploads/2025/01/abri-detalle-660x330.jpg, https://diariosinfronteras.com.pe/wp-content/uploads/2020/06/dxt-nav.png",290,El Primer Juzgado Unipersonal Transitorio de Flagrancia sentenció al suboficial de tercera PNP Juan José Choque Pilco (26) a cuatro años de pena suspendida y el pago de 33 mil soles como reparación civil por atropellar y dejar grave a un anciano de 77 años.,,Sentencian a policía por atropellar ebrio a anciano,https://diariosinfronteras.com.pe/2025/01/29/sentencian-a-policia-por-atropellar-ebrio-a-anciano/
Desconocido,1699,General,"Inicio NACIONAL Senamhi emite alerta por PELIGROSO fenómeno DANA  Paqari  Senamhi emite alerta por PELIGROSO fenómeno DANA  Paqari  Por Diario Sin Fronteras - 23 horas atrás - En NACIONAL 183 El Senamhi informó que la Depresión Aislada en Niveles Altos (DANA) denominada  Paqari  se desplazará sobre territorio peruano, generando condiciones meteorológicas peligrosas. Se prevén ráfagas de viento que superarán los 50 km h, acompañadas de lluvias de moderada a fuerte intensidad en diversas regiones de la sierra y selva. La institución advirtió que estos fenómenos podrían ocasionar caída de ramas, afectación en techos ligeros y complicaciones en el transporte terrestre y aéreo. Regiones bajo alerta Las zonas más expuestas a los efectos de la DANA  Paqari  son Cusco, Puno, Apurímac, Ayacucho, Junín y Huancavelica, además de sectores de la selva central. En estas regiones se espera un incremento de nubosidad y tormentas eléctricas, lo que podría impactar en actividades agrícolas y ganaderas. El Senamhi recomendó a las autoridades locales activar planes de contingencia y a la población mantenerse informada a través de los canales oficiales. Recomendaciones para la población Ante este escenario, se aconseja asegurar techos y estructuras ligeras, evitar la exposición en zonas abiertas durante las tormentas y proteger cultivos que puedan verse afectados por las lluvias intensas. Asimismo, se recomienda precaución en carreteras debido a la posible caída de huaicos y deslizamientos. Comentarios de Facebook También te puede interesar Puno: Intervienen al director de Energía y Minas por presunto uso indebido de camioneta en reunión privada El director regional de Energía y Minas, Edwin",2025-11-16T22:38:52.363631,2025-11-16T22:38:52.675578,2025-11-16T22:38:52.675580,Sin Fronteras,10917,"https://diariosinfronteras.com.pe/wp-content/uploads/2020/06/dxt-nav.png, https://diariosinfronteras.com.pe/wp-content/uploads/2020/06/masalla.jpg",256,,,Senamhi emite alerta por PELIGROSO fenómeno DANA  Paqari,https://diariosinfronteras.com.pe/2025/11/15/senamhi-emite-alerta-por-peligroso-fenomeno-dana-paqari/
Desconocido,1237,General,"Inicio PUNO Puno: Salvan de la vacancia a primer regidor de Azángaro Puno: Salvan de la vacancia a primer regidor de Azángaro Por Diario Sin Fronteras - 23 mayo, 2024 - En PUNO 700 Salvan de vacancia a regidor. Con 8 votos en contra el Consejo Municipal de Azángaro desestimó el pedido de vacancia en contra del primer regidor Teófilo Choquehuanca Mamani presentado por Abraham Cotacallapa Quispe. La sesión que inició al promediar las 14:00 horas de hoy concluyó a las 19:00 horas tras un largo debate. La defensa del regidor Choquehuanca, argumentó que este no habría tenido injerencia en la contratación de sus cuñadas. Sin embargo, Cotacallapa, indicó que apelarán la decisión del Consejo ante el Jurado Nacional de Elecciones (JNE), ya que considera que, si hubo responsabilidad, la misma que fue evidenciada por un informe de la Contraloría. Cabe resaltar que la regidora Dianna de la Flor Vilca Cotacallapa, junto al regidor Jaime Mamani estuvieron ausentes, mientras que Choquehuanca evitó emitir un voto al igual que el presidente del Consejo, Salvador Apaza. Comentarios de Facebook También te puede interesar Cientos de jóvenes puneños rinden examen de preselección para Beca 18 Aspirantes de toda la región participaron en la",2025-11-16T22:38:52.363631,2025-11-16T22:38:52.675295,2025-11-16T22:38:52.675298,Sin Fronteras,10916,"https://diariosinfronteras.com.pe/wp-content/uploads/2024/05/12f1eeb0-a13c-437e-badf-93f6660d3b7b-660x330.jpeg, https://diariosinfronteras.com.pe/wp-content/uploads/2020/06/dxt-nav.png",200,Puno: Salvan de la vacancia a primer regidor de Azángaro,,Puno: Salvan de la vacancia a primer regidor de Azángaro,https://diariosinfronteras.com.pe/2024/05/23/puno-salvan-de-la-vacancia-a-primer-regidor-de-azangaro/
Desconocido,986,General,"Inicio PUNO Puno: Entregan 14 qochas para productores de Muñani en Azángaro Puno: Entregan 14 qochas para productores de Muñani en Azángaro Por Diario Sin Fronteras - 11 julio, 2025 - En PUNO 704 Más de 285 familias del distrito de Muñani (Azángaro), se beneficiarán con la entrega de 14 qochas. Este proyecto impulsado por el Ministerio de Desarrollo Agrario y Riego, a través de Sierra Azul, tuvo una inversión de 2 millones 900 mil soles. Esta infraestructura permitirá captar y almacenar agua de lluvias, recargar acuíferos y mitigar los efectos de la sequía y el cambio climático.  Estas qochas representan más que infraestructura, son fuentes de vida, desarrollo y esperanza para nuestras comunidades , sostuvo el viceministro de Desarrollo Agrario y Riego, Orlando Chirinos. Comentarios de Facebook También te puede interesar Puno: Intervienen al director de Energía y Minas por presunto uso indebido de camioneta en reunión privada El director regional de Energía y Minas, Edwin",2025-11-16T22:38:52.363631,2025-11-16T22:38:52.673840,2025-11-16T22:38:52.673843,Sin Fronteras,10915,"https://diariosinfronteras.com.pe/wp-content/uploads/2025/07/IMG_20250711_105554_800_x_533_pixel-660x330.jpg, https://diariosinfronteras.com.pe/wp-content/uploads/2020/06/dxt-nav.png",157,,,Puno: Entregan 14 qochas para productores de Muñani en Azángaro,https://diariosinfronteras.com.pe/2025/07/11/puno-entregan-14-qochas-para-productores-de-munani-en-azangaro/
Desconocido,1073,General,"Inicio PUNO Real Plaza Juliaca cerró sus puertas tras tragedia en Trujillo Real Plaza Juliaca cerró sus puertas tras tragedia en Trujillo Por Diario Sin Fronteras - 22 febrero, 2025 - En PUNO 1939 Real Plaza Juliaca. El centro comercial Real Plaza Juliaca cerró sus puertas hoy sumándose al cierre nacional dispuesto por la cadena tras el colapso del techo en el patio de comidas de su sede en Trujillo, que dejó varios fallecidos, incluido un menor de edad, y decenas de herido. EN TRUJILLO Las autoridades han iniciado pesquisas para determinar las causas del colapso, mientras que más de 200 efectivos participaron en las labores de rescate. Este incidente ha reavivado cuestionamientos sobre la seguridad en los centros comerciales de la cadena, recordando que en 2024 Real Plaza Trujillo fue clausurado temporalmente por deficiencias en sus conexiones eléctricas. Comentarios de Facebook También te puede interesar Puno: Intervienen al director de Energía y Minas por presunto uso indebido de camioneta en reunión privada El director regional de Energía y Minas, Edwin",2025-11-16T22:38:52.363631,2025-11-16T22:38:52.672595,2025-11-16T22:38:52.672598,Sin Fronteras,10914,"https://diariosinfronteras.com.pe/wp-content/uploads/2025/02/SELLO-SF-01-5-660x330.jpg, https://diariosinfronteras.com.pe/wp-content/uploads/2020/06/dxt-nav.png",171,,,Real Plaza Juliaca cerró sus puertas tras tragedia en Trujillo,https://diariosinfronteras.com.pe/2025/02/22/real-plaza-juliaca-cerro-sus-puertas-tras-tragedia-en-trujillo/
Desconocido,1796,General,"Inicio POLICIALES Arequipa: Detienen a comandante PNP que habría manejado ebrio Arequipa: Detienen a comandante PNP que habría manejado ebrio Por Redacción Diario Sin Fronteras - 31 enero, 2025 - En POLICIALES 580 Detienen a comandante PNP que habría manejado ebrio El comandante PNP Ronald Villavicencio Herrera, de 47 años, jefe de la División de Investigación de Delitos de Alta Complejidad (Diviac) en Tacna, fue detenido por presuntamente chocar su vehículo contra un poste en la intersección de la calle Melgar con la urbanización Los Portales, en el distrito de Cayma. El accidente ocurrió alrededor de las 00:15 horas de ayer, luego de que un fuerte estruendo despertara a los vecinos, quienes, al salir de sus casas, se percataron del incidente y alertaron a los efectivos de la comisaría de Cayma. Al llegar al lugar, la Policía encontró el vehículo de placa CJJ-498 empotrado en un poste, el cual habría sido conducido por Villavicencio Herrera, y a pocos metros del accidente se halló el automóvil de matrícula V2M-428, manejado por Jordan Salas, de 36 años de edad, quien manifestó que se dirigía a su domicilio en el mismo distrito. Las autoridades realizaron la prueba cualitativa de dosaje etílico a ambos conductores, pero solo la del comandante arrojó un resultado positivo, por lo que se presume que manejaba en estado de ebriedad. Ante ello, los agentes policiales procedieron a detener al jefe de la Diviac por el presunto delito contra la seguridad pública en la modalidad de peligro común. Los detectives del Departamento de Inspectoría también vienen investigando el hecho. Comentarios de Facebook También te puede interesar Arequipa: Tragedia en Arequipa: bus interprovincial cae a un abismo y deja 37 muertos y 14 heridos Una nueva tragedia enluta las carreteras del sur",2025-11-16T22:38:52.363631,2025-11-16T22:38:52.672163,2025-11-16T22:38:52.672165,Sin Fronteras,10913,"https://diariosinfronteras.com.pe/wp-content/uploads/2025/01/A-43-660x330.jpeg, https://diariosinfronteras.com.pe/wp-content/uploads/2020/06/dxt-nav.png",291,"El comandante PNP Ronald Villavicencio Herrera, de 47 años, jefe de la División de Investigación de Delitos de Alta Complejidad (Diviac) en Tacna, fue detenido por presuntamente chocar su vehículo contra un poste en la intersección de la calle Melgar con la urbanización Los Portales, en el distrito de Cayma.",,Arequipa: Detienen a comandante PNP que habría manejado ebrio,https://diariosinfronteras.com.pe/2025/01/31/arequipa-detienen-a-comandante-pnp-que-habria-manejado-ebrio/
Desconocido,1458,General,"Inicio AREQUIPA Arequipa: Fallece mujer tras ser atropellada por camión en la Av. Goyeneche Arequipa: Fallece mujer tras ser atropellada por camión en la Av. Goyeneche Por Diario Sin Fronteras - 17 mayo, 2025 - En AREQUIPA 970 Una mujer no identificada perdió la vida esta mañana tras ser atropellada por un camión en la cuadra 19 de la avenida Goyeneche, en el distrito de Miraflores. El hecho ocurrió alrededor de las 09:44 horas, cuando un camión de color blanco y carrocería tipo volquete, de placa D0E-837, embistió a una peatona. Efectivos de la Policía Nacional, realizaban patrullaje motorizado por la zona cuando fueron alertados por vecinos del accidente. Al llegar al lugar, los agentes encontraron a la víctima sin signos vitales sobre la vía. Se trataba de una mujer de aproximadamente entre 30 y 40 años de edad, vestida con casaca negra, pantalón jeans celeste y zapatillas blancas. Hasta el momento, no ha podido ser determinada. El conductor fue identificado como Luis Enrrique P. V., de 54 años, de nacionalidad venezolana. El hombre fue intervenido por la PNP. Según información preliminar, cuenta con carnet de extranjería y licencia de conducir vigentes. El lugar del accidente fue acordonado mientras se realizaban las diligencias. Comentarios de Facebook También te puede interesar Puno: Intervienen al director de Energía y Minas por presunto uso indebido de camioneta en reunión privada El director regional de Energía y Minas, Edwin",2025-11-16T22:38:52.363631,2025-11-16T22:38:52.671596,2025-11-16T22:38:52.671599,Sin Fronteras,10912,"https://diariosinfronteras.com.pe/wp-content/uploads/2025/05/IMG_20250517_113529_800_x_533_pixel-660x330.jpg, https://diariosinfronteras.com.pe/wp-content/uploads/2020/06/dxt-nav.png",235,,,Arequipa: Fallece mujer tras ser atropellada por camión en la Av. Goyeneche,https://diariosinfronteras.com.pe/2025/05/17/arequipa-fallece-mujer-tras-ser-atropellada-por-camion-en-la-av-goyeneche/
Desconocido,2511,General,"Inicio NACIONAL Senamhi emite alerta por vientos fuertes y neblina en la costa peruana Senamhi emite alerta por vientos fuertes y neblina en la costa peruana Por Diario Sin Fronteras - 4 noviembre, 2024 - En NACIONAL 767 El fenómeno afectará visibilidad y temperatura en la costa durante las próximas horas. La entidad sugiere tomar precauciones por la intensidad de los vientos y presencia de polvo. El Servicio Nacional de Meteorología e Hidrología del Perú (Senamhi) ha emitido una alerta amarilla ante un nuevo fenómeno meteorológico que afectará las zonas costeras del país entre el domingo 3 y el lunes 4 de noviembre. Según el boletín N  329 del organismo, los vientos incrementarán su velocidad en esta área, alcanzando hasta 40 kilómetros por hora en algunas regiones. Se espera además una reducción de la visibilidad y una sensación de frío por neblina y llovizna. Senamhi detalló que los vientos en la costa peruana tendrán velocidades distintas según la región: se estima que superarán los 32 km h en la costa norte, 34 km h en la costa centro y alcanzarán los 40 km h en la región de Ica. Estas intensidades provocarán el levantamiento de polvo y arena, reduciendo la visibilidad, principalmente en las mañanas y durante la madrugada, cuando se esperan nubes con niebla o neblina y un ambiente de baja temperatura. Este cambio climático inusual, que también puede traer llovizna dispersa en la madrugada, se considera una amenaza para quienes se encuentren en las zonas afectadas, por lo que se insta a la población a mantenerse atenta. Frente a este fenómeno, Senamhi exhorta a los habitantes de la costa a tomar las medidas necesarias para protegerse de posibles accidentes. En el caso de los vientos fuertes, se recomienda no acercarse a áreas de playa ni a construcciones altas inestables que podrían desplomarse por la fuerza del viento. Ante la tempestad de polvo, es aconsejable permanecer en interiores y mantener puertas y ventanas cerradas. Asimismo, Senamhi sugiere el uso de implementos de protección como mascarillas y gafas herméticas para evitar la entrada de polvo a los ojos y vías respiratorias. La entidad también advierte a los conductores que eviten manejar en estas condiciones, pues la reducción de visibilidad por polvo y neblina puede aumentar el riesgo de accidentes. Comentarios de Facebook También te puede interesar Puno: Intervienen al director de Energía y Minas por presunto uso indebido de camioneta en reunión privada El director regional de Energía y Minas, Edwin",2025-11-16T22:38:52.363631,2025-11-16T22:38:52.670295,2025-11-16T22:38:52.670297,Sin Fronteras,10911,"https://diariosinfronteras.com.pe/wp-content/uploads/2024/11/orig-1730764884245-660x330.jpg, https://diariosinfronteras.com.pe/wp-content/uploads/2020/06/dxt-nav.png",411,,,Senamhi emite alerta por vientos fuertes y neblina en la costa peruana,https://diariosinfronteras.com.pe/2024/11/04/senamhi-emite-alerta-por-vientos-fuertes-y-neblina-en-la-costa-peruana/
Desconocido,797,General,"Inicio TACNA Tacna: Detienen a chofer ebrio que escapó tras causar choque Tacna: Detienen a chofer ebrio que escapó tras causar choque Por Diario Sin Fronteras - 1 día atrás - En TACNA 251 Tacna. Agentes policiales de la comisaría de Locumba detuvieron a Marco Atonio Velásquez Estalla luego de que despistara su auto de placa Z4U-117, chocándolo contra un auto estacionado de matrícula CBG-150 en la asociación de vivienda Las Viñas la madrugada de este viernes. El chofer fue detenido en el kilómetro 10 de la carretera Locumba-Ilabaya tras darse a la fuga. Presentaba síntomas de ebriedad. Comentarios de Facebook También te puede interesar Puno: Intervienen al director de Energía y Minas por presunto uso indebido de camioneta en reunión privada El director regional de Energía y Minas, Edwin",2025-11-16T22:38:52.363631,2025-11-16T22:38:52.669830,2025-11-16T22:38:52.669832,Sin Fronteras,10910,"https://diariosinfronteras.com.pe/wp-content/uploads/2025/11/detienen-a-chofer-ebrio-tras-fuga-660x330.jpg, https://diariosinfronteras.com.pe/wp-content/uploads/2020/06/dxt-nav.png",130,,,Tacna: Detienen a chofer ebrio que escapó tras causar choque,https://diariosinfronteras.com.pe/2025/11/15/tacna-detienen-a-chofer-ebrio-que-escapo-tras-causar-choque/
Desconocido,2016,General,"Inicio ESCENARIO Shakira en Lima:  Los diez mandamientos de las lobas  Shakira en Lima:  Los diez mandamientos de las lobas  Por Diario Sin Fronteras - 5 horas atrás - En ESCENARIO 89 La cantante colombiana desató euforia con un mensaje de empoderamiento femenino durante su concierto de más de dos horas en el Estadio Nacional. El momento se volvió viral en redes Shakira hizo vibrar el Estadio Nacional este sábado 15 de noviembre durante su esperado concierto en Lima, parte de su gira Las mujeres ya no lloran. En un show de más de dos horas, la artista colombiana repasó sus mayores éxitos y regaló momentos que quedaron grabados en la memoria de los miles de fanáticos que llenaron el recinto. Uno de los instantes más impactantes ocurrió durante la penúltima canción, cuando las luces se apagaron y un destello violeta cubrió el escenario. En ese ambiente, Shakira presentó  Los diez mandamientos de las lobas , un mensaje de empoderamiento que fue recibido con gritos, aplausos y emoción por parte del público. En las pantallas del estadio se proyectaron los mandamientos que, según la cantante, toda  loba  debe seguir: Cuidarás de tu manada sobre todas las cosas. No pedirás permiso para ser tú misma. Bailarás y cantarás para sanar. Aullarás, porque nadie te puede callar. Una loba no ataca, se defiende. Una loba no compite con las de su especie. Las lobas se ayudan y protegen. No renunciarás a tu espíritu salvaje. Elegirás tu camino sin que nadie te lo imponga. Una loba no codiciará los bienes ajenos,  claramente! Una loba es loba para siempre. Tras la ovación general, Shakira reapareció para continuar el espectáculo con su energía característica, entre movimientos de cadera y aplausos que retumbaron en el estadio. El tema  Loba  fue uno de los más coreados, culminando un show que reafirmó su conexión con el público peruano. Comentarios de Facebook También te puede interesar Cientos de jóvenes puneños rinden examen de preselección para Beca 18 Aspirantes de toda la región participaron en la",2025-11-16T22:38:52.363631,2025-11-16T22:38:52.668869,2025-11-16T22:38:52.668872,Sin Fronteras,10909,"https://diariosinfronteras.com.pe/wp-content/uploads/2025/11/shakira-660x330.jpg, https://diariosinfronteras.com.pe/wp-content/uploads/2020/06/dxt-nav.png",336,,,Shakira en Lima:  Los diez mandamientos de las lobas,https://diariosinfronteras.com.pe/2025/11/16/shakira-en-lima-los-diez-mandamientos-de-las-lobas/
Desconocido,1373,General,"Inicio POLITICA Presidenta Boluarte:  Curiosamente Perú es el único país que tiene cárcel para presidentes  Presidenta Boluarte:  Curiosamente Perú es el único país que tiene cárcel para presidentes  Por Diario Sin Fronteras - 17 julio, 2025 - En POLITICA 835 La presidenta Dina Boluarte generó controversia al afirmar que  Perú es el único país que tiene cárcel para presidentes , durante la inauguración de la central solar San Martín en Arequipa. Sus declaraciones se dieron en un contexto de promoción de energías renovables, donde destacó que la nueva planta abastecerá a 440,000 hogares. La central solar inaugurada en el distrito de La Joya representa una inversión clave en la matriz energética regional. La mandataria vinculó directamente la corrupción política con la persistente pobreza que afecta al país. Boluarte Segarra hizo un llamado a los futuros candidatos presidenciales para que prioricen el interés nacional sobre ambiciones personales.  La blanquirroja debe estar en sus corazones , resaltó. Estas declaraciones ocurren mientras varios exmandatarios peruanos enfrentan procesos judiciales por presuntos actos de corrupción durante sus gestiones. Comentarios de Facebook También te puede interesar Puno: Intervienen al director de Energía y Minas por presunto uso indebido de camioneta en reunión privada El director regional de Energía y Minas, Edwin",2025-11-16T22:38:52.363631,2025-11-16T22:38:52.666299,2025-11-16T22:38:52.666302,Sin Fronteras,10908,"https://diariosinfronteras.com.pe/wp-content/uploads/2025/07/WhatsApp-Image-2025-07-17-at-3.14.36-PM-660x330.jpeg, https://diariosinfronteras.com.pe/wp-content/uploads/2020/06/dxt-nav.png",205,,,Presidenta Boluarte:  Curiosamente Perú es el único país que tiene cárcel para presidentes,https://diariosinfronteras.com.pe/2025/07/17/presidenta-boluarte-curiosamente-peru-es-el-unico-pais-que-tiene-carcel-para-presidentes/
Desconocido,1450,General,"Inicio MUNDO Maduro inicia diez días de celebraciones por su reelección Maduro inicia diez días de celebraciones por su reelección Por Diario Sin Fronteras - 27 julio, 2025 - En MUNDO, POLITICA 735 Maduro va de fiesta. Nicolás Maduro anunció diez días de actividades para conmemorar el primer aniversario de su reelección. Las celebraciones comienzan el 28 de julio e incluyen conciertos, marchas y actos políticos. El presidente venezolano calificó su victoria de 2024 como un  triunfo heroico , pese a los cuestionamientos de la oposición y organismos internacionales. La organización del evento está a cargo del vicepresidente del PSUV, Nahum Fernández. Durante esta semana también se recordará a Hugo Chávez, en el marco de los 71 años de su nacimiento. Maduro destacó la figura del fallecido mandatario como símbolo del proceso revolucionario. Lo hizo en una transmisión por el canal estatal VTV. Mientras tanto, la líder opositora María Corina Machado calificó la celebración como una  maniobra de distracción . Aseguró que el chavismo quedó solo en las elecciones municipales recientes. La Plataforma Unitaria Democrática (PUD) insiste en que el verdadero ganador fue Edmundo González Urrutia. El Consejo Nacional Electoral, controlado por el oficialismo, proclamó a Maduro. Comentarios de Facebook También te puede interesar Cientos de jóvenes puneños rinden examen de preselección para Beca 18 Aspirantes de toda la región participaron en la",2025-11-16T22:38:52.363631,2025-11-16T22:38:52.665466,2025-11-16T22:38:52.665469,Sin Fronteras,10907,"https://diariosinfronteras.com.pe/wp-content/uploads/2025/07/265626_1774675.jpg, https://diariosinfronteras.com.pe/wp-content/uploads/2020/06/dxt-nav.png",223,Maduro anuncia diez días de conciertos y marchas por su  triunfo heroico  en las elecciones. La oposición rechaza el resultado y exige transparencia.,,Maduro inicia diez días de celebraciones por su reelección,https://diariosinfronteras.com.pe/2025/07/27/maduro-celebra-aniversario-reeleccion-con-marchas-y-conciertos/
Desconocido,3927,General,"Inicio PUNO Puno: Reglaje de Calmet, es un caso emblemático Puno: Reglaje de Calmet, es un caso emblemático Por Diario Sin Fronteras - 1 día atrás - En PUNO 363 La Fiscalía Penal Supraprovincial Especializada en Derechos Humanos e Interculturalidad de Arequipa ha considerado  Caso Emblemático  a la investigación seguida contra Enrique Calmet Choque por los presuntos delitos de acoso y marcaje o reglaje en agravio del periodista Liubomir Fernández Fernández, periodista del diario La República en Puno. Como se recuerda, en marzo del 2024 este medio publicó reportaje que daba cuenta que dicho personaje le hizo seguimiento fuera de la región (Arequipa) al punto que tuvo acercamiento a la casa de sus parientes cercanos. Sin Fronteras publicó entonces, imágenes en las que se aprecia a un hombre bajando de una moto, y al cabo de instantes se acerca a la casa de este familiar. Era Enrique Calmet, quien a través de personas había separado una cita con antelación en el consultorio dental que allí funciona de manera privada. CÍNICO Al ser consultado, este negó que se tratara de él y en cambio amenazó con presentar querellas contra el periodista, porque consideraba que mellaban su honor.  Sería bueno que se demuestre, de lo contrario meteré una querella contra el que hable estupideces. Ya no voy a dejar que mancillen mi nombre  A propósito, la querella es también porque dijo que lo estoy reglando , respondió, y agregó que la demanda al periodista tenía 36 páginas. Sin embargo, las imágenes y pruebas que se alcanzaron a la Fiscalía, demostraron lo contrario. RECURRENTE Pero ese no ha sido el único  reglaje  que le hicieron. Allegados al sinuoso abogado también fueron sorprendidos persiguiendo y fotografiando al referido periodista. Uno de ellos, de nacionalidad venezolana fue llevado a la Comisaría de Puno cuando asediaba su domicilio; luego una señorita también le hizo seguimientos reiterativos. En una entrevista que el periodista hizo a Calmet en el Arco Deustua de Puno, este termina desnudando su persecución, ya que ese día le enrostró fotos y datos de sus seguimiento, y terminó admitiendo que gastaría miles de soles en destruirlo, usando diversos medios de comunicación. EL MÓVIL El siniestro trabajo de Enrique Calmet parece haber sido la respuesta a la labor periodística incómoda de Liubomir Fernández, ya que sus ácidas noticias han desvelado sus acciones para tomar el terreno del Colegio Politécnico Huáscar, así como los casos de otras víctimas suyas ligadas a litigio de inmuebles. CASO EMBLEMÁTICO La Disposición N  07-2025, emitida el 11 de setiembre de 2025 por la fiscal Elizabeth Puma Puma, resolvió registrar el caso con este estatus especial, al considerar que la investigación es de alta notoriedad, complejidad y repercusión social. La Fiscalía argumentó que el hostigamiento sufrido por el periodista, a raíz de sus denuncias sobre presunta corrupción y disputas de tierras en el Colegio Politécnico Huáscar, ha trascendido al debate público. Por lo tanto, el caso no solo afecta la integridad del comunicador, sino que compromete la confianza ciudadana en la labor periodística como una función social esencial, afectando bienes jurídicos que comprometen el interés de la colectividad y generan grave alarma social. FUNDAMENTADO La disposición fiscal concluye que la designación de caso emblemático  reúne las condiciones previstas en la Resolución de la Fiscalía de la Nación1432-2017, al tratarse de un caso de alta notoriedad, complejidad y repercusión social, que amerita registro y seguimiento especial en el aplicativo de casos emblemáticos  consolidar el rol del Ministerio Público como garante de la legalidad, los derechos fundamentales y la libertad de expresión . Comentarios de Facebook También te puede interesar Puno: Intervienen al director de Energía y Minas por presunto uso indebido de camioneta en reunión privada El director regional de Energía y Minas, Edwin",2025-11-16T22:38:52.363631,2025-11-16T22:38:52.664862,2025-11-16T22:38:52.664865,Sin Fronteras,10906,"https://diariosinfronteras.com.pe/wp-content/uploads/2025/11/abrdiroaaaa-1-660x330.jpg, https://diariosinfronteras.com.pe/wp-content/uploads/2020/06/dxt-nav.png",622,,,"Puno: Reglaje de Calmet, es un caso emblemático",https://diariosinfronteras.com.pe/2025/11/15/puno-reglaje-de-calmet-es-un-caso-emblematico/
Desconocido,1770,General,"Inicio POLICIALES Arequipa: Intervienen a fiscal por conducir borracho Arequipa: Intervienen a fiscal por conducir borracho Por Redacción Diario Sin Fronteras - 2 octubre, 2024 - En POLICIALES 533 Intervienen a fiscal por conducir borracho El sábado pasado, cerca de las 21 horas, el fiscal Marco Portugal, de la Fiscalía de Violencia contra la Mujer e Integrantes del Grupo Familiar de Jacobo Hunter, iba manejando su auto cuando fue intervenido por realizar maniobras temerarias. Tras el test de alcoholemia, el resultado fue que conducía bajo los efectos del alcohol y con la licencia vencida, por lo que se procedió a su detención. Según la denuncia, el abogado conducía el vehículo Toyota, modelo Corolla, de placa V8N-029, por el cruce de las avenidas Las Peñas y Paisajista (Socabaya), y tras realizarle el dosaje etílico el resultado fue de 2.20 de alcohol en la sangre, cuando la ley permite solo 0.5. Según estos resultados, el fiscal se encontraba en estado de ebriedad, lo que implica síntomas como excitación, confusión, agresividad, alteraciones de la percepción y pérdida de control. Así lo determina la ley peruana 27753. Es decir, estaba imposibilitado para subirse a un vehículo en estas condiciones. Tras conocerse el resultado, el letrado quedó detenido en la comisaría de Ciudad Mi Trabajo por el delito contra la seguridad pública, en la modalidad de peligro común. Trascendió que al fiscal le impusieron las papeletas de la categoría M-0 por conducción bajo los efectos del alcohol o drogas (muy grave). La Policía continúa con las investigaciones. Comentarios de Facebook También te puede interesar Arequipa: Tragedia en Arequipa: bus interprovincial cae a un abismo y deja 37 muertos y 14 heridos Una nueva tragedia enluta las carreteras del sur",2025-11-16T22:38:52.363631,2025-11-16T22:38:52.664339,2025-11-16T22:38:52.664342,Sin Fronteras,10905,"https://diariosinfronteras.com.pe/wp-content/uploads/2024/10/a-5-660x330.jpeg, https://diariosinfronteras.com.pe/wp-content/uploads/2020/06/dxt-nav.png",284,"El sábado pasado, cerca de las 21 horas, el fiscal Marco Portugal, de la Fiscalía de Violencia contra la Mujer e Integrantes del Grupo Familiar de Jacobo Hunter, iba manejando su auto cuando fue intervenido por realizar maniobras temerarias. Tras el test de alcoholemia, el resultado fue que conducía bajo los efectos del alcohol y con la licencia vencida, por lo que se procedió a su detención.",,Arequipa: Intervienen a fiscal por conducir borracho,https://diariosinfronteras.com.pe/2024/10/02/arequipa-intervienen-a-fiscal-por-conducir-borracho/
Desconocido,799,General,"Inicio PUNO Puno: Conductor en estado de ebriedad casi causa una tragedia en el distrito de Phara Puno: Conductor en estado de ebriedad casi causa una tragedia en el distrito de Phara Por Redacción Diario Sin Fronteras - 2 septiembre, 2024 - En PUNO 342 Un conductor en estado de ebriedad casi causa una tragedia en el distrito de Phara, Sandia cuando su camioneta estuvo a punto de caer al río en Cullucachi, generando pánico entre los vecinos. Aunque no hubo heridos, el incidente evidenció los riesgos de mezclar alcohol y conducción. Las autoridades piden mayor responsabilidad a los conductores. Comentarios de Facebook También te puede interesar Arequipa: Tragedia en Arequipa: bus interprovincial cae a un abismo y deja 37 muertos y 14 heridos Una nueva tragedia enluta las carreteras del sur",2025-11-16T22:38:52.363631,2025-11-16T22:38:52.663344,2025-11-16T22:38:52.663346,Sin Fronteras,10904,"https://diariosinfronteras.com.pe/wp-content/uploads/2020/06/dxt-nav.png, https://diariosinfronteras.com.pe/wp-content/uploads/2020/06/masalla.jpg",132,"Un conductor en estado de ebriedad casi causa una tragedia en el distrito de Phara, Sandia cuando su camioneta estuvo a punto de caer al río en Cullucachi, generando pánico entre los vecinos.",,Puno: Conductor en estado de ebriedad casi causa una tragedia en el distrito de Phara,https://diariosinfronteras.com.pe/2024/09/02/puno-conductor-en-estado-de-ebriedad-casi-causa-una-tragedia-en-el-distrito-de-phara/
Desconocido,1854,General,"Inicio PUNO Puno: Exdirector de la Redess Yunguyo hizo su  agosto  Puno: Exdirector de la Redess Yunguyo hizo su  agosto  Por Redacción Diario Sin Fronteras - 22 abril, 2025 - En PUNO 807 Exdirector de la Redess Yunguyo hizo su  agosto  Un informe del Órgano de Control Institucional (OCI) de la Diresa Puno reveló que Wilber Percy Choque Salcedo, exdirector de la Red de Salud de Yunguyo, habría recibido pagos irregulares por más de S  30 mil 609 durante su gestión, incumpliendo las normas sobre remuneraciones del personal de salud. Según el Informe N  011, Choque Salcedo asumió el cargo de director de la Red de Salud de Yunguyo del 2 de enero al 9 de junio de 2023, un puesto de confianza administrativa que no debería recibir bonificaciones correspondientes a personal asistencial. Sin embargo, el OCI detectó que percibió montos muy superiores a los establecidos. Por ejemplo, en enero de 2023, su salario debió ser de S  3 mil 546, pero cobró más, una diferencia que se repitió en los meses siguientes, sumando S  30 mil 609 en pagos indebidos. Esta situación viola el Decreto Legislativo 1153, que regula las compensaciones del personal de salud, estableciendo que quienes ocupan cargos administrativos deben recibir únicamente el salario correspondiente a su plaza. Los registros del Ministerio de Economía y Finanzas (MEF) confirman que el puesto de director en Yunguyo tiene una remuneración fija administrativa. El informe fue notificado al actual director de la Red de Salud Yunguyo, solicitando acciones inmediatas para rectificar los pagos irregulares y determinar responsabilidades. Además, se ha dado un plazo para determinar acciones. Comentarios de Facebook También te puede interesar Arequipa: Tragedia en Arequipa: bus interprovincial cae a un abismo y deja 37 muertos y 14 heridos Una nueva tragedia enluta las carreteras del sur",2025-11-16T22:38:52.363631,2025-11-16T22:38:52.662716,2025-11-16T22:38:52.662719,Sin Fronteras,10903,"https://diariosinfronteras.com.pe/wp-content/uploads/2025/04/Exdirector-de-las-Redess-Yunguyo-hizo-su-agosto-660x330.jpg, https://diariosinfronteras.com.pe/wp-content/uploads/2020/06/dxt-nav.png",298,"Un informe del Órgano de Control Institucional (OCI) de la Diresa Puno reveló que Wilber Percy Choque Salcedo, exdirector de la Red de Salud de Yunguyo, habría recibido pagos irregulares por más de S  30 mil 609 durante su gestión, incumpliendo las normas sobre remuneraciones del personal de salud.",,Puno: Exdirector de la Redess Yunguyo hizo su  agosto,https://diariosinfronteras.com.pe/2025/04/22/puno-exdirector-de-la-redess-yunguyo-hizo-su-agosto/
Desconocido,2229,General,"Inicio PUNO Puno: Los 5 eran  terror  de Caminaca Puno: Los 5 eran  terror  de Caminaca Por Redacción Diario Sin Fronteras - 19 febrero, 2025 - En PUNO 1091 Los 5 eran  terror  de Caminaca Cinco sujetos acusados de participar en el robo de varias viviendas en el distrito de Caminaca (Azángaro), fueron localizados y capturados por la propia población. Los individuos identificados como Román Felipe Chambi Zela (29), Víctor Hilario Pacara Zela (61), Martín Zela Zela (57), Paulino Collanqui Sucasaca (38) y Pedro Julián Collanqui Sucasaca (41), fueron exhibidos y sometidos al castigo popular. LA DENUNCIA Según la denuncia de los pobladores, estos individuos habrían cometido una serie de robos en diferentes comunidades, generando temor e indignación entre los ciudadanos. Ante esta situación, los vecinos y las rondas campesinas, se organizaron para capturar a los presuntos ladrones, quienes fueron retenidos y atados mientras se esperaba la llegada de la Policía Nacional. EXHIBIDOS Los pobladores colocaron a los sospechosos un cartel que decía:  Soy ratero , mientras eran rodeados por la turba enardecida; los sujetos se arrodillaron ante los ciudadanos. Es así que, al arribar al lugar, los agentes de la PNP procedieron a conversar con la población para trasladar a los imputados a la comisaría correspondiente.  CONFESARON? Durante la intervención, algunos testigos manifestaron que uno de los detenidos habría confesado su participación en los robos y detalló que el grupo logró acumular, supuestamente, alrededor de 57 mil soles producto de sus actos delictivos. Al parecer esto no sirvió de nada. Finalmente, los cinco individuos fueron llevados a la dependencia policial de Arapa para continuar con las investigaciones y determinar su responsabilidad en los hechos. LOS LIBERARON Al cierre de edición, se conoció que los acusados fueron liberados tras pasar el control de identidad, ya que supuestamente no hallaron evidencias contundentes en su contra, y tampoco hubo una denuncia formal de las víctimas directas. Comentarios de Facebook También te puede interesar Arequipa: Tragedia en Arequipa: bus interprovincial cae a un abismo y deja 37 muertos y 14 heridos Una nueva tragedia enluta las carreteras del sur",2025-11-16T22:38:52.363631,2025-11-16T22:38:52.661934,2025-11-16T22:38:52.661937,Sin Fronteras,10902,"https://diariosinfronteras.com.pe/wp-content/uploads/2025/02/FOTON-1-660x330.jpg, https://diariosinfronteras.com.pe/wp-content/uploads/2020/06/dxt-nav.png",346,"Cinco sujetos acusados de participar en el robo de varias viviendas en el distrito de Caminaca (Azángaro), fueron localizados y capturados por la propia población.",,Puno: Los 5 eran  terror  de Caminaca,https://diariosinfronteras.com.pe/2025/02/19/puno-los-5-eran-terror-de-caminaca/
Desconocido,1358,General,"Inicio NACIONAL Alcalde de SJL propone que motociclistas usen cascos identificables para combatir la criminalidad Alcalde de SJL propone que motociclistas usen cascos identificables para combatir la criminalidad Por Diario Sin Fronteras - 10 abril, 2025 - En NACIONAL 612 Motociclistas. El alcalde de San Juan de Lurigancho, Jesús Maldonado, arremetió contra el Gobierno por su respuesta ante la ola de extorsiones y asesinatos que afecta a los transportistas. Según afirmó, las medidas adoptadas evidencian  ausentismo y poca empatía  de las autoridades ante una situación que viene generado terror en las calles. En entrevista con 2025 en 24 Horas, el burgomaestre también cuestionó la propuesta de la Defensoría del Pueblo para restringir el uso de motocicletas en horario nocturno calificando la medida de  ilógica  y propuso, en su lugar, que los motociclistas estén obligados a utilizar cascos que permitan su identificación.  Es una propuesta totalmente viable y rápida, el día de mañana el ministro de Transporte, Raúl Pérez Reyes, debe emitir una resolución que prohíba el uso de cascos que no permiten reconocer los rostros , señaló Maldonado. Comentarios de Facebook También te puede interesar Puno: Intervienen al director de Energía y Minas por presunto uso indebido de camioneta en reunión privada El director regional de Energía y Minas, Edwin",2025-11-16T22:38:52.363631,2025-11-16T22:38:52.661245,2025-11-16T22:38:52.661248,Sin Fronteras,10901,"https://diariosinfronteras.com.pe/wp-content/uploads/2025/04/WhatsApp-Image-2025-04-10-at-12.31.56-AM-660x330.jpeg, https://diariosinfronteras.com.pe/wp-content/uploads/2020/06/dxt-nav.png",210,,,Alcalde de SJL propone que motociclistas usen cascos identificables para combatir la criminalidad,https://diariosinfronteras.com.pe/2025/04/10/alcalde-de-sjl-propone-que-motociclistas-usen-cascos-identificables-para-combatir-la-criminalidad/
Desconocido,1875,General,"Inicio DEPORTES  Cuáles son los exclusivos relojes de Jefferson Farfán y que son más costosos que los Rolex?  Cuáles son los exclusivos relojes de Jefferson Farfán y que son más costosos que los Rolex? Por Diario Sin Fronteras - 13 abril, 2024 - En DEPORTES, ESCENARIO 1410 Jefferson Farfán y los lujosos relojes que se habría comprado. Jefferson Farfán tiene acostumbrado a sus seguidores a su vida llena de lujos y accesorios bastante costosos, que incluyen una serie de relojes de montos astronómicos. El popular tiktoker George Rubín, reveló detalles sorprendentes sobre los lujosos relojes que poseen diversas personalidades, entre las más destacadas está el exfutbolista Jefferson Farfán, quien ostenta piezas valuadas en miles de dólares. De acuerdo con Rubín, uno de los relojes más exclusivos de la  Foquita  es un Richard Mille, adquirido por la impresionante suma de 210 mil dólares, lo que equivale a más de 787 mil soles. Este extravagante accesorio, hecho a mano, elaborado con oro rosa y diamantes, es una pieza limitada que solo unos pocos privilegiados pueden poseer. Lo llamativo de la adquisición es que, según el tiktoker, Farfán habría realizado el pago por el reloj en efectivo, lo que reflejaría el alto poder adquisitivo del exdeportista y su gusto por los lujos.  Lo espectacular es que para comprar esos relojes tienes que pagarlo al cash, no es como los carros que los financias y tampoco que das una inicial , reveló. Sin embargo, el Richard Mille no es el único reloj de alta gama en la colección de Farfán. Según Rubín, el exfutbolista también posee un reloj Cartier valuado en más de 4.514 mil dólares, aproximadamente más de 16 mil soles. Comentarios de Facebook También te puede interesar Puno: Intervienen al director de Energía y Minas por presunto uso indebido de camioneta en reunión privada El director regional de Energía y Minas, Edwin",2025-11-16T22:38:52.363631,2025-11-16T22:38:52.657549,2025-11-16T22:38:52.657551,Sin Fronteras,10900,"https://diariosinfronteras.com.pe/wp-content/uploads/2024/04/portada_465446.jpg, https://diariosinfronteras.com.pe/wp-content/uploads/2020/06/dxt-nav.png",310,,,Cuáles son los exclusivos relojes de Jefferson Farfán y que son más costosos que los Rolex?,https://diariosinfronteras.com.pe/2024/04/13/cuales-son-los-exclusivos-relojes-de-jefferson-farfan-y-que-son-mas-costosos-que-los-rolex/
Desconocido,3616,General,"Inicio POLITICA Puno: Alcalde Salvador Apaza entregó tractores agrícolas a 14 distritos de Azángaro Puno: Alcalde Salvador Apaza entregó tractores agrícolas a 14 distritos de Azángaro Por Diario Sin Fronteras - 21 octubre, 2024 - En POLITICA 801 Entregan tractores agrícolas. Con el compromiso de seguir apoyando a las comunidades campesinas del ámbito de la provincia de Azángaro, el alcalde azangarino, padre Salvador Apaza Flores, el último domingo, entregó de 14 modernos tractores agrícolas para el beneficio del pueblo en general. Esta implementación de una maquinaria agrícola para cada distrito fue cumplida por segundo año consecutivo, con el propósito de brindar mejores servicios en la mecanización agrícola y atender las necesidades del medio rural de manera equitativa a los distritos de la  Tierra Prócer . La entrega del nuevo lote de tractores agrícolas que en total entre el año 2023 y el 2024 suman 24 maquinarias, se desarrolló en la histórica plaza San Bernardo de Azángaro, donde con alegría y bastante jolgorio recibieron los beneficiarios provenientes de los distintos distritos. Estas nuevas maquinarias agrícolas son para el fortalecimiento agropecuario de los distritos de Achaya, Arapa, Asillo, Caminaca, Chupa, José Domingo Choquehuanca, Muñani, Potoni, Samán, San Antón, San José, San Juan de Salinas, Santiago de Pupuja y Tirapata, demandaron un presupuesto total de S . 5 243,000.00 soles. Se trata de maquinarias con capacidad de 106 H.P. (caballos de fuerza) de la marca John Deere con sistema hidráulico de doble tracción encabinados. Durante el acto central de la ceremonia, el alcalde azangarino, afirmó que esta entrega se realizó en el marco de implementación de maquinarias agrícolas (14 tractores agrícolas), para el fortalecimiento agropecuario de los distritos de Azángaro. Adquisición que potenciará el desarrollo del medio rural en la totalidad de los distritos de nuestra provincia, ya que con las maquinarias se mejoraran la producción y se reducirá los costos para los hermanos productores. Al momento de la entrega de la llave de los tractores a cada autoridad distrital y sus beneficiarios, el burgomaestre azangarino dijo que en campaña dio una mirada a la necesidad primordial, en la cual el compromiso fue para este segundo año de gestión, y justamente hoy cumplimos en apoyar a los 14 distritos de esta provincia. En otro momento el edil, resaltó que con esta nueva flota se suma 24 unidades para Azángaro, ya que el año pasado ya se entregaron otros 10 tractores agrícolas con los cuales estamos trabajando en el distrito de Azángaro.  Durante estos dos primeros años de gestión está llegando para la historia de Azángaro, maquinaria con el cual se contribuye con el campo que nos da de comer diariamente  con eso vamos a trabajar hermanos y hermanos de esta provincia, ya que somos netamente ganadería y agrícola , subrayó. Igualmente agradeció a cada uno de los pobladores de los diferentes distritos quienes desde diferentes zonas llegaron para recepcionar con algarabía sus tractores. Iniciemos con fuerza esta campaña agrícola que inicia, finalizó. Destacar que a la ceremonia asistieron las autoridades distritales y los regidores Dianna de la Flor Vilca Cotacallapa, Yunior Machaca León, Flor de Milagros Arosquipa Quispe, Maruja Calcina Cotacallapa, Reynaldo Borda Sucasaca, Fiorela Yamilet Ccari Leon, funcionarios y beneficiarios de los distritos. Comentarios de Facebook También te puede interesar Puno: Intervienen al director de Energía y Minas por presunto uso indebido de camioneta en reunión privada El director regional de Energía y Minas, Edwin",2025-11-16T22:38:52.363631,2025-11-16T22:38:52.657173,2025-11-16T22:38:52.657175,Sin Fronteras,10899,"https://diariosinfronteras.com.pe/wp-content/uploads/2024/10/WhatsApp-Image-2024-10-21-at-9.28.53-PM-660x330.jpeg, https://diariosinfronteras.com.pe/wp-content/uploads/2020/06/dxt-nav.png",563,,,Puno: Alcalde Salvador Apaza entregó tractores agrícolas a 14 distritos de Azángaro,https://diariosinfronteras.com.pe/2024/10/21/puno-alcalde-salvador-apaza-entrego-tractores-agricolas-a-14-distritos-de-azangaro/
Desconocido,1384,General,"Inicio NACIONAL Dina Boluarte plantea duplicar su sueldo: pasaría a ganar más de 35 mil soles Dina Boluarte plantea duplicar su sueldo: pasaría a ganar más de 35 mil soles Por Diario Sin Fronteras - 5 mayo, 2025 - En NACIONAL, POLITICA 742 Un informe del Ministerio de Economía y Finanzas (MEF) propone aumentar el sueldo mensual de la presidenta Dina Boluarte a S  35,568. Actualmente, la mandataria gana S  16,000. El documento fue elaborado a pedido de la Secretaría General de la Presidencia del Consejo de Ministros. Según el MEF, el incremento se basa en una metodología técnica que considera el cargo, la jerarquía y las funciones del despacho presidencial. El análisis compara el sueldo presidencial peruano con el de otros 12 mandatarios de la región. Dina Boluarte figura en el penúltimo lugar, pese a que el Perú se encuentra en una posición económica intermedia.  El salario presidencial ajustado es uno de los más bajos , concluye el informe. Además, se señala que la jefa de Estado tiene una remuneración inferior a la de ministros y otros altos funcionarios. El MEF sostiene que su nuevo sueldo debe reflejar la jerarquía del cargo. El Gobierno aún no confirma oficialmente si se aplicará el aumento. Comentarios de Facebook También te puede interesar Cientos de jóvenes puneños rinden examen de preselección para Beca 18 Aspirantes de toda la región participaron en la",2025-11-16T22:38:52.363631,2025-11-16T22:38:52.656815,2025-11-16T22:38:52.656818,Sin Fronteras,10898,"https://diariosinfronteras.com.pe/wp-content/uploads/2025/05/491849_1739670-660x330.webp, https://diariosinfronteras.com.pe/wp-content/uploads/2020/06/dxt-nav.png",230,"Dina Boluarte plantea elevar su sueldo mensual a S  35,568, según informe del MEF. El Gobierno compara salarios presidenciales en la región.",,Dina Boluarte plantea duplicar su sueldo: pasaría a ganar más de 35 mil soles,https://diariosinfronteras.com.pe/2025/05/05/dina-boluarte-aumento-sueldo-mensual-35568-soles-mef-peru/
Desconocido,1199,General,"Inicio AREQUIPA Docente universitario es detenido tras denuncia de alumna en Arequipa Docente universitario es detenido tras denuncia de alumna en Arequipa Por Diario Sin Fronteras - 20 junio, 2025 - En AREQUIPA 516 Ronald Vilca Cano (47), profesor de la Universidad San Martín de Porres, fue intervenido por la Policía Nacional en un hostal del distrito de José Luis Bustamante y Rivero, luego de ser denunciado por una estudiante de 17 años por presunta coacción a cambio de mejorar su nota en un curso. La intervención se realizó anoche en el hostal  Princesa , ubicado en el pasaje San José, tras la alerta presentada por una amiga de la menor ante la comisaría del sector. De acuerdo con información policial, tras un seguimiento, se confirmó que el docente había recogido a la estudiante en su vehículo y la condujo al lugar, donde fue intervenido por los agentes. El Ministerio Público y la PNP actuaron de forma coordinada y continúan con las investigaciones para esclarecer los hechos. Comentarios de Facebook También te puede interesar Puno: Intervienen al director de Energía y Minas por presunto uso indebido de camioneta en reunión privada El director regional de Energía y Minas, Edwin",2025-11-16T22:38:52.363631,2025-11-16T22:38:52.656514,2025-11-16T22:38:52.656517,Sin Fronteras,10897,"https://diariosinfronteras.com.pe/wp-content/uploads/2025/06/b-7-660x330.jpeg, https://diariosinfronteras.com.pe/wp-content/uploads/2020/06/dxt-nav.png",199,,,Docente universitario es detenido tras denuncia de alumna en Arequipa,https://diariosinfronteras.com.pe/2025/06/20/docente-universitario-es-detenido-tras-denuncia-de-alumna-en-arequipa/
Desconocido,2554,General,"Inicio OPINIONCRECIENDO CON SUMAC GUAGUITAS JÓVENES DE CRISTAL JÓVENES DE CRISTAL Por Ps. Susan Cruces Calderón   Gerente General de Sumac Guaguitas S.R.L. - 11 octubre, 2023 - En CRECIENDO CON SUMAC GUAGUITAS 1037 JÓVENES DE CRISTAL En estas últimas semanas hemos presenciado muchos hechos trágicos en los cuales están implicados jóvenes que no pasan de los 22 años: asesinatos, suicidios y burlas en redes sociales han sido tema de preocupación, dolor y grandes titulares; en realidad, son nuestros jóvenes los que están mal, es la mala crianza, los excesos a los que están expuestos o la ausencia de figuras de autoridad empoderadas en nuestra sociedad que den ejemplo a la juventud. Todos los seres humanos venimos a crecer en este mundo, quizá muchas veces la sociedad nos vende que el mundo es un lugar al cual venimos para ser felices; mas no es así, la gran mayoría de veces tenemos pruebas, pérdidas, duelos, carreras truncas, relaciones que no empiezan o terminan mal;  has pasado por alguna de ellas? Por ello ponerles una máscara a nuestros niños jóvenes, encerrarlos en una bola de cristal para que nada les pase, no ayuda en nada; lo que sí sería útil sería darles, metafóricamente hablando, una mochila de recursos emocionales que les ayude a salir adelante; aquí es donde los padres juegan un papel muy importante, porque para perder se debe enseñar a nuestros jóvenes que no toda la vida se gana y hasta aprendemos mucho más de los fracasos que de los triunfos; en consulta veo a cantidad de padres que, si fuera posible, se pondrían cual chaleco salvavidas en el pecho de sus hijos para evitarles verles sufrir. La vida es bella, pero no dejemos de lado el hecho de saber que golpes tendremos, que quizá nos duelan, algunos nos tumben, pero está en nosotros el escoger levantarnos de las caídas o sacudirnos el polvo y salir adelante. Para ello hay que ser valiente, y como dice el Ps. Walter Riso, no es valiente el que no le tiene miedo a nada, sino es valiente aquel que a pesar que le tiemblen las piernas y sienta que no puede continuar, sigue adelante. El manejo y control emocional es una tarea esencial en nuestra vida, sin ello quizá nos sea difícil encontrar ese justo medio para continuar. Por ello encuentra tu mejor forma de afrontar la vida de la mano de buenos profesionales. Recuerda que en Sumac Guagüitas te esperamos.  Gerenta general de Sumac Guaguitas SRL scruces sumacguaguitas.pe Comentarios de Facebook También te puede interesar La importancia del lenguaje La psicología cognitiva ha permitido la posibilidad de",2025-11-16T22:38:52.363631,2025-11-16T22:38:52.655966,2025-11-16T22:38:52.655968,Sin Fronteras,10896,"https://diariosinfronteras.com.pe/wp-content/uploads/2023/10/JOVENES-DE-CRISTAL.jpg, https://diariosinfronteras.com.pe/wp-content/uploads/2020/06/dxt-nav.png",434,,,JÓVENES DE CRISTAL,https://diariosinfronteras.com.pe/2023/10/11/jovenes-de-cristal/
Desconocido,1646,General,"Inicio POLITICA Consulta si fuiste víctima: Afiliaciones políticas sin autorización generan preocupación entre ciudadanos Consulta si fuiste víctima: Afiliaciones políticas sin autorización generan preocupación entre ciudadanos Por Diario Sin Fronteras - 21 abril, 2025 - En POLITICA 803 En los últimos días, diversos usuarios han reportado haber sido inscritos sin su consentimiento en organizaciones políticas. Ante esta situación, es fundamental verificar si se pertenece a algún partido político. Si nunca llenaste una ficha de afiliación con tu firma y huella, podrías estar enfrentando una afiliación indebida. En este caso, el proceso de desafiliación tiene un costo de 46.20 soles ante el Jurado Nacional de Elecciones (JNE). Es importante recordar si alguna vez firmaste un planillón en la calle a cambio de una gaseosa o un kilo de fideos, ya que esto podría haber sido utilizado para inscribirte sin tu conocimiento. Por otro lado, si llenaste una ficha de afiliación y deseas desafiliarte, este trámite no tiene costo. Sin embargo, si tienes afiliación y nunca firmaste ninguna ficha, también puedes denunciar al Personero Legal de la organización y al partido político por falsificación y suplantación de identidad. Cabe destacar que el JNE podría remitir el expediente a la Fiscalía, donde se realizaría un informe pericial grafotécnico. Es crucial ser honesto en este proceso, ya que mentir podría tener consecuencias legales. Comentarios de Facebook También te puede interesar Puno: Intervienen al director de Energía y Minas por presunto uso indebido de camioneta en reunión privada El director regional de Energía y Minas, Edwin",2025-11-16T22:38:52.363631,2025-11-16T22:38:52.654881,2025-11-16T22:38:52.654884,Sin Fronteras,10895,"https://diariosinfronteras.com.pe/wp-content/uploads/2025/04/IMG_20250421_130847_800_x_533_pixel-660x330.jpg, https://diariosinfronteras.com.pe/wp-content/uploads/2020/06/dxt-nav.png",251,,,Consulta si fuiste víctima: Afiliaciones políticas sin autorización generan preocupación entre ciudadanos,https://diariosinfronteras.com.pe/2025/04/21/consulta-si-fuiste-victima-afiliaciones-politicas-sin-autorizacion-generan-preocupacion-entre-ciudadanos/
Desconocido,1664,General,"Inicio POLICIALES Puno: Accidente de tránsito deja dos fallecidos en la vía Juliaca-Azángaro. Puno: Accidente de tránsito deja dos fallecidos en la vía Juliaca-Azángaro. Por Diario Sin Fronteras - 5 enero, 2025 - En POLICIALES, PUNO 2349 Puno: Accidente de tránsito deja un fallecido en la vía Juliaca-Azángaro. Lampa. Un trágico accidente de tránsito ocurrido cerca de las 11:00 de la mañana de hoy, en la carretera Juliaca-Azángaro, a la altura de la comunidad de San Sebastián, en Calapuja (Lampa), dejó dos fallecidos y varios heridos. Los protagonistas fueron el auto de marca Toyota, modelo Rav 4 de color plata metálico con placa de rodaje F3X-273 y una combi de servicio interprovincial que pertenece a la empresa de Transportes Cuevas SRL., de marca Toyota, modelo Hiace, color blanco con matrícula Z4V-466. Puno: Accidente de tránsito deja dos fallecidos en la vía Juliaca-Azángaro. Las víctimas mortales fueron identificadas como Rolando Puma Huanca (35), conductor de una combi de la empresa  Cuevas SRL , y Leonor Rocío Calcina Calcina (44), pasajera. Desafortunadamente, Rolando quedó atrapado entre los fierros del vehículo, siendo rescatado por bomberos de Juliaca. La Policía y la Fiscalía investigan las causas del accidente, mientras que los cuerpos de las víctimas fueron trasladados a la morgue para autopsias, y los vehículos implicados quedaron en custodia policial. El conductor de la camioneta permanece hospitalizado bajo vigilancia, a la espera de su detención formal. Comentarios de Facebook También te puede interesar Cientos de jóvenes puneños rinden examen de preselección para Beca 18 Aspirantes de toda la región participaron en la",2025-11-16T22:38:52.363631,2025-11-16T22:38:52.653697,2025-11-16T22:38:52.653700,Sin Fronteras,10894,"https://diariosinfronteras.com.pe/wp-content/uploads/2025/01/accidente-agustin-660x330.jpg, https://diariosinfronteras.com.pe/wp-content/uploads/2025/01/choque-juliaca-zangaro-500x281.jpg",258,En el sector conocido como Larka del desvío al distrito de Achaya en la vía Azángaro- Juliaca se registró un lamentable accidente la mañana de este domingo que dejó un fallecido.,,Puno: Accidente de tránsito deja dos fallecidos en la vía Juliaca-Azángaro.,https://diariosinfronteras.com.pe/2025/01/05/puno-accidente-de-transito-deja-dos-fallecidos-en-la-via-juliaca-azangaro/
Desconocido,1196,General,"Inicio ESCENARIO Cueva y Carrillo  celebran  tras eliminación de Perú en la Copa América  VIDEO  Cueva y Carrillo  celebran  tras eliminación de Perú en la Copa América  VIDEO  Por Diario Sin Fronteras - 1 julio, 2024 - En ESCENARIO 1370 https:  diariosinfronteras.com.pe wp-content uploads 2024 07 449660513_796080656006707_6314902432388476344_n.mp4 El programa  Amor y Fuego  reveló imágenes de Christian Cueva y André Carrillo  celebrando  en una discoteca tras la eliminación de Perú en la Copa América 2024. De acuerdo con las imágenes divulgadas por Latina, Cueva y Carrillo celebraron hasta tarde en un establecimiento de Barranco, unas horas después de la derrota de la Selección Peruana ante Argentina. Cabe señalar que Carrillo, quien juega en el fútbol árabe, tiene unos días de descanso tras su participación en el torneo continental, mientras que  Aladino  todavía no ha firmado contrato con ningún club. Las críticas surgen debido al momento que atraviesa la selección peruana. Comentarios de Facebook También te puede interesar Puno: Intervienen al director de Energía y Minas por presunto uso indebido de camioneta en reunión privada El director regional de Energía y Minas, Edwin",2025-11-16T22:38:52.363631,2025-11-16T22:38:52.653341,2025-11-16T22:38:52.653343,Sin Fronteras,10893,"https://diariosinfronteras.com.pe/wp-content/uploads/2020/06/dxt-nav.png, https://diariosinfronteras.com.pe/wp-content/uploads/2020/06/masalla.jpg",181,Cueva y Carrillo  celebran  tras eliminación de Perú en la Copa América  VIDEO,,Cueva y Carrillo  celebran  tras eliminación de Perú en la Copa América  VIDEO,https://diariosinfronteras.com.pe/2024/07/01/cueva-y-carrillo-celebran-tras-eliminacion-de-peru-en-la-copa-america-video/
Desconocido,1643,General,"Inicio PUNO Puno: Helada arrasa con varios cultivos en provincias de Azángaro y Zepita Puno: Helada arrasa con varios cultivos en provincias de Azángaro y Zepita Por Diario Sin Fronteras - 26 diciembre, 2024 - En PUNO 1350 Puno: Helada arrasa con varios cultivos en provincias de Azángaro y Zepita Provincias. Las intensas heladas que se registraron en los últimos días han causado graves daños a los cultivos en las provincias de Azángaro y Zepita, ubicadas en la región Puno. Los agricultores locales han reportado pérdidas significativas, especialmente en productos agrícolas sensibles a las bajas temperaturas, como el maíz, la papa y otros cultivos de la zona. Las heladas, que afectaron principalmente a las áreas rurales de ambos distritos, han dejado a muchas familias de campesinos en una situación vulnerable, dado que gran parte de su economía depende de estos cultivos. Los expertos indican que las bajas temperaturas registradas durante la noche han provocado la congelación de los cultivos, dañando tanto la producción como la calidad de los productos. Ante esta situación, las autoridades locales han iniciado evaluaciones para determinar el alcance total de los daños y coordinar la ayuda a los afectados. Mientras tanto, los agricultores han solicitado apoyo para mitigar las pérdidas y tomar medidas preventivas frente a futuras heladas, que podrían seguir afectando la agricultura de la zona. No se descarta que otras localidades también fueron afectadas. Comentarios de Facebook También te puede interesar Cientos de jóvenes puneños rinden examen de preselección para Beca 18 Aspirantes de toda la región participaron en la",2025-11-16T22:38:52.363631,2025-11-16T22:38:52.653036,2025-11-16T22:38:52.653039,Sin Fronteras,10892,"https://diariosinfronteras.com.pe/wp-content/uploads/2024/12/Helada-arrasa-con-varios-cultivos-2-660x330.jpg, https://diariosinfronteras.com.pe/wp-content/uploads/2020/06/dxt-nav.png",256,"Provincias. Las intensas heladas que se registraron en los últimos días han causado graves daños a los cultivos en las provincias de Azángaro y Zepita, ubicadas en la región Puno. Los agricultores locales han reportado pérdidas significativas, especialmente en productos agrícolas sensibles a las bajas temperaturas, como el maíz, la papa y otros cultivos de la zona.",,Puno: Helada arrasa con varios cultivos en provincias de Azángaro y Zepita,https://diariosinfronteras.com.pe/2024/12/26/puno-helada-arrasa-con-varios-cultivos-en-provincias-de-azangaro-y-zepita/
Desconocido,1185,General,"Inicio NACIONAL Conductor de unidad de transporte público fallece luego de ser atacado por delincuentes Conductor de unidad de transporte público fallece luego de ser atacado por delincuentes Por Diario Sin Fronteras - 22 septiembre, 2024 - En NACIONAL, POLICIALES 590 Conductor de unidad de transporte público fallece luego de ser atacado por delincuentes Captura de video de Rpp El conductor de una unidad de transporte público de la empresa Nueva Estrella falleció luego de ser atacado por unos delincuentes que -según los testigos- se movilizaban en una moto, en la Panamericana Norte, Los Olivos. Con el ataque, la víctima, que falleció camino al hospital y fue identificada como Jairo Robinson Miller, perdió el control del vehículo, por lo que el cobrador tomó el volante y pudo detener la unidad. El pasajero Leonardo Huarcaya también resultó herido y fue trasladado al hospital Cayetano Heredia. Hasta el momento se reportaron casos de extorsión por más del 50  de las empresas de transporte de Lima. F: Rpp Comentarios de Facebook También te puede interesar Cientos de jóvenes puneños rinden examen de preselección para Beca 18 Aspirantes de toda la región participaron en la",2025-11-16T22:38:52.363631,2025-11-16T22:38:52.652690,2025-11-16T22:38:52.652693,Sin Fronteras,10891,"https://diariosinfronteras.com.pe/wp-content/uploads/2024/09/66a41011-191d-44ef-8037-7c45d61d7ea6-660x330.png, https://diariosinfronteras.com.pe/wp-content/uploads/2020/06/dxt-nav.png",191,"El conductor de una unidad de transporte público de la empresa Nueva Estrella falleció luego de ser atacado por unos delincuentes que -según los testigos- se movilizaban en una moto, en la Panamericana Norte, Los Olivos.",,Conductor de unidad de transporte público fallece luego de ser atacado por delincuentes,https://diariosinfronteras.com.pe/2024/09/22/conductor-de-unidad-de-transporte-publico-fallece-luego-de-ser-atacado-por-delincuentes/
Desconocido,1830,General,"Inicio NACIONAL Betssy Chávez inicia huelga de hambre y se ausenta del juicio por golpe de Estado Betssy Chávez inicia huelga de hambre y se ausenta del juicio por golpe de Estado Por Diario Sin Fronteras - 15 julio, 2025 - En NACIONAL, POLITICA 1027 Fiscalía la investiga por Golpe de Estado. Betssy Chávez, ex presidenta del Consejo de Ministros, no acudió este martes a la audiencia de su juicio oral por el intento de golpe de Estado del 7 de diciembre de 2022. La exfuncionaria anunció que inició una huelga de hambre en el penal Anexo de Mujeres de Chorrillos, donde permanece recluida. Según una carta dirigida a la sala, Chávez denunció hostilidades, chantaje sexual y cobros indebidos dentro del penal. Alegó que no asistirá a ninguna audiencia mientras continúe lo que considera vulneraciones a sus derechos. El abogado Raúl Noblecilla solicitó que la audiencia se suspendiera por ausencia justificada de su defendida, pero el tribunal rechazó el pedido y decidió continuar con el proceso. La exparlamentaria responsabilizó a la directora del penal, Nelly Aquino Guardales, por cualquier atentado contra su integridad. La acusó de permitir privilegios a internas con poder adquisitivo a cambio de dádivas, sobornos y pago por celdas. Durante una audiencia previa, Chávez ya había advertido sobre presuntos actos de corrupción y un sistema de control penitenciario dominado por intereses económicos. El juicio contra Betssy Chávez forma parte del proceso por el fallido intento de Pedro Castillo de cerrar el Congreso. A Chávez se le acusa de haber participado activamente en la maniobra inconstitucional como parte del gabinete ministerial de ese día. Comentarios de Facebook También te puede interesar Cientos de jóvenes puneños rinden examen de preselección para Beca 18 Aspirantes de toda la región participaron en la",2025-11-16T22:38:52.363631,2025-11-16T22:38:52.652002,2025-11-16T22:38:52.652004,Sin Fronteras,10890,"https://diariosinfronteras.com.pe/wp-content/uploads/2025/07/263626_1770707.jpg, https://diariosinfronteras.com.pe/wp-content/uploads/2020/06/dxt-nav.png",292,Betssy Chávez no asistió a su juicio por el golpe de Estado de 2022. Denunció corrupción en el penal y anunció huelga de hambre.,,Betssy Chávez inicia huelga de hambre y se ausenta del juicio por golpe de Estado,https://diariosinfronteras.com.pe/2025/07/15/betssy-chavez-huelga-de-hambre-juicio-golpe-estado-2022/
Desconocido,1899,General,"Inicio AREQUIPA Sentenciados borran pintas en San Lázaro Sentenciados borran pintas en San Lázaro Por Diario Sin Fronteras - 27 octubre, 2024 - En AREQUIPA 457 Así pagan las penas que les impuso la Justicia. Como parte del proyecto de recuperación del centro histórico de la Ciudad Blanca, declarado Patrimonio Cultural de la Humanidad por la Unesco, se eliminaron las pintas de las paredes del entorno del la iglesia de San Lázaro. Esta zona es una de las más antiguas y tradicionales de Arequipa, y se ha convertido en un punto de atracción, tanto para turistas nacionales como extranjeros; de ahí la importancia de su conservación. La jornada forma parte del programa  Revalorando nuestro patrimonio cultural , impulsado por la Dirección Desconcentrada de Cultura (DDC) Arequipa, que tiene como objetivo reforzar los valores de identidad cultural mediante la preservación y recuperación de bienes históricos inmuebles. Más de 50 personas participaron en la limpieza de las paredes cercanas al templo de San Lázaro, donde existían numerosas pintas. La intervención responde a la necesidad urgente de restaurar las áreas del centro histórico que han sido afectadas por actos vandálicos y el deterioro natural de sus infraestructuras. Esta actividad es un esfuerzo conjunto de instituciones que buscan proteger el patrimonio local, en favor de la identidad cultural y el legado arquitectónico de la ciudad de Arequipa. La campaña contó con la participación de la Municipalidad Provincial de Arequipa y la colaboración de la Gerencia del Centro Histórico, la Escuela Taller Arequipa, la Dirección Desconcentrada de Cultura, el Colegio de Arquitectos y el Instituto Nacional Penitenciario (INPE). Comentarios de Facebook También te puede interesar Puno: Intervienen al director de Energía y Minas por presunto uso indebido de camioneta en reunión privada El director regional de Energía y Minas, Edwin",2025-11-16T22:38:52.363631,2025-11-16T22:38:52.651657,2025-11-16T22:38:52.651660,Sin Fronteras,10889,"https://diariosinfronteras.com.pe/wp-content/uploads/2024/10/001111626W-660x330.jpg, https://diariosinfronteras.com.pe/wp-content/uploads/2020/06/dxt-nav.png",295,"Como parte del proyecto de recuperación del centro histórico de la Ciudad Blanca, declarado Patrimonio Cultural de la Humanidad por la Unesco, se eliminaron las pintas de las paredes del entorno del la iglesia de San Lázaro.",,Sentenciados borran pintas en San Lázaro,https://diariosinfronteras.com.pe/2024/10/27/sentenciados-borran-pintas-en-san-lazaro/
Desconocido,1216,General,"Inicio AREQUIPA Arequipa: Hallan sin vida a trabajador del Proyecto Majes Siguas desaparecido desde el 5 de noviembre Arequipa: Hallan sin vida a trabajador del Proyecto Majes Siguas desaparecido desde el 5 de noviembre Por Diario Sin Fronteras - 1 día atrás - En AREQUIPA 294 El Proyecto Especial Integral Majes Siguas   Autodema informó el hallazgo del cuerpo sin vida de Félix Santos Choque Flores (51), trabajador de la institución que permanecía desaparecido desde el pasado miércoles 5 de noviembre. El cadáver fue ubicado en la represa de Aguada Blanca durante las acciones de búsqueda que se realizaban de manera continua en la zona. Tras el hallazgo, personal de Autodema apoyó a la Policía Nacional del Perú y a los peritos especializados en el traslado y en el inicio de las diligencias que establece la ley, con el fin de determinar las circunstancias de su muerte. La institución indicó que los familiares fueron informados oportunamente y que vienen siendo acompañados por el equipo institucional. Comentarios de Facebook También te puede interesar Puno: Intervienen al director de Energía y Minas por presunto uso indebido de camioneta en reunión privada El director regional de Energía y Minas, Edwin",2025-11-16T22:38:52.363631,2025-11-16T22:38:52.651296,2025-11-16T22:38:52.651299,Sin Fronteras,10888,"https://diariosinfronteras.com.pe/wp-content/uploads/2025/11/IMG_20251115_154959_800_x_533_pixel-660x330.jpg, https://diariosinfronteras.com.pe/wp-content/uploads/2020/06/dxt-nav.png",196,,,Arequipa: Hallan sin vida a trabajador del Proyecto Majes Siguas desaparecido desde el 5 de noviembre,https://diariosinfronteras.com.pe/2025/11/15/arequipa-hallan-sin-vida-a-trabajador-del-proyecto-majes-siguas-desaparecido-desde-el-5-de-noviembre/
Desconocido,1962,General,"Inicio NACIONAL Senamhi advierte riesgo extremo de huaicos en 18 regiones Senamhi advierte riesgo extremo de huaicos en 18 regiones Por Diario Sin Fronteras - 18 febrero, 2025 - En NACIONAL 795 Lluvias en Perú. El Servicio Nacional de Meteorología e Hidrología del Perú (Senamhi) emitió el aviso de corto plazo N.º 049-2025, alertando sobre la alta probabilidad de huaicos en diversas regiones del país debido a las fuertes precipitaciones pronosticadas para las próximas 24 horas. Esta advertencia responde a las intensas lluvias registradas en la última semana y a la inestabilidad del terreno en distintas zonas vulnerables. Según el informe, 18 regiones se encuentran en alerta roja, lo que indica una severidad extrema del fenómeno. Entre ellas destacan Áncash, Arequipa, Ayacucho, Cajamarca, Cusco, Huancavelica, Lima, Puno, Tacna, entre otras. Mientras tanto, regiones como Amazonas, Ica, La Libertad, Loreto y San Martín se encuentran en alerta naranja, lo que significa un riesgo alto de activación de quebradas. Por su parte, Tumbes presenta una alerta amarilla, con una severidad moderada en la ocurrencia de huaicos. Fuente: COEN-INDECI Ante esta situación, el Centro de Operaciones de Emergencia Nacional del Instituto de Defensa Civil (COEN-INDECI) emitió un boletín informativo detallando las localidades que podrían verse afectadas. Además, Senamhi advirtió que las precipitaciones continuarán con lluvias de moderada a fuerte intensidad en la costa norte, la sierra centro y sur, y la selva baja y alta, con posibilidad de granizo y nieve en zonas de mayor altitud. Las autoridades exhortan a la población de las zonas afectadas a tomar medidas de prevención, evitar áreas de riesgo y mantenerse informada a través de los canales oficiales. Comentarios de Facebook También te puede interesar Puno: Intervienen al director de Energía y Minas por presunto uso indebido de camioneta en reunión privada El director regional de Energía y Minas, Edwin",2025-11-16T22:38:52.363631,2025-11-16T22:38:52.650443,2025-11-16T22:38:52.650446,Sin Fronteras,10887,"https://diariosinfronteras.com.pe/wp-content/uploads/2025/02/Lluvias-en-Peru-660x330.jpg, https://diariosinfronteras.com.pe/wp-content/uploads/2020/06/dxt-nav.png",303,,,Senamhi advierte riesgo extremo de huaicos en 18 regiones,https://diariosinfronteras.com.pe/2025/02/18/senamhi-advierte-riesgo-extremo-de-huaicos-en-18-regiones/
Desconocido,1285,General,"Inicio AREQUIPA Comuna sin ganancias tras festejos por aniversario de Arequipa Comuna sin ganancias tras festejos por aniversario de Arequipa Por Diario Sin Fronteras - 1 día atrás - En AREQUIPA 276 Las actividades por el 485.º aniversario de Arequipa generaron pérdidas económicas para la municipalidad provincial. Según el gerente municipal, Pablo Salinas, se invirtieron S  457 mil y solo se recaudaron S  416 mil, dejando un déficit aproximado de S  41 mil. Entre las causas, se señaló la reducción de eventos y la eliminación del cobro por uso de sillas y espacios públicos durante el Corso de la Amistad, lo que significó dejar de percibir S  132 mil. Pese a estos números en contra, la comuna confirmó que no se afectará el apoyo a los comedores populares y ollas comunes, que inicialmente se cubriría con los ingresos de las festividades.  No vamos a dejar de abastecer a los comedores; el financiamiento se asumirá a través de un programa social , aseguró Salinas, reiterando que el compromiso con las familias vulnerables se mantiene, incluso con el presupuesto en rojo. Comentarios de Facebook También te puede interesar Puno: Intervienen al director de Energía y Minas por presunto uso indebido de camioneta en reunión privada El director regional de Energía y Minas, Edwin",2025-11-16T22:38:52.363631,2025-11-16T22:38:52.649641,2025-11-16T22:38:52.649644,Sin Fronteras,10886,"https://diariosinfronteras.com.pe/wp-content/uploads/2025/11/b-11-660x330.jpeg, https://diariosinfronteras.com.pe/wp-content/uploads/2020/06/dxt-nav.png",211,,,Comuna sin ganancias tras festejos por aniversario de Arequipa,https://diariosinfronteras.com.pe/2025/11/15/comuna-sin-ganancias-tras-festejos-por-aniversario-de-arequipa/
Desconocido,1290,General,"Inicio PUNO Secuestran a conductor para robarle camioneta Secuestran a conductor para robarle camioneta Por Diario Sin Fronteras - 24 febrero, 2025 - En PUNO 577 Enmarrocaron al conductor para llevarse el vehículo. Azángaro. Tres facinerosos robaron una camioneta a las 6:00 p.m. de ayer, aproximadamente. Con amenazas, enmarrocaron al conductor y lograron llevarlo a una zona del distrito de San José, donde lo abandonaron. Según versión de la víctima y la de sus familiares, el señor José A. Luna A., actual teniente gobernador en la comunidad de Oruro, salió de una reunión comunal en su unidad vehicular con dirección a su domicilio. En el camino, tres delincuentes interceptaron la moderna camioneta de placa APW-941 color blanco, cerca a la comunidad de Oruro, para luego golpear y enmarrocar al conductor. Finalmente, lo llevaron cerca a la apacheta Turuni, distrito de San José (Azángaro), donde lo abandonaron y se dieron a la fuga con la camioneta, con rumbo desconocido. Conocido el hecho, inmediatamente las Rondas Campesinas de San José auxiliaron a la víctima del asalto. Comentarios de Facebook También te puede interesar Puno: Intervienen al director de Energía y Minas por presunto uso indebido de camioneta en reunión privada El director regional de Energía y Minas, Edwin",2025-11-16T22:38:52.363631,2025-11-16T22:38:52.648050,2025-11-16T22:38:52.648053,Sin Fronteras,10885,"https://diariosinfronteras.com.pe/wp-content/uploads/2025/02/Robo-de-c-660x330.jpg, https://diariosinfronteras.com.pe/wp-content/uploads/2020/06/dxt-nav.png",206,"Azángaro. Tres facinerosos robaron una camioneta a las 6:00 p.m. de ayer, aproximadamente. Con amenazas, enmarrocaron al conductor y lograron llevarlo a una zona del distrito de San José, donde lo abandonaron.",,Secuestran a conductor para robarle camioneta,https://diariosinfronteras.com.pe/2025/02/24/secuestran-a-conductor-para-robarle-camioneta/
Desconocido,2010,General,"Inicio POLITICA Puno: regidores blindan y salvan de vacancia a primer regidor Azángaro Puno: regidores blindan y salvan de vacancia a primer regidor Azángaro Por Diario Sin Fronteras - 24 mayo, 2024 - En POLITICA, PUNO 787 Contraloría concluyó que regidor Teófilo Choquehuanca incurrió en nepotismo. Puno. Tras un largo debate, con 8 votos en contra, el Concejo Municipal de Azángaro desestimó el pedido de vacancia en contra del primer regidor Teófilo Choquehuanca Mamani, presentado por la contratación de sus tres cuñadas. El presidente del barrio Cultural Puente, Abraham Avidan Cotacallapa Quispe, el 26 de abril, presentó una solicitud de vacancia en contra del mencionado regidor, ya que sus cuñadas; Genoveva Vilca Choquehuanca, Soledad Mamani Choquehuanca y Lisbeth Mamani Solorzano, fueron contratadas por la comuna municipal, incurriendo en nepotismo ya que guardan un parentesco de segundo grado de afinidad. El pedido de vacancia fue desestimada en Sesión de Concejo que inició a las 14:00 y terminó a las 19:00 horas de ayer. Los ocho regidores que rechazaron el pedido, ni siquiera sustentaron su posición, más sí se adhirieron a la exposición que hizo el abogado del primer regidor, quien soslayó el nepotismo.  Yo totalmente desconozco que hayan trabajado esos familiares, por mi madre yo no conocía ( ) en qué momento he podido injerir, recomendar, favorecer  , expresó, Teófilo Choquehuanca. Otro de sus argumentos fue las protestas en contra de Dina Boluarte, y que lo habrían sembrado. Por su parte, Abraham Cotacallapa Quispe, indicó que apelará la decisión del Concejo ante el Jurado Nacional de Elecciones (JNE). Cabe resaltar que la regidora Dianna de la Flor Vilca Cotacallapa, junto al regidor Jaime Mamani estuvieron ausentes, mientras que Choquehuanca evitó emitir un voto al igual que el alcalde Salvador Apaza. Comentarios de Facebook También te puede interesar Cientos de jóvenes puneños rinden examen de preselección para Beca 18 Aspirantes de toda la región participaron en la",2025-11-16T22:38:52.363631,2025-11-16T22:38:52.647216,2025-11-16T22:38:52.647219,Sin Fronteras,10884,"https://diariosinfronteras.com.pe/wp-content/uploads/2024/05/contraloria-regidor-azangaro-nepotismo-660x330.jpg, https://diariosinfronteras.com.pe/wp-content/uploads/2020/06/dxt-nav.png",315,,,Puno: regidores blindan y salvan de vacancia a primer regidor Azángaro,https://diariosinfronteras.com.pe/2024/05/24/puno-regidores-blindan-y-salvan-de-vacancia-a-primer-regidor-azangaro/
Desconocido,1110,General,"Inicio AREQUIPA Arequipa: Motociclista herido tras ser embestido por vehículo que se dio a la fuga Arequipa: Motociclista herido tras ser embestido por vehículo que se dio a la fuga Por Redacción Diario Sin Fronteras - 9 diciembre, 2024 - En AREQUIPA 624 Motociclista herido tras ser embestido por vehículo que se dio a la fuga Esta mañana, un motociclista resultó gravemente herido en un accidente de tránsito ocurrido en el cruce de las avenidas Pumacahua y José Olaya, en el distrito de Cerro Colorado. El conductor del vehículo implicado huyó del lugar, dejando al motociclista tendido en el pavimento junto a su unidad, con placa 1660-5V. Personal de seguridad ciudadana acudió rápidamente al lugar y coordinó el traslado del herido a la clínica San Pablo para recibir atención médica. La comisaría de Cerro Colorado ha iniciado las investigaciones para identificar y capturar al responsable del accidente. Comentarios de Facebook También te puede interesar Arequipa: Tragedia en Arequipa: bus interprovincial cae a un abismo y deja 37 muertos y 14 heridos Una nueva tragedia enluta las carreteras del sur",2025-11-16T22:38:52.363631,2025-11-16T22:38:52.646794,2025-11-16T22:38:52.646797,Sin Fronteras,10883,"https://diariosinfronteras.com.pe/wp-content/uploads/2024/12/WhatsApp-Image-2024-12-09-at-07.19.15-660x330.jpeg, https://diariosinfronteras.com.pe/wp-content/uploads/2020/06/dxt-nav.png",179,"Esta mañana, un motociclista resultó gravemente herido en un accidente de tránsito ocurrido en el cruce de las avenidas Pumacahua y José Olaya, en el distrito de Cerro Colorado.",,Arequipa: Motociclista herido tras ser embestido por vehículo que se dio a la fuga,https://diariosinfronteras.com.pe/2024/12/09/arequipa-motociclista-herido-tras-ser-embestido-por-vehiculo-que-se-dio-a-la-fuga/
Desconocido,4712,General,"Inicio PUNO Puno: Tonconi, de nuevo en el banquillo Puno: Tonconi, de nuevo en el banquillo Por Redacción Diario Sin Fronteras - 8 enero, 2025 - En PUNO 781 Tonconi, de nuevo en el banquillo El exdecano del Colegio de Ingenieros de Puno (CIP), Jhomar Marcelino Tonconi Quispe, se encuentra en graves problemas. La Sala Penal de Apelaciones anuló el extremo de una sentencia que en febrero de 2023 lo absolvió de delitos de corrupción de funcionarios, cuando debió ser condenado al igual que otros coinculpados. Este escandaloso caso proviene de octubre del 2015, cuando el aludido ingeniero fue gerente de Infraestructura de la Municipalidad Distrital de San Antón (Azángaro), y en la que la comuna convocó a licitación la obra de pistas y veredas de los jirones Atahualpa y vías transversales, valuada en S  3 millones 194 mil 568.43, con código SNIP 215375. Como se sabe, el alcalde de San Antón, Moisés Yorocco Mamani pactó con los empresarios del Consorcio Innova para que ejecuten la obra y a cambio solicitó 10  del monto total. Años atrás se divulgó un audio en el que se revela que la autoridad edil pidió S  270 mil en efectivo. MUY GRAVE  De acuerdo a la Fiscalía Anticorrupción que apeló la sentencia absolutoria, Tonconi Quispe materializó el acto corruptivo, porque entonces estaba a cargo de la Gerencia de Infraestructura y además fue el presidente del Comité de Selección que terminó dando la buena pro a ese consorcio cuando debió ser descalificado. En la acusación fiscal, el Ministerio Público demostró de manera documentaria que Tonconi Quispe jamás debió entregar la buena pro a la empresa que ni siquiera tenía experiencia necesaria, además que incurrió en errores insubsanables. También dio el visto bueno para que el Consorcio Innova cobre cuantiosas valorizaciones, que incluso serían sobrevaloradas. NO SE DEFENDIÓ En dos audiencias previas, una de ellas desarrollada el 3 de diciembre de 2024, se ventiló la apelación a la sentencia absolutoria y la condenatoria. En esta, si bien los demás imputados defendieron las imputaciones en su contra, el exdecano del CIP guardó silencio. Ello fue una pésima estrategia, pues los jueces superiores Javier Arpasi Pacho, Víctor Arias Calvo y Juan Flores Sánchez, al asentir los cargos de la acusación fiscal, emitieron una ejemplar sentencia. RATIFICAN CONDENA Primero, declararon infundado el recurso de apelación interpuesto por el exalcalde Moisés Morocco y los empresarios del Consorcio Innova, Igor Daygoro Zambrano Quispe y Federico Zambrano Ñaupa. Ellos habían sido condenados, pero buscaban ser absueltos del delito de colusión agravada. Asimismo, se declaró fundada la apelación fiscal, confirmando la condena contra los arriba mencionados, como autor y cómplices extraneus, por el delito contra la administración pública, en su modalidad de concusión, en su forma de colusión agravada. Al primero le dieron 10 años de cárcel y al pago de más 700 mil de reparación al Estado; a los otros le impusieron 4 años y al pago de montos menores. PRISIÓN INMEDIATA En este extremo se revocó la parte que suspendía la pena y ordenaron la encarcelación inmediata de los procesados. ANULAN ABSOLUCIÓN En lo que compete a Tonconi Quispe, el mismo 6 de enero a las 10:00 a.m. declararon nula la sentencia del 17 de febrero del 2023 emitida por el juez Víctor Calisaya Coila del Cuarto Juzgado Penal Unipersonal Permanente, especializado en Delitos de Corrupción de Funcionarios del Distrito Judicial Puno, que absolvió al exdecano del CIP y también candidato al Gobierno Regional Puno (GRP), y otros dos funcionarios: Juan Salas Argandoña Rodríguez y Elmer Reynaldo Vilcapaza. ANULARON JUICIO No solo eso, los jueces superiores declararon nulo el juicio oral llevado a cabo en el extremo absolutorio y apartaron de este proceso al juez Calisaya Coila. Y, ordenaron  que el nuevo juez lleve a cabo nuevo juicio oral y emita otra resolución con arreglo a ley y teniendo en cuenta lo manifestado en la parte considerativa de la presente sentencia de vista . PRUEBAS EN CONTRA Fuentes del Poder Judicial indicaron que existen fundados elementos de convicción que fueron desestimados, y que el nuevo juicio oral se iniciaría en un par de meses y se resolverá en contadas audiencias, solo con tres procesados.  La situación es sumamente complicada, está probado el acto colusorio, la corrupción y todo. Los jueces tienen claro que no son inocentes , dijo un magistrado. NO RESPONDE Intentamos comunicarnos con Tonconi Quispe, pero no respondió las llamadas. Comentarios de Facebook También te puede interesar Arequipa: Tragedia en Arequipa: bus interprovincial cae a un abismo y deja 37 muertos y 14 heridos Una nueva tragedia enluta las carreteras del sur",2025-11-16T22:38:52.363631,2025-11-16T22:38:52.644640,2025-11-16T22:38:52.644643,Sin Fronteras,10882,"https://diariosinfronteras.com.pe/wp-content/uploads/2025/01/silueta-abridor5aaaa-660x330.jpg, https://diariosinfronteras.com.pe/wp-content/uploads/2020/06/dxt-nav.png",763,"El exdecano del Colegio de Ingenieros de Puno (CIP), Jhomar Marcelino Tonconi Quispe, se encuentra en graves problemas. La Sala Penal de Apelaciones anuló el extremo de una sentencia que en febrero de 2023 lo absolvió de delitos de corrupción de funcionarios, cuando debió ser condenado al igual que otros coinculpados.",,"Puno: Tonconi, de nuevo en el banquillo",https://diariosinfronteras.com.pe/2025/01/08/puno-tonconi-de-nuevo-en-el-banquillo/
Desconocido,1298,General,"Inicio PUNO Puno: 15 familias afectadas por fuertes vientos en Putina Punco Puno: 15 familias afectadas por fuertes vientos en Putina Punco Por Diario Sin Fronteras - 4 octubre, 2024 - En PUNO 492 Fuertes vientos generan destrozos. El centro poblado de Victoria Puerto Edén, en el distrito de San Pedro de Putina Punco, sufrió graves daños debido a vientos fuertes el 3 de octubre. En respuesta, la municipalidad activó su Centro de Operaciones de Emergencia (COED) y envió un equipo para evaluar la situación. Se constató que 15 familias resultaron afectadas, y la malla Rachell de protección del patio de la institución educativa inicial también colapsó. El 4 de octubre, se distribuyó ayuda humanitaria que incluía colchones, frazadas, plástico, ponchos impermeables y baldes. Las familias afectadas fueron reubicadas temporalmente en el Palacio Municipal, y se organizó la recuperación de las cubiertas de calamina con la participación de la comunidad. El jefe de Defensa Civil realiza un monitoreo de la situación, mientras las autoridades locales trabajan para restablecer la normalidad. Comentarios de Facebook También te puede interesar Puno: Intervienen al director de Energía y Minas por presunto uso indebido de camioneta en reunión privada El director regional de Energía y Minas, Edwin",2025-11-16T22:38:52.363631,2025-11-16T22:38:52.643884,2025-11-16T22:38:52.643886,Sin Fronteras,10881,"https://diariosinfronteras.com.pe/wp-content/uploads/2024/10/WhatsApp-Image-2024-10-04-at-8.02.11-PM-660x330.jpeg, https://diariosinfronteras.com.pe/wp-content/uploads/2020/06/dxt-nav.png",202,Puno: 15 familias afectadas por fuertes vientos en Putina Punco,,Puno: 15 familias afectadas por fuertes vientos en Putina Punco,https://diariosinfronteras.com.pe/2024/10/04/puno-15-familias-afectadas-por-fuertes-vientos-en-putina-punco/
Desconocido,1543,General,"Inicio PUNO Puno: Alcalde de Ocuviri sufre aparatoso accidente Puno: Alcalde de Ocuviri sufre aparatoso accidente Por Diario Sin Fronteras - 3 abril, 2025 - En PUNO 2221 El alcalde del distrito de Ocuviri, Vicente Lolo García Javier, junto a su equipo técnico, sufrió un grave accidente de tránsito esta mañana en la ruta Parina   Ocuviri, específicamente en el sector Quinsa Ccocha, en la provincia de Lampa. El siniestro ocurrió alrededor de las 11:45 a.m., cuando la camioneta de placa Z7Q-920, de color rojo, en la que se desplazaba la comitiva municipal, habría perdido el control debido al exceso de velocidad, según las primeras investigaciones. El vehículo dio varias vueltas de campana y terminó a un costado de la carretera, con el parabrisas destrozado y daños en la parte superior. Tras el impacto, el burgomaestre y algunos de sus acompañantes recibieron atención inicial en el puesto de salud de Ocuviri, mientras que los heridos de mayor gravedad fueron trasladados al hospital de Ayaviri para recibir tratamiento especializado. Los primeros en llegar al lugar fueron miembros del personal de salud. Posteriormente, efectivos policiales se hicieron presentes para investigar las causas exactas del accidente y determinar posibles responsabilidades. No se descarta la posibilidad de negligencia por parte de los tripulantes. Comentarios de Facebook También te puede interesar Puno: Intervienen al director de Energía y Minas por presunto uso indebido de camioneta en reunión privada El director regional de Energía y Minas, Edwin",2025-11-16T22:38:52.363631,2025-11-16T22:38:52.643599,2025-11-16T22:38:52.643601,Sin Fronteras,10880,"https://diariosinfronteras.com.pe/wp-content/uploads/2025/04/IMG_20250403_183424_800_x_533_pixel-660x330.jpg, https://diariosinfronteras.com.pe/wp-content/uploads/2020/06/dxt-nav.png",240,,,Puno: Alcalde de Ocuviri sufre aparatoso accidente,https://diariosinfronteras.com.pe/2025/04/03/puno-alcalde-de-ocuviri-sufre-aparatoso-accidente/
Desconocido,1880,General,"Inicio TACNA Tacna: Acusan a jefe de serenazgo de peculado y abuso Tacna: Acusan a jefe de serenazgo de peculado y abuso Por Diario Sin Fronteras - 2 mayo, 2025 - En TACNA 676 Sereno indicó que dos compañeros fueron testigos del hecho y registró un parte. Un sereno denunció públicamente que el jefe de Seguridad Ciudadana de la Municipalidad Distrital de Pocollay usó un vehículo de patrullaje para trasladarse con tres amigos ebrios a inmediaciones de discotecas del cercado la madrugada de este jueves. El agente José Gutiérrez Layme se identificó también como abogado de profesión y señaló que el subgerente de Seguridad Ciudadana, Williams Pérez Aguilar, habría cometido los delitos de peculado de uso y abuso de autoridad. Gutiérrez narró que cerca de las 04:30 horas de este jueves, cuando patrullaba con sus compañeros en la camioneta asignada al grupo, recibió una llamada del funcionario para que lo recoja cerca del polideportivo de Pocollay. Señaló que al llegar al punto abordaron el vehículo municipal el subgerente y sus acompañantes, una trabajadora edil y un varón y mujer desconocidos, todos en estado de ebriedad, pidiendo que los traslade al cercado de la ciudad, por lo que la unidad debía salir irregularmente de su jurisdicción. Según Gutiérrez, tras dejar al grupo en la avenida Leguía, cerca de la zona de discotecas, el funcionario lo agredió verbalmente y lo golpeó en un pómulo, para luego retirarse con sus amigos, con quienes habría festejado el Día del Trabajador. El agraviado indicó ayer que acudirá a la comisaría de Pocollay para presentar la denuncia del caso y pidió al alcalde distrital Tito García Mamani que adopte medidas al respecto. Comentarios de Facebook También te puede interesar Puno: Intervienen al director de Energía y Minas por presunto uso indebido de camioneta en reunión privada El director regional de Energía y Minas, Edwin",2025-11-16T22:38:52.363631,2025-11-16T22:38:52.643247,2025-11-16T22:38:52.643249,Sin Fronteras,10879,"https://diariosinfronteras.com.pe/wp-content/uploads/2025/05/abri-660x330.jpg, https://diariosinfronteras.com.pe/wp-content/uploads/2020/06/dxt-nav.png",308,,,Tacna: Acusan a jefe de serenazgo de peculado y abuso,https://diariosinfronteras.com.pe/2025/05/02/tacna-acusan-a-jefe-de-serenazgo-de-peculado-y-abuso/
Desconocido,2792,General,"Inicio PUNO Juliaca: Municipio busca reversión de los bienes de la Uancv Juliaca: Municipio busca reversión de los bienes de la Uancv Por Diario Sin Fronteras - 16 julio, 2024 - En PUNO 940 Alcalde mediante un comunicado garantiza los bienes El alcalde de la provincia de San Román, Oscar Cáceres Rodríguez, ante la solicitud denegada de licenciamiento por la Superintendencia Nacional de Educación Universitaria-Sunedu, y estando a puertas de concluir el proceso de cierre definitivo y cese de sus actividades académicas y administrativas de la Universidad Andina Néstor Cáceres Velásquez (Uancv), mediante un pronunciamiento oficial ha señalado que los bienes otorgados y su valorización se reviertan en su totalidad a la institución, es decir, a la comuna calcetera.  Ante el cierre y cese de actividades de la Uancv, la Municipalidad de San Román forma parte de la fundación promotora que se creó en el año 1983 a través de la Ley 23738, siendo en esa fecha la única institución que realizó un aporte de dinero e infraestructura de dicha casa de estudios. Ante la negativa del licenciamiento de Sunedu y ad portas del cierre definitivo, la MPSR garantizará que los bienes otorgados y su valorización se revierta en su totalidad a nuestra institución , señaló la autoridad edil. Asimismo, saludó el proyecto de Ley 06105, presentado por el congresista Carlos Zeballos Madariaga, ante la Comisión de Educación del Congreso, que revierte y deja sin efecto las donaciones o cesiones de terrenos de propiedad del Estado que fueron otorgados a instituciones educativas de todos los niveles.  La ley también autoriza a la Superintendencia Nacional de Bienes Estatales a regularizar e inscribir estos bienes, y faculta a la Sunarp para reinscribir la propiedad de dichos bienes a nombre del Estado. La Sunarp queda facultada para que de manera excepcional pueda reinscribir las partidas registrales, la propiedad de dichos bienes a nombre del Estado , refirió Oscar Cáceres  Es de necesidad pública el funcionamiento de esta nuestra universidad, por lo tanto, los bienes cautelados estarán a disposición del pueblo para gestionar un nuevo licenciamiento con un nuevo comité interventor ajeno a los que actualmente ocasionaron un enorme perjuicio en la formación superior universitaria de miles de estudiantes en la región Puno , señaló. Al finalizar, la autoridad edil, señaló que  la MPSR no reconoce ningún tipo u otra organización que salga de los parámetros de los objetivos de la fundación, porque nació con bienes del Estado, estamos obligados a cautelar estas propiedades , sentenció. Comentarios de Facebook También te puede interesar Puno: Intervienen al director de Energía y Minas por presunto uso indebido de camioneta en reunión privada El director regional de Energía y Minas, Edwin",2025-11-16T22:38:52.363631,2025-11-16T22:38:52.642613,2025-11-16T22:38:52.642616,Sin Fronteras,10878,"https://diariosinfronteras.com.pe/wp-content/uploads/2024/07/alcalde-caso-andina-660x330.jpg, https://diariosinfronteras.com.pe/wp-content/uploads/2020/06/dxt-nav.png",444,Juliaca: Municipio busca reversión de los bienes de la Uancv,,Juliaca: Municipio busca reversión de los bienes de la Uancv,https://diariosinfronteras.com.pe/2024/07/16/municipio-busca-reversion-de-los-bienes-de-la-uancv/
Desconocido,3760,General,"Inicio NACIONAL A partir del 1 de enero los conductores profesionales deberán cumplir con curso de actualización del MTC A partir del 1 de enero los conductores profesionales deberán cumplir con curso de actualización del MTC Por Diario Sin Fronteras - 22 diciembre, 2024 - En NACIONAL 915 El Fiscafono de la Sutran es una herramienta contra el transporte informal. A partir del 1 de enero de 2025, los conductores y transportistas en Perú deberán acreditar la aprobación de un curso de actualización sobre la normativa de transporte y tránsito para continuar operando en el territorio nacional. Esta medida, establecida por la Superintendencia de Transporte Terrestre de Personas, Carga y Mercancías (SUTRAN), busca reforzar la seguridad vial y garantizar un transporte más eficiente. Según informó la entidad, la exigencia se aplicará de manera progresiva, dependiendo del tipo de servicio que presten los conductores. De acuerdo con lo estipulado en el Decreto Supremo N  013-2023-MTC, publicado el 31 de agosto de 2023, el cronograma de implementación del curso se divide en cuatro etapas. El primer grupo, que incluye a los conductores de transporte internacional y servicios especiales como taxis, traslado turístico terrestre y movilidad de estudiantes o trabajadores, deberá cumplir con esta obligación desde el 1 de enero de 2025. El segundo grupo, conformado por conductores de transporte regular de personas, tendrá como fecha límite el 1 de marzo del mismo año. Posteriormente, el 1 de mayo, se exigirá el cumplimiento a los conductores de transporte de mercancías especiales. Finalmente, el 1 de julio de 2025, la medida será obligatoria para quienes operen en el transporte de mercancías en general. El curso de actualización, que deberá realizarse cada cinco años, tiene una duración de seis horas pedagógicas y será impartido exclusivamente en escuelas de conductores autorizadas por el Ministerio de Transportes y Comunicaciones (MTC). Según detalló la SUTRAN, los participantes podrán optar por completar la capacitación en una o tres sesiones presenciales, registrando su asistencia mediante un sistema de identificación biométrica al inicio y al final de cada sesión. La SUTRAN enfatizó la importancia de cumplir con esta normativa de manera anticipada para evitar sanciones. Según el Reglamento Nacional de Administración del Transporte, no aprobar el curso conllevará la retención de la licencia de conducir y la suspensión de la habilitación del conductor por un período de 60 días. Estas medidas buscan garantizar que los conductores estén actualizados en las disposiciones legales y técnicas que rigen el transporte terrestre en el país. Además de las sanciones, la entidad subrayó que esta capacitación tiene como objetivo fortalecer los conocimientos de los conductores sobre la reglamentación vigente, contribuyendo a la seguridad vial y a la mejora del servicio de transporte. Según informó la SUTRAN, esta iniciativa forma parte de un esfuerzo más amplio por profesionalizar el sector y reducir los riesgos asociados al incumplimiento de las normas de tránsito. El curso, que abarca aspectos clave de la normativa de transporte y tránsito, se presenta como una herramienta fundamental para garantizar que los conductores estén preparados para enfrentar los desafíos del transporte terrestre en un entorno cada vez más exigente. La SUTRAN instó a los transportistas a no esperar hasta las fechas límite para cumplir con esta obligación, destacando que la planificación anticipada facilitará el proceso y evitará contratiempos. Comentarios de Facebook También te puede interesar Puno: Intervienen al director de Energía y Minas por presunto uso indebido de camioneta en reunión privada El director regional de Energía y Minas, Edwin",2025-11-16T22:38:52.363631,2025-11-16T22:38:52.642229,2025-11-16T22:38:52.642232,Sin Fronteras,10877,"https://diariosinfronteras.com.pe/wp-content/uploads/2024/12/Sin-titulo-20-660x330.jpg, https://diariosinfronteras.com.pe/wp-content/uploads/2020/06/dxt-nav.png",577,,,A partir del 1 de enero los conductores profesionales deberán cumplir con curso de actualización del MTC,https://diariosinfronteras.com.pe/2024/12/22/a-partir-del-1-de-enero-los-conductores-profesionales-deberan-cumplir-con-curso-de-actualizacion-del-mtc/
Desconocido,1618,General,"Inicio PUNO Puno: Caen  Los Lanzas de la Dominical  Puno: Caen  Los Lanzas de la Dominical  Por Redacción Diario Sin Fronteras - 13 octubre, 2025 - En PUNO 1181 Caen  Los Lanzas de la Dominical  Juliaca. Caen  Lanceros . Tres presuntos  delincuentes al paso  conocidos como  Los Lanzas de la Dominical de Juliaca , fueron capturados por los efectivos del Areincri PNP del Departamento de Investigación Criminal (Depincri) de Juliaca, luego de un trabajo de seguimiento por la Sección de Inteligencia. La detención se produjo cerca de las 8:30 de la mañana del domingo, entre los jirones Carabaya y Libertad, donde los sujetos fueron sorprendidos en flagrancia. INVESTIGADOS Los detenidos fueron identificados como Daniel Iván Fuentes R. (44), alias  Chacalón ; Jhon Reyner Suyo M. (26), apodado  Chato ; y Jabel Addizon Chihuantito R. (34), conocido como  El Piti . Según las investigaciones policiales, los investigados se reunían en los parques de La Dominical y el óvalo de la salida a Cusco, desde donde elegían a sus víctimas y las seguían para sustraerles celulares u otros bienes de valor. Asimismo, durante el operativo, la Policía incautó cuatro celulares de distintas marcas y modelos, presuntamente robados, por lo que afrontan una investigación por presunto hurto agravado. La diligencia se realizó con participación de la fiscal de flagrancia, Irma Cruz Choque, quien dispuso continuar las investigaciones. Comentarios de Facebook También te puede interesar Arequipa: Tragedia en Arequipa: bus interprovincial cae a un abismo y deja 37 muertos y 14 heridos Una nueva tragedia enluta las carreteras del sur",2025-11-16T22:38:52.363631,2025-11-16T22:38:52.639836,2025-11-16T22:38:52.639838,Sin Fronteras,10876,"https://diariosinfronteras.com.pe/wp-content/uploads/2025/10/1772dafe-a8e5-472d-a85a-980a13d0b1cb-1-660x330.jpeg, https://diariosinfronteras.com.pe/wp-content/uploads/2020/06/dxt-nav.png",256,"Juliaca. Caen  Lanceros . Tres presuntos  delincuentes al paso  conocidos como  Los Lanzas de la Dominical de Juliaca , fueron capturados por los efectivos del Areincri PNP del Departamento de Investigación Criminal (Depincri) de Juliaca, luego de un trabajo de seguimiento por la Sección de Inteligencia.",,Puno: Caen  Los Lanzas de la Dominical,https://diariosinfronteras.com.pe/2025/10/13/puno-caen-los-lanzas-de-la-dominical/
Desconocido,1065,General,"Inicio PUNO Puno: Mototaxista en estado etílico causa accidente Puno: Mototaxista en estado etílico causa accidente Por Redacción Diario Sin Fronteras - 21 octubre, 2024 - En PUNO 775 .El personal policial intervino al mototaxista José Luis Flores Chino (28), tras protagonizar un accidente de tránsito en la avenida Mártires 4 de Noviembre con el jirón Colorado. El personal policial intervino al mototaxista José Luis Flores Chino (28), tras protagonizar un accidente de tránsito en la avenida Mártires 4 de Noviembre con el jirón Colorado. El joven conductor de la moto  torito  con matrícula B8-9453, impactó contra la camioneta estacionada de placa Z3Y-353, causando daños materiales en ambos vehículos. Según testigos, Flores Chino presentaba signos de haber consumido alcohol, lo que fue confirmado por un examen de dosaje etílico y sería causa del accidente. Comentarios de Facebook También te puede interesar Arequipa: Tragedia en Arequipa: bus interprovincial cae a un abismo y deja 37 muertos y 14 heridos Una nueva tragedia enluta las carreteras del sur",2025-11-16T22:38:52.363631,2025-11-16T22:38:52.639464,2025-11-16T22:38:52.639467,Sin Fronteras,10875,"https://diariosinfronteras.com.pe/wp-content/uploads/2024/10/8.-MOTOTAXISTA-EN-ESTADO-ETILICO-CAUSA-ACCIDENTE-660x330.jpg, https://diariosinfronteras.com.pe/wp-content/uploads/2020/06/dxt-nav.png",166,".El personal policial intervino al mototaxista José Luis Flores Chino (28), tras protagonizar un accidente de tránsito en la avenida Mártires 4 de Noviembre con el jirón Colorado.",,Puno: Mototaxista en estado etílico causa accidente,https://diariosinfronteras.com.pe/2024/10/21/puno-mototaxista-en-estado-etilico-causa-accidente/
Desconocido,1659,General,"Inicio PUNO Puno:  Los Malabaristas del Sur  caen tras hurto Puno:  Los Malabaristas del Sur  caen tras hurto Por Redacción Diario Sin Fronteras - 28 octubre, 2024 - En PUNO 401 LOS MALABARISTAS CAEN TRAS HURTO  Caen con el botín! Los efectivos policiales de Pucará detuvieron a dos personas involucradas en el hurto de materiales y equipos de la Institución Educativa Nº 70846, ubicada en el barrio Progreso. Los presuntos ladrones integrarían la banda denominada  Los Malabaristas del Sur , quienes fueron intervenidos en flagrancia, a su vez, la Policía logró recuperar los objetos sustraídos. DETENCIÓN El operativo policial se ejecutó tras la denuncia de Evangelina Pari, quien es el personal administrativo de la escuela. A raíz de ello, primero detuvieron a José María Dávila Sucapuca (33), quien fue encontrado en el interior del centro educativo con bolsas que contenían material escolar como témperas, plumones y colores. EL VEHÍCULO Posteriormente, la Policía ubicó la furgoneta de placa V6J-925, estacionada cerca de un parador en la salida hacia Ayaviri. El conductor, Cornelio Dávila Heredia (64), también fue detenido, ya que dentro del vehículo se hallaron dos televisores, una radio Akita y más material educativo robado. Los detenidos, ambos naturales de Arequipa, fueron trasladados a la comisaría de Pucará, a fin de realizar las diligencias y esclarecer el grado de participación de cada uno, junto a la Fiscalía Penal Provincial de Lampa. Comentarios de Facebook También te puede interesar Arequipa: Tragedia en Arequipa: bus interprovincial cae a un abismo y deja 37 muertos y 14 heridos Una nueva tragedia enluta las carreteras del sur",2025-11-16T22:38:52.363631,2025-11-16T22:38:52.637423,2025-11-16T22:38:52.637425,Sin Fronteras,10874,"https://diariosinfronteras.com.pe/wp-content/uploads/2024/10/1.-LOS-MALABARISTAS-CAEN-TRAS-HURTO-Foton-660x330.jpg, https://diariosinfronteras.com.pe/wp-content/uploads/2020/06/dxt-nav.png",262,"Caen con el botín! Los efectivos policiales de Pucará detuvieron a dos personas involucradas en el hurto de materiales y equipos de la Institución Educativa Nº 70846, ubicada en el barrio Progreso.",,Puno:  Los Malabaristas del Sur  caen tras hurto,https://diariosinfronteras.com.pe/2024/10/28/puno-los-malabaristas-del-sur-caen-tras-hurto/
Desconocido,1501,General,"Inicio PUNO Puno: Padre entrega bancas a la Parroquia San Miguel de Ilave Puno: Padre entrega bancas a la Parroquia San Miguel de Ilave Por Diario Sin Fronteras - 28 marzo, 2025 - En PUNO 721 Dona sillas. El padre Pedro Sihuayro Machicado, quien en varias ocasiones asumió el cargo de párroco de la Parroquia San Miguel de Ilave, hizo entrega de ocho bancas nuevas al templo, con el objetivo de brindar mayor comodidad a los feligreses durante las misas. Durante su primera gestión, el padre Pedro realizó varias obras en la parroquia, como el arreglo del atrio, la capilla y el mantenimiento del techo del templo, demostrando siempre su compromiso con la comunidad. En el 2024, asumió nuevamente el cargo en un contexto difícil, marcado por la desconfianza hacia los sacerdotes. Las bancas, valuadas en 800 soles cada una (con un total de 8,400 soles), fueron donadas gracias a las contribuciones de devotos de San Miguel Arcángel y fondos recaudados por la parroquia. El padre Pedro hizo la entrega formal al padre Robert, actual encargado del templo. Los feligreses agradecieron al sacerdote por su labor en el fortalecimiento de la fe y el cuidado del templo. Muchos ilaveños destacaron su transparencia y cercanía, especialmente por ser un sacerdote aymara que siempre trabajó por su pueblo. Comentarios de Facebook También te puede interesar Puno: Intervienen al director de Energía y Minas por presunto uso indebido de camioneta en reunión privada El director regional de Energía y Minas, Edwin",2025-11-16T22:38:52.363631,2025-11-16T22:38:52.636848,2025-11-16T22:38:52.636850,Sin Fronteras,10873,"https://diariosinfronteras.com.pe/wp-content/uploads/2025/03/IMG_20250328_210259_800_x_533_pixel-660x330.jpg, https://diariosinfronteras.com.pe/wp-content/uploads/2020/06/dxt-nav.png",248,,,Puno: Padre entrega bancas a la Parroquia San Miguel de Ilave,https://diariosinfronteras.com.pe/2025/03/28/puno-padre-entrega-bancas-a-la-parroquia-san-miguel-de-ilave/
Desconocido,941,General,"Inicio DEPORTES Puno: Partido crucial de Copa Perú en Santiago de Pupuja Puno: Partido crucial de Copa Perú en Santiago de Pupuja Por Diario Sin Fronteras - 24 mayo, 2024 - En DEPORTES 1151 Este domingo en el partido estelar, de la Copa Perú del distrito de Santiago de Pupuja, el Cadec Callapani rivalizará con Illanes 48 Llallahua, por el único boleto a la etapa Provincial. Ambos equipos acumularon 6 unidades, por ende necesitan los 3 puntos para avanzar a la fase Provincial, de registrarse el empate; no se moverá la tabla comparativa de valores y jugarán un partido de eliminación simple. En el estadio Municipal de Santiago de Pupuja empezará la última fecha con el choque de Universitario Perú ante Boca Juniors Palangana y a las 15 horas será el partido estelar. Comentarios de Facebook También te puede interesar Cientos de jóvenes puneños rinden examen de preselección para Beca 18 Aspirantes de toda la región participaron en la",2025-11-16T22:38:52.363631,2025-11-16T22:38:52.636216,2025-11-16T22:38:52.636219,Sin Fronteras,10872,"https://diariosinfronteras.com.pe/wp-content/uploads/2024/05/WhatsApp-Image-2024-05-24-at-4.55.43-PM-660x330.jpeg, https://diariosinfronteras.com.pe/wp-content/uploads/2020/06/dxt-nav.png",159,Puno: Partido crucial de Copa Perú en Santiago de Pupuja,,Puno: Partido crucial de Copa Perú en Santiago de Pupuja,https://diariosinfronteras.com.pe/2024/05/24/puno-partido-crucial-de-copa-peru-en-santiago-de-pupuja/
Desconocido,1674,General,"Inicio PUNO Juliaca: Fervor y patriotismo en desfile cívico militar Juliaca: Fervor y patriotismo en desfile cívico militar Por Diario Sin Fronteras - 25 julio, 2025 - En PUNO 1650 Con profundo respeto por la historia del Perú y con el corazón henchido de orgullo patriótico, la ciudad de Juliaca vivió una jornada llena de emoción y fervor en los Actos Centrales por los 204 años de la Independencia del Perú. Desde las primeras horas de la mañana, la Municipalidad Provincial de San Román, instituciones civiles y militares, organizaciones sociales y cientos de vecinos y vecinas se congregaron para rendir homenaje al Perú, nuestra tierra querida. La jornada se inició con una emotiva misa y te deum, donde se elevó una oración por la paz, la unidad nacional y el futuro de nuestra región y nuestro país. Con gran solemnidad y espíritu patriótico, se realizó el izamiento del Pabellón Nacional y de la Bandera de Juliaca, símbolo del compromiso de nuestra ciudad con los valores de libertad, justicia y democracia. El acto central continuó con el esperado Desfile Cívico Militar, que vistió de gala nuestras calles. Participaron los trabajadores de la comuna calcetera, instituciones públicas y privadas, los tenientes y rondas campesinas, Fuerzas Armadas y Policiales, demostrando su disciplina, identidad y amor por el Perú. El colorido fue reconocido y aplaudido por el público asistente, quienes se deleitaron con el paso marcial de cada una de las delegaciones. Comentarios de Facebook También te puede interesar Puno: Intervienen al director de Energía y Minas por presunto uso indebido de camioneta en reunión privada El director regional de Energía y Minas, Edwin",2025-11-16T22:38:52.363631,2025-11-16T22:38:52.635604,2025-11-16T22:38:52.635606,Sin Fronteras,10871,"https://diariosinfronteras.com.pe/wp-content/uploads/2025/07/desfile-660x330.jpg, https://diariosinfronteras.com.pe/wp-content/uploads/2020/06/dxt-nav.png",270,,,Juliaca: Fervor y patriotismo en desfile cívico militar,https://diariosinfronteras.com.pe/2025/07/25/juliaca-fervor-y-patriotismo-en-desfile-civico-militar/
Desconocido,1847,General,"Inicio POLITICA César Acuña afirma que tiene cercanía con Dina Boluarte:  Conversamos de vez en cuando  César Acuña afirma que tiene cercanía con Dina Boluarte:  Conversamos de vez en cuando  Por Diario Sin Fronteras - 22 julio, 2025 - En POLITICA 497 Aunque faltan varios meses para las elecciones generales de 2026, los aspirantes al sillón presidencial ya comenzaron su campaña electoral a través de las plataformas digitales, y uno de los primeros en comenzar a buscar votos es el gobernador de La Libertad, César Acuña, quien hace unos días atrás fue entrevistado por el streamer conocido como  Cristorata . Durante su conversación con el creador de contenido, el líder de Alianza para el Progreso (APP) reveló que tiene una serie de fotografías con los exmandatarios del país, desatando la consulta del influencer, sobre la relación que tiene con Dina Boluarte.  Es la actual, Dina. La actual.  Y se lleva bien con Dina o no? , le preguntó en un primer momento  Cristorata , a lo que la autoridad regional no dudó en responder.  Sí, ahí conversamos. De vez en cuando , mencionó Acuña Peralta. Un momento que llamó la atención para los cibernautas durante esta entrevista fue la consulta que le hizo el influencer a César Acuña sobre su curso favorito en el colegio, sin embargo, al revelar lo que le gustaba en su época de estudiante, no tuvo respuesta para una operación matemática.  Te cuento que yo fui premio excelencia. Me gustaba la matemática , dijo en primer momento el líder de APP, pero al escuchar ello, el creador de contenido le pidió que resolviera un problema de multiplicación.   Cuánto es 7 8? , quedándose en silencio. Comentarios de Facebook También te puede interesar Puno: Intervienen al director de Energía y Minas por presunto uso indebido de camioneta en reunión privada El director regional de Energía y Minas, Edwin",2025-11-16T22:38:52.363631,2025-11-16T22:38:52.635166,2025-11-16T22:38:52.635168,Sin Fronteras,10870,"https://diariosinfronteras.com.pe/wp-content/uploads/2025/07/orig-1753223055318-660x330.png, https://diariosinfronteras.com.pe/wp-content/uploads/2020/06/dxt-nav.png",311,,,César Acuña afirma que tiene cercanía con Dina Boluarte:  Conversamos de vez en cuando,https://diariosinfronteras.com.pe/2025/07/22/cesar-acuna-afirma-que-tiene-cercania-con-dina-boluarte-conversamos-de-vez-en-cuando/
Desconocido,4102,General,"Inicio PUNO Puno: Se desata crisis en la Uancv,  las autoridades se dividen? Puno: Se desata crisis en la Uancv,  las autoridades se dividen? Por Redacción Diario Sin Fronteras - 14 abril, 2025 - En PUNO 881 Se desata crisis en la Uancv,  las autoridades se dividen? Una nueva crisis institucional sacude a la Universidad Andina  Néstor Cáceres Velásquez  (UANCV), tras autoconvocatorias impulsadas por un sector de la comunidad universitaria que exige cambios urgentes en la gestión actual. Mientras tanto, el rector Félix Ochatoma Paravicino ha emitido un contundente pronunciamiento rechazando dichas acciones y reafirmando su autoridad, lo que ha generado tensiones internas y un ambiente de creciente incertidumbre. Según fuentes dentro de la universidad, el conflicto se desató luego de que un grupo de docentes y representantes universitarios presuntamente liderados por uno de los vicerrectores convocaran a reuniones dentro de la universidad alegando el incumplimiento de funciones y decisiones arbitrarias por parte de las actuales autoridades. Sin embargo, según el comunicado oficial firmado por el rector Ochatoma, estas reuniones son consideradas  clandestinas  y  fuera del marco legal . PRONUNCIAMIENTO En el pronunciamiento difundido el 12 de abril, el rector calificó estas iniciativas como  ansias de poder  disfrazadas de legalidad, afirmando que cualquier convocatoria extraordinaria debe realizarse respetando el Estatuto Universitario, la Ley Universitaria y los procedimientos administrativos internos. Asimismo, advirtió que no se tolerará el deterioro de la institucionalidad ni intentos de generar desgobierno. PEDIDO DE VACANCIA Uno de los puntos críticos que alimentó la tensión es el pedido de vacancia contra el rector, presentado con registro N.  004650 el pasado 7 de abril. El documento se encuentra actualmente en evaluación por la Oficina de Asesoría Jurídica, lo que ha generado expectativas sobre una posible reestructuración del gobierno universitario. DEJAN SIN EFECTO ENCARGATURAS En el pronunciamiento el rector informó que, durante la sesión extraordinaria virtual desarrollada el último viernes, el Consejo Universitario decidió dejar sin efecto las encargaturas de decanos de facultades, argumentando que no se cumplía con los requisitos mínimos, como contar con más de tres años como docentes principales. Esta decisión ha sido vista por algunos sectores como una purga interna para consolidar el control del Rectorado.   (los encargados solo cuentan con 7 días con categoría de principal al momento de su designación) y los vicios encontrados en la motivación de dicha resolución , indica parte del pronunciamiento del rector. Finalmente, en el pronunciamiento indica textualmente:  Se exhorta la comunidad universitaria, a los representantes ante los diversos órganos de gobiernos de la Universidad, a la opinión pública a no dejarse sorprender por sectores interesados en generar un desgobierno y un deterioro de la institucionalidad de Universidad . EL OTRO PRONUNCIAMIENTO En tanto, otro grupo de la Uancv que se hace llamar  Docentes juntos por el licenciamiento , también emitió un pronunciamiento exigiendo que se respete el Estatuto y las resoluciones emitidas por los órganos de gobierno, el cual según ellos se estaría vulnerando argumentando que el rector pretendería extender su mandato, lo que consideraron como una amenaza a la legalidad y el buen funcionamiento de la universidad. Además, pidieron que se priorice el licenciamiento de la universidad y llamaron a una restauración de la gobernabilidad y transparencia institucional. CRISIS El desencadenamiento de esta crisis ha generado incertidumbre en la comunidad universitaria, poniendo en peligro el proceso de licenciamiento. Al respecto, intentamos comunicarnos con el rector al número 985505xxx, sin embargo nos contestó un varón indicándonos que Ochatoma salió olvidando su celular. Comentarios de Facebook También te puede interesar Arequipa: Tragedia en Arequipa: bus interprovincial cae a un abismo y deja 37 muertos y 14 heridos Una nueva tragedia enluta las carreteras del sur",2025-11-16T22:38:52.363631,2025-11-16T22:38:52.634363,2025-11-16T22:38:52.634366,Sin Fronteras,10869,"https://diariosinfronteras.com.pe/wp-content/uploads/2025/04/UANC-660x330.jpg, https://diariosinfronteras.com.pe/wp-content/uploads/2020/06/dxt-nav.png",606,"Una nueva crisis institucional sacude a la Universidad Andina  Néstor Cáceres Velásquez  (UANCV), tras autoconvocatorias impulsadas por un sector de la comunidad universitaria que exige cambios urgentes en la gestión actual. Mientras tanto, el rector Félix Ochatoma Paravicino ha emitido un contundente pronunciamiento rechazando dichas acciones y reafirmando su autoridad, lo que ha generado tensiones internas y un ambiente de creciente incertidumbre.",,"Puno: Se desata crisis en la Uancv,  las autoridades se dividen?",https://diariosinfronteras.com.pe/2025/04/14/puno-se-desata-crisis-en-la-uancv-las-autoridades-se-dividen/
Desconocido,3553,General,"Inicio ESCENARIO Destruyen a periodista que criticó al perro actor de  Vaguito  Destruyen a periodista que criticó al perro actor de  Vaguito  Por Diario Sin Fronteras - 26 abril, 2024 - En ESCENARIO 1488  Vaguito  es todo un éxito rotundo en los cines peruanos con más de 100 mil espectadores que quedaron maravillados con la historia del bautizado como  Hachiko peruano  que hasta el día de hoy vive esperando a su dueño en las playas de Punta Negra. Para la realización del filme, el director Alex Hidalgo comentó que se hizo un casting para escoger al perrito actor ideal, pues el  Vaguito  original es un perrito mayor de 13 años y ya no podía ser entrenado para participar en la película. Con ello, el adiestrador Wilbert Flores rescató a un perrito abandonado bautizado también como  Vaguito  para interpretar al can original. Sin embargo, un periodista de un conocido diario tuvo duros comentarios contra el actor de cuatro patas sobre su desenvolvimiento, lo que provocó la ira del público peruano. En una columna de crítica del Diario El Peruano, el periodista José Romero no tuvo piedad y tuvo duros comentarios contra el filme que tiene como fin concientizar a las personas sobre el abandono y cuidado de los animalitos, además que los fondos recaudados irán al albergue de perritos abandonados  Vaguitos de cuatro patas . Dentro de las críticas, el periodista aseguró que se hizo una mala elección del perrito actor de  Vaguito  y resaltó sus defectos:  El filme, dirigido por Álex Hidalgo, tiene limitaciones tanto creativas como de producción desde la escena inicial. ( ) En épocas en las que el buen desempeño actoral no se limita a los humanos, aquí tenemos un can que no da la talla, que no ladra al nivel que exigen las situaciones , expresó. Tras ello, los internautas de las redes sociales no dudaron en pronunciarse y devolvérsela al comunicador en defensa del ahora estrella de cine perruno que se robó el corazón de todos los peruanos.  Cómo defendieron al perrito que también fue rescatado? El público peruano se levantó y no dudó en defender a capa y espada el filme y al perrito actor que protagonizó al  Hachiko peruano , pues no perdonaron que siendo una película con fines benéficos, el comunicador se atreva a minimizar el filme cuestionando su calidad, lo que claramente podría influenciar en que otras personas no acudan a las salas. Incluso, muchos recordaron la historia del perrito actor de  Vaguito , quien es un perrito rescatado y fue entrenado en muy poco tiempo a sus tres años de edad, pero enamoró a todos con su inocencia y carisma. Con ello, los internautas lo calificaron de  poco humano  por sus duros comentarios en lugar de apoyar la buena causa. Estos buenos algunos de los comentarios.  A quién le importa, nosotros apoyemos a Vaguito para ayudar a otros Vaguitos que necesitan comer si critica tanto que ayuda a los animales ,  El tipo no da la talla para ser periodista ,  Él no da la talla para ser humano ,  Va criticar en lugar de ayudar al cine nacional ,   Este personaje habrá averiguado el contexto y los fines con los que se realizó la película? Este perrito ha sido un perrito abandonado en algún momento y representó a  Vaguito .  A quién esperaba este crítico?  A un perrito de Hollywood? ,  Se cree perrito y se siente picón porque no lo escogieron , fueron algunas de las opiniones. Comentarios de Facebook También te puede interesar Puno: Intervienen al director de Energía y Minas por presunto uso indebido de camioneta en reunión privada El director regional de Energía y Minas, Edwin",2025-11-16T22:38:52.363631,2025-11-16T22:38:52.632482,2025-11-16T22:38:52.632484,Sin Fronteras,10868,"https://diariosinfronteras.com.pe/wp-content/uploads/2024/04/Sin-titulo-1-01-10.jpg, https://diariosinfronteras.com.pe/wp-content/uploads/2020/06/dxt-nav.png",611,,,Destruyen a periodista que criticó al perro actor de  Vaguito,https://diariosinfronteras.com.pe/2024/04/26/destruyen-a-periodista-que-critico-al-perro-actor-de-vaguito/
Desconocido,1707,General,"Inicio DEPORTES Alianza Lima vs Sport Boys por Liga1 Alianza Lima vs Sport Boys por Liga1 Por Diario Sin Fronteras - 18 abril, 2024 - En DEPORTES 1733 Hernán Barcos. Alianza Lima vs Sport Boys se enfrentan hoy en el estadio Nacional, en Lima, por la jornada 12 del Apertura por la Liga1 Te Apuesto. Blanquiazules deben ganar o ganar y los chalacos mejorar en su racha para posicionarse bien en la tabla. El duelo entre Alianza Lima vs Sport Boys se inicia a las 8:00 p.m. (horario peruano) y será transmitido por la señal Liga1 MAX en DirecTV, DSports, Bets Cable, Claro Tv. Sport Boys llega a este duelo ante los íntimos habiendo perdido por 2-1 ante Universitario de Deportes, también en el estadio Nacional y debe mejorar sus estrategias. Los jugadores del cuadro chalaco: Steven Rivadeneyra, Édinson Chávez y Joao Villamarín, estuvieron anteriormente jugando en Alianza Lima. Poe su lado, Alianza Lima aún tiene la esperanza de pelear la puntería desde su tercer puesto (21) donde se ubican a seis puntos de la  U  (27) y siete de Sporting Cristal (28). En una reciente entrevista con Radio Ovación, el gerente deportivo de Alianza Lima, Bruno Marioni, indicó que después de la Copa Libertadores, podrían traer refuerzos a su plantilla de jugadores.  Tras la Copa Libertadores haremos un análisis del plantel y si creemos que hay que reforzar, lo haremos. Parte de mi función es ayudar a conformar un plantel mucho más fuerte, pese a que creo que tenemos el mejor plantel del Perú , apuntó Marioni. Comentarios de Facebook También te puede interesar Puno: Intervienen al director de Energía y Minas por presunto uso indebido de camioneta en reunión privada El director regional de Energía y Minas, Edwin",2025-11-16T22:38:52.363631,2025-11-16T22:38:52.631610,2025-11-16T22:38:52.631613,Sin Fronteras,10867,"https://diariosinfronteras.com.pe/wp-content/uploads/2024/04/a-5.jpg, https://diariosinfronteras.com.pe/wp-content/uploads/2020/06/dxt-nav.png",290,,,Alianza Lima vs Sport Boys por Liga1,https://diariosinfronteras.com.pe/2024/04/18/alianza-lima-vs-sport-boys-por-liga1/
Desconocido,1559,General,"Inicio PUNO Puno: Pobladores de Azángaro exigen reinicio de proyecto ganadero paralizado por el PEBLT Puno: Pobladores de Azángaro exigen reinicio de proyecto ganadero paralizado por el PEBLT Por Redacción Diario Sin Fronteras - 31 enero, 2025 - En PUNO 392 Pobladores de Azángaro exigen reinicio de proyecto ganadero paralizado por el PEBLT Representantes de 96 comunidades de Azángaro protestaron contra la paralización del proyecto  Mejoramiento de la Cadena Productiva del Ganado Vacuno Lechero en la Cuenca del Río Ramis , ejecutado por el Proyecto Especial Binacional Lago Titicaca (PEBLT). El proyecto, que beneficiaría a los distritos de Azángaro y San José, está detenido desde diciembre de 2023 sin explicación, afectando a unas 2 mil familias. Miriam Catara Bellido, presidenta de la microcuenca II, denunció que el proyecto incluía la contratación de veterinarios para inseminaciones de ganado, proceso vital para los ganaderos. Sin embargo, el personal dejó de trabajar sin previo aviso. A pesar de los reiterados pedidos de reinicio, el PEBLT no ha respondido, generando incertidumbre y perjuicios económicos. Con un presupuesto de S  11,000.00 soles, el proyecto solo operó seis meses antes de ser paralizado. Los pobladores exigen su reactivación inmediata para evitar mayores pérdidas. Hasta ahora, el PEBLT no se ha pronunciado sobre el caso. Comentarios de Facebook También te puede interesar Arequipa: Tragedia en Arequipa: bus interprovincial cae a un abismo y deja 37 muertos y 14 heridos Una nueva tragedia enluta las carreteras del sur",2025-11-16T22:38:52.363631,2025-11-16T22:38:52.630797,2025-11-16T22:38:52.630800,Sin Fronteras,10866,"https://diariosinfronteras.com.pe/wp-content/uploads/2025/01/WhatsApp-Image-2025-01-31-at-11.44.18-660x330.jpeg, https://diariosinfronteras.com.pe/wp-content/uploads/2020/06/dxt-nav.png",240,"Representantes de 96 comunidades de Azángaro protestaron contra la paralización del proyecto  Mejoramiento de la Cadena Productiva del Ganado Vacuno Lechero en la Cuenca del Río Ramis , ejecutado por el Proyecto Especial Binacional Lago Titicaca (PEBLT).",,Puno: Pobladores de Azángaro exigen reinicio de proyecto ganadero paralizado por el PEBLT,https://diariosinfronteras.com.pe/2025/01/31/puno-pobladores-de-azangaro-exigen-reinicio-de-proyecto-ganadero-paralizado-por-el-peblt/
Desconocido,3154,General,"Inicio NACIONAL Congreso: Comisión de Descentralización aprueba que serenos utilicen pistola de electrochoque Congreso: Comisión de Descentralización aprueba que serenos utilicen pistola de electrochoque Por Redacción Diario Sin Fronteras - 2 abril, 2025 - En NACIONAL 332 Congreso: Comisión de Descentralización aprueba que serenos utilicen pistola de electrochoque La Comisión de Descentralización, Regionalización, Gobiernos Locales y Modernización de la Gestión del Estado del Congreso de la República aprobó una propuesta que autoriza el uso de pistolas eléctricas o de electrochoque como herramienta de defensa para los serenos.  En qué consiste el dictamen aprobado por la Comisión de Descentralización? El dictamen aprobado permite que, además de los medios de defensa tradicionales como escudos, bastones tonfa, grilletes, aerosoles de pimienta y chalecos antibalas, los serenos puedan emplear pistolas eléctricas en el ejercicio de sus funciones. El propósito de estos elementos es prevenir y disuadir delitos y faltas contra la seguridad ciudadana, siempre respetando los derechos fundamentales de las personas. Esta modificación se logró mediante la aprobación mayoritaria del dictamen de ley que reforma el artículo 20 de la Ley 31297, Ley del Servicio de Serenazgo Municipal, como parte de los proyectos de ley 7874 2023-CR y 10075 2024-CR. Según las disposiciones complementarias, los serenos que utilicen armas de electrochoque deberán recibir capacitación previa. Los programas de formación incluirán entrenamientos en campo, simuladores y prácticas en polígonos de tiro. Mininter evaluará posibilidad de incluir cámaras corporales en serenos Además, el Ministerio del Interior (Mininter) evaluará la posibilidad de incluir cámaras corporales activas en los serenos que usen estos dispositivos, según establece el dictamen. El Poder Ejecutivo, con la aprobación del Ministerio del Interior, deberá adecuar el Reglamento de la Ley 31297 en un plazo máximo de 60 días calendario, contados desde la promulgación de la ley.  Qué dice la Ley 31297 sobre el serenazgo municipal? La Ley del Servicio de Serenazgo Municipal regula las responsabilidades, funciones y atribuciones de los serenos, quienes forman parte del sistema de seguridad ciudadana gestionado por los gobiernos locales. Su principal propósito es asegurar la paz social mediante tareas de vigilancia, asistencia en emergencias y colaboración con la Policía Nacional del Perú (PNP). Asimismo, la ley define los métodos de coordinación entre el serenazgo y otras entidades de seguridad, y establece que sus actuaciones deben ajustarse a los derechos humanos y al marco legal vigente. De esta manera, la Comisión de Descentralización del Congreso de la República aprobó una propuesta que autoriza el uso de pistolas eléctricas o de electrochoque como herramienta de defensa para los serenos, ello en el marco la creciente ola de inseguridad ciudadana que azota diariamente al país. Comentarios de Facebook También te puede interesar Arequipa: Tragedia en Arequipa: bus interprovincial cae a un abismo y deja 37 muertos y 14 heridos Una nueva tragedia enluta las carreteras del sur",2025-11-16T22:38:52.363631,2025-11-16T22:38:52.630257,2025-11-16T22:38:52.630260,Sin Fronteras,10865,"https://diariosinfronteras.com.pe/wp-content/uploads/2025/04/WhatsApp-Image-2025-04-02-at-09.02.22-660x330.jpeg, https://diariosinfronteras.com.pe/wp-content/uploads/2020/06/dxt-nav.png",466,"La Comisión de Descentralización, Regionalización, Gobiernos Locales y Modernización de la Gestión del Estado del Congreso de la República aprobó una propuesta que autoriza el uso de pistolas eléctricas o de electrochoque como herramienta de defensa para los serenos.",,Congreso: Comisión de Descentralización aprueba que serenos utilicen pistola de electrochoque,https://diariosinfronteras.com.pe/2025/04/02/congreso-comision-de-descentralizacion-aprueba-que-serenos-utilicen-pistola-de-electrochoque/
Desconocido,1893,General,"Inicio AREQUIPA Melgar se juega la clasificación a la fase de grupos de la Copa Libertadores Melgar se juega la clasificación a la fase de grupos de la Copa Libertadores Por Diario Sin Fronteras - 27 octubre, 2024 - En AREQUIPA 840 Partido con Huancayo empieza a las 15:15 horas. FBC Melgar sigue en la lucha por asegurar un cupo en la Copa Libertadores 2025, pero en la fase de grupos, que de arranque le aseguraría un ingreso de 3 millones de dólares. Cumplir ese objetivo no solo depende de lo que pueda hacer, sino de los resultados que puedan conseguir al final del certamen equipos como Sporting Cristal y Alianza Lima. Por lo pronto, esta tarde, desde las 15:15 horas y en las instalaciones del estadio IPD Huancayo, el equipo  rojinegro  visitará al Sport Huancayo. Hay que señalar que, en la actualidad, el FBC Melgar se encuentra en el cuarto lugar de la tabla acumulada con 66 puntos y tiene opción de entrar a la fase de grupos de la Copa Libertadores; mientras que Sport Huancayo está en el puesto once con 37 puntos, sin opción de alcanzar una clasificación a la Copa Sudamericana, pero tampoco corre el peligro de entrar en zona de descenso. Para este partido, el profesor Marco Valencia, técnico del FBC Melgar, alinearía a Cáceda; Ramos, Galeano, Gonzales, Reyna; Orzan, Tandazo, Martínez; Bordacahar, Lavandeira y Blando. Los rojinegros jugarán conociendo el resultado entre Unión Comercio y Sporting Cristal, ya que estos dos equipos se enfrentarán desde las 13:00 en las instalaciones del estadio Carlos Vidaurre García de la ciudad de Tarapoto. En otro de los partidos de hoy, desde las 18:00 horas, Universitario, en el estadio Monumental, se enfrentará a Cienciano. Comentarios de Facebook También te puede interesar Puno: Intervienen al director de Energía y Minas por presunto uso indebido de camioneta en reunión privada El director regional de Energía y Minas, Edwin",2025-11-16T22:38:52.363631,2025-11-16T22:38:52.628556,2025-11-16T22:38:52.628559,Sin Fronteras,10864,"https://diariosinfronteras.com.pe/wp-content/uploads/2024/10/melgar-660x330.jpg, https://diariosinfronteras.com.pe/wp-content/uploads/2020/06/dxt-nav.png",318,"FBC Melgar sigue en la lucha por asegurar un cupo en la Copa Libertadores 2025, pero en la fase de grupos, que de arranque le aseguraría un ingreso de 3 millones de dólares. Cumplir ese objetivo no solo depende de lo que pueda hacer, sino de los resultados que puedan conseguir al final del certamen equipos como Sporting Cristal y Alianza Lima.",,Melgar se juega la clasificación a la fase de grupos de la Copa Libertadores,https://diariosinfronteras.com.pe/2024/10/27/melgar-se-juega-la-clasificacion-a-la-fase-de-grupos-de-la-copa-libertadores/
Desconocido,2729,General,"Inicio DiarioSF UNA Puno sede Azángaro desarrolla sus clases Ciclo II   2025 con normalidad UNA Puno sede Azángaro desarrolla sus clases Ciclo II   2025 con normalidad Por Diario Sin Fronteras - 23 septiembre, 2025 - En DiarioSF 573 La Universidad Nacional del Altiplano, a través de su sede Azángaro, informa a la comunidad universitaria y a la opinión pública que, tras una semana de haberse iniciado oficialmente las labores académicas el pasado martes 16 de septiembre, las actividades de enseñanza se vienen desarrollando con total normalidad en esta casa superior de estudios. Actualmente, 105 estudiantes del ciclo II -2025 vienen participando de manera presencial en el dictado de clases en las tres escuelas profesionales que funcionan en la sede: Ingeniería Económica, Ingeniería de Minas e Ingeniería de Telecomunicaciones, consolidando así el compromiso institucional con la formación de profesionales capacitados al servicio de la región y del país. Este inicio marca un paso importante en el fortalecimiento de la formación profesional en la provincia de Azángaro, acercando la educación superior universitaria a más jóvenes de la región y contribuyendo al desarrollo académico, científico y social. Resaltar, en reciente visita efectuada la mañana de hoy por el coordinador de la UNA Puno, sede Azángaro   Municipalidad Provincial, informó a los estudiantes que ya se cuenta con el terreno de 4.5 hectáreas cedido para el desarrollo del campus universitario. En ese sentido, anunció que el siguiente paso es concretar la construcción de la infraestructura universitaria, valorizada en más de 77 millones de soles, a través de la modalidad de obras por impuestos, lo que permitirá agilizar y garantizar la ejecución del proyecto. Asimismo, señaló que recientemente se recibió la visita de representantes de la SUNEDU, quienes otorgaron el visto bueno al proyecto. Como parte del proceso, realizarán algunas observaciones que serán atendidas con responsabilidad para asegurar el cumplimiento de los estándares establecidos. Finalmente, la autoridad expresó su deseo de que esta importante gestión se concrete con éxito, resaltando que la nueva infraestructura universitaria será un hito trascendental para el fortalecimiento académico y el desarrollo de la provincia de Azángaro. La UNA Puno   Sede Azángaro reafirma su misión de garantizar una educación superior de calidad, promoviendo la investigación, la innovación y la extensión universitaria como ejes fundamentales para el desarrollo académico y social. Comentarios de Facebook También te puede interesar Puno: Intervienen al director de Energía y Minas por presunto uso indebido de camioneta en reunión privada El director regional de Energía y Minas, Edwin",2025-11-16T22:38:52.363631,2025-11-16T22:38:52.627333,2025-11-16T22:38:52.627335,Sin Fronteras,10863,"https://diariosinfronteras.com.pe/wp-content/uploads/2025/09/IMG_20250923_183356_800_x_533_pixel-660x330.jpg, https://diariosinfronteras.com.pe/wp-content/uploads/2020/06/dxt-nav.png",410,,,UNA Puno sede Azángaro desarrolla sus clases Ciclo II   2025 con normalidad,https://diariosinfronteras.com.pe/2025/09/23/una-puno-sede-azangaro-desarrolla-sus-clases-ciclo-ii-2025-con-normalidad/
Desconocido,1514,General,"Inicio PUNO Denuncian a docente por cortar el cabello a un menor en colegio de Juliaca Denuncian a docente por cortar el cabello a un menor en colegio de Juliaca Por Diario Sin Fronteras - 15 mayo, 2025 - En PUNO 837 Incidente ocurrió en la escuelita Virgen de Fátima. Una madre de familia de la institución educativa Virgen de Fátima 70541, en Juliaca, denunció públicamente que una docente habría cortado el cabello a su hijo de seis años, durante el horario escolar. Según su testimonio, el hecho ocurrió el lunes pasado mientras el niño jugaba durante el recreo. La madre, identificada como Yoselin, relató que el menor cursa el primer grado de primaria y que notó el cambio al recogerlo del colegio. Afirmó que la docente reconoció haber realizado el corte como una medida disciplinaria. Ante esto, presentó una queja formal ante la dirección del plantel, desde donde informaron que se emitirá un reporte a la UGEL para determinar las acciones correspondientes. La denunciante manifestó su preocupación por el estado emocional de su hijo y solicitó que se evalúe la continuidad de la docente en la institución. Indicó además que el menor se habría mostrado reacio a regresar a clases tras el incidente. Hasta el cierre de esta nota, no se conocía un pronunciamiento oficial de las autoridades educativas. Comentarios de Facebook También te puede interesar Puno: Intervienen al director de Energía y Minas por presunto uso indebido de camioneta en reunión privada El director regional de Energía y Minas, Edwin",2025-11-16T22:38:52.363631,2025-11-16T22:38:52.626689,2025-11-16T22:38:52.626692,Sin Fronteras,10862,"https://diariosinfronteras.com.pe/wp-content/uploads/2025/05/fatima-660x330.jpg, https://diariosinfronteras.com.pe/wp-content/uploads/2020/06/dxt-nav.png",252,,,Denuncian a docente por cortar el cabello a un menor en colegio de Juliaca,https://diariosinfronteras.com.pe/2025/05/15/denuncian-a-docente-por-cortar-el-cabello-a-un-menor-en-colegio-de-juliaca/
Desconocido,2128,General,"Inicio NACIONAL Hijo de Dina Boluarte fue ascendido por su tío Hijo de Dina Boluarte fue ascendido por su tío Por Redacción Diario Sin Fronteras - 18 agosto, 2025 - En NACIONAL 805 David Gómez Boluarte, hijo mayor de la presidenta Dina Boluarte, fue ascendido a segundo secretario del servicio diplomático mientras trabaja en la Representación Permanente del Perú ante la Organización de las Naciones Unidas (ONU), con sede en Nueva York, Estados Unidos. Sin embargo, según Latina, lo llamativo del hecho es que el comité evaluador que declaró  apto  al hijo de la mandataria tuvo como miembro a Luis Alberto Campana Boluarte, primo de Dina Boluarte. Este comité fue designado por el canciller Elmer Schialer mediante una resolución publicada el 8 de agosto. En su puesto, el hijo de Boluarte gana 6 mil soles al mes más otras bonificaciones. Con este ascenso, el hijo de la presidenta percibirá un salario superior a los 6 mil soles mensuales, además de bonificaciones y beneficios asociados al cargo. Es importante resaltar que en noviembre de 2022 fue la propia mandataria quien le entregó el diploma de incorporación al servicio diplomático y que, un año después, fue destacado en la misión peruana ante la ONU. Hijo mayor de Dina Boluarte es diplomático del Perú ante la ONU en Nueva York Cabe recordar que el pasado 27 de noviembre, mediante una resolución ministerial firmada por el canciller Elmer Schialer, se oficializó la designación de David Eduardo Gómez Boluarte, hijo mayor de la presidenta Dina Boluarte, como tercer secretario del servicio diplomático en la Representación Permanente del Perú ante la ONU en Nueva York. En dicho documento se precisaba que aún no se habían definido las fechas para que los funcionarios asuman funciones, lo cual se establecería posteriormente a través de una resolución viceministerial, con los gastos cubiertos por el pliego presupuestal del Ministerio de Relaciones Exteriores. Comentarios de Facebook También te puede interesar Arequipa: Tragedia en Arequipa: bus interprovincial cae a un abismo y deja 37 muertos y 14 heridos Una nueva tragedia enluta las carreteras del sur",2025-11-16T22:38:52.363631,2025-11-16T22:38:52.626207,2025-11-16T22:38:52.626210,Sin Fronteras,10861,"https://diariosinfronteras.com.pe/wp-content/uploads/2025/08/images-10-640x330.jpeg, https://diariosinfronteras.com.pe/wp-content/uploads/2020/06/dxt-nav.png",344,Hijo de Dina Boluarte fue ascendido por su tío,,Hijo de Dina Boluarte fue ascendido por su tío,https://diariosinfronteras.com.pe/2025/08/18/hijo-de-dina-boluarte-fue-ascendido-por-su-tio/
Desconocido,1262,General,"Inicio PUNO Hoy se vive el Corso de la Integración Andina 2025 en Juliaca Hoy se vive el Corso de la Integración Andina 2025 en Juliaca Por Diario Sin Fronteras - 11 octubre, 2025 - En PUNO 1155 Hoy la ciudad de Juliaca se llena de alegría, color y cultura con el desarrollo del Corso de la Integración Andina 2025   Eco Alegórico, uno de los eventos más esperados del año que une tradición, arte y conciencia ambiental. Cientos de participantes recorren la avenida Andrés Avelino Cáceres mostrando su creatividad a través de carros alegóricos, danzas y mensajes de respeto por la naturaleza y la identidad andina. El evento es organizado por el Equipo Centenario en coordinación con la Unidad de Gestión de Residuos Sólidos de la Municipalidad Provincial de San Román, como parte de las actividades por el Centenario de la provincia. Asimismo, Sin Fronteras realiza la transmisión en vivo del corso, llevando a los hogares juliaqueños y al público en general toda la emoción y el espíritu de integración andina que caracteriza a esta importante festividad. Comentarios de Facebook También te puede interesar Puno: Intervienen al director de Energía y Minas por presunto uso indebido de camioneta en reunión privada El director regional de Energía y Minas, Edwin",2025-11-16T22:38:52.363631,2025-11-16T22:38:52.625674,2025-11-16T22:38:52.625677,Sin Fronteras,10860,"https://diariosinfronteras.com.pe/wp-content/uploads/2025/10/IMG_20251011_110331_800_x_533_pixel-660x330.jpg, https://diariosinfronteras.com.pe/wp-content/uploads/2020/06/dxt-nav.png",209,,,Hoy se vive el Corso de la Integración Andina 2025 en Juliaca,https://diariosinfronteras.com.pe/2025/10/11/hoy-se-vive-el-corso-de-la-integracion-andina-2025-en-juliaca/
Desconocido,2325,General,"Inicio NACIONAL Senamhi declara alerta roja en la costa: Lima y nueve regiones enfrentarán vientos de hasta 44 km h Senamhi declara alerta roja en la costa: Lima y nueve regiones enfrentarán vientos de hasta 44 km h Por Diario Sin Fronteras - 17 agosto, 2025 - En NACIONAL 835 lima-invierno El fenómeno, asociado a la DANA Oriana, se extenderá del domingo 17 al martes 19 de agosto y provocará levantamiento de polvo, reducción de visibilidad y neblina en el litoral El Servicio Nacional de Meteorología e Hidrología (Senamhi) declaró alerta roja en diez regiones de la costa peruana, entre ellas Lima y Callao, por la presencia de vientos de moderada a extrema intensidad que afectarán desde el domingo 17 hasta el martes 19 de agosto a las 23:59 horas. Las zonas comprendidas en la advertencia son Áncash, Arequipa, Callao, Ica, La Libertad, Lambayeque, Lima, Moquegua, Piura y Tacna. El organismo advirtió que el incremento de la velocidad del viento provocará levantamiento de polvo y arena, así como reducción de la visibilidad horizontal, además de cobertura nubosa, niebla y neblina en sectores cercanos al litoral durante las madrugadas y primeras horas del día. El pronóstico detalla que este domingo se registrarán vientos de hasta 35 km h en la costa norte, 44 km h en la costa centro y 25 km h en la costa sur. El lunes se mantendrán velocidades similares, mientras que el martes alcanzarían 40 km h en la costa central, 35 km h en la norte y 20 km h en la sur. Estas condiciones responden al ingreso de la DANA Oriana (Depresión Aislada en Niveles Altos), un sistema atmosférico que, según explicó el especialista del Senamhi Nelson Quispe, transporta masas de aire frío desde el Pacífico Sur hacia zonas tropicales, generando contrastes con el aire cálido y húmedo del Perú. Esta interacción podría originar incluso nevadas en áreas altoandinas por encima de los 3,800 metros sobre el nivel del mar, extendiéndose hasta la sierra central. El Senamhi exhortó a la ciudadanía y a las autoridades locales a tomar precauciones para mitigar los riesgos asociados a este fenómeno climático y mantenerse informados a través de sus canales oficiales. Comentarios de Facebook También te puede interesar Cientos de jóvenes puneños rinden examen de preselección para Beca 18 Aspirantes de toda la región participaron en la",2025-11-16T22:38:52.363631,2025-11-16T22:38:52.624789,2025-11-16T22:38:52.624792,Sin Fronteras,10859,"https://diariosinfronteras.com.pe/wp-content/uploads/2025/08/lima-invierno-660x330.jpg, https://diariosinfronteras.com.pe/wp-content/uploads/2020/06/dxt-nav.png",388,"El Servicio Nacional de Meteorología e Hidrología (Senamhi) declaró alerta roja en diez regiones de la costa peruana, entre ellas Lima y Callao, por la presencia de vientos de moderada a extrema intensidad que afectarán desde el domingo 17 hasta el martes 19 de agosto a las 23:59 horas.",,Senamhi declara alerta roja en la costa: Lima y nueve regiones enfrentarán vientos de hasta 44 km h,https://diariosinfronteras.com.pe/2025/08/17/senamhideclara-alerta-roja-en-la-costa-lima-y-nueve-regiones-enfrentaran-vientos-de-hasta-44-km-h/
Desconocido,949,General,"Inicio PUNO Puno: Familiares de conductor agreden a las autoridades Puno: Familiares de conductor agreden a las autoridades Por Redacción Diario Sin Fronteras - 31 diciembre, 2024 - En PUNO 943 Familiares de conductor agreden a las autoridades La mañana de ayer, un conductor en estado de ebriedad protagonizó un accidente leve y, posteriormente, un altercado con policías y serenos para evitar ser intervenido en la avenida Circunvalación, cerca del Colegio Politécnico. El incidente ocurrió cuando la camioneta de placa Z2J-325, que conducía, subió a la berma central, lo que pudo haber causado daños mayores. Durante la intervención, los familiares del conductor reaccionaron violentamente, agrediendo a los efectivos de Serenazgo y de la Policía. Comentarios de Facebook También te puede interesar Arequipa: Tragedia en Arequipa: bus interprovincial cae a un abismo y deja 37 muertos y 14 heridos Una nueva tragedia enluta las carreteras del sur",2025-11-16T22:38:52.363631,2025-11-16T22:38:52.624094,2025-11-16T22:38:52.624097,Sin Fronteras,10858,"https://diariosinfronteras.com.pe/wp-content/uploads/2024/12/3.-FAMILIARES-DE-CONDUCTOR-596x330.jpg, https://diariosinfronteras.com.pe/wp-content/uploads/2020/06/dxt-nav.png",146,"La mañana de ayer, un conductor en estado de ebriedad protagonizó un accidente leve y, posteriormente, un altercado con policías y serenos para evitar ser intervenido en la avenida Circunvalación, cerca del Colegio Politécnico.",,Puno: Familiares de conductor agreden a las autoridades,https://diariosinfronteras.com.pe/2024/12/31/puno-familiares-de-conductor-agreden-a-las-autoridades/
Desconocido,2262,General,"Inicio PUNO Alcalde Óscar Cáceres anuncia reversión del terreno del campamento Taparachi Alcalde Óscar Cáceres anuncia reversión del terreno del campamento Taparachi Por Diario Sin Fronteras - 11 junio, 2025 - En PUNO 765 El alcalde de la provincia de San Román, Oscar Cáceres Rodríguez, anunció que la Municipalidad Provincial fue notificada por el Poder Judicial sobre la medida cautelar interpuesta por el Sindicato de Trabajadores de la Dirección Regional de Transportes, referida al terreno destinado a la construcción del Colegio de Alto Rendimiento (COAR) en la ciudad de Juliaca. Frente a este hecho, dispuso de manera inmediata que el procurador municipal actúe conforme a sus facultades, presentando la oposición correspondiente ante el Tercer Juzgado Civil de Puno. El alcalde explicó que la oposición legal se sustenta en que dicho terreno fue donado en 1971 a la Oficina Regional de Infraestructura Vial de Puno Ministerio de Transportes y Comunicaciones, con la condición expresa de construir edificaciones o talleres en un plazo máximo de dos años. Sin embargo, al no cumplirse dicha finalidad, el Concejo Municipal de San Román aprobó, el pasado 5 de junio, la reversión legal del terreno a favor de la municipalidad, tal como lo estipulaban los términos de la donación. Agregó que este acuerdo fue notificado al Director Regional de Transportes y Comunicaciones, junto con la solicitud de nulidad de la Resolución Directoral N.  438, mediante la cual se habría otorgado el uso del terreno al sindicato para actividades recreativas y agrícolas, contraviniendo el destino original del bien. Por su parte el Procurador Municipal Abg. Walter Mamani Pacori, argumentó que la medida cautelar carece de legitimidad y favorece irregularmente a un sindicato mediante un posible fraude procesal. Acuso al sindicato de presentar información incorrecta para perjudicar el interés público (COAR). Por ello pidió anular la medida y que la Fiscalía investigue posibles delitos como prevaricato y fraude procesal en contra de quienes resulten responsables. Comentarios de Facebook También te puede interesar Puno: Intervienen al director de Energía y Minas por presunto uso indebido de camioneta en reunión privada El director regional de Energía y Minas, Edwin",2025-11-16T22:38:52.363631,2025-11-16T22:38:52.623188,2025-11-16T22:38:52.623192,Sin Fronteras,10857,"https://diariosinfronteras.com.pe/wp-content/uploads/2025/06/IMG_20250611_165010_800_x_533_pixel-660x330.jpg, https://diariosinfronteras.com.pe/wp-content/uploads/2020/06/dxt-nav.png",349,,,Alcalde Óscar Cáceres anuncia reversión del terreno del campamento Taparachi,https://diariosinfronteras.com.pe/2025/06/11/alcalde-oscar-caceres-anuncia-reversion-del-terreno-del-campamento-taparachi/
Desconocido,2392,General,"Inicio PUNO Puno: delincuentes matan a conductor para robarle su volquete Puno: delincuentes matan a conductor para robarle su volquete Por Diario Sin Fronteras - 27 junio, 2024 - En PUNO 1627 Sus verdugos lo enterraron con el material que traía en el volquete- Ayer por la madrugada fue encontrado el cadáver del conductor del volquete de placa A3X-875, identificado como Alex Mollinedo Bustinza (47), él había sido reportado como desaparecido desde la mañana del martes cuando desconocidos lo habrían contratado supuestamente para llevar material agregado en su volquete. El cadáver presentaba 4 impactos de bala, uno en el brazo y 3 en la espalda y además sus verdugos lo habían enterrado con el mismo material que llevaba en su pesado vehículo. Tras una búsqueda sus compañeros y familiares lo ubicaron en cercanías de la capilla de la Santísima Cruz de Millicuni cercana a la zona de Patallani, en la nueva vía de desvío hacia Moquegua. Usando maquinaria pesada lograron desenterrarlo de las toneladas de arena encontrando el cuerpo en medio de las escenas de dolor de sus familiares. Ellos solicitaron luego que las personas que vieron el volquete circulando avisen a las autoridades, pero horas después se conocerían más detalles sobre esta cruenta muerte. HACIA BOLIVIA Según información de una fuente policial, el pesado vehículo fue captado el mismo martes al promediar las 5 de la tarde en el sector de Suches, en el distrito de Cojata, a un costado del río fronterizo con Bolivia. Los lugareños, extrañados por la prisa que llevaba tomaron algunas fotografías y en una se observa la placa ARX-875. El volquete pasó al vecino país por el Hito N  14. TARDÍA REACCIÓN Los familiares del occiso Alex Mollinedo Bustinza, dieron aviso a la Policía al mediodía, porque sus colegas camioneros de Juliaca comunicaron haber visto el camión F-12 circulando a gran velocidad en una de las salidas de esa ciudad, sin embargo no dispusieron un  plan cerco  u operativos que pudieran haber permitido la captura de los asesinos. Mientras hasta el cierre de la edición aún se desconocían los resultados de la necropsia para determinar si la víctima falleció por las heridas de bala o si lo sepultaron en la arena aún agonizante. Comentarios de Facebook También te puede interesar Cientos de jóvenes puneños rinden examen de preselección para Beca 18 Aspirantes de toda la región participaron en la",2025-11-16T22:38:52.363631,2025-11-16T22:38:52.622180,2025-11-16T22:38:52.622186,Sin Fronteras,10856,"https://diariosinfronteras.com.pe/wp-content/uploads/2024/06/encuentran-cuerpo-enterrado-puno-660x330.jpg, https://diariosinfronteras.com.pe/wp-content/uploads/2020/06/dxt-nav.png",395,,,Puno: delincuentes matan a conductor para robarle su volquete,https://diariosinfronteras.com.pe/2024/06/27/puno-delincuentes-matan-a-conductor-para-robarle-su-volquete/
Desconocido,1795,General,"Inicio PUNO JNE dejó al voto vacancia del alcalde de Azángaro JNE dejó al voto vacancia del alcalde de Azángaro Por Diario Sin Fronteras - 3 febrero, 2025 - En PUNO 1282 La autoridad habría cometido nepotismo. El alcalde de la provincia de Azángaro, Salvador Apaza, se encuentra en el ojo de la tormenta. Al promediar las 9:00 horas de hoy se llevó a cabo una audiencia pública de  vista de causa  sobre la apelación de la vacancia por nepotismo aprobada por el Concejo Municipal de Azángaro. La defensa del burgomaestre, Julio César Silva, argumentó que existiría varios vicios en dicho procedimiento, por lo que debería aprobarse su pedido. Sin embargo, el abogado de la otra parte, Virgilio Hurtado Cruz, expuso documentación que corroboraría la causal de vacancia por la contratación del hermano de la madre de sus hijas, Dennis Félix Calsín. Además argumentó que existió obstrucción por parte de la gestión de Apaza Flores, la misma que ameritó la denuncia de los implicados ante el Ministerio Público. Jurado Nacional de Elecciones tiene que decidir. El pleno del Jurado Nacional de Elecciones (JNE) dejó su última decisión al voto, la misma que se conocería alrededor de las 17:00 horas en el portal de dicha institución. Cabe resaltar que en horas de la mañana, pobladores y dirigentes de Azángaro emprendieron una medida de protesta exigiendo la resolución de dicho proceso. Asimismo, denunciaron posible malversación de recursos por un supuesto pago de 50 mil soles para salvar al cuestionado alcalde de la vacancia. La manifestación también se realizó en la sede del JNE en Lima. Comentarios de Facebook También te puede interesar Puno: Intervienen al director de Energía y Minas por presunto uso indebido de camioneta en reunión privada El director regional de Energía y Minas, Edwin",2025-11-16T22:38:52.363631,2025-11-16T22:38:52.619075,2025-11-16T22:38:52.619079,Sin Fronteras,10855,"https://diariosinfronteras.com.pe/wp-content/uploads/2025/02/3ac84050-eefb-41be-afd1-664d6f94d545-660x330.jpeg, https://diariosinfronteras.com.pe/wp-content/uploads/2025/02/11e8cdf7-52d2-456c-8e60-03da2cb40180-500x254.jpeg",295,"El alcalde de la provincia de Azángaro, Salvador Apaza, se encuentra en el ojo de la tormenta. Al promediar las 9:00 horas de hoy se llevó a cabo una audiencia pública de  vista de causa  sobre la apelación de la vacancia por nepotismo aprobada por el Concejo Municipal de Azángaro.",,JNE dejó al voto vacancia del alcalde de Azángaro,https://diariosinfronteras.com.pe/2025/02/03/jne-dejo-al-voto-vacancia-del-alcalde-de-azangaro/
Desconocido,2025,General,"Inicio PUNO Juliaca: Dan el último adiós a madre e hija asesinadas el pasado lunes Juliaca: Dan el último adiós a madre e hija asesinadas el pasado lunes Por Diario Sin Fronteras - 16 enero, 2025 - En PUNO 1788 Juliaca: Dan el último adiós a madre e hija asesinadas el pasado lunes Juliaca. Luis Pino Hinojosa, principal acusado del asesinato de su madre Rita Hinojosa Monrroy de Pino y su hermana Edelyn Fabiola Pino Hinojosa, fue conducido al penal La Capilla, luego que la Segunda Fiscalía Provincial Penal Corporativa de San Román   Juliaca, consiguió que se dicte prisión preventiva por 9 meses; el sujeto viene siendo investigado por los delitos de parricidio y homicidio. Cabe señalar que los hechos ocurrieron el pasado lunes en las instalaciones de la Institución Educativa Francis Anston de Juliaca, en donde se encontró los cuerpos sin vida de ambas víctimas. Para cometer su delito, Luis Pino habría utilizado un disco cromado (pesa), para golpear a sus víctimas hasta el punto de dejarlas sin vida. Por otro lado, se presume que el acusado tendría intereses patrimoniales lo cual le llevaría a cometer el doble crimen; asimismo, viene siendo investigado por el delito de lesiones leves, en agravio de Heber Wilson Aracayo Condori, quien era pareja de su hermana Edelyn Pino. JUSTICIA Mientras tanto, ayer en medio del llanto y dolor de sus familiares y amigos, dieron el último adiós a Rita y Fabiola en las instalaciones del Cementerio Central, antes tuvieron una misa de cuerpo presente en la iglesia Santa Catalina, posteriormente acudieron a la UGEL donde Rita Hinojosa tuvo un reconocimiento póstumo. Familiares de las víctimas exigieron la máxima sanción contra el asesino, para que este crimen no quede impune, por ello solicitaron a las autoridades judiciales para que realicen una buena labor en este proceso que se viene en adelante. Comentarios de Facebook También te puede interesar Cientos de jóvenes puneños rinden examen de preselección para Beca 18 Aspirantes de toda la región participaron en la",2025-11-16T22:38:52.363631,2025-11-16T22:38:52.618284,2025-11-16T22:38:52.618288,Sin Fronteras,10854,"https://diariosinfronteras.com.pe/wp-content/uploads/2025/01/entierro-660x330.jpg, https://diariosinfronteras.com.pe/wp-content/uploads/2020/06/dxt-nav.png",333,"Juliaca. Luis Pino Hinojosa, principal acusado del asesinato de su madre Rita Hinojosa Monrroy de Pino y su hermana Edelyn Fabiola Pino Hinojosa, fue conducido al penal La Capilla, luego que la Segunda Fiscalía Provincial Penal Corporativa de San Román   Juliaca, consiguió que se dicte prisión preventiva por 9 meses; el sujeto viene siendo investigado por los delitos de parricidio y homicidio.",,Juliaca: Dan el último adiós a madre e hija asesinadas el pasado lunes,https://diariosinfronteras.com.pe/2025/01/16/juliaca-dan-el-ultimo-adios-a-madre-e-hija-asesinadas-el-pasado-lunes/
Desconocido,941,General,"Inicio PUNO Conductor sufre descompensación y provoca múltiple choque en Puno Conductor sufre descompensación y provoca múltiple choque en Puno Por Diario Sin Fronteras - 6 junio, 2024 - En PUNO 1764 Personal del SAMU auxiliaron al conductor. Un conductor que manejaba su vehículo de placa Z5R-133, provocó un múltiple choque y por poco atropelló a alumnos que salían del colegio Villa Fátima en Puno. El incidente ocurrió el último miércoles por la tarde, en la intersección del jirón Pardo con Independencia. Joel Valdivia, conductor de la unidad, indicó que había sufrido una descompensación y perdió el control de su vehículo. Producto de ello, terminó chocando con otros dos vehículos que estaban estacionado en el lugar. Personal del SAMU acudió a auxiliar al varón. Comentarios de Facebook También te puede interesar Cientos de jóvenes puneños rinden examen de preselección para Beca 18 Aspirantes de toda la región participaron en la",2025-11-16T22:38:52.363631,2025-11-16T22:38:52.616456,2025-11-16T22:38:52.616459,Sin Fronteras,10853,"https://diariosinfronteras.com.pe/wp-content/uploads/2024/06/conductor-provoca-choque-puno-660x330.jpg, https://diariosinfronteras.com.pe/wp-content/uploads/2020/06/dxt-nav.png",150,,,Conductor sufre descompensación y provoca múltiple choque en Puno,https://diariosinfronteras.com.pe/2024/06/06/conductor-sufre-descompensacion-y-provoca-multiple-choque-en-puno/
Desconocido,1129,General,"Inicio PUNO Puno: Incendio arrasa con varias hectáreas de pastizales en comunidad de San Antón Puno: Incendio arrasa con varias hectáreas de pastizales en comunidad de San Antón Por Diario Sin Fronteras - 29 septiembre, 2024 - En PUNO 841 Puno: Incendio arrasa con varias hectáreas de pastizales en comunidad de San Antón En la comunidad campesina de Cangalli, distrito de San Antón (provincial de Azángaro), se registró un incendio forestal pese a las recientes lluvias. El fuego, avivado por el viento, arrasó con varias hectáreas de pastizales. Los vecinos y autoridades intentaron apagar las llamas, activándose el plan de contingencia de Defensa Civil. Luego de dos horas, se logró controlar el incendio, sin embargo, todavía persiste el riesgo de reactivación. Según el informe preliminar, se dañaron 25 hectáreas de pastos naturales, 2 hectáreas de alfalfa, 364 pacas y 5 viviendas. Hoy continuarán las evaluaciones por posibles afectaciones a animales. Comentarios de Facebook También te puede interesar Cientos de jóvenes puneños rinden examen de preselección para Beca 18 Aspirantes de toda la región participaron en la",2025-11-16T22:38:52.363631,2025-11-16T22:38:52.615890,2025-11-16T22:38:52.615892,Sin Fronteras,10852,"https://diariosinfronteras.com.pe/wp-content/uploads/2024/09/ABRIDORA-UNIRRR1-2-660x330.png, https://diariosinfronteras.com.pe/wp-content/uploads/2020/06/dxt-nav.png",176,"En la comunidad campesina de Cangalli, distrito de San Antón (Azángaro), se registró un incendio forestal pese a las recientes lluvias. El fuego, avivado por el viento, arrasó con varias hectáreas de pastizales.",,Puno: Incendio arrasa con varias hectáreas de pastizales en comunidad de San Antón,https://diariosinfronteras.com.pe/2024/09/29/puno-incendio-arrasa-con-varias-hectareas-de-pastizales-en-comunidad-de-san-anton/
Desconocido,1847,General,"Inicio POLICIALES Juzgado emite requisitoria para hijo de congresista Juzgado emite requisitoria para hijo de congresista Por Diario Sin Fronteras - 24 febrero, 2021 - En POLICIALES 623 Policía acusado de violencia familiar estaría en la capital de la República. Tacna. El Segundo Juzgado Penal Unipersonal de Tacna dispuso una orden de captura contra el suboficial PNP Raúl Ghampier Machaca Ramos (26), hijo del congresista del Frepap por Tacna Raúl Machaca Mamani. La requisitoria del policía se emitió al no asistir a las citaciones del Poder Judicial en un proceso seguido en su contra por el delito de violencia familiar en agravio de su expareja. Se supo que Machaca estaría en Lima, por lo que la Policía Judicial de la capital de la República será notificada para su ubicación. El hecho que se atribuye a Machaca ocurrió en septiembre de 2019 en el distrito Ite de la provincia Jorge Basadre. Según la denuncia contra el agente, la agraviada terminó con hematomas en el rostro y cuerpo, fractura dental y fractura en un dedo, por lo que se dispuso para ella diez días de incapacidad legal. ANTECEDENTES En su corta carrera policial Raúl Machaca (26) acumula antecedentes por un accidente de tránsito con consecuencia fatal, un supuesto fraude y el ya descrito por violencia familiar. En junio de 2016 fue detenido por atropellar y causar la muerte de Lizandra Puma Silva (21) en la avenida Jorge Basadre, cuando laboraba en la sección de Carreteras, mientras que en noviembre de 2020 el policía en retiro Carlos Pérez Tintaya lo denunció por una supuesta deuda de 2.200 soles que le habría pedido prestados para la campaña electoral de su padre, la que se habría negado a pagar. Comentarios de Facebook También te puede interesar CD Moquegua asciende a Liga1 tras vencer 3-2 a César Vallejo CD Moquegua volvió a Primera División después de",2025-11-16T22:38:52.363631,2025-11-16T22:38:52.615164,2025-11-16T22:38:52.615166,Sin Fronteras,10851,"https://diariosinfronteras.com.pe/wp-content/uploads/2021/02/abridora-10.jpg, https://diariosinfronteras.com.pe/wp-content/uploads/2020/06/dxt-nav.png",310,,,Juzgado emite requisitoria para hijo de congresista,https://diariosinfronteras.com.pe/2021/02/24/juzgado-emite-requisitoria-para-hijo-de-congresista/
Desconocido,1365,General,"Inicio PUNO Puno: MTC inspecciona túnel en Ollachea y presenta nuevos proyectos viales para Carabaya Puno: MTC inspecciona túnel en Ollachea y presenta nuevos proyectos viales para Carabaya Por Diario Sin Fronteras - 1 julio, 2025 - En PUNO 791 El Ministerio de Transportes y Comunicaciones (MTC) inspeccionó el túnel de la carretera Interoceánica en Ollachea y anunció nuevos proyectos de infraestructura vial en la provincia de Carabaya, como el asfaltado de las rutas Macusani-Nuñoa y Aymaña-Azaroma. Durante la visita, el director de la Oficina de Diálogo y Gestión Social del MTC, Jhon Zevallos Paredes, informó que el Gobierno financiará ambas obras. El tramo Macusani-Nuñoa, de 70 kilómetros, demandará más de 180 millones de dólares, mientras que la vía Aymaña-Azaroma contará con una inversión de 37 millones de soles para pavimentar 29 kilómetros. En la inspección participaron autoridades locales y representantes de Intersur Concesiones S.A. Su gerente general, Juan Carlos Salcedo, explicó que el túnel de Ollachea, con más de un kilómetro de longitud, incluye sistemas de ventilación, iluminación automatizada, videovigilancia y zonas de parqueo. Comentarios de Facebook También te puede interesar Puno: Intervienen al director de Energía y Minas por presunto uso indebido de camioneta en reunión privada El director regional de Energía y Minas, Edwin",2025-11-16T22:38:52.363631,2025-11-16T22:38:52.614401,2025-11-16T22:38:52.614403,Sin Fronteras,10850,"https://diariosinfronteras.com.pe/wp-content/uploads/2025/07/IMG_20250701_212656_800_x_533_pixel-660x330.jpg, https://diariosinfronteras.com.pe/wp-content/uploads/2020/06/dxt-nav.png",207,,,Puno: MTC inspecciona túnel en Ollachea y presenta nuevos proyectos viales para Carabaya,https://diariosinfronteras.com.pe/2025/07/01/puno-mtc-inspecciona-tunel-en-ollachea-y-presenta-nuevos-proyectos-viales-para-carabaya/
Desconocido,2259,General,"Inicio AREQUIPA Saneamiento retrasa obras en los colegios de Arequipa Saneamiento retrasa obras en los colegios de Arequipa Por Diario Sin Fronteras - 16 marzo, 2025 - En AREQUIPA 593 Estudiantes y docentes esperan mejoras en sus planteles ante inicio de clases. La Ugel Arequipa Norte enfrenta serias limitaciones para mejorar la infraestructura de 105 colegios que carecen de saneamiento físico y legal, lo que representa el 35  de las 302 instituciones bajo su ámbito de intervención. Esta situación afecta a cientos de estudiantes que este lunes 17 iniciarán el año escolar. Los colegios sin saneamiento se ubican en Yura, Cerro Colorado y la parte alta de Cayma. Así lo informó José Velasco Vilca, responsable de Infraestructura Educativa. SIN SANEAMIENTO Debido a la falta de saneamiento, el Gobierno Regional de Arequipa y las municipalidades distritales no pueden intervenir en la remodelación o reconstrucción de los planteles, pese a las necesidades urgentes de infraestructura. Actualmente, la titularidad de los terrenos de muchos colegios está a nombre de Cofopri o de empresas ya desaparecidas, complicando aún más los procesos de regularización. Velasco Vilca explicó que han iniciado trámites junto con la Gerencia Regional de Educación para concretar el saneamiento. Sin embargo, el avance es lento, pues cada colegio tiene una casuística diferente y demanda distintos tipos de intervención. Algunos colegios tienen problemas con los terrenos, mientras otros con la documentación o una habilitación defectuosa. Pese a los múltiples factores involucrados, el funcionario informó que en 2024 lograron el saneamiento de ocho colegios y este año se espera superar dicho número.  El proceso es lento por la falta de recursos. Si bien la Ugel cuenta con una abogada para agilizar los trámites, el mayor obstáculo es el levantamiento topográfico, para lo que dependemos del apoyo de los municipios. No obstante, una vez completados los levantamientos, los expedientes se presentan ante Registros Públicos para su revisión y validación , indicó. Comentarios de Facebook También te puede interesar Puno: Intervienen al director de Energía y Minas por presunto uso indebido de camioneta en reunión privada El director regional de Energía y Minas, Edwin",2025-11-16T22:38:52.363631,2025-11-16T22:38:52.613596,2025-11-16T22:38:52.613599,Sin Fronteras,10849,"https://diariosinfronteras.com.pe/wp-content/uploads/2025/03/WhatsApp-Image-2025-03-15-at-2.25.21-PM-660x330.jpeg, https://diariosinfronteras.com.pe/wp-content/uploads/2020/06/dxt-nav.png",348,,,Saneamiento retrasa obras en los colegios de Arequipa,https://diariosinfronteras.com.pe/2025/03/16/saneamiento-retrasa-obras-en-los-colegios-de-arequipa/
Desconocido,2557,General,"Inicio AREQUIPA Pueblos jóvenes rechazan aumento de tarifa de agua Pueblos jóvenes rechazan aumento de tarifa de agua Por Diario Sin Fronteras - 14 septiembre, 2023 - En AREQUIPA 1147 Pobladores amenazan con continuar realizando protestas contra Sedapar. Seis pueblos jóvenes del sector de Umapalca, en Sabandía, protestaron en el frontis de la empresa Sedapar para rechazar el incremento de la tarifa de agua. Los pobladores denuncian que como consecuencia de los cobros excesivos mantienen una deuda superior a los S  153 mil por el servicio. María Roque Ramos, secretaria de Actas de la Asociación Balcones de la Campiña de Umapalca, explicó que todo inició en noviembre pasado, cuando Sedapar les instaló un macromedidor para seis asociaciones. Estas son: Nueva Campiña, Rosaspata, Paraíso de Chuca, Balcones de La Campiña, Torres de San Isidro y Balcones de Umapalca. Tiempo atrás, los más de 2.500 pobladores que viven en el sector usaban piletas públicas por las que pagaban de manera mensual S  10 por familia. Sin embargo, tras la instalación del macromedidor la tarifa por metro cúbico (m3) pasó a costar S  6.60. Es decir, si hacen un consumo mínimo de 10 m3, deben abonar S  66. Además, se usa más de 10 m3 para una familia de cuatro miembros. Debido al incremento de las tarifas el monto a pagar por asociación se elevó a cerca de S  60 mil, cifra que consideran exagerada los pobladores, ya que son pueblos jóvenes y no áreas de consumo industrial. Asimismo, denuncian que el cobro es excesivo para un agua no tratada. Este reclamo fue hecho a Sedapar, pero indicaron que la empresa solo respondió que la lectura del medidor ha superado el consumo domiciliario, por lo que se les cobra como otra categoría. Tras ello, los dirigentes señalaron que era evidente que iban a superar el consumo de una sola familia, puesto que en este caso el medidor registra el consumo de 493 familias. Sin embargo, esto no les daría derecho a considerarlos como zona industrial, pues son pueblos jóvenes. Los vecinos exigen que se les cobre una tarifa social de S  1.20 o S  1.50. De no resolverse el reclamo, que ya tiene diez meses, lo que temen los pobladores es que se aplique un cobro coactivo y les quiten el medidor. Este diario intentó comunicarse con el gerente de Servicios al Cliente, Robert Vita, pero no contestó al llamado para dar su versión. Comentarios de Facebook También te puede interesar Puno: Intervienen al director de Energía y Minas por presunto uso indebido de camioneta en reunión privada El director regional de Energía y Minas, Edwin",2025-11-16T22:38:52.363631,2025-11-16T22:38:52.611659,2025-11-16T22:38:52.611661,Sin Fronteras,10848,"https://diariosinfronteras.com.pe/wp-content/uploads/2023/09/pueblos-jovenes.jpg, https://diariosinfronteras.com.pe/wp-content/uploads/2020/06/dxt-nav.png",433,,,Pueblos jóvenes rechazan aumento de tarifa de agua,https://diariosinfronteras.com.pe/2023/09/14/pueblos-jovenes-rechazan-aumento-de-tarifa-de-agua/
Desconocido,1845,General,"Inicio NACIONAL Aumento Salarial para la PNP y Fuerzas Armadas a Partir de Diciembre Aumento Salarial para la PNP y Fuerzas Armadas a Partir de Diciembre Por Redacción Diario Sin Fronteras - 30 octubre, 2024 - En NACIONAL 811 Aumento Salarial para la PNP y Fuerzas Armadas a Partir de Diciembre El ministro del Interior, Juan José Santiváñez, anunció que, a partir de diciembre, se implementará un incremento salarial para los miembros de la Policía Nacional del Perú (PNP) y las Fuerzas Armadas. Esta medida beneficiará tanto a oficiales como a suboficiales, quienes recibirán una mejora en sus ingresos con el fin de fortalecer la capacidad operativa frente al aumento de la criminalidad en el país. Este ajuste salarial permitirá que los altos mandos, como el Teniente General, alcancen ingresos de hasta S 12,973, lo que marca un avance importante en las condiciones económicas de las fuerzas de seguridad. Según el Ministerio del Interior, esta política de revalorización busca reconocer el papel fundamental de estos efectivos en la protección y seguridad nacional. Desde el gobierno, se señala que este aumento no solo pretende mejorar las condiciones de los efectivos, sino también incentivar su compromiso en la lucha contra el crimen y el mantenimiento del orden público. El Ministerio espera que esta medida contribuya a fortalecer la motivación y el desempeño del personal policial y militar en todo el territorio. Con esta decisión, el Estado subraya su respaldo a quienes enfrentan diariamente situaciones de riesgo, dotándolos de mayores recursos para su labor de resguardar a la ciudadanía en un contexto de creciente inseguridad. Comentarios de Facebook También te puede interesar Arequipa: Tragedia en Arequipa: bus interprovincial cae a un abismo y deja 37 muertos y 14 heridos Una nueva tragedia enluta las carreteras del sur",2025-11-16T22:38:52.363631,2025-11-16T22:38:52.611288,2025-11-16T22:38:52.611292,Sin Fronteras,10847,"https://diariosinfronteras.com.pe/wp-content/uploads/2024/10/850152-whatsapp-image-2023-10-14-at-17-49-13-1-660x330.jpeg, https://diariosinfronteras.com.pe/wp-content/uploads/2020/06/dxt-nav.png",294,"El ministro del Interior, Juan José Santiváñez, anunció que, a partir de diciembre, se implementará un incremento salarial para los miembros de la Policía Nacional del Perú (PNP) y las Fuerzas Armadas. Esta medida beneficiará tanto a oficiales como a suboficiales, quienes recibirán una mejora en sus ingresos con el fin de fortalecer la capacidad operativa frente al aumento de la criminalidad en el país.",,Aumento Salarial para la PNP y Fuerzas Armadas a Partir de Diciembre,https://diariosinfronteras.com.pe/2024/10/30/aumento-salarial-para-la-pnp-y-fuerzas-armadas-a-partir-de-diciembre/
Desconocido,1446,General,"Inicio AREQUIPA Puno: UNA entrega carnets universitarios y exige respeto al medio pasaje Puno: UNA entrega carnets universitarios y exige respeto al medio pasaje Por Diario Sin Fronteras - 7 julio, 2025 - En AREQUIPA, NACIONAL, POLITICA, PUNO 833 Exigen medio pasaje. La Universidad Nacional del Altiplano (UNA) de Puno entregó este lunes los carnets universitarios a los ingresantes del reciente proceso de admisión. El acto fue supervisado por el rector Paulino Machaca Ari. Durante la ceremonia, realizada en el salón de eventos, el rector hizo un llamado directo a los transportistas de la ciudad. Les recordó que la Ley N.  26271 garantiza el derecho de los estudiantes a pagar medio pasaje con su carné universitario vigente.  Hemos cumplido con los plazos establecidos ante SUNEDU para asegurar una entrega rápida. Exigimos que se respete el derecho de nuestros estudiantes , declaró. Desde la Oficina de Tecnología de la Información (OTI), el jefe Rudy Arpasi Pancca explicó que la universidad se encarga del registro y envío de los datos e imágenes a SUNEDU para la emisión de los carnets. La entrega de estos documentos refuerzarza el compromiso de la UNA Puno con los derechos estudiantiles, el acceso al transporte público y la permanencia en la educación superior. Comentarios de Facebook También te puede interesar Cientos de jóvenes puneños rinden examen de preselección para Beca 18 Aspirantes de toda la región participaron en la",2025-11-16T22:38:52.363631,2025-11-16T22:38:52.610517,2025-11-16T22:38:52.610519,Sin Fronteras,10846,"https://diariosinfronteras.com.pe/wp-content/uploads/2025/07/IMG-20250707-WA02161-660x330.jpg, https://diariosinfronteras.com.pe/wp-content/uploads/2020/06/dxt-nav.png",232,UNA Puno entrega carnets universitarios y exige a transportistas respetar el medio pasaje. Rector invoca cumplimiento de la Ley 26271 en beneficio estudiantil.,,Puno: UNA entrega carnets universitarios y exige respeto al medio pasaje,https://diariosinfronteras.com.pe/2025/07/07/una-puno-entrega-carnets-universitarios-y-exige-respeto-al-medio-pasaje/
Desconocido,1505,General,"Inicio PUNO Cadena perpetua para sujeto involucrado en robo de una camioneta en la ruta Arapa   Putina Cadena perpetua para sujeto involucrado en robo de una camioneta en la ruta Arapa   Putina Por Diario Sin Fronteras - 20 diciembre, 2024 - En PUNO 690 Cadena perpetua para sujeto involucrado en robo de una camioneta en la ruta Arapa   Putina Difusión La Segunda Fiscalía Provincial Penal Corporativa de Azángaro logró que se dicte cadena perpetua en contra de Emiliano Cruz Turpo, coautor del delito de robo agravado, tras estar involucrado en el asalto a una familia y robar una camioneta en la carreta Arapa   Putina. Los hechos ocurrieron la noche del 25 de junio de 2023 cuando cuatro sujetos armados, entre ellos, Cruz, interceptaron una camioneta en la ruta en mención, obligando a los tripulantes a bajarse de la unidad vehicular para luego llevársela. Personal del Grupo Terna de Juliaca logró ubicar a los facinerosos a la altura del puente Maravillas de la ciudad de los vientos, quienes al notar la presencia policial intentaron escapar realizando disparos en contra de los efectivos. Luego del fuego cruzado, se logró la captura de Emiliano Cruz, quien tenía un revólver, con 16 municiones y cinco teléfonos celulares. Cruz tenía antecedentes por diversos delitos graves y nueve ingresos a los penales de Moquegua y Puno. Comentarios de Facebook También te puede interesar Cientos de jóvenes puneños rinden examen de preselección para Beca 18 Aspirantes de toda la región participaron en la",2025-11-16T22:38:52.363631,2025-11-16T22:38:52.609994,2025-11-16T22:38:52.609997,Sin Fronteras,10845,"https://diariosinfronteras.com.pe/wp-content/uploads/2024/12/sede-Puno-2.jpg.jpg, https://diariosinfronteras.com.pe/wp-content/uploads/2020/06/dxt-nav.png",246,"La Segunda Fiscalía Provincial Penal Corporativa de Azángaro logró que se dicte cadena perpetua en contra de Emiliano Cruz Turpo, coautor del delito de robo agravado, tras estar involucrado en el asalto a una familia y robar una camioneta en la carreta Arapa   Putina.",,Cadena perpetua para sujeto involucrado en robo de una camioneta en la ruta Arapa   Putina,https://diariosinfronteras.com.pe/2024/12/20/cadena-perpetua-para-sujeto-involucrado-en-robo-de-una-camioneta-en-la-ruta-arapa-putina/
Desconocido,2233,General,"Inicio POLICIALES Puno: Comunicadora es hallada sin vida en su habitación Puno: Comunicadora es hallada sin vida en su habitación Por Diario Sin Fronteras - 18 agosto, 2024 - En POLICIALES, PUNO 1316 Puno: Comunicadora es hallada sin vida en su habitación Azángaro.  Dolorosa pérdida! La comunicadora social, licenciada Orfa Yaneth Fernández Mamani, lamentablemente fue hallada sin vida en la ducha de su habitación, en el inmueble ubicado en el barrio Alianza de la ciudad de Azángaro. Su repentina partida sorprendió y conmovió a su familia, colegas y amigos.  Orfita , era reconocida por ser una destacada joven profesional y siempre revalorar el idioma quechua. A LA ESPERA DE LA NECROPSIA La causa de su muerte aún es incierta, hasta que el resultado de la necropsia lo esclarezca. No obstante, por fuentes cercanas a su ambiente laboral se conoció lo siguiente. LA ÚLTIMA VEZ Recientemente, Fernández Mamani trabajaba en la Unidad de Imagen Institucional y Protocolo de la Municipalidad Provincial de Azángaro. Según sus compañeros de oficina, la comunicadora laboró normalmente el día viernes 17 de agosto, retirándose al promediar las 5:00 de la tarde, previamente coordinó para la actividad de la noche de  Coronación de la Señorita Azángaro 2024 , en la que iba a ser la maestra de ceremonia. pero lamentablemente, ya no retornó, a pesar de insistentes llamadas que nunca contestó. EL HALLAZGO Ya en horas de la mañana de ayer, la joven comunicadora fue encontrada sin vida en la ducha. Tras ser alertados, la Policía Nacional y el Ministerio Público se trasladaron a la escena para el levantamiento del cuerpo y las diligencias respectivas. Asimismo, la necropsia de ley será clave para conocer las causas de su irreparable muerte. Puno: Comunicadora es hallada sin vida en su habitación DOLOR Y CONMOCIÓN Orfa Yanet en vida fue una dama carismática y destacada profesional. Su fallecimiento sorprendió a muchos por lo que sus colegas e instituciones públicas y privadas extendieron sus condolencias a su familia que ahora atraviesa un doloroso momento. Comentarios de Facebook También te puede interesar Cientos de jóvenes puneños rinden examen de preselección para Beca 18 Aspirantes de toda la región participaron en la",2025-11-16T22:38:52.363631,2025-11-16T22:38:52.609014,2025-11-16T22:38:52.609018,Sin Fronteras,10844,"https://diariosinfronteras.com.pe/wp-content/uploads/2024/08/Puno-13-A-1.-COMUNICADORA-HALLADA-FOTON.jpg, https://diariosinfronteras.com.pe/wp-content/uploads/2024/08/Puno-13-A-2.-COMUNICADORA-HALLADA-SOBRE-FOTON-CUADRO-NEGRO-500x500.jpg",359,"Azángaro.  Dolorosa pérdida! La comunicadora social, licenciada Orfa Yaneth Fernández Mamani, lamentablemente fue hallada sin vida en la ducha de su habitación, en el inmueble ubicado en el barrio Alianza de la ciudad de Azángaro.",,Puno: Comunicadora es hallada sin vida en su habitación,https://diariosinfronteras.com.pe/2024/08/18/puno-comunicadora-es-hallada-sin-vida-en-su-habitacion/
Desconocido,2196,General,"Inicio TACNA Tacna: Tránsito de personas por la frontera aumentó 40  Tacna: Tránsito de personas por la frontera aumentó 40  Por Redacción Diario Sin Fronteras - 16 septiembre, 2024 - En TACNA 619 Tránsito de personas por la frontera aumentó 40  El presidente de los colectiveros de la ruta Tacna-Arica, Javier Cabrera Pinto, informó que desde el viernes 13 se nota un fuerte movimiento de pasajeros por la frontera entre Perú y Chile, motivado seguramente por la festividad del Señor de Locumba. El aumento fue en un 40  en comparación con los días anteriores, aunque este domingo el tránsito fue lento. Refirió que para hoy no se espera más personas por las fiestas patrias del vecino país, ya que hoy y mañana trabajan con normalidad, y recién a partir del miércoles 18, día central de la independencia de Chile, rige el feriado largo hasta el lunes 23, motivo por el cual presume que mañana por la tarde la gran mayoría saldrá de sus trabajos y vendrá a Tacna o al resto del país. En comparación con las primeras semanas de setiembre del 2023, cuando no había la frontera abierta las 24 horas durante los siete días de la semana, Cabrera sostuvo que este año circula un poco más de gente, ya que muchos se movilizan en vehículos particulares, por lo que la diferencia sería de un 25  más.  No llegamos aún a cifras de prepandemia , indicó el dirigente a la vez de mencionar que la actual preocupación es la falta de personal de Aduanas de Perú para esta semana, ya que el viernes se presentaron problemas en el control vehicular del turno de almuerzo, cuando solo dejan a un funcionario y se forma una fila de 30 conductores esperando el sello y firma.  No pueden irse a almorzar todos juntos, deberían dejar dos o tres como lo hace Chile , reclamó al tiempo de indicar que algo similar ocurre en el turno noche, cuando también hay escaso personal, por lo que invoca a las autoridades que tomen las previsiones, haciendo un llamado especial al administrador del Complejo Fronterizo Santa Rosa. Comentarios de Facebook También te puede interesar Arequipa: Tragedia en Arequipa: bus interprovincial cae a un abismo y deja 37 muertos y 14 heridos Una nueva tragedia enluta las carreteras del sur",2025-11-16T22:38:52.363631,2025-11-16T22:38:52.608420,2025-11-16T22:38:52.608425,Sin Fronteras,10843,"https://diariosinfronteras.com.pe/wp-content/uploads/2024/09/2-A-4-660x330.jpg, https://diariosinfronteras.com.pe/wp-content/uploads/2020/06/dxt-nav.png",383,"El presidente de los colectiveros de la ruta Tacna-Arica, Javier Cabrera Pinto, informó que desde el viernes 13 se nota un fuerte movimiento de pasajeros por la frontera entre Perú y Chile, motivado seguramente por la festividad del Señor de Locumba. El aumento fue en un 40  en comparación con los días anteriores, aunque este domingo el tránsito fue lento.",,Tacna: Tránsito de personas por la frontera aumentó 40,https://diariosinfronteras.com.pe/2024/09/16/tacna-transito-de-personas-por-la-frontera-aumento-40/
Desconocido,1802,General,"Inicio PUNO Puno: Comunidad de Aricato protesta contra alcalde de Sandia por incumplir compromisos Puno: Comunidad de Aricato protesta contra alcalde de Sandia por incumplir compromisos Por Diario Sin Fronteras - 19 marzo, 2025 - En PUNO 763 Pobladores Aricato protestan. Mas de 300 comuneros y entre ellos un equipo de profesionales de la Comunidad Campesina de Aricato del distrito y provincia de Sandia, se movilizaron contra el alcalde provincial, Berly Tacca Yana, quien no habría cumplido la ejecución de una obra que estaba considera en el presupuesto participativo del 2024 para su ejecución del 2025 y piden la presencia del alcalde y de no tener éxitos de protesta cerraran la vía alterna al valle del Tambopata e Inambari. Los dirigentes se manifestaron frente al palacio municipal, indicando que su medida de protesta pretendió sabotear queriendo silenciar a su autoridad, ellos piden el cumplimiento de la ejecución de una cancha Grass en Pallipugio que debió ejecutarse este año y dicho presupuesto supuestamente lo desviaron para liquidar obras pendientes y así mismo indicaron que requieren el cumplimiento del presupuesto para el 2026. Por otro lado, el presidente de la comunidad Cristian Segundino Morales Machaca, dijo que el alcalde se habría escondido junto a los regidores dentro del municipio, mientras solo los funcionarios dijeron la cara con el cuento que Tacca Yana, habría viajado a Lima y que no se encuentra; mientras el burgomaestre sandino en la noche habría celebrado sus cumpleaños en medio de fiesta en Sandia y el cuento del viaja los huelguistas no los creen. Comentarios de Facebook También te puede interesar Puno: Intervienen al director de Energía y Minas por presunto uso indebido de camioneta en reunión privada El director regional de Energía y Minas, Edwin",2025-11-16T22:38:52.363631,2025-11-16T22:38:52.608041,2025-11-16T22:38:52.608043,Sin Fronteras,10842,"https://diariosinfronteras.com.pe/wp-content/uploads/2025/03/WhatsApp-Image-2025-03-19-at-5.04.36-PM-660x330.jpeg, https://diariosinfronteras.com.pe/wp-content/uploads/2025/03/WhatsApp-Image-2025-03-19-at-5.04.36-PM-1-1-500x333.jpeg",288,,,Puno: Comunidad de Aricato protesta contra alcalde de Sandia por incumplir compromisos,https://diariosinfronteras.com.pe/2025/03/19/puno-comunidad-de-aricato-protesta-contra-alcalde-de-sandia-por-incumplir-compromisos/
Desconocido,1410,General,"Inicio PUNO Hallan sin vida a varón en el jirón Piérola Hallan sin vida a varón en el jirón Piérola Por Diario Sin Fronteras - 27 julio, 2025 - En PUNO 2816 Hombre habría estado consumiendo bebidas alcohólicas en un local cercano. Juliaca. En horas de la mañana, los vecinos del cruce entre los jirones San Agustín y Piérola alertaron a las autoridades sobre el hallazgo del cuerpo sin vida de un varón de aproximadamente 35 años, que se encontraba recostado contra una pared. De inmediato, personal de Serenazgo y agentes de la Policía Nacional se desplazaron al lugar para acordonar la zona y realizar el levantamiento del cadáver. Durante las diligencias, peritos de la Oficina de Criminalística identificaron al fallecido como Erick Y. Vilca Quinto. Según las primeras investigaciones, se presume que el hombre habría consumido bebidas alcohólicas en un local cercano antes de su deceso. Aunque la causa exacta de la muerte aún no se determinó, se maneja la hipótesis de una posible hipotermia, y la ingesta de alcohol. El cuerpo fue trasladado a la morgue del Instituto de Medicina Legal para la necropsia de ley, minetras la Policía continúa con las investigaciones para esclarecer su fallecimiento. Comentarios de Facebook También te puede interesar Puno: Intervienen al director de Energía y Minas por presunto uso indebido de camioneta en reunión privada El director regional de Energía y Minas, Edwin",2025-11-16T22:38:52.363631,2025-11-16T22:38:52.607645,2025-11-16T22:38:52.607647,Sin Fronteras,10841,"https://diariosinfronteras.com.pe/wp-content/uploads/2025/07/3b40024b-9abe-4b62-bfe2-dd9deb034d9c-660x330.jpeg, https://diariosinfronteras.com.pe/wp-content/uploads/2020/06/dxt-nav.png",231,"Juliaca. En horas de la mañana, los vecinos del cruce entre los jirones San Agustín y Piérola alertaron a las autoridades sobre el hallazgo del cuerpo sin vida de un varón de aproximadamente 35 años, que se encontraba recostado contra una pared.",,Hallan sin vida a varón en el jirón Piérola,https://diariosinfronteras.com.pe/2025/07/27/hallan-sin-vida-a-varon-en-el-jiron-pierola/
Desconocido,1485,General,"Inicio PUNO Puno: Universidad en Azángaro ya es una realidad Puno: Universidad en Azángaro ya es una realidad Por Diario Sin Fronteras - 1 agosto, 2024 - En PUNO 3440 Universidad ya es una realidad en Azángaro con 3 carreras profesionales. Hoy se inauguró la primera filial de la Universidad Nacional del Altiplano en la tierra prócer de Azángaro, con 3 carreras profesionales y 90 vacantes. Con la participación de la burgomaestre azangarino, Salvador Apaza Flores, el rector de la UNA Puno y demás autoridades, se constituyeron hasta la comunidad de Vilacunca . Vilcapampa, en donde se asignó más de 4 hectáreas de terreno para iniciar la construcción de un moderno local. Según expresó, Apaza Flores esta infraestructura culminará a mediados del 2025, mientras tanto, las carreras profesionales de, Ing. de Minas, Ing. de Telecomunicaciones e Ing. Económica serán aperturadas desde el mes de agosto, con un total de 30 vacantes para cada carrera profesional, albergadas en instituciones educativas del nivel secundario y superior. Las inscripciones para el primer examen de admisión serán el 13,14 y 15 de agosto y la evaluación se realizará el 17 en la misma ciudad.  Es un anhelo cumplido que beneficiará de manera significativa a los jovenes estudiantes y la población en su conjunto , expresó, el burgomaestre Comentarios de Facebook También te puede interesar Cientos de jóvenes puneños rinden examen de preselección para Beca 18 Aspirantes de toda la región participaron en la",2025-11-16T22:38:52.363631,2025-11-16T22:38:52.607352,2025-11-16T22:38:52.607354,Sin Fronteras,10840,"https://diariosinfronteras.com.pe/wp-content/uploads/2024/08/IMG_20240801_200819_800_x_533_pixel-660x330.jpg, https://diariosinfronteras.com.pe/wp-content/uploads/2020/06/dxt-nav.png",239,,,Puno: Universidad en Azángaro ya es una realidad,https://diariosinfronteras.com.pe/2024/08/01/puno-universidad-en-azangaro-ya-es-una-realidad/
Desconocido,881,General,"Inicio AREQUIPA Reciclador fallece tras ser atropellado por un camión cisterna en  Arequipa Reciclador fallece tras ser atropellado por un camión cisterna en  Arequipa Por Diario Sin Fronteras - 6 noviembre, 2024 - En AREQUIPA 716 Trágico final. Un reciclador perdió la vida en un trágico accidente ocurrido esta noche en la ciudad de Arequipa, cuando fue atropellado por un camión cisterna. El incidente tuvo lugar en la vía de ingreso a Ciudad Municipal en el Cono Norte, donde la víctima se encontraba realizando su trabajo habitual de recolección de materiales reciclables. Al parecer, el vehículo no alcanzó a frenar a tiempo, arrollando al hombre. Noticia en desarrollo  Comentarios de Facebook También te puede interesar Puno: Intervienen al director de Energía y Minas por presunto uso indebido de camioneta en reunión privada El director regional de Energía y Minas, Edwin",2025-11-16T22:38:52.363631,2025-11-16T22:38:52.605318,2025-11-16T22:38:52.605321,Sin Fronteras,10839,"https://diariosinfronteras.com.pe/wp-content/uploads/2024/11/image-660x330.jpg, https://diariosinfronteras.com.pe/wp-content/uploads/2020/06/dxt-nav.png",140,,,Reciclador fallece tras ser atropellado por un camión cisterna en  Arequipa,https://diariosinfronteras.com.pe/2024/11/06/reciclador-fallece-tras-ser-atropellado-por-un-camion-cisterna-en-arequipa/
Desconocido,1644,General,"Inicio POLITICA Dina Boluarte: presentan dos proyectos de ley para dejar sin efecto aumento de sueldo presidencial Dina Boluarte: presentan dos proyectos de ley para dejar sin efecto aumento de sueldo presidencial Por Diario Sin Fronteras - 5 julio, 2025 - En POLITICA 836 Tras la polémica y cuestionamientos registrados por el incremento de sueldo de la presidenta de la República, Dina Boluarte Zegarra, las parlamentarias Silvana Robles y Sigrid Bazán, presentaron esta tarde proyectos de ley para dejar sin efecto el reciente aumento del sueldo presidencial.  Por contravenir las disposiciones de la Ley 28212, que establece límites a la remuneración presidencial, a un monto no mayor de 10 Unidades Remunerativas del sector público, es decir, 26 000 soles para el año 2025 , sustenta en uno de los puntos su iniciativa Robles Araujo de la Bancada Socialista. Por su parte, Bazán Narro del Bloque Socialista, indica en su proyecto que el incremento salarial de la jefa de Estado  supone un despropósito por los bajos niveles de aprobación de esta gestión y porque no toma en cuenta el impacto que una medida como esta en la ciudadanía y la crisis económica que se vive . Pese a las críticas, el Gobierno publicó en el diario oficial El Peruano el Decreto Supremo N.º 136-2025-EF, mediante el cual se aprueba el aumento de sueldo de la mandataria Dina Boluarte, quien de recibir 15 600 soles pasará a ganar ahora 35,568 soles mensuales. Comentarios de Facebook También te puede interesar Puno: Intervienen al director de Energía y Minas por presunto uso indebido de camioneta en reunión privada El director regional de Energía y Minas, Edwin",2025-11-16T22:38:52.363631,2025-11-16T22:38:52.604845,2025-11-16T22:38:52.604864,Sin Fronteras,10838,"https://diariosinfronteras.com.pe/wp-content/uploads/2025/07/suben-sueldo-dina-boluarte-800x419-1-660x330.jpg, https://diariosinfronteras.com.pe/wp-content/uploads/2020/06/dxt-nav.png",272,,,Dina Boluarte: presentan dos proyectos de ley para dejar sin efecto aumento de sueldo presidencial,https://diariosinfronteras.com.pe/2025/07/05/dina-boluarte-presentan-dos-proyectos-de-ley-para-dejar-sin-efecto-aumento-de-sueldo-presidencial/
Desconocido,957,General,"Inicio PUNO Puno: Conductor en estado etílico provocó choque y se escapó Puno: Conductor en estado etílico provocó choque y se escapó Por Redacción Diario Sin Fronteras - 18 febrero, 2025 - En PUNO 966 Conductor en estado etílico provocó choque y se escapó El personal de Serenazgo del distrito de San Miguel intervino a un conductor acusado de provocar un accidente de tránsito en la intersección de las avenidas El Triunfo y Ramón Gutiérrez. Según testigos, un auto colisionó con un mototaxi y huyó. Ante ello, el Serenazgo lo persiguió y lo interceptó en la avenida Horacio Zeballos. El vehículo, con una llanta desinflada, era conducido por un hombre en aparente estado de ebriedad. El sujeto fue llevado a la comisaría para las investigaciones del caso. Comentarios de Facebook También te puede interesar Arequipa: Tragedia en Arequipa: bus interprovincial cae a un abismo y deja 37 muertos y 14 heridos Una nueva tragedia enluta las carreteras del sur",2025-11-16T22:38:52.363631,2025-11-16T22:38:52.604359,2025-11-16T22:38:52.604362,Sin Fronteras,10837,"https://diariosinfronteras.com.pe/wp-content/uploads/2025/02/Serenos-llegaron-al-lugar-660x330.jpg, https://diariosinfronteras.com.pe/wp-content/uploads/2020/06/dxt-nav.png",159,El personal de Serenazgo del distrito de San Miguel intervino a un conductor acusado de provocar un accidente de tránsito en la intersección de las avenidas El Triunfo y Ramón Gutiérrez.,,Puno: Conductor en estado etílico provocó choque y se escapó,https://diariosinfronteras.com.pe/2025/02/18/puno-conductor-en-estado-etilico-provoco-choque-y-se-escapo/
Desconocido,1136,General,"Inicio AREQUIPA Arequipa: Manuel Aco queda fuera de la alcaldía de Yarabamba Arequipa: Manuel Aco queda fuera de la alcaldía de Yarabamba Por Diario Sin Fronteras - 26 agosto, 2025 - En AREQUIPA 870 El Jurado Nacional de Elecciones (JNE) resolvió dejar sin efecto, de manera definitiva, la credencial otorgada a Manuel Sifredo Aco Linares, alcalde suspendido de la Municipalidad Distrital de Yarabamba, provincia de Arequipa. Con ello, se cierra su posibilidad de retornar al cargo tras las elecciones regionales y municipales de 2022. En su lugar, el JNE dispuso convocar a José Luis Luna Zapana como alcalde titular y a Wuilber Mario Linares Puma como regidor, quienes asumirán de manera definitiva sus cargos para completar el periodo de gobierno municipal 2023-2026. La decisión quedó establecida en la Resolución N.  0348-2025-JNE, suscrita por los magistrados Ramírez Chávarry, Maisch Molina, Torres Cortez y Oyarce Yuzzelli. Comentarios de Facebook También te puede interesar Puno: Intervienen al director de Energía y Minas por presunto uso indebido de camioneta en reunión privada El director regional de Energía y Minas, Edwin",2025-11-16T22:38:52.363631,2025-11-16T22:38:52.604048,2025-11-16T22:38:52.604051,Sin Fronteras,10836,"https://diariosinfronteras.com.pe/wp-content/uploads/2025/08/IMG_20250826_193150_800_x_533_pixel-660x330.jpg, https://diariosinfronteras.com.pe/wp-content/uploads/2020/06/dxt-nav.png",176,,,Arequipa: Manuel Aco queda fuera de la alcaldía de Yarabamba,https://diariosinfronteras.com.pe/2025/08/26/arequipa-manuel-aco-queda-fuera-de-la-alcaldia-de-yarabamba/
Desconocido,2343,General,"Inicio POLITICA Caso Lomas de Ilo: Fiscalía ratifica medida cautelar sobre bienes de Martín Vizcarra Caso Lomas de Ilo: Fiscalía ratifica medida cautelar sobre bienes de Martín Vizcarra Por Diario Sin Fronteras - 22 noviembre, 2024 - En POLITICA 551 Martín Vizcarra. El Ministerio Público informó que se ha confirmado una medida cautelar de inhibición sobre 15 inmuebles relacionados con el expresidente Martín Vizcarra y su cónyuge, Maribel Díaz Cabello. Los predios, ubicados en Lima y Moquegua, están valorizados en S  5 810,252 y forman parte de las investigaciones vinculadas a los casos Lomas de Ilo y Hospital de Moquegua, que involucran presuntos delitos contra la administración pública. La medida, dispuesta por la Fiscalía Superior Transitoria Especializada en Extinción de Dominio, busca garantizar la disponibilidad de estos bienes para una eventual reparación civil en favor del Estado. Entre las propiedades destacan dos departamentos, dos estacionamientos y un depósito en San Isidro, así como un lote en una asociación de vivienda con diez subviviendas en Moquegua. Relación con actividades ilícitas Según la Fiscalía, estos inmuebles estarían vinculados a presuntas irregularidades cometidas por Vizcarra cuando ejercía como presidente regional de Moquegua entre 2011 y 2014. Los casos investigados involucran contratos y proyectos que habrían sido utilizados para beneficiar intereses personales. El embargo preventivo, implementado desde septiembre de este año, prohíbe que el expresidente y su esposa vendan, transfieran o realicen cualquier acción sobre las propiedades mientras duren las investigaciones. Esta medida cautelar asegura que los activos queden disponibles para responder a las responsabilidades legales que puedan determinarse. Implicancias y próximos pasos El Subsistema Nacional Especializado en Extinción de Dominio lidera las acciones legales para garantizar la transparencia en el proceso y resguardar los intereses del Estado. Estas medidas son parte de un esfuerzo más amplio para enfrentar la corrupción en la administración pública y garantizar que los implicados asuman sus responsabilidades. Comentarios de Facebook También te puede interesar Puno: Intervienen al director de Energía y Minas por presunto uso indebido de camioneta en reunión privada El director regional de Energía y Minas, Edwin",2025-11-16T22:38:52.363631,2025-11-16T22:38:52.603161,2025-11-16T22:38:52.603164,Sin Fronteras,10835,"https://diariosinfronteras.com.pe/wp-content/uploads/2024/09/WhatsApp-Image-2024-09-04-at-5.11.11-PM-660x330.jpeg, https://diariosinfronteras.com.pe/wp-content/uploads/2020/06/dxt-nav.png",341,,,Caso Lomas de Ilo: Fiscalía ratifica medida cautelar sobre bienes de Martín Vizcarra,https://diariosinfronteras.com.pe/2024/11/22/caso-lomas-de-ilo-fiscalia-ratifica-medida-cautelar-sobre-bienes-de-martin-vizcarra/
Desconocido,1637,General,"Inicio POLICIALES Macabro hallazgo en S.P. de Putina Punco Macabro hallazgo en S.P. de Putina Punco Por Diario Sin Fronteras - 13 marzo, 2024 - En POLICIALES 1319 Terrible impacto provocó la muerte instantánea de motociclista. S.P. de Putina Punco. Ayer, residentes del centro poblado del sector Curva Alegre, ubicado en el distrito de San Pedro de Putina Punco, se vieron perturbados por el macabro descubrimiento de un cadáver no identificado, presuntamente de sexo masculino, hallado en las aguas del riachuelo de Chaquimayo. El cuerpo estaba envuelto en un saco de polietileno. El trágico suceso ha llevado a especular que este podría ser resultado de un ajuste de cuentas, dada la naturaleza del hallazgo. El occiso, vestido con pantalón jean negro, zapatillas negras con líneas blancas y medias deportivas azules con detalles grises, no ha sido identificado hasta el momento. Ante la gravedad de la situación, las autoridades policiales, lideradas por el teniente Elmer Mamani Arhuire, de la Comisaría Rural de San Juan del Oro, han movilizado sus recursos para llevar a cabo las diligencias correspondientes en el lugar del hallazgo. Paralelamente, hicieron un llamado urgente a las autoridades del centro poblado para colaborar en la identificación del fallecido. Trascendió que el móvil del crimen sería un ajuste de cuentas ya en esta parte de la región operaría el tráfico ilícito de drogas, la minería ilegal, entre otras actividades ligadas con el delito. Comentarios de Facebook También te puede interesar Cientos de jóvenes puneños rinden examen de preselección para Beca 18 Aspirantes de toda la región participaron en la",2025-11-16T22:38:52.363631,2025-11-16T22:38:52.602841,2025-11-16T22:38:52.602843,Sin Fronteras,10834,"https://diariosinfronteras.com.pe/wp-content/uploads/2024/03/x-1.jpg, https://diariosinfronteras.com.pe/wp-content/uploads/2020/06/dxt-nav.png",259,,,Macabro hallazgo en S.P. de Putina Punco,https://diariosinfronteras.com.pe/2024/03/13/macabro-hallazgo-en-s-p-de-putina-punco/
Desconocido,1807,General,"Inicio AREQUIPA Senamhi alerta fuertes lluvias, granizo y nevadas hasta el 26 de noviembre Senamhi alerta fuertes lluvias, granizo y nevadas hasta el 26 de noviembre Por Diario Sin Fronteras - 25 noviembre, 2024 - En AREQUIPA 707 Se registrarán lluvias en la ciudad. El Servicio Nacional de Meteorología e Hidrología del Perú (SENAMHI) ha emitido un comunicado informando que desde el domingo 24 hasta el martes 26 de noviembre se registrarán precipitaciones de moderada a fuerte intensidad en la sierra del país. Estas precipitaciones incluirán nieve, granizo, aguanieve y lluvias, principalmente en las zonas por encima de los 2800 metros sobre el nivel del mar para el granizo y sobre los 3800 m s. n. m. para la nieve. El fenómeno climático estará acompañado de descargas eléctricas y ráfagas de viento que podrían alcanzar velocidades de hasta 35 km h. Además, no se descarta la posibilidad de lluvias dispersas en la costa centro y norte del país durante este período. ACUMULADOS ESPERADOS:   Sierra norte: hasta 25 mm día.   Sierra centro: hasta 22 mm día.   Sierra sur: hasta 23 mm día. El Senamhi exhorta a la población a tomar precauciones, especialmente en zonas propensas a deslizamientos o inundaciones, y recomienda mantenerse informados a través de sus canales oficiales. Asimismo, se pide a los gobiernos locales y regionales activar sus planes de contingencia ante este evento meteorológico. La población que resida en altitudes mayores debe estar especialmente alerta debido a la probabilidad de nevadas y bajas temperaturas que podrían afectar la movilidad y las actividades diarias. Comentarios de Facebook También te puede interesar Puno: Intervienen al director de Energía y Minas por presunto uso indebido de camioneta en reunión privada El director regional de Energía y Minas, Edwin",2025-11-16T22:38:52.363631,2025-11-16T22:38:52.601594,2025-11-16T22:38:52.601597,Sin Fronteras,10833,"https://diariosinfronteras.com.pe/wp-content/uploads/2024/11/IMG_20241125_165124_800_x_533_pixel-660x330.jpg, https://diariosinfronteras.com.pe/wp-content/uploads/2020/06/dxt-nav.png",287,,,"Senamhi alerta fuertes lluvias, granizo y nevadas hasta el 26 de noviembre",https://diariosinfronteras.com.pe/2024/11/25/senamhi-alerta-fuertes-lluvias-granizo-y-nevadas-hasta-el-26-de-noviembre/
Desconocido,1426,General,"Inicio NACIONAL Juicio contra Pedro Castillo se reanudará el jueves 13 de marzo Juicio contra Pedro Castillo se reanudará el jueves 13 de marzo Por Diario Sin Fronteras - 11 marzo, 2025 - En NACIONAL 621 Pedro Castillo. El proceso judicial contra el expresidente Pedro Castillo por el intento de golpe de Estado del 7 de diciembre de 2022 fue suspendido este martes y se retomará el jueves 13 de marzo. Durante la audiencia, el exministro de Defensa Gustavo Bobbio declaró que desconoce quién redactó el discurso con el que Castillo anunció la disolución del Congreso. El expresidente continúa con su huelga de hambre iniciada el 10 de marzo, aunque un examen médico confirmó que su estado de salud es estable, con signos de ligera deshidratación. Ante esta situación, la Sala exhortó a Castillo a desistir de medidas de protesta. En otro incidente, Castillo rechazó a los abogados de oficio designados por el Poder Judicial y afirmó que no necesita defensa pública. Su abogado anterior, Edgar Callahualpa, renunció por la  relación insostenible  con su defendido. La Fiscalía solicita 34 años de prisión para Pedro Castillo por los delitos de rebelión, abuso de autoridad y grave perturbación de la tranquilidad pública. Comentarios de Facebook También te puede interesar Puno: Intervienen al director de Energía y Minas por presunto uso indebido de camioneta en reunión privada El director regional de Energía y Minas, Edwin",2025-11-16T22:38:52.363631,2025-11-16T22:38:52.600462,2025-11-16T22:38:52.600464,Sin Fronteras,10832,"https://diariosinfronteras.com.pe/wp-content/uploads/2025/03/GlNK_r0WoAAgkh7-660x330.jpg, https://diariosinfronteras.com.pe/wp-content/uploads/2020/06/dxt-nav.png",232,,,Juicio contra Pedro Castillo se reanudará el jueves 13 de marzo,https://diariosinfronteras.com.pe/2025/03/11/juicio-contra-pedro-castillo-se-reanudara-el-jueves-13-de-marzo/
Desconocido,2081,General,"Inicio NACIONAL Aumentan a S  2.945 remuneración de auxiliares de educación nombrados y contratados Aumentan a S  2.945 remuneración de auxiliares de educación nombrados y contratados Por Diario Sin Fronteras - 2 marzo, 2025 - En NACIONAL 763 Incremento se hará efectivo desde este mes. El Poder Ejecutivo aprobó un aumento salarial para los auxiliares de educación nombrados y contratados en las instituciones educativas públicas, de S  715 en su sueldo desde este mes, a fin de generar mejores condiciones para el inicio del año escolar 2025. Mediante el Decreto Supremo N  030-2025-EF, publicado ayer en el boletín de las Normas Legales del Diario Oficial El Peruano, se fijó la nueva remuneración de los auxiliares de educación nombrados y contratados que elevará su salario de S  2.230 a S  2.945 a partir de marzo. El incremento en los sueldos de los auxiliares de educación será financiado por el Ministerio de Educación (Minedu), el cual ha autorizado una transferencia de partidas por un monto de S  139.504.239 a favor de veinticinco gobiernos regionales. Este fondo se destinará a cubrir el costo diferencial del aumento salarial desde marzo hasta diciembre del 2025. El decreto supremo resalta que el 65   de esta remuneración está destinado a cargas sociales y tiene carácter pensionable, lo que beneficia tanto a los auxiliares contratados como a los nombrados, que desempeñan labores en la Educación Básica Regular y la Educación Básica Especial. Este ajuste salarial se da en cumplimiento de la Nonagésima Cuarta Disposición Complementaria Final de la Ley N  32185, Ley de Presupuesto del Sector Público para el Año Fiscal 2025. Además, el decreto especifica que el monto autorizado será distribuido entre los gobiernos regionales, con el objetivo de garantizar el pago oportuno de los salarios y asegurar la continuidad de los servicios educativos en el país. Comentarios de Facebook También te puede interesar Puno: Intervienen al director de Energía y Minas por presunto uso indebido de camioneta en reunión privada El director regional de Energía y Minas, Edwin",2025-11-16T22:38:52.363631,2025-11-16T22:38:52.599298,2025-11-16T22:38:52.599300,Sin Fronteras,10831,"https://diariosinfronteras.com.pe/wp-content/uploads/2025/03/001133487W-1-660x330.jpg, https://diariosinfronteras.com.pe/wp-content/uploads/2020/06/dxt-nav.png",332,,,Aumentan a S  2.945 remuneración de auxiliares de educación nombrados y contratados,https://diariosinfronteras.com.pe/2025/03/02/aumentan-a-s-2-945-remuneracion-de-auxiliares-de-educacion-nombrados-y-contratados/
Desconocido,1575,General,"Inicio POLICIALES Juliaca: Ladrón fue captado robando una moto Juliaca: Ladrón fue captado robando una moto Por Diario Sin Fronteras - 15 junio, 2024 - En POLICIALES 963  Cuidado con el ladrón! Un miembro de la campaña  Solidaridad que abriga y cura  fue víctima del robo de su motocicleta mientras participaba en una reunión con otros voluntarios. El hecho ocurrió cerca de las 8:20 de la noche en el jirón Jáuregui de la ciudad de Juliaca. El hurto quedó registrado por las cámaras de videovigilancia. EL ROBO A las 8:21 de la noche, se observa en las imágenes a un sujeto vestido con una polera negra y un buzo plomo acercarse a la motocicleta de propiedad de Nolberto García. De manera sigilosa, el delincuente rompe el seguro de la moto en cuestión de minutos y se la lleva. LA DENUNCIA El afectado, Nolberto García, indicó que en ese momento se encontraba reunido con otros colegas para organizar la entrega de ayuda humanitaria, consistente en abrigos para el friaje, a la población vulnerable de las alturas del distrito de Crucero, provincia de Carabaya. García señaló que dejó su moto en el exterior de la financiera  Inversiones IPEM . Finalmente, el agraviado indicó que la moto es de la marca Rezzio y que la placa está en trámite, ya que la adquirió hace menos de 5 meses. García pidió a la población que colabore con la identificación del ladrón y que tenga cuidado para no ser otra víctima. Comentarios de Facebook También te puede interesar Cientos de jóvenes puneños rinden examen de preselección para Beca 18 Aspirantes de toda la región participaron en la",2025-11-16T22:38:52.363631,2025-11-16T22:38:52.598714,2025-11-16T22:38:52.598717,Sin Fronteras,10830,"https://diariosinfronteras.com.pe/wp-content/uploads/2024/06/47a199fc-7e41-4e3d-8525-8c12e0c34af4-660x330.jpg, https://diariosinfronteras.com.pe/wp-content/uploads/2020/06/dxt-nav.png",272,Juliaca: Ladrón fue captado robando una moto,,Juliaca: Ladrón fue captado robando una moto,https://diariosinfronteras.com.pe/2024/06/15/juliaca-ladron-fue-captado-robando-una-moto/
Desconocido,1835,General,"Inicio AREQUIPA En junio, Candia vuelve al banquillo de los acusados En junio, Candia vuelve al banquillo de los acusados Por Diario Sin Fronteras - 20 mayo, 2022 - En AREQUIPA, POLITICA 805 Ministerio Público también apeló y pide diez años para Omar Candia Aguilar. El viernes 17 de junio se dará inicio al juicio en segunda instancia donde el alcalde provincial, Omar Candia Aguilar, apelará la sentencia en su contra por la compra irregular de 40 cámaras de videovigilancia que realizó cuando era burgomaestre del distrito de Alto Selva Alegre en 2012. La sentencia, que fue emitida en diciembre pasado por el juez para casos de corrupción de funcionarios Eddy Leva Cascamayta, dictaba prisión de seis años para el edil por el delito de colusión agravada y una reparación civil de S 99 mil 929. Cabe recordar que en un inicio la procuraduría requirió que se aplique el pago de S 2 millones. Sin embargo, Leva desestimó el requerimiento en el juicio y dictó el pago de S 99 mil 929 por el daño. En esta nueva etapa, los magistrados Orlando Abril Paredes, Manfred Vera Torres y Ronald Medina Tejada serán los encargados de ver el caso. MÁS APELACIONES Junto a Candia también apelaron el exsubgerente de Servicio Comunal de Alto Selva Alegre Reynaldo Díaz Chilo y el empresario José Ríos Sánchez, quienes también recibieron la misma pena. Asimismo, el antiguo subgerente de Logística Juan Lipe Lizárraga y el ingeniero Sandro Martínez Sardón, sentenciados a tres años de prisión suspendida. Solicitan la absolución de los cargos o nulidad de la resolución para evitar su ingreso al penal de Socabaya y el pago de la indemnización. Comentarios de Facebook También te puede interesar Puno: Intervienen al director de Energía y Minas por presunto uso indebido de camioneta en reunión privada El director regional de Energía y Minas, Edwin",2025-11-16T22:38:52.363631,2025-11-16T22:38:52.598373,2025-11-16T22:38:52.598376,Sin Fronteras,10829,"https://diariosinfronteras.com.pe/wp-content/uploads/2022/05/A-6.jpg, https://diariosinfronteras.com.pe/wp-content/uploads/2020/06/dxt-nav.png",308,,,"En junio, Candia vuelve al banquillo de los acusados",https://diariosinfronteras.com.pe/2022/05/20/en-junio-candia-vuelve-al-banquillo-de-los-acusados/
Desconocido,1500,General,"Inicio PUNO Exfuncionario de Puno detenido por conducir ebrio Exfuncionario de Puno detenido por conducir ebrio Por Diario Sin Fronteras - 11 septiembre, 2025 - En PUNO 481 Durante una intervención policial, personal de la Unidad de Emergencia detuvo a un exfuncionario de la Municipalidad de Puno por manejar en estado de ebriedad. EBRIO AL VOLANTE Según informó la Policía, el conductor realizaba maniobras peligrosas alrededor de la 1:00 de la madrugada, en la intersección del jirón Lampa con la avenida El Sol. Los efectivos policiales observaron un vehículo Kia Sportage, color plata, placa AVS-581, que se desplazaba en zigzag. Tras la intervención, se identificó al conductor como Fredy Gallegos Flores (37), quien presentaba aliento alcohólico. Posteriormente se supo que Gallegos había ocupado el cargo de exsubgerente de Inspecciones de Tránsito de la Municipalidad Provincial de Puno. DOSAJE POSITIVO El detenido fue trasladado a la Comisaría PNP Puno, luego de practicarle el examen de dosaje etílico en la Sanidad PNP, el resultado fue positivo. El caso fue comunicado a la representante del Ministerio Público, Yessi Condori Escarcena, fiscal de la 1ra Fiscalía Provincial Corporativa de Puno, quien dispuso su detención por el presunto delito de conducción en estado de ebriedad. Comentarios de Facebook También te puede interesar Puno: Intervienen al director de Energía y Minas por presunto uso indebido de camioneta en reunión privada El director regional de Energía y Minas, Edwin",2025-11-16T22:38:52.363631,2025-11-16T22:38:52.597809,2025-11-16T22:38:52.597811,Sin Fronteras,10828,"https://diariosinfronteras.com.pe/wp-content/uploads/2025/09/abrioraaaaaaa-2-660x330.jpeg, https://diariosinfronteras.com.pe/wp-content/uploads/2020/06/dxt-nav.png",232,,,Exfuncionario de Puno detenido por conducir ebrio,https://diariosinfronteras.com.pe/2025/09/11/exfuncionario-de-puno-detenido-por-conducir-ebrio/
Desconocido,1132,General,"Inicio PUNO La  Generación Z  pide perdón a los puneños La  Generación Z  pide perdón a los puneños Por Diario Sin Fronteras - 1 día atrás - En PUNO 380 Los jóvenes de la capital y el norte del país, que protestaron ayer en Lima, convocaron a la unidad de todas las regiones y reconocieron que en su momento no apoyaron las luchas del sur, por lo que pidieron perdón ante el abandono que en su momento protagonizaron. El representante de la Generación Z, Juan Villanueva, reconoció, lo que consideró el abandono de los limeños ante las protestas de 2022 y 2023. Dijo que la gravedad de los hechos ocurridos en ese período, ameritaban un respaldo total; sin embargo, al no darse se generó un resentimiento social. Ahora, los jóvenes de Lima y la población del norte, salen a protestar en contra de las leyes pro crimen, inseguridad, rechazo al Gobierno y otras demandas; sin embargo, anhelan la unidad de todo el pueblo peruano. Comentarios de Facebook También te puede interesar Puno: Intervienen al director de Energía y Minas por presunto uso indebido de camioneta en reunión privada El director regional de Energía y Minas, Edwin",2025-11-16T22:38:52.363631,2025-11-16T22:38:52.597495,2025-11-16T22:38:52.597497,Sin Fronteras,10827,"https://diariosinfronteras.com.pe/wp-content/uploads/2025/11/foto-la-generacion-z-660x330.jpeg, https://diariosinfronteras.com.pe/wp-content/uploads/2020/06/dxt-nav.png",196,,,La  Generación Z  pide perdón a los puneños,https://diariosinfronteras.com.pe/2025/11/15/la-generacion-z-pide-perdon-a-los-punenos/
Desconocido,1749,General,"Inicio AREQUIPA Golpean a ladrón que casi roba a cambista en Arequipa Golpean a ladrón que casi roba a cambista en Arequipa Por Diario Sin Fronteras - 20 mayo, 2024 - En AREQUIPA, POLICIALES 630 El caso es investigado en las instalaciones del área de Robos de la Divincri. Cansados de tanta delincuencia, un grupo de personas observó a un ladrón golpeando y robando un morral a un cambista en la intersección de la calle Urubamba y avenida Cayma y, ante la falta de seguridad, ellos mismos capturaron al delincuente, a quien golpearon hasta la llegada de la Policía. Eran casi las 21:25 horas del último sábado cuando el cambista Aurelio C.Q. (70) se encontraba caminando a la altura del Banco de la Nación y fue interceptado por un sujeto, quien lo golpeó en la cabeza y le arrebató un morral donde guardaba más de 20 mil soles y 540 dólares. Los transeúntes al escuchar los gritos del anciano rápidamente lo ayudaron, y tras atrapar al presunto ladrón lo golpearon hasta la llegada de los agentes de la comisaría de Cayma. El cambista manifestó que el sujeto lo golpeó con una piedra en la cabeza y le quitó su morral y que gracias a los peatones evitó ser una víctima más de la delincuencia.  Es todo mi capital. Gracias a las personas y a la Policía logré recuperarlo , manifestó el septuagenario. El presunto ladrón fue identificado como Américo Núñez Alcázar, de 43 años de edad, quien dijo ser topógrafo. El varón fue trasladado a la comisaría de Cayma y luego al área de Robos de la Divincri, donde es investigado por el delito de robo agravado, en modalidad de tentativa. Comentarios de Facebook También te puede interesar Cientos de jóvenes puneños rinden examen de preselección para Beca 18 Aspirantes de toda la región participaron en la",2025-11-16T22:38:52.363631,2025-11-16T22:38:52.597187,2025-11-16T22:38:52.597190,Sin Fronteras,10826,"https://diariosinfronteras.com.pe/wp-content/uploads/2023/10/A-11.jpeg, https://diariosinfronteras.com.pe/wp-content/uploads/2020/06/dxt-nav.png",307,,,Golpean a ladrón que casi roba a cambista en Arequipa,https://diariosinfronteras.com.pe/2024/05/20/golpean-a-ladron-que-casi-roba-a-cambista-en-arequipa/
Desconocido,1962,General,"Inicio PUNO Dirigentes exigen posesión inmediata del terreno del COAR tras anulación de medida cautelar en Juliaca Dirigentes exigen posesión inmediata del terreno del COAR tras anulación de medida cautelar en Juliaca Por Redacción Diario Sin Fronteras - 13 agosto, 2025 - En PUNO 630 Dirigentes de las cuatro zonas de Juliaca exigieron a la Ugel San Román y al alcalde de la municipalidad provincial de San Román tomar acciones inmediatas para que la ciudad asuma la posesión definitiva del terreno destinado al Colegio de Alto Rendimiento (COAR), ubicado en el  Campamento de Taparachi . Afirmaron que  se hizo justicia  con la anulación de la medida cautelar que impedía la obra y acusaron al juez Guido Echevarría de promover un proceso que buscaba perjudicar a la ciudad. El antecedente judicial se remonta al 12 de agosto de 2025, cuando el Tercer Juzgado Civil del Poder Judicial de Puno emitió la resolución N  14 dejando sin efecto la medida cautelar que frenaba el proyecto. Dicha medida había sido concedida el 9 de mayo por el juez Guido Chevarría Tisnado actualmente suspendido e investigado por diversos delitos a favor del sindicato de trabajadores, que reclamaba derechos sobre el predio. El tribunal concluyó que el sindicato no demostró un derecho legítimo, recordando que el terreno fue revertido al municipio al no cumplirse la finalidad para la que fue donado. Con el camino legal despejado, los dirigentes sostienen que no existen excusas para seguir retrasando la construcción del COAR, proyecto que beneficiará a estudiantes de alto rendimiento de toda la región Puno. Advirtieron que no permitirán nuevos intentos de frenar la obra y que, de ser necesario, se movilizarán para asegurar que el terreno se destine exclusivamente al colegio. Comentarios de Facebook También te puede interesar Arequipa: Tragedia en Arequipa: bus interprovincial cae a un abismo y deja 37 muertos y 14 heridos Una nueva tragedia enluta las carreteras del sur",2025-11-16T22:38:52.363631,2025-11-16T22:38:52.596864,2025-11-16T22:38:52.596867,Sin Fronteras,10825,"https://diariosinfronteras.com.pe/wp-content/uploads/2025/08/IMG-20250813-WA0014-660x330.jpg, https://diariosinfronteras.com.pe/wp-content/uploads/2020/06/dxt-nav.png",317,Dirigentes exigen posesión inmediata del terreno del COAR tras anulación de medida cautelar en Juliaca,,Dirigentes exigen posesión inmediata del terreno del COAR tras anulación de medida cautelar en Juliaca,https://diariosinfronteras.com.pe/2025/08/13/dirigentes-exigen-posesion-inmediata-del-terreno-del-coar-tras-anulacion-de-medida-cautelar-en-juliaca/
Desconocido,2251,General,"Inicio NACIONAL Alcalde de Pataz responde a declaraciones de César Acuña:  Vive de espaldas a la realidad  Alcalde de Pataz responde a declaraciones de César Acuña:  Vive de espaldas a la realidad  Por Diario Sin Fronteras - 14 febrero, 2025 - En NACIONAL 636 César Acuña. Sus declaraciones vuelven a levantar polémica. El gobernador de La Libertad, César Acuña, minimizó la crisis de seguridad en su región al negar la existencia delitos como secuestros, pese a los constantes crímenes que mantienen en zozobra a los ciudadanos.  En Trujillo de diciembre hasta ahora no hay ningún secuestro. No hay amenazas a empresarios. Ahora lo que hay es bastante extorsión y las bombas en, en   no? , manifestó Acuña Peralta y militante del partido Alianza para el Progreso (APP). Sus declaraciones llegan en un contexto de creciente violencia en la ciudad, donde el estado de emergencia está a punto de cumplir un año. Le responden a Acuña Peralta Sobre sus declaraciones, el alcalde de Pataz, Aldo Carlos Mariños, desde los estudios de Buenos Días Perú, respondió al gobernador regional de La Libertad:  vive de espaldas a la realidad   La criminalidad que azota la región La Libertad es terrible, no hay forma de tapar el sol con un dedo, solo el día de ayer quemaron el vehículo de una empresa que presta servicio a Paiján, asaltaron a los pasajeros, los bajaron e incendiaron el bus , señalo el burgomaestre. Para el alcalde se trata de un  acto terrorista  por lo que debe ser tratado como tal, sobre las declaraciones de Acuña Peralta, señaló que  En Trujillo no se puede vivir, igual que Lima, ponen bombas y granas todos los días . También denunció que el Estado sobre temas de seguridad en Pataz  no han hecho nada . En otro momento de la entrevista, indicó que el ejecutivo no responde a sus pedidos, para la mejora de la atención médica y el mejoramiento de la vía que necesitan asfaltado, por lo que anunció acciones radicales  Si el Ejecutivo no pone asfaltado, si hasta marzo no se cumple, no saldrá un solo gramo de oro de Pataz , enfatizó. Comentarios de Facebook También te puede interesar Puno: Intervienen al director de Energía y Minas por presunto uso indebido de camioneta en reunión privada El director regional de Energía y Minas, Edwin",2025-11-16T22:38:52.363631,2025-11-16T22:38:52.595976,2025-11-16T22:38:52.595978,Sin Fronteras,10824,"https://diariosinfronteras.com.pe/wp-content/uploads/2025/02/2fff57382aa4_acunasas-660x330.png, https://diariosinfronteras.com.pe/wp-content/uploads/2020/06/dxt-nav.png",386,,,Alcalde de Pataz responde a declaraciones de César Acuña:  Vive de espaldas a la realidad,https://diariosinfronteras.com.pe/2025/02/14/alcalde-de-pataz-responde-a-declaraciones-de-cesar-acuna-vive-de-espaldas-a-la-realidad/
Desconocido,409,General,"Inicio ESCENARIO Karol G visitó Machu Picchu:  Me voy llena de energía   FOTOS  Karol G visitó Machu Picchu:  Me voy llena de energía   FOTOS  Por Diario Sin Fronteras - 17 abril, 2024 - En ESCENARIO 1723 Comentarios de Facebook También te puede interesar Puno: Intervienen al director de Energía y Minas por presunto uso indebido de camioneta en reunión privada El director regional de Energía y Minas, Edwin",2025-11-16T22:38:52.363631,2025-11-16T22:38:52.595694,2025-11-16T22:38:52.595697,Sin Fronteras,10823,"https://diariosinfronteras.com.pe/wp-content/uploads/2020/06/dxt-nav.png, https://diariosinfronteras.com.pe/wp-content/uploads/2020/06/masalla.jpg",68,,,Karol G visitó Machu Picchu:  Me voy llena de energía   FOTOS,https://diariosinfronteras.com.pe/2024/04/17/karol-g-visito-machu-picchu-me-voy-llena-de-energia-fotos/
Desconocido,1517,General,"Inicio PUNO Anuncian VI Congreso de Rondas Campesinas Anuncian VI Congreso de Rondas Campesinas Por Diario Sin Fronteras - 3 septiembre, 2021 - En PUNO 845 Realizaron conferencia de prensa en Juliaca. Con la frase  En un país de ronderos no puede haber más corrupción, ni racismo ni criminalización , ayer el vicepresidente de la Central Única Nacional de Rondas Campesinas del Perú, Hugo Tapara, informó que con el objetivo de analizar la problemática de las rondas campesinas a nivel nacional, los días jueves 2, viernes 3 y sábado 4 de diciembre llevarán adelante el  VI Congreso Nacional de Rondas Campesinas del Perú . El también presidente del Comité Organizador señaló que esta importante actividad tendrá lugar en la ciudad de Lima.  Se realizará para exigir el respeto a las normas que se emiten permanentemente en favor de la población y que no se cumplen, además de la lucha frontal contra la corrupción , indicó. Cabe precisar que la conferencia de prensa se desarrolló en la ciudad de Juliaca.  Este evento será de gran envergadura, hoy (ayer), lanzamos oficialmente el VI Congreso, el que congregará a las rondas de todas las culturas, a los largo y ancho de nuestra patria , señaló. Además agregó que las rondas campesinas están dispuestas a realizar una justicia gratuita y eficaz a favor de las personas más humildes y vulnerables. Comentarios de Facebook También te puede interesar Cientos de jóvenes puneños rinden examen de preselección para Beca 18 Aspirantes de toda la región participaron en la",2025-11-16T22:38:52.363631,2025-11-16T22:38:52.595294,2025-11-16T22:38:52.595297,Sin Fronteras,10822,"https://diariosinfronteras.com.pe/wp-content/uploads/2021/09/rondas-campesinas.jpeg, https://diariosinfronteras.com.pe/wp-content/uploads/2020/06/dxt-nav.png",252,,,Anuncian VI Congreso de Rondas Campesinas,https://diariosinfronteras.com.pe/2021/09/03/anuncian-vi-congreso-de-rondas-campesinas/
Desconocido,1613,General,"Inicio TACNA Tacna: Comerciantes piden inclusión del rubro de licores en la ley de comercio electrónico Tacna: Comerciantes piden inclusión del rubro de licores en la ley de comercio electrónico Por Diario Sin Fronteras - 7 noviembre, 2024 - En TACNA 730 Tacna: Comerciantes piden inclusión del rubro de licores en la ley de comercio electrónico El presidente de la Asociación de Junta de Usuarios de la Zona de Tratamiento Especial Comercial (Aju Zotac), Julio González Ayala, calificó como urgente ajustar la ley de comercio electrónico antes de su plena aplicación, subrayando la necesidad de incluir rubros actualmente excluidos.  Por ejemplo, licores es el rubro más vendido, pero no está considerado en la nueva ley. La normativa actual vence en dos años, y estamos organizando una manifestación para exigir que se permita la comercialización de estos productos , afirmó González Ayala. El representante de Aju Zotac señaló que los comerciantes esperan que esta situación se resuelva en noviembre o diciembre, para poder aprovechar el movimiento económico de las fiestas de fin de año, una temporada clave para los ingresos de las familias locales.  El comercio electrónico en la Zona Franca de Tacna (Zofratacna) debería activarse este mes. En cuanto a las partidas arancelarias, cada año hacemos solicitudes, pero si no hay respuesta, estamos dispuestos a tomar medidas más firmes, incluyendo una movilización , advirtió González Ayala. Comentarios de Facebook También te puede interesar Cientos de jóvenes puneños rinden examen de preselección para Beca 18 Aspirantes de toda la región participaron en la",2025-11-16T22:38:52.363631,2025-11-16T22:38:52.594544,2025-11-16T22:38:52.594547,Sin Fronteras,10821,"https://diariosinfronteras.com.pe/wp-content/uploads/2024/11/piden-cambios-comercio-electronico-tacna-640x330.jpg, https://diariosinfronteras.com.pe/wp-content/uploads/2020/06/dxt-nav.png",252,"El presidente de la Asociación de Junta de Usuarios de la Zona de Tratamiento Especial Comercial (Aju Zotac), Julio González Ayala, calificó como urgente ajustar la ley de comercio electrónico antes de su plena aplicación, subrayando la necesidad de incluir rubros actualmente excluidos.",,Tacna: Comerciantes piden inclusión del rubro de licores en la ley de comercio electrónico,https://diariosinfronteras.com.pe/2024/11/07/tacna-comerciantes-piden-inclusion-del-rubro-de-licores-en-la-ley-de-comercio-electronico/
Desconocido,1565,General,"Inicio PUNO Puno: Pista es un peligro de muerte Puno: Pista es un peligro de muerte Por Redacción Diario Sin Fronteras - 7 abril, 2025 - En PUNO 703 Pista es un peligro de muerte La carretera asfaltada Azángaro-Calapuja-Juliaca, una de las principales vías de comunicación en la región, se encuentra actualmente en pésimas condiciones de mantenimiento, presentando numerosos huecos y deterioro en varios tramos de su recorrido, que habrían provocado accidente. Esta situación crítica ha generado preocupación entre transportistas y pobladores, quienes exigen con urgencia trabajos de reasfaltado para garantizar la seguridad vial. Testimonios recogidos en la zona indican que el mal estado de la carretera no solo dificulta el tránsito vehicular, sino que también representa un permanente riesgo de accidentes, especialmente durante la noche o en temporada de lluvias. Los usuarios de esta vía, considerada vital para el transporte de pasajeros y mercancías entre estas localidades, han manifestado su malestar por la falta de atención por parte de las autoridades competentes. Hasta el momento no se ha emitido ningún pronunciamiento oficial sobre cuándo se iniciarían los trabajos de reparación que la vía requiere con carácter de urgencia. La población espera una pronta intervención de las autoridades regionales y del Ministerio de Transportes y Comunicaciones. Comentarios de Facebook También te puede interesar Arequipa: Tragedia en Arequipa: bus interprovincial cae a un abismo y deja 37 muertos y 14 heridos Una nueva tragedia enluta las carreteras del sur",2025-11-16T22:38:52.363631,2025-11-16T22:38:52.593688,2025-11-16T22:38:52.593690,Sin Fronteras,10820,"https://diariosinfronteras.com.pe/wp-content/uploads/2025/04/accidente-calapuja-2.jpg, https://diariosinfronteras.com.pe/wp-content/uploads/2020/06/dxt-nav.png",238,"La carretera asfaltada Azángaro-Calapuja-Juliaca, una de las principales vías de comunicación en la región, se encuentra actualmente en pésimas condiciones de mantenimiento, presentando numerosos huecos y deterioro en varios tramos de su recorrido, que habrían provocado accidente.",,Puno: Pista es un peligro de muerte,https://diariosinfronteras.com.pe/2025/04/07/puno-pista-es-un-peligro-de-muerte/
Desconocido,1559,General,"Inicio NACIONAL Acuerdan un aumento de 5.26  Acuerdan un aumento de 5.26  Por Diario Sin Fronteras - 10 septiembre, 2023 - En NACIONAL 1130 Informaron que también acordaron la creación de un fondo para capacitación. El secretario general de la Federación de Trabajadores en Construcción Civil del Perú (FTCCP), Luis Villanueva Carbajal, calificó de un éxito la negociación del pliego de reclamos, al acordarse con la Cámara Peruana de la Construcción (Capeco) un aumento salarial de 5.26 , acorde con el costo de vida. Villanueva Carbajal también destacó el respaldo de todos los agremiados en la movilización nacional del martes 5 de setiembre.  Ha sido un éxito la negociación colectiva de este año y eso se debe a la estrategia diseñada e impuesta desde la dirección de la federación, pero que fue acompañada y respaldada por los cientos de sindicatos a nivel nacional , dijo. Remarcó que la movilización fue contundente y exitosa, pues los trabajadores obtuvieron lo que se buscaba con esta acción de lucha. Además consideró que se hizo reflexionar a la Cámara Peruana de la Construcción para que retome la mesa de trato directo para llegar a una solución. Señaló, además, que llegaron a un acuerdo con Capeco para impulsar una agenda para el sector.  Entre los puntos de esta agenda está la reactivación de la industria de la construcción , sostuvo. Comentarios de Facebook También te puede interesar Puno: Intervienen al director de Energía y Minas por presunto uso indebido de camioneta en reunión privada El director regional de Energía y Minas, Edwin",2025-11-16T22:38:52.363631,2025-11-16T22:38:52.592705,2025-11-16T22:38:52.592708,Sin Fronteras,10819,"https://diariosinfronteras.com.pe/wp-content/uploads/2023/09/A-5.jpg, https://diariosinfronteras.com.pe/wp-content/uploads/2020/06/dxt-nav.png",257,,,Acuerdan un aumento de 5.26,https://diariosinfronteras.com.pe/2023/09/10/acuerdan-un-aumento-de-5-26/
Desconocido,1210,General,"Inicio PUNO Puno: Ambulancia del centro de salud de Arapa sufre accidente en Azángaro: investigan posible ebriedad del conductor Puno: Ambulancia del centro de salud de Arapa sufre accidente en Azángaro: investigan posible ebriedad del conductor Por Redacción Diario Sin Fronteras - 30 diciembre, 2024 - En PUNO 672 Ambulancia del centro de salud de Arapa sufre accidente en Azángaro: investigan posible ebriedad del conductor El domingo 29 de diciembre, una ambulancia perteneciente al Centro de Salud de Arapa protagonizó un accidente en la ciudad de Azángaro, específicamente en la intersección de los jirones Lima y Julia H. Paredes. Testigos del incidente afirman que el conductor habría presentado aparentes síntomas de ebriedad, lo que podría haber contribuido al siniestro. Las autoridades ya se encuentran investigando las circunstancias del accidente para determinar responsabilidades. Este incidente genera preocupación debido a la importancia del servicio de ambulancia en situaciones de emergencia. Comentarios de Facebook También te puede interesar Arequipa: Tragedia en Arequipa: bus interprovincial cae a un abismo y deja 37 muertos y 14 heridos Una nueva tragedia enluta las carreteras del sur",2025-11-16T22:38:52.363631,2025-11-16T22:38:52.592373,2025-11-16T22:38:52.592376,Sin Fronteras,10818,"https://diariosinfronteras.com.pe/wp-content/uploads/2024/12/471851005_1058727212933921_8972142162284801419_n-660x330.jpg, https://diariosinfronteras.com.pe/wp-content/uploads/2020/06/dxt-nav.png",180,"El domingo 29 de diciembre, una ambulancia perteneciente al Centro de Salud de Arapa protagonizó un accidente en la ciudad de Azángaro, específicamente en la intersección de los jirones Lima y Julia H. Paredes.",,Puno: Ambulancia del centro de salud de Arapa sufre accidente en Azángaro: investigan posible ebriedad del conductor,https://diariosinfronteras.com.pe/2024/12/30/puno-ambulancia-del-centro-de-salud-de-arapa-sufre-accidente-en-azangaro-investigan-posible-ebriedad-del-conductor/
Desconocido,2135,General,"Inicio AREQUIPA Reportan más de mil casos de vi0lencia en colegios en Arequipa Reportan más de mil casos de vi0lencia en colegios en Arequipa Por Diario Sin Fronteras - 1 día atrás - En AREQUIPA 186 La plataforma SíseVe del Ministerio de Educación reportó 1.189 casos de violencia física, psicológica o sexual en colegios de Arequipa hasta finales de octubre; sin embargo, la Gerencia Regional de Educación (GREA) solo reconoce 17 como válidos, alegando que la mayoría son duplicados o reiteraciones de un mismo hecho.  Un mismo caso puede ser reportado por la profesora, el director o los padres, generando múltiples alertas. Nosotros filtramos los informes y verificamos la información mediante los responsables de convivencia de cada UGEL , explicó la gerenta regional de Educación, Cecilia Jarita Padilla. De acuerdo con esta interpretación, más del 95  de los reportes quedarían sin seguimiento directo. Jarita Padilla precisó sobre los 17 casos oficialmente reconocidos, que estos derivaron en procesos administrativos sancionadores contra los responsables, entre ellos 10 docentes que enfrentan investigaciones disciplinarias. Pese al argumento de la duplicidad, las Apafa de varios centros educativos advierten que la cifra global del SíseVe refleja una alarma real sobre la violencia escolar, y cuestionan que reducir los registros a 17 casos podría invisibilizar el problema y limitar las acciones de prevención necesarias en las instituciones educativas de Arequipa. ESTADÍSTICAS Durante este año, los meses con mayor incidencia fueron junio (207 casos), setiembre (204) y octubre (178), evidenciando un incremento sostenido en las denuncias. Los tipos de violencia más frecuentes, que se producen entre estudiantes o alumno-profesor, incluyen agresiones físicas, tratos humillantes, acoso escolar, ciberacoso y hechos de connotación sexual, lo que representa una tasa estimada de 7.62  de reportes por cada estudiante. Comentarios de Facebook También te puede interesar Puno: Intervienen al director de Energía y Minas por presunto uso indebido de camioneta en reunión privada El director regional de Energía y Minas, Edwin",2025-11-16T22:38:52.363631,2025-11-16T22:38:52.591660,2025-11-16T22:38:52.591665,Sin Fronteras,10817,"https://diariosinfronteras.com.pe/wp-content/uploads/2025/11/ok-660x330.jpg, https://diariosinfronteras.com.pe/wp-content/uploads/2020/06/dxt-nav.png",319,,,Reportan más de mil casos de vi0lencia en colegios en Arequipa,https://diariosinfronteras.com.pe/2025/11/15/reportan-mas-de-mil-casos-de-vi0lencia-en-colegios-en-arequipa/
Desconocido,1261,General,"Inicio PUNO Puno: Transportistas reaccionan violentamente durante intervención a terminal en Azángaro Puno: Transportistas reaccionan violentamente durante intervención a terminal en Azángaro Por Diario Sin Fronteras - 5 septiembre, 2024 - En PUNO 679 Puno: Transportistas reaccionan violentamente durante intervención a terminal en Azángaro Repudiable. Un grupo de transportistas pertenecientes a la Asociación 12 de Noviembre reaccionaron violentamente contra los que se disponían a intervenir el terminal privado ubicado en jirón Tacna de la ciudad de Azángaro. En el video publicado se aprecia que un varón empuja sin reparo alguno a efectivos policiales, mientras que a los integrantes de la Subgerencia de Transportes les echaron agua. Este hecho ocurre después que a inicios del mes de agosto los representantes de empresas de transportes se comprometieron a retornar al terminal terrestre autorizado por el Ministerio de Transportes, sin embargo estos acuerdos no son acatados por algunos propietarios de vehículos. Este incidente se registró ayer al promediar las 11:00 de la mañana. Comentarios de Facebook También te puede interesar Cientos de jóvenes puneños rinden examen de preselección para Beca 18 Aspirantes de toda la región participaron en la",2025-11-16T22:38:52.363631,2025-11-16T22:38:52.590687,2025-11-16T22:38:52.590690,Sin Fronteras,10816,"https://diariosinfronteras.com.pe/wp-content/uploads/2024/09/a27d6021-e43a-4c2b-9416-50ac0323490e-660x330.jpg, https://diariosinfronteras.com.pe/wp-content/uploads/2020/06/dxt-nav.png",186,Repudiable. Un grupo de transportistas pertenecientes a la Asociación 12 de Noviembre reaccionaron violentamente contra los que se disponían a intervenir el terminal privado ubicado en jirón Tacna de la ciudad de Azángaro.,,Puno: Transportistas reaccionan violentamente durante intervención a terminal en Azángaro,https://diariosinfronteras.com.pe/2024/09/05/puno-transportistas-reaccionan-violentamente-durante-intervencion-a-terminal-en-azangaro/
Desconocido,1805,General,"Inicio AREQUIPA Arequipa: Invaden áreas verdes en Nuevo Matarani Arequipa: Invaden áreas verdes en Nuevo Matarani Por Diario Sin Fronteras - 15 agosto, 2024 - En AREQUIPA 689 Arequipa: Invaden áreas verdes en Nuevo Matarani Islay. Un grupo de presuntos invasores conformado por unas 20 personas ocuparon ilegalmente terrenos de la Asociación de Vivienda Nuevo Islay   Matarani destinados para áreas verdes en el distrito del mismo nombre. El presidente de la asociación, Augusto Quispe, manifestó que esto ocurrió la madrugada del último martes, y no les importó malograr los pequeños árboles que estaban en la zona para colocar sus habitaciones de triplay y calamina.  Nosotros ocupamos esta zona desde el año 2011 y contamos con planos entregados por la Municipalidad Distrital de Islay-Matarani. Y pedimos que sean retirados para evitar los enfrentamientos con los vecinos , sostuvo el dirigente. La zona aún no es ocupada por los asociados debido a un tema judicial que mantienen con la comuna, pero cuentan con sus viviendas provisionales y están inscritos debidamente, según manifestaron los pobladores. Para evidenciar esta usurpación de los terrenos, se solicitó la presencia de la Policía, que verificó que se ocupó una zona destinada para parque. Lo grave de esta situación es que los supuestos invasores cuentan con luz eléctrica porque se agenciaron indebidamente de una conexión clandestina de una cantera aledaña a la asociación Nuevo Islay-Matarani. Esto genera un alto riesgo eléctrico por las condiciones del clima y la humedad que se registra en la costa. Los vecinos han solicitado la intervención de la empresa Seal. Comentarios de Facebook También te puede interesar Cientos de jóvenes puneños rinden examen de preselección para Beca 18 Aspirantes de toda la región participaron en la",2025-11-16T22:38:52.363631,2025-11-16T22:38:52.589955,2025-11-16T22:38:52.589957,Sin Fronteras,10815,"https://diariosinfronteras.com.pe/wp-content/uploads/2024/08/Arequipa-12-A-660x330.jpg, https://diariosinfronteras.com.pe/wp-content/uploads/2020/06/dxt-nav.png",283,Islay. Un grupo de presuntos invasores conformado por unas 20 personas ocuparon ilegalmente terrenos de la Asociación de Vivienda Nuevo Islay - Matarani destinados para áreas verdes en el distrito del mismo nombre.,,Arequipa: Invaden áreas verdes en Nuevo Matarani,https://diariosinfronteras.com.pe/2024/08/15/arequipa-invaden-areas-verdes-en-nuevo-matarani/
Desconocido,1978,General,"Inicio PUNO Puno: Dirigente detenido por conducir ebrio Puno: Dirigente detenido por conducir ebrio Por Redacción Diario Sin Fronteras - 27 enero, 2025 - En PUNO 564 Dirigente detenido por conducir ebrio Un conocido dirigente popular de la ciudad de Puno protagonizó una detención policial tras ser sorprendido manejando un vehículo en estado de ebriedad. INTERVENIDO Agentes policiales detuvieron en la madrugada del domingo a Amador Núñez Mamani (45), presidente del Frente de Organizaciones Populares de Puno (FOP), por conducir en estado de ebriedad y chocar; el hecho ocurrió en la esquina de la avenida Simón Bolívar y el jirón Branden. El vehículo marca Toyota, modelo Corolla de placa Z4M-514 que manejaba, quedó con algunos daños materiales. A LA COMISARÍA Los efectivos del orden tras intervenirlo notaron que aparentemente se encontraba en estado de ebriedad y por ello fue trasladado a la Comisaría Central de Puno a la Sección de Investigación de Accidentes de Tránsito (SIAT), para las diligencias.  En la calle había un montículo de piedras y una barrera de plástico con la que se habría chocado, el vehículo estaba con algunos daños en la parte frontal , señaló uno de los agentes. El dirigente popular fue llevado luego para pasar por la evaluación del dosaje etílico, según informó la Policía el resultado salió positivo y por ello quedó detenido y sería denunciado por el presunto delito de peligro común, conducción en estado de ebriedad. El caso es investigado por la fiscal de turno, Aydee Milagros Quico López. DETENIDO ANTES Amador Núñez no es ajeno a las detenciones policiales, ya que en enero del año 2019, tras dar una entrevista en la Plaza de Armas fue detenido por la Policía Judicial ya que registraba una requisitoria por un proceso de alimentos. Comentarios de Facebook También te puede interesar Arequipa: Tragedia en Arequipa: bus interprovincial cae a un abismo y deja 37 muertos y 14 heridos Una nueva tragedia enluta las carreteras del sur",2025-11-16T22:38:52.363631,2025-11-16T22:38:52.589449,2025-11-16T22:38:52.589452,Sin Fronteras,10814,"https://diariosinfronteras.com.pe/wp-content/uploads/2025/01/abriodraaaaaaaaa-1-660x330.jpeg, https://diariosinfronteras.com.pe/wp-content/uploads/2020/06/dxt-nav.png",324,Un conocido dirigente popular de la ciudad de Puno protagonizó una detención policial tras ser sorprendido manejando un vehículo en estado de ebriedad.,,Puno: Dirigente detenido por conducir ebrio,https://diariosinfronteras.com.pe/2025/01/27/puno-dirigente-detenido-por-conducir-ebrio/
Desconocido,1748,General,"Inicio TACNA Tacna: Racha de accidentes con fuga de conductores Tacna: Racha de accidentes con fuga de conductores Por Redacción Diario Sin Fronteras - 2 septiembre, 2024 - En TACNA 519 Racha de accidentes con fuga de conductores Una combi y un taxi cayeron al canal Uchusuma, mientras que una camioneta chilena se despistó en la Panamericana y quedó con las llantas hacia arriba frente a una chacra la mañana de este domingo. El auto con casquete de la empresa de taxi Los Ángeles con placa B0B-015 despistó en la avenida Collpa a pocos metros del cuartel Tarapacá y quedó volcado en el canal Uchusuma. Efectivos policiales de la comisaría La Natividad no encontraron al conductor, pero vecinos captaron un video en donde se ve a un hombre entrando con dificultad al vehículo recostado para sacar pertenencias y luego retirarse. Por otro lado, una combi de matrícula M1H-708 despistó en la avenida Los Ángeles, en el límite entre los distritos de Calana y Pocollay, terminando en el canal Uchusuma. Miembros de Seguridad Ciudadana no encontraron al conductor ni a los ocupantes quienes habrían fugado, según testigos. Los serenos alertaron que el vehículo accidentado presentaba una fuga de petróleo y el combustible se derramaba en el canal. Finalmente, una camioneta con placa chilena RS-XG-10 despistó cuando retornaba a Chile por la carretera Panamericana. El vehículo quedó con las llantas hacia arriba a la altura del predio del aeropuerto Carlos Ciriani. A diferencia de los casos anteriores un conductor chileno se presentó ante la Policía. Comentarios de Facebook También te puede interesar Arequipa: Tragedia en Arequipa: bus interprovincial cae a un abismo y deja 37 muertos y 14 heridos Una nueva tragedia enluta las carreteras del sur",2025-11-16T22:38:52.363631,2025-11-16T22:38:52.588934,2025-11-16T22:38:52.588936,Sin Fronteras,10813,"https://diariosinfronteras.com.pe/wp-content/uploads/2024/09/abridora-alterna-660x330.jpg, https://diariosinfronteras.com.pe/wp-content/uploads/2020/06/dxt-nav.png",285,"Una combi y un taxi cayeron al canal Uchusuma, mientras que una camioneta chilena se despistó en la Panamericana y quedó con las llantas hacia arriba frente a una chacra la mañana de este domingo. El auto con casquete de la empresa de taxi Los Ángeles con placa B0B-015 despistó en la avenida Collpa a pocos metros del cuartel Tarapacá y quedó volcado en el canal Uchusuma.",,Tacna: Racha de accidentes con fuga de conductores,https://diariosinfronteras.com.pe/2024/09/02/tacna-racha-de-accidentes-con-fuga-de-conductores/
Desconocido,3320,General,"Inicio TECNOLOGIAINNOVACIÓN PERUANA  El éxito o la felicidad?  El éxito o la felicidad? Por Felipe Zucchetti Galdos   Emprendedor - 6 horas atrás - En INNOVACIÓN PERUANA 46 TÚ NO TE IMAGINAS que, al entrar a dar una clase de emprendimiento e innovación, los estudiantes te sorprendan con una pregunta que te sacude por completo:    Tú qué prefieres, el éxito o la felicidad? Antes de que pudiera reaccionar, siguieron con otras preguntas incisivas:    Existe gente feliz que no es exitosa?    Hay personas exitosas que no son felices? Mi respuesta fue clara: sí, en ambos casos. Entonces, el estudiante más perspicaz preguntó lo que nadie se atreve a preguntar:    Y tú, eres feliz o exitoso? En ese momento supe que debía improvisar, pero con rigor y profundidad. Primera premisa: definir los conceptos Pregunté:    Qué es para ustedes el éxito? Silencio. Lo rompí compartiendo una frase de Einstein:  Preocúpate por tu conciencia, más que por tu reputación. Tu conciencia es lo que eres. Tu reputación es lo que otros piensan de ti. Y lo que piensan de ti, no es tu problema . Luego pregunté:    Qué es la felicidad? Nuevamente, silencio absoluto. Para romperlo, pedí a los estudiantes que diseñaran un prompt (instrucción) para preguntarle a una inteligencia artificial qué decían Aristóteles, Platón, Sócrates, Epicuro, Séneca, Kant, Nietzsche, Camus, Sartre y Seligman sobre la felicidad. Los vi sumergirse en el ejercicio con curiosidad. Alguien volvió a preguntar:    Y tú?  Eres feliz o exitoso? Aquí vino la segunda premisa: el ejemplo práctico. En lugar de responder directamente, les pregunté:   Ustedes,  qué piensan?  Soy feliz o exitoso? La respuesta no se hizo esperar:   Citaste a Einstein para decir que lo que pensamos no es tu problema. Entonces, dinos tú. En ese instante sentí un breve pánico  solo un segundo . Y decidí ser honesto, vulnerable y práctico. Hablé de un emprendimiento por el que pasamos todos: el amor. Les hablé de Cuper, mi mejor amiga y expareja. En 15 años, fuimos pareja tres veces. Aunque no fuimos exitosos como pareja en el sentido convencional  es decir, no tuvimos un final  feliz para siempre  , siempre fuimos felices como amigos. Cada vez que terminábamos, lo hacíamos en buenos términos, y eso construyó una amistad duradera y llena de cariño, lo que nos hizo exitosos como amigos. Así que mi respuesta al estudiante fue sencilla:   Depende. El estudiante se quedó sin palabras. Continué diciendo que, en mi opinión, el éxito y la felicidad provienen de uno mismo y son la consecuencia natural de hacer bien las cosas, de hacer lo que uno ama. Más importante aún, antes que el éxito o la felicidad, están la paz, la armonía, el balance y el amor al prójimo. Recordándoles siempre que:  Si no vives para servir, no sirves para vivir.  Terminé dejándoles de tarea que lean El arte de amar, de Erich Fromm, y que escuchen la canción  Depende  de Jarabe de Palo, y salí volando. Aprovecho para mandar un abrazo y saludo a mis amigos Christian, Gustavo y Galia. También un abrazote y besote a mi Miranda por su cumpleaños. Hoy, este DJ de periódico te recomienda y le dedica a Cuper  Tú no te imaginas  de Gian Marco ft. Debi Nova. Comentarios de Facebook También te puede interesar LEY 30309, tu aliada para innovar en Perú La Ley 30309 renovada es una herramienta poderosa",2025-11-16T22:38:52.363631,2025-11-16T22:38:52.588549,2025-11-16T22:38:52.588567,Sin Fronteras,10812,"https://diariosinfronteras.com.pe/wp-content/uploads/2025/11/exito-o-la-felicidad-660x330.jpg, https://diariosinfronteras.com.pe/wp-content/uploads/2020/06/dxt-nav.png",556,,,El éxito o la felicidad?,https://diariosinfronteras.com.pe/2025/11/16/el-exito-o-la-felicidad/
Desconocido,3285,General,"Inicio DiarioSF DRE Puno reprograma el inicio del Año Escolar 2025 en varias UGEL por lluvias DRE Puno reprograma el inicio del Año Escolar 2025 en varias UGEL por lluvias Por Diario Sin Fronteras - 16 marzo, 2025 - En DiarioSF, PUNO 1034 Colegios afectados. Las intensas precipitaciones han afectado seriamente decenas de infraestructuras educativas en la región. Por ello, la Dirección Regional de Educación (DRE) de Puno ha dispuesto que todas las instituciones educativas de nivel básico en los distritos de San Juan del Oro, Alto Inambari y San Pedro de Putina Punco, en la provincia de Sandia, además de otras32 instituciones a nivel regional, reprogramen el inicio del Año Escolar 2025 para el lunes 24 de marzo. Esta decisión se tomó tras una reunión de emergencia con las 14 UGEL, en la que se evaluaron las condiciones para el buen inicio del año escolar y se determinó postergar el inicio de clases en aquellas instituciones afectadas por inundaciones y daños estructurales. Clases iniciarán el 24 de marzo En la UGEL Puno, se postergará el inicio del año escolar hasta el lunes 24 de marzo en las siguientes instituciones:   Distrito de Acora: I.E.P. 70101 Iscahuinchoca.   Distrito de Platería: Pronoei Carucaya, I.E.P. 70192 Carucaya, I.E.S. Carucaya Gamaliel Churata.   Distrito de Vilque: I.E.P. 70060 Ullagachi, I.E.P. 70719 Machaqmarka.   Distrito de Mañazo: Pronoei Collpani, I.E.P. 70044 Caricari. En la UGEL Lampa:   Distrito de Nicasio: I.E.P. 70392, I.E.I. 894 Balsapata. En la UGEL Huancané:   Distrito de Inchupalla: I.E.P. 722332 Tisnahuyo.   Distrito de Cojata: I.E.S. San Juan de Umabamba, I.E.I. Umabamba, I.E.P. 72419 Umabamba.   Distrito de Huancané: I.E.P. 72321 Balsapata, I.E.P. 72247 Yarecoa. En la UGEL El Collao:   Distrito de Ilave: I.E.S. Juan Velasco Alvarado, I.E.P. 70326 Ullacachi, I.E.I. 718 Collata.   Distrito de Santa Rosa: I.E.P. 70342 Chinchillapi, I.E.P. 70669 Cuipaculpa.   Distrito de Capaso: I.E.P. 70747 Patjata, I.E.P. 71543 Tupala Hacienda, I.E.P. 70215 Capaso.   Distrito de Pilcuyo: I.E.I. 317 Sarapi Arroyo. En la UGEL San Román:   Distrito de Juliaca: I.E.I. 153 Urbanización San Adrián, I.E.I. 1557, I.E.I. 611 Urbanización San Julián, I.E.P. 70536 Urbanización Santa María, I.E.P. 70549 Urbanización Virgen del Carmen, I.E.P. 70585 Urbanización Señor de Huanca, I.E.P. 70707. En la UGEL Sandia, el inicio de clases también se reprogramará en todos los centros educativos de los distritos de San Juan del Oro, Alto Inambari y San Pedro de Putina Punco. Las demás instituciones inician el 17 de marzo Para el resto de las UGEL y centros educativos no afectados, el inicio del Año Escolar 2025 se realizará según lo programado, el lunes 17 de marzo. Además, la DRE Puno ha dispuesto que, en cumplimiento de la Resolución Ministerial N  556-2024-MINEDU, las diferentes UGEL garanticen el año escolar en sus jurisdicciones, implementen medidas y reprogramaciones en las instituciones afectadas y autoricen a los Conei y Comités de Condiciones Operativas a reorganizar las clases presenciales en caso de nuevas afectaciones. Comentarios de Facebook También te puede interesar Puno: Intervienen al director de Energía y Minas por presunto uso indebido de camioneta en reunión privada El director regional de Energía y Minas, Edwin",2025-11-16T22:38:52.363631,2025-11-16T22:38:52.587892,2025-11-16T22:38:52.587895,Sin Fronteras,10811,"https://diariosinfronteras.com.pe/wp-content/uploads/2025/03/IMG_20250316_180937_800_x_533_pixel-1-660x330.jpg, https://diariosinfronteras.com.pe/wp-content/uploads/2025/03/IMG-20250316-WA0295-353x500.jpg",508,,,DRE Puno reprograma el inicio del Año Escolar 2025 en varias UGEL por lluvias,https://diariosinfronteras.com.pe/2025/03/16/dre-puno-reprograma-el-inicio-del-ano-escolar-2025-en-varias-ugel-por-lluvias/
Desconocido,1791,General,"Inicio AREQUIPA Arequipa: Regidores elevarán dietas de 2.340 a 3.978 soles al mes Arequipa: Regidores elevarán dietas de 2.340 a 3.978 soles al mes Por Redacción Diario Sin Fronteras - 25 marzo, 2025 - En AREQUIPA 581 Regidores elevarán dietas de 2.340 a 3.978 soles al mes Los regidores de la Municipalidad Provincial de Arequipa (MPA) incrementarán sus dietas mensuales de S  2.340 a S  3.978, conforme a lo establecido por la Ley 32269. Esta norma dispone que los concejales municipales perciban un monto equivalente al 30  del sueldo del alcalde de su jurisdicción, el cual en el caso de la provincia de Arequipa asciende a S  13 mil 260. El regidor José Suárez Llerena explicó que al inicio de la actual gestión, es decir en 2023, se había decidido mantener las dietas de los concejales en S 780 en sesión de concejo, lo que sumaba S 2.340 mensuales. Sin embargo, con la entrada en vigor de la nueva ley, este cálculo cambiará automáticamente. Por su parte, el regidor Exequiel Medina precisó que diversas municipalidades de Arequipa ya han implementado esta nueva metodología para fijar las dietas de sus concejales. En Yura, por ejemplo, el pago pasó de S  975 a S  1.860, en Yanahuara de S  580 a S  1.250 y en Cerro Colorado de S  1.300 a S  3.420. Asimismo, recordó que en marzo de 2023 varios municipios distritales de Arequipa ya habían incrementado las dietas de sus regidores basándose en una opinión del Ministerio de Economía y Finanzas (MEF), aunque sin alcanzar el tope del 30  ahora oficializado. Entre estos se encuentran Paucarpata, Bustamante y Rivero, Socabaya y Cayma. Comentarios de Facebook También te puede interesar Arequipa: Tragedia en Arequipa: bus interprovincial cae a un abismo y deja 37 muertos y 14 heridos Una nueva tragedia enluta las carreteras del sur",2025-11-16T22:38:52.363631,2025-11-16T22:38:52.587488,2025-11-16T22:38:52.587490,Sin Fronteras,10810,"https://diariosinfronteras.com.pe/wp-content/uploads/2025/03/a-57-660x330.jpeg, https://diariosinfronteras.com.pe/wp-content/uploads/2020/06/dxt-nav.png",304,"Los regidores de la Municipalidad Provincial de Arequipa (MPA) incrementarán sus dietas mensuales de S  2.340 a S  3.978, conforme a lo establecido por la Ley 32269. Esta norma dispone que los concejales municipales perciban un monto equivalente al 30  del sueldo del alcalde de su jurisdicción, el cual en el caso de la provincia de Arequipa asciende a S  13 mil 260.",,Arequipa: Regidores elevarán dietas de 2.340 a 3.978 soles al mes,https://diariosinfronteras.com.pe/2025/03/25/arequipa-regidores-elevaran-dietas-de-2-340-a-3-978-soles-al-mes/
Desconocido,1178,General,"Inicio PUNO Tensión en Alto Inambari por ocupación masiva Tensión en Alto Inambari por ocupación masiva Por Diario Sin Fronteras - 26 mayo, 2025 - En PUNO 1296 Posible conflicto en Inambari. Un grupo de aproximadamente 100 personas llegó al sector Pacchani, distrito de Alto Inambari, provincia de Sandia (Puno), con la intención de asentarse a orillas del río Inambari. La cifra ya supera las 300 personas, según reportes de los lugareños. La movilización estaría encabezada por Zacarías Arhuiri Rodríguez, actual secretario provincial de las Rondas Campesinas de Sandia. Dos vehículos fueron identificados en la zona: una camioneta Toyota Hilux gris, placa Z2X-892, de propiedad de Giseh Michael Arhuire Chambi, y otra blanca, placa D9G-726, registrada a nombre de Gabriel Santos Sotomayor Muchica. Temor y zozobra Los pobladores locales están alarmados. Temen enfrentamientos o desmanes durante la noche y exigen la presencia inmediata de la Policía y autoridades regionales para evitar un conflicto mayor. Comentarios de Facebook También te puede interesar Cientos de jóvenes puneños rinden examen de preselección para Beca 18 Aspirantes de toda la región participaron en la",2025-11-16T22:38:52.363631,2025-11-16T22:38:52.587110,2025-11-16T22:38:52.587112,Sin Fronteras,10809,"https://diariosinfronteras.com.pe/wp-content/uploads/2025/05/IMG-20250526-WA0061-660x330.jpg, https://diariosinfronteras.com.pe/wp-content/uploads/2020/06/dxt-nav.png",180,Un grupo liderado por un dirigente de rondas campesinas tomó zona ribereña del río Inambari. Pobladores temen desmanes. Piden intervención urgente.,,Tensión en Alto Inambari por ocupación masiva,https://diariosinfronteras.com.pe/2025/05/26/toman-zona-ribera-inambari-invasion-alto-inambari-sandia-puno/
Desconocido,2369,General,"Inicio MISCELANEA Melissa Paredes acusa a Rodrigo Cuba de regalar su mascota tras el divorcio Melissa Paredes acusa a Rodrigo Cuba de regalar su mascota tras el divorcio Por Diario Sin Fronteras - 16 septiembre, 2024 - En MISCELANEA 434 Melissa Paredes y Rodrigo Cuba. Melissa Paredes volvió a sorprender a sus seguidores al revelar un nuevo y polémico detalle de su separación con Rodrigo Cuba. Según la exconductora, el futbolista se quedó con su gata Sheccid tras el divorcio, a pesar de que ella era la legítima dueña del felino. La separación entre Paredes y Cuba, que se produjo a finales de 2021, estuvo marcada por la controversia tras la difusión de imágenes de la exmodelo besándose con Anthony Aranda, su entonces compañero de baile, lo que aceleró los trámites de divorcio. La exconductora de  América Hoy  recordó que, el día en que dejó el departamento que compartía con Cuba, se llevó consigo algunas pertenencias y dos de sus mascotas: un perro llamado Brandy y un gato llamado Copito. Sin embargo, su gata Sheccid quedó en el inmueble y, a pesar de sus reiteradas solicitudes, nunca le fue devuelta. Paredes denunció que Cuba no solo se quedó con el animal, sino que además la habría regalado a una tercera persona, lo que ha causado aún más dolor a la exmodelo. Durante su participación en el podcast  Hoy es domingay , Melissa Paredes expresó su frustración por la pérdida de su gata y criticó la decisión de su exesposo de regalarla a una trabajadora de su entorno.  Era mi Sheccid, le puse ese nombre a mi gatita por un libro de Carlos Cuauhtémoc. No sé qué será de su vida. La regalaron a una chica que trabaja ahí con él, en vez de dármela a mí, que yo la pedí mil veces , declaró Paredes, quien aseguró que insistió en la devolución de su mascota sin obtener respuesta. Melissa destacó que Sheccid era más que una simple mascota para ella y que el hecho de no poder recuperarla ha sido una de las pérdidas más dolorosas tras su separación. En su relato, la exmodelo expresó que la gata no solo representaba un vínculo emocional, sino también un símbolo de su vida pasada antes del escándalo mediático que marcó su ruptura con el futbolista. Comentarios de Facebook También te puede interesar Puno: Intervienen al director de Energía y Minas por presunto uso indebido de camioneta en reunión privada El director regional de Energía y Minas, Edwin",2025-11-16T22:38:52.363631,2025-11-16T22:38:52.586809,2025-11-16T22:38:52.586812,Sin Fronteras,10808,"https://diariosinfronteras.com.pe/wp-content/uploads/2024/09/WhatsApp-Image-2024-09-16-at-6.14.52-PM-660x330.jpeg, https://diariosinfronteras.com.pe/wp-content/uploads/2020/06/dxt-nav.png",415,Melissa Paredes acusa a Rodrigo Cuba de regalar su mascota tras el divorcio,,Melissa Paredes acusa a Rodrigo Cuba de regalar su mascota tras el divorcio,https://diariosinfronteras.com.pe/2024/09/16/melissa-paredes-acusa-a-rodrigo-cuba-de-regalar-su-mascota-tras-el-divorcio/
Desconocido,1352,General,"Inicio AREQUIPA Temperatura diurna en la sierra peruana aumentará hasta 30 C desde hoy Temperatura diurna en la sierra peruana aumentará hasta 30 C desde hoy Por Diario Sin Fronteras - 11 mayo, 2025 - En AREQUIPA 788 La radiación ultravioleta también será alta. El Servicio Nacional de Meteorología e Hidrología (Senamhi) pronosticó que, desde hoy hasta el martes 13 de mayo, aumentará la temperatura diurna, de moderada a fuerte intensidad, al igual que la radiación ultravioleta. Según el aviso meteorológico Nº 157, con nivel de alerta naranja, del Senamhi, se prevén temperaturas máximas de entre 25 y 30  C en la sierra norte, entre 24 y 29  C en la sierra central, y valores que oscilarán entre 24 y 30  C en la sierra sur. De la misma forma, se espera escasa nubosidad al mediodía, lo que favorecerá un aumento significativo de la radiación ultravioleta (UV). Además, se presentarían ráfagas de viento con velocidades cercanas a los 40 km h, especialmente en horas de la tarde. Los departamentos comprendidos en este pronóstico son Áncash, Arequipa, Ayacucho, Cajamarca, Huancavelica, Ica, Junín, La Libertad, Lima, Moquegua, Pasco y Tacna. Comentarios de Facebook También te puede interesar Puno: Intervienen al director de Energía y Minas por presunto uso indebido de camioneta en reunión privada El director regional de Energía y Minas, Edwin",2025-11-16T22:38:52.363631,2025-11-16T22:38:52.586416,2025-11-16T22:38:52.586418,Sin Fronteras,10807,"https://diariosinfronteras.com.pe/wp-content/uploads/2025/05/calorsss-1-660x330.jpg, https://diariosinfronteras.com.pe/wp-content/uploads/2020/06/dxt-nav.png",220,"El Servicio Nacional de Meteorología e Hidrología (Senamhi) pronosticó que, desde hoy hasta el martes 13 de mayo, aumentará la temperatura diurna, de moderada a fuerte intensidad, al igual que la radiación ultravioleta.",,Temperatura diurna en la sierra peruana aumentará hasta 30 C desde hoy,https://diariosinfronteras.com.pe/2025/05/11/temperatura-diurna-en-la-sierra-peruana-aumentara-hasta-30c-desde-hoy/
Desconocido,1745,General,"Inicio POLICIALES Chofer ebrio tumba poste con minibús de ruta 101 Chofer ebrio tumba poste con minibús de ruta 101 Por Diario Sin Fronteras - 23 octubre, 2021 - En POLICIALES, TACNA 808 Accidente ocurrió la madrugada de este viernes en la avenida Viñani. Jaime César Apaza Lope (32) fue intervenido por conducir en presunto estado de ebriedad un bus de la ruta 101 y chocarlo contra un poste con una señal de tránsito. El chofer tiene antecedentes por golpear a una pasajera del servicio de transporte público. Pobladores de la asociación de vivienda Villa Caplina II Etapa convocaron a Seguridad Ciudadana por el accidente de tránsito ocurrido a la 01:00 horas de este viernes. Los serenos encontraron el vehículo de la ruta 101 de placa Z5Z-318 estacionado en la primera cuadra de la avenida Viñani junto a un poste derribado con la señal de tránsito. Sobre el timón del vehículo se encontraba dormido Apaza Lopez, con aparentes síntomas de ebriedad. Agentes policiales llegaron en los minutos posteriores e intervinieron al conductor, trasladándolo a la comisaría de Gregorio Albarracín por presunto delito de peligro común. Se supo que el intervenido presenta un antecedente en la comisaría Central por agresión a una pasajera. En junio de 2015 Apaza fue denunciado por una mujer de 58 años que terminó con un ojo con un hematoma y ensangrentada al recibir un golpe del conductor, quien entonces se desempeñaba como cobrador de un bus de la ruta 11. La pasajera argumentó que fue agredida al reclamar al cobrador y al chofer por dejarla varias cuadras más adelante de su destino. Comentarios de Facebook También te puede interesar CD Moquegua asciende a Liga1 tras vencer 3-2 a César Vallejo CD Moquegua volvió a Primera División después de",2025-11-16T22:38:52.363631,2025-11-16T22:38:52.586114,2025-11-16T22:38:52.586116,Sin Fronteras,10806,"https://diariosinfronteras.com.pe/wp-content/uploads/2021/10/abridora-detalle.jpg, https://diariosinfronteras.com.pe/wp-content/uploads/2020/06/dxt-nav.png",292,,,Chofer ebrio tumba poste con minibús de ruta 101,https://diariosinfronteras.com.pe/2021/10/23/chofer-ebrio-tumba-poste-con-minibus-de-ruta-101/
Desconocido,2227,General,"Inicio NACIONAL Orgullo peruano: Nuevo docente peruano está entre los 50 mejores del mundo Orgullo peruano: Nuevo docente peruano está entre los 50 mejores del mundo Por Diario Sin Fronteras - 16 enero, 2025 - En NACIONAL 786 Orgullo peruano: Nuevo docente peruano está entre los 50 mejores del mundo El exministro de Educación, Juan Cadillo León, anunció que Perú  tiene un nuevo docente considerado entre los 50 menores del mundo , que participará en el prestigioso premio The Global Teacher Prize, el cual busca reconocer la contribución excepcional de numerosos docentes en el mundo. Los maestros concursan por un gran premio de un millón de dólares. El nuevo docente es Melecio Tito Mamani, director y docente de la Institución Educativa 24218, pionero en proyectos que abordan los desafíos de las escuelas rurales. Uno de los proyectos destacados por el Global Teacher Prize es  Poccoray , lanzado en 2015, el cual integra la seguridad alimentaria, sostenibilidad ambiental y pedagogía. Con el fin de luchar contra lal desnutrición infantil y educar a los estudiantes en autosuficiencia, implementó actividades agrícolas en las escuelas, incluida una granja de cuyes y un huerto. Con este proyecto obtuvo el primer lugar en el concurso de Buenas Prácticas Alimentarias del Perú y recibió una atención internacional en el 7  Congreso Internacional de Alimentación Escolar para América Latina y el Caribe. El programa  Minutos Dorados  que desarrolló en la pandemia le valió un reconocimiento nacional. Esta iniciativa enseña a los padres alfabetización y aritmética básicas para que puedan apoyar en el aprendizaje virtual de sus hijos. Entre otros galardones que recibió Melecio está el premio Palmas Magisteriales, además, quedó finalista en el concurso  Maestro que deja huellas . MÁS TALENTOS En 2016, Juan Cadillo León fue seleccionado entre los 50 mejores profesores del mundo y al siguiente año también fue elegida la docente Aleida Leyval, quien utilizó las tecnologías de la información y la comunicación para desarrollar proyectos innovadores. Comentarios de Facebook También te puede interesar Cientos de jóvenes puneños rinden examen de preselección para Beca 18 Aspirantes de toda la región participaron en la",2025-11-16T22:38:52.363631,2025-11-16T22:38:52.585755,2025-11-16T22:38:52.585758,Sin Fronteras,10805,"https://diariosinfronteras.com.pe/wp-content/uploads/2025/01/docente-mejores-50-500x330.jpg, https://diariosinfronteras.com.pe/wp-content/uploads/2020/06/dxt-nav.png",348,"El exministro de Educación, Juan Cadillo León, anunció que Perú  tiene un nuevo docente considerado entre los 50 menores del mundo , que participará en el prestigioso premio The Global Teacher Prize, el cual busca reconocer la contribución excepcional de numerosos docentes en el mundo.",,Orgullo peruano: Nuevo docente peruano está entre los 50 mejores del mundo,https://diariosinfronteras.com.pe/2025/01/16/orgullo-peruano-nuevo-docente-peruano-esta-entre-los-50-mejores-del-mundo/
Desconocido,1536,General,"Inicio PUNO Puno:  Las rondas campesinas  asumen autoridad local Puno:  Las rondas campesinas  asumen autoridad local Por Diario Sin Fronteras - 4 mayo, 2024 - En PUNO 691 En el distrito de Coasa, la ausencia de personal policial deja a cargo de la seguridad a las rondas campesinas, el subprefecto y los jueces locales. Sin embargo, recientes eventos han generado preocupación entre los pobladores. El presidente de las rondas campesinas del distrito, Pablo Pari, confirmó que el pasado 01 de mayo, durante una ronda rutinaria, se detectó música a alto volumen y alboroto en el interior del Centro de Salud de Coasa. Al acudir al lugar, encontraron a trabajadores de salud consumiendo bebidas alcohólicas. Según Pari, el doctor Valdivia, presente en ese momento, mostró incomodidad por la presencia de las rondas campesinas, incluso llegando a cuestionarlas, lo que generó malestar entre las autoridades originarias. Pari explicó que debido a las actividades programadas por el reordenamiento del distrito, aún no han podido convocar a una reunión con todas las autoridades para abordar este tema de preocupación para la población. Cabe resaltar que ante esta situación, hizo un llamado al director de la Red de Salud Carabaya y al director regional de Salud para que tomen medidas administrativas contra los trabajadores que infringieron las normativas establecidas Comentarios de Facebook También te puede interesar Cientos de jóvenes puneños rinden examen de preselección para Beca 18 Aspirantes de toda la región participaron en la",2025-11-16T22:38:52.363631,2025-11-16T22:38:52.584744,2025-11-16T22:38:52.584746,Sin Fronteras,10804,"https://diariosinfronteras.com.pe/wp-content/uploads/2024/05/d-660x330.jpg, https://diariosinfronteras.com.pe/wp-content/uploads/2020/06/dxt-nav.png",240,,,Puno:  Las rondas campesinas  asumen autoridad local,https://diariosinfronteras.com.pe/2024/05/04/puno-las-rondas-campesinas-asumen-autoridad-local/
Desconocido,1411,General,"Inicio PUNO Puno: Dirigente de Nuñoa se encuentra en estado delicado tras incidente con Rondas Campesinas Puno: Dirigente de Nuñoa se encuentra en estado delicado tras incidente con Rondas Campesinas Por Diario Sin Fronteras - 16 abril, 2025 - En PUNO 1024 Hermógenes Zamata Mamani, presidente del Comité de Lucha por la Carretera Nuñoa Santa Rosa, se encuentra hospitalizado en Juliaca tras un grave incidente ocurrido el 22 de marzo en la zona de Cantapata Sincata Pasanacollo, límite entre los distritos de Orurillo y Nuñoa. Según fuentes locales, el dirigente habría sido agredido por miembros de las Rondas Campesinas, en un contexto relacionado con sus denuncias sobre presunta contaminación ambiental por parte de una empresa extranjera en las comunidades de Buenavista y Sincata. Testigos señalaron que autoridades locales estuvieron presentes sin intervenir, lo que ha generado preocupación y pedidos de investigación. Zamata es reconocido por su labor comunal y actualmente se recupera mientras su familia y la población exigen que se esclarezcan los hechos. El caso ha encendido el debate sobre la necesidad de garantías para los líderes sociales que defienden causas ambientales y comunitarias. Comentarios de Facebook También te puede interesar Puno: Intervienen al director de Energía y Minas por presunto uso indebido de camioneta en reunión privada El director regional de Energía y Minas, Edwin",2025-11-16T22:38:52.363631,2025-11-16T22:38:52.584368,2025-11-16T22:38:52.584370,Sin Fronteras,10803,"https://diariosinfronteras.com.pe/wp-content/uploads/2025/04/IMG_20250416_180250_800_x_533_pixel-660x330.jpg, https://diariosinfronteras.com.pe/wp-content/uploads/2020/06/dxt-nav.png",217,,,Puno: Dirigente de Nuñoa se encuentra en estado delicado tras incidente con Rondas Campesinas,https://diariosinfronteras.com.pe/2025/04/16/puno-dirigente-de-nunoa-se-encuentra-en-estado-delicado-tras-incidente-con-rondas-campesinas/
Desconocido,2675,General,"Inicio ECONOMIA Trabajadores del sector público recibirán aumento de S  53 y S  100 a partir del 2026 Trabajadores del sector público recibirán aumento de S  53 y S  100 a partir del 2026 Por Diario Sin Fronteras - 2 días atrás - En ECONOMIA 184 A partir de enero de 2026, cerca de 600,000 trabajadores estatales recibirán un incremento remunerativo mensual y permanente, como parte del Convenio Colectivo Centralizado 2025-2026, firmado entre la Presidencia del Consejo de Ministros (PCM) y las cinco confederaciones sindicales de alcance nacional. Montos del incremento El acuerdo, suscrito el 30 de junio, reafirma el compromiso del Estado con el diálogo social y la mejora de las condiciones laborales. Contempla dos montos diferenciados de aumento: S 100 mensuales, para trabajadores de los regímenes: Decreto Legislativo N.  1057 (CAS) Ley N.  29709 (Carrera Especial Pública Penitenciaria) S 53 mensuales, para trabajadores incluidos en: Decreto Legislativo N.  728 Ley N.  30057 (Servicio Civil) Se precisó que los servidores bajo la Ley N.  28091 (Servicio Diplomático de la República) no recibirán este incremento mensual en 2026, de acuerdo con los criterios establecidos en el convenio. Requisitos para acceder al aumento Para recibir el beneficio, los trabajadores deberán: Estar registrados en el AIRHSP (Aplicativo Informático para el Registro Centralizado de Planillas). Percibir ingresos mensuales totales menores a S 15,600, condición necesaria para acceder al incremento del Monto Único Consolidado (MUC). El aumento tiene carácter remunerativo, es pensionable y está sujeto a cargas sociales. Bono excepcional por única vez Además del incremento mensual, el Convenio Colectivo Centralizado establece un bono excepcional de S 100, que será pagado una sola vez y deberá abonarse a más tardar en enero de 2026. El trámite se iniciará en diciembre de 2025. Este pago está dirigido a trabajadores de diversos regímenes: DL 276 DL 728 DL 1057 Ley 30057 Ley 29709 Ley 28091 El beneficio alcanzará al personal del Gobierno Nacional, gobiernos regionales y locales.A diferencia del incremento mensual, este bono no es remunerativo, no es pensionable y no genera cargas sociales. Objetivo de la medida El convenio busca reforzar la política de mejora salarial en el sector público y continuar con el proceso de consensos logrados en los últimos cuatro periodos de negociación centralizada, priorizando beneficios económicos para los servidores administrativos. Comentarios de Facebook También te puede interesar Puno: Intervienen al director de Energía y Minas por presunto uso indebido de camioneta en reunión privada El director regional de Energía y Minas, Edwin",2025-11-16T22:38:52.363631,2025-11-16T22:38:52.584014,2025-11-16T22:38:52.584016,Sin Fronteras,10802,"https://diariosinfronteras.com.pe/wp-content/uploads/2025/11/aumento-salarial-trabajadores-estatales-2026-regimenes-beneficiados-willax.jpg-1-660x330.jpg, https://diariosinfronteras.com.pe/wp-content/uploads/2020/06/dxt-nav.png",410,,,Trabajadores del sector público recibirán aumento de S  53 y S  100 a partir del 2026,https://diariosinfronteras.com.pe/2025/11/14/trabajadores-del-sector-publico-recibiran-aumento-de-s-53-y-s-100-a-partir-del-2026/
Desconocido,2240,General,"Inicio AREQUIPA Obreros municipales de Arequipa logran incremento salarial tras protesta Obreros municipales de Arequipa logran incremento salarial tras protesta Por Diario Sin Fronteras - 8 julio, 2025 - En AREQUIPA 1332 Trabajadores municipales paralizaron sus labores este 7 de julio. Luego de una paralización de labores que afectó el recojo de basura en el Cercado de Arequipa, los obreros de limpieza pública, parques y jardines, Serenazgo y Policía Municipal lograron un acuerdo con la Municipalidad Provincial de Arequipa. Este lunes 7 de julio, la comuna emitió un comunicado oficial. Informó que, tras un proceso de diálogo con el Sindicato de Trabajadores de la Municipalidad Provincial de Arequipa (SITRAMUN), se llegó a un acuerdo. Se otorgará un bono único de S  2000 para el año 2026. Este monto será financiado con recursos directamente recaudados. En total, representará un desembolso de S  860,800. Además, se oficializó un incremento mensual de S  100, como parte de la negociación colectiva centralizada. La municipalidad precisó que estos beneficios alcanzarán a 267 trabajadores ediles y reafirmó su compromiso de atender las demandas laborales sin comprometer el equilibrio financiero de la institución. El alcalde provincial, Víctor Hugo Rivera Chávez, calificó el resultado como un  acuerdo salomónico  y felicitó a los representantes sindicales por el consenso alcanzado. Durante la protesta, los trabajadores denunciaron precariedad en sus condiciones de trabajo. Por ejemplo, la falta de uniformes y el uso de compactadoras antiguas que dificultan sus labores, a pesar de la adquisición de nuevos equipos. También cuestionaron la disparidad con los aumentos otorgados recientemente a funcionarios municipales, lo que generó mayor descontento entre los obreros. Con este acuerdo, se espera que las actividades en limpieza pública y otras áreas municipales se restablezcan progresivamente en las próximas horas, aliviando el impacto que tuvo la protesta en la ciudad. Redactado por: Mariajosé Delgado Cárdenas Comentarios de Facebook También te puede interesar Puno: Intervienen al director de Energía y Minas por presunto uso indebido de camioneta en reunión privada El director regional de Energía y Minas, Edwin",2025-11-16T22:38:52.363631,2025-11-16T22:38:52.582979,2025-11-16T22:38:52.582981,Sin Fronteras,10801,"https://diariosinfronteras.com.pe/wp-content/uploads/2025/07/A-9-660x330.jpeg, https://diariosinfronteras.com.pe/wp-content/uploads/2020/06/dxt-nav.png",335,"Luego de una paralización de labores que afectó el recojo de basura en el Cercado de Arequipa, los obreros de limpieza pública, parques y jardines, Serenazgo y Policía Municipal lograron un acuerdo con la Municipalidad Provincial de Arequipa.",,Obreros municipales de Arequipa logran incremento salarial tras protesta,https://diariosinfronteras.com.pe/2025/07/08/obreros-municipales-de-arequipa-logran-incremento-salarial-tras-protesta/
Desconocido,1592,General,"Inicio NACIONAL Tragedia en Real Plaza de Trujillo: Menor se grabó atrapada bajo techo colapsado:  Estoy entre escombros  Tragedia en Real Plaza de Trujillo: Menor se grabó atrapada bajo techo colapsado:  Estoy entre escombros  Por Diario Sin Fronteras - 22 febrero, 2025 - En NACIONAL 886 Tragedia en Real Plaza. Como informamos desde la noche de ayer, alrededor de las 8:41 p.m., el techo del patio de comidas del centro comercial Real Plaza Trujillo colapsó, causando la muerte de ocho personas y dejando a 78 heridas. La terrible tragedia ocurrió cuando había un gran número de clientes comiendo en ese sector del centro comercial. El área afectada se estima en 700 a 800 metros cuadrados. SE GRABÓ BAJO LOS ESCOMBROS La caída de un techo dejó heridos a decenas de niños, adolescentes, adultos y adultos mayores. A los segundos del colapso una niña registró el momento con su teléfono celular, luego de quedar atrapada bajo los escombros de la estructura de metal. En el audiovisual, la menor se escucha a la menor decir:  No es balacera, estoy entre escombros, literal , y se le ve en el rostro una expresión de angustia producto del susto vivido. Cabe señalar que, entre los heridos, se encuentran nueve niños de entre 10 y 12 años, y once personas se encontrarían heridas de gravedad. Tras esta tragedia, GORE La Libertad estableció días de duelo regional este 22 y 23 de febrero. Comentarios de Facebook También te puede interesar Puno: Intervienen al director de Energía y Minas por presunto uso indebido de camioneta en reunión privada El director regional de Energía y Minas, Edwin",2025-11-16T22:38:52.363631,2025-11-16T22:38:52.581740,2025-11-16T22:38:52.581742,Sin Fronteras,10800,"https://diariosinfronteras.com.pe/wp-content/uploads/2025/02/480678537_1038029405016281_4540538417993450982_n-660x330.jpg, https://diariosinfronteras.com.pe/wp-content/uploads/2020/06/dxt-nav.png",269,,,Tragedia en Real Plaza de Trujillo: Menor se grabó atrapada bajo techo colapsado:  Estoy entre escombros,https://diariosinfronteras.com.pe/2025/02/22/tragedia-en-real-plaza-de-trujillo-menor-se-grabo-atrapada-bajo-techo-colapsado-estoy-entre-escombros/
Desconocido,1646,General,"Inicio PUNO Puno: Tras recuperar la rectoría de la UANCV, Ochatoma convocó a sesión del Consejo Universitario donde se tomarán acuerdos Puno: Tras recuperar la rectoría de la UANCV, Ochatoma convocó a sesión del Consejo Universitario donde se tomarán acuerdos Por Diario Sin Fronteras - 17 abril, 2025 - En PUNO 1353 Dejan sin efecto legal todos los acuerdos adoptados en recientes  autoconvocatorias . Tras retomar el control del rectorado, la tarde de ayer, Félix Ochatoma, rector de la Universidad Andina Néstor Cáceres Velásquez (UANCV), convocó a una sesión extraordinaria del Consejo Universitario, realizada en la sede de la Escuela de Posgrado, en la que se tomaron importantes acuerdos orientados al licenciamiento institucional. Durante esta reunión de carácter urgente, se acordó por unanimidad designar a Fredy Arpasi Chura como presidente de la Comisión de Licenciamiento. Cabe señalar que el docente ya había asumido esta responsabilidad en el año 2024, lo que garantiza continuidad en el proceso. Otro de los acuerdos relevantes fue la designación de Leopoldo Condori Cari como responsable de la Comisión Estatutaria, quien asumirá funciones desde la fecha. En la misma sesión, y también por decisión unánime, se resolvió dejar sin efecto legal todos los  acuerdos  adoptados en las recientes  autoconvocatorias  del Consejo Universitario y de la Asamblea Universitaria, al haberse realizado al margen del marco institucional. Comentarios de Facebook También te puede interesar Puno: Intervienen al director de Energía y Minas por presunto uso indebido de camioneta en reunión privada El director regional de Energía y Minas, Edwin",2025-11-16T22:38:52.363631,2025-11-16T22:38:52.580345,2025-11-16T22:38:52.580348,Sin Fronteras,10799,"https://diariosinfronteras.com.pe/wp-content/uploads/2025/04/IMG_20250417_112441_800_x_533_pixel-660x330.jpg, https://diariosinfronteras.com.pe/wp-content/uploads/2020/06/dxt-nav.png",251,,,"Puno: Tras recuperar la rectoría de la UANCV, Ochatoma convocó a sesión del Consejo Universitario donde se tomarán acuerdos",https://diariosinfronteras.com.pe/2025/04/17/puno-tras-recuperar-la-rectoria-de-la-uancv-ochatoma-convoco-a-sesion-del-consejo-universitario-donde-se-tomaran-acuerdos/
Desconocido,1376,General,"Inicio NACIONAL Pronabec: Lista de los preseleccionados de Beca18-2025 Pronabec: Lista de los preseleccionados de Beca18-2025 Por Diario Sin Fronteras - 9 enero, 2025 - En NACIONAL 890 Pronabec: Lista de los preseleccionados de Beca18-2025 Los resultados del Examen Nacional de Preselección de Beca 18-2025 ya fueron publicados por el Programa Nacional de Becas y Crédito Educativo (Pronabec). Para saber si eres uno de los 28943 preseleccionados puedes ingresar haciendo click aquí. Para elegir a los postulantes, se sumaron los puntos obtenidos en el examen con los puntos asignados por cumplir las condiciones establecidas como pobreza, pertenecer a una comunidad campesina, comunidad nativa amazónica, bombero o hijos de bomberos, entre otras. Las personas incluidas en la lista de preseleccionados podrán pasar a la siguiente etapa de selección y acceder a una de las 20 mil becas integrales, las mismas que se otorgarán en dos oportunidades. En la primera se darán 12 mil becas y en la segunda 80 mil. La postulación para la primera etapa de selección inicia hoy y terminará el 3 de marzo, la lista de los seleccionados se publicará el 24 de marzo. El cronograma completo lo puedes ver en este enlace. Comentarios de Facebook También te puede interesar Cientos de jóvenes puneños rinden examen de preselección para Beca 18 Aspirantes de toda la región participaron en la",2025-11-16T22:38:52.363631,2025-11-16T22:38:52.579754,2025-11-16T22:38:52.579756,Sin Fronteras,10798,"https://diariosinfronteras.com.pe/wp-content/uploads/2025/01/beca-18-660x330.jpg, https://diariosinfronteras.com.pe/wp-content/uploads/2020/06/dxt-nav.png",221,Los resultados del Examen Nacional de Preselección de Beca 18-2025 ya fueron publicados por el Programa Nacional de Becas y Crédito Educativo (Pronabec). Para saber si eres uno de los 28943 preseleccionados puedes ingresar haciendo click aquí.,,Pronabec: Lista de los preseleccionados de Beca18-2025,https://diariosinfronteras.com.pe/2025/01/09/pronabec-lista-de-los-preseleccionados-de-beca18-2025/
Desconocido,2008,General,"Inicio PUNO Juliaca: Niña creyó ser víctima de intento de secuestro Juliaca: Niña creyó ser víctima de intento de secuestro Por Diario Sin Fronteras - 1 día atrás - En PUNO 1667 Broma desató pánico en Juliaca. Una broma fuera de lugar generó un fuerte susto y preocupación y una ola de cuestionamientos. Todo aconteció cuando una comerciante naturista provocó miedo en la niña de 9 años, de iniciales Y.V.C.R., al tomarla del brazo y obligarla a caminar unos pasos. La menor interpretó el acto como un intento de secuestro y pidió ayuda en plena vía pública. El hecho ocurrió a las 12:25 p.m., entre los jirones Huancané y González Prada, instantes después de que la escolar saliera de la Institución Educativa Primaria N  70545 Túpac Amaru. LAS GRABACIONES Las cámaras de seguridad muestran a la niña y a una compañera cruzar la pista del jirón González Prada. En ese momento aparece la comerciante Gloria V. M. (45), quien se cruza con la menor, la sujeta del brazo y la arrastra por unos 20 segundos. La estudiante, alumna del tercer grado, se siente atemorizada y grita:   Ayuda, me están secuestrando! . Tras unos instantes logra soltarse y corre asustada. INTERVENIDA Minutos después, la menor llegó con su madre, Lucía R.R. (30), a quien contó lo sucedido. La mujer acudió de inmediato a la zona y, con apoyo de las cámaras, identificó a la responsable, cuyo negocio se ubica a pocos metros, frente al colegio Sigma. La comerciante alegó que se trató de una broma, argumento rechazado por la madre, quien calificó el hecho como inaceptable, por lo que avisó a Serenazgo. La mujer fue trasladada a la comisaría para responder por sus actos, pero no llegaron a oficializar la denuncia. Ante lo ocurrido, la UGEL San Román pidió a la Fiscalía y a la Policía Especializada iniciar acciones de oficio. Comentarios de Facebook También te puede interesar Puno: Intervienen al director de Energía y Minas por presunto uso indebido de camioneta en reunión privada El director regional de Energía y Minas, Edwin",2025-11-16T22:38:52.363631,2025-11-16T22:38:52.579007,2025-11-16T22:38:52.579009,Sin Fronteras,10797,"https://diariosinfronteras.com.pe/wp-content/uploads/2025/11/1.-INTENTO-DE-SECUESTRO-FOTONCITO-11-660x330.jpg, https://diariosinfronteras.com.pe/wp-content/uploads/2020/06/dxt-nav.png",342,,,Juliaca: Niña creyó ser víctima de intento de secuestro,https://diariosinfronteras.com.pe/2025/11/15/juliaca-nina-creyo-ser-victima-de-intento-de-secuestro/
Desconocido,2790,General,"Inicio PUNO Puno: Hospital de Yunguyo convertido en cantina Puno: Hospital de Yunguyo convertido en cantina Por Redacción Diario Sin Fronteras - 18 agosto, 2025 - En PUNO 792 Hospital de Yunguyo convertido en cantina Ayer en la madrugada se descubrió a dos trabajadores asistenciales en evidente estado etílico, en horario laboral. La situación que sería recurrente, fue filmada y fotografiada. El hecho se comunicó a la Policía, que envió la móvil PL-21008, a las 04:55 horas.    ya que en su interior, personal que labora en la misma, estarían consumiendo bebidas alcohólicas en horas de trabajo , reza el parte policial. SORPRENDIDOS Los agentes se entrevistaron con el encargado de Asistencia de Recursos Humanos, Fredy Mamani Calisaya, con quien se dirigieron al ambiente destinado al Servicio de Laboratorio y Patología Clínica. UNO DORMIDO    se puede apreciar a una persona de sexo masculino, recostado en una silla en aparente estado de ebriedad, posteriormente identificado como Jhon Carlos Calcina Luque (35). Asimismo, encima de las mesas dos botellas de vidrio con etiqueta de la marca Anís Najar color azul y rojo (uno con contenido y otro vacío) . Según testigos, dicho servidor estaba dormido y balbuceaba al ser levantado. CONFESÓ JARANA  Luego se trasladaron al dormitorio del personal de turno  siendo atendido por quien refiere llamarse María Pamela Arpasi Flores (46)  Dicha persona se encuentra en aparente estado de ebriedad, la misma que al consultarle por lo sucedido, refiere haber realizado un pequeño compartir para luego brindar con la ingesta de bebidas alcohólicas  . La trabajadora confesó que también participaron en la jarana, sus colegas del turno saliente. FIRMARON ACTA El médico de turno Kenn Uchasara Moncada, participó en la intervención. Firmaron el acta, los dos servidores sorprendidos en esas fachas: Jhon Carlos Calcina y María Pamela Arpasi. EXIGE SANCIÓN Ayer por la tarde, el consejero Rivera Zeballos, dijo haberse contactado con el titular de la Dirección Regional de Salud (Diresa), Freddy Velásquez Angles.  El director de la Diresa aseguró que se sancionará este acto. Estamos exigiendo la salida del director del hospital, Luis Ponce Butrón, ya que hay muchas anomalías y no se hace nada , dijo.  MAL EJEMPLO? El fiscalizador de Yunguyo, recordó que hace algunas semanas, dicho funcionario se presentó ante el consejo y fue blindado por el Ejecutivo. El hospital de Yunguyo es una anarquía, la Fiscalía intervino y no hubo médicos de turno; el mal ejemplo lo da ese director Luis Ponce que no trabaja, no se le ve , declaró el consejero. Comentarios de Facebook También te puede interesar Arequipa: Tragedia en Arequipa: bus interprovincial cae a un abismo y deja 37 muertos y 14 heridos Una nueva tragedia enluta las carreteras del sur",2025-11-16T22:38:52.363631,2025-11-16T22:38:52.578470,2025-11-16T22:38:52.578473,Sin Fronteras,10796,"https://diariosinfronteras.com.pe/wp-content/uploads/2025/08/abrdiroa-1-hospitasl-cantina-660x330.jpg, https://diariosinfronteras.com.pe/wp-content/uploads/2020/06/dxt-nav.png",448,"Ayer en la madrugada se descubrió a dos trabajadores asistenciales en evidente estado etílico, en horario laboral. La situación que sería recurrente, fue filmada y fotografiada.",,Puno: Hospital de Yunguyo convertido en cantina,https://diariosinfronteras.com.pe/2025/08/18/puno-hospital-de-yunguyo-convertido-en-cantina/
Desconocido,1173,General,"Inicio NACIONAL Ministro Sandoval sobre paro de transportes para el 28 de julio:  Quienes quieran parar, se quedarán con las ganas  Ministro Sandoval sobre paro de transportes para el 28 de julio:  Quienes quieran parar, se quedarán con las ganas  Por Diario Sin Fronteras - 24 julio, 2025 - En NACIONAL 417 El ministro de Transportes, César Sandoval, minimizó el impacto del paro convocado para el 28 de julio, afirmando que  quienes quieran parar se quedarán con las ganas . El titular del sector aseguró que el transporte formal no adherirá a la protesta, garantizando la normalidad en los servicios esenciales durante las fiestas patrias. Sandoval hizo una clara distinción entre la postura del sector formal, que continuará operando, y algunos grupos informales que buscan aprovechar las celebraciones patrias para manifestarse. Estas declaraciones se dan en el contexto del descontento y preocupación del sector transporte ante la ola de violencia y extorsiones. Comentarios de Facebook También te puede interesar Puno: Intervienen al director de Energía y Minas por presunto uso indebido de camioneta en reunión privada El director regional de Energía y Minas, Edwin",2025-11-16T22:38:52.363631,2025-11-16T22:38:52.578091,2025-11-16T22:38:52.578093,Sin Fronteras,10795,"https://diariosinfronteras.com.pe/wp-content/uploads/2025/07/ministro-transportes-cesar-sandoval-paro-fiestas-patrias-800x533-1-660x330.jpg, https://diariosinfronteras.com.pe/wp-content/uploads/2020/06/dxt-nav.png",184,,,"Ministro Sandoval sobre paro de transportes para el 28 de julio:  Quienes quieran parar, se quedarán con las ganas",https://diariosinfronteras.com.pe/2025/07/24/ministro-sandoval-sobre-paro-de-transportes-para-el-28-de-julio-quienes-quieran-parar-se-quedaran-con-las-ganas/
Desconocido,1508,General,"Inicio AREQUIPA Arequipa: Intervienen a sujeto que estaba ebrio y con arma en un vehículo Arequipa: Intervienen a sujeto que estaba ebrio y con arma en un vehículo Por Diario Sin Fronteras - 5 septiembre, 2024 - En AREQUIPA, POLICIALES 512 Arequipa: Intervienen a sujeto que estaba ebrio y con arma en un vehículo Efectivos de la comisaría de Miraflores recibieron información sobre la actitud sospechosa de los ocupantes de un vehículo gris en la intersección de las calles Francisco Bolognesi con Espinar. Inmediatamente, los agentes se dirigieron al lugar y procedieron con la intervención del mencionado vehículo marca Hyundai, modelo Accent, color gris. En el carro se encontraban tres personas: dos hombres y una mujer. El conductor, de nacionalidad colombiana, al parecer presentaba signos de ebriedad, y por ello fue trasladado al área de extracción de la Unidad Desconcentrada de Dosaje Etílico, dando como resultado positivo para alcoholemia. Al realizar el registro, se encontró en posesión de uno de los ocupantes un revólver y un celular que había sido reportado como robado. Los tres individuos fueron detenidos por estar presuntamente inmersos en los delitos contra la seguridad pública, en la modalidad de peligro común, y contra la seguridad pública, tenencia ilegal de armas. Fueron llevados a la comisaría de Miraflores. Comentarios de Facebook También te puede interesar Cientos de jóvenes puneños rinden examen de preselección para Beca 18 Aspirantes de toda la región participaron en la",2025-11-16T22:38:52.363631,2025-11-16T22:38:52.577591,2025-11-16T22:38:52.577594,Sin Fronteras,10794,"https://diariosinfronteras.com.pe/wp-content/uploads/2024/09/Arequipa-9-A-660x330.jpg, https://diariosinfronteras.com.pe/wp-content/uploads/2020/06/dxt-nav.png",237,Efectivos de la comisaría de Miraflores recibieron información sobre la actitud sospechosa de los ocupantes de un vehículo gris en la intersección de las calles Francisco Bolognesi con Espinar.,,Arequipa: Intervienen a sujeto que estaba ebrio y con arma en un vehículo,https://diariosinfronteras.com.pe/2024/09/05/arequipa-intervienen-a-sujeto-que-estaba-ebrio-y-con-arma-en-un-vehiculo/
Desconocido,1355,General,"Inicio PUNO Puno: Accidente de tránsito con conductor ebrio en Yunguyo deja un herido Puno: Accidente de tránsito con conductor ebrio en Yunguyo deja un herido Por Redacción Diario Sin Fronteras - 23 julio, 2025 - En PUNO 735 A las 05:38 horas de esta madrugada, se reportó un accidente de tránsito en la Plaza 2 de Mayo, en la intersección de los Jirones Cuzco y Grau. Un peatón, identificado como Hernán (52 años), conductor de una ruta Yunguyo-Puno, fue atropellado y resultó con contusiones leves. El responsable del accidente, Wilber (36 años), conductor de un vehículo Suzuki rojo de placa S1G-238, presentó claros síntomas de ebriedad y huyó de la escena tras el incidente. El herido fue atendido por serenazgo y trasladado a un centro de salud, donde recibió atención médica y se le diagnosticó contusiones leves, siendo dado de alta sin necesidad de hospitalización. A pesar de que se notificó a la comisaría del accidente, no se presentó ninguna autoridad policial en el lugar. Se solicita a las autoridades competentes una investigación exhaustiva para determinar responsabilidades y aplicar las sanciones correspondientes al conductor fugitivo. Comentarios de Facebook También te puede interesar Arequipa: Tragedia en Arequipa: bus interprovincial cae a un abismo y deja 37 muertos y 14 heridos Una nueva tragedia enluta las carreteras del sur",2025-11-16T22:38:52.363631,2025-11-16T22:38:52.576592,2025-11-16T22:38:52.576594,Sin Fronteras,10793,"https://diariosinfronteras.com.pe/wp-content/uploads/2025/07/FB_IMG_1753251267603-660x330.jpg, https://diariosinfronteras.com.pe/wp-content/uploads/2020/06/dxt-nav.png",218,Accidente de tránsito con conductor ebrio en Yunguyo deja un herido,,Puno: Accidente de tránsito con conductor ebrio en Yunguyo deja un herido,https://diariosinfronteras.com.pe/2025/07/23/puno-accidente-de-transito-con-conductor-ebrio-en-yunguyo-deja-un-herido/
Desconocido,1100,General,"Inicio PUNO Padre e hija mueren env3nenados en Puno Padre e hija mueren env3nenados en Puno Por Diario Sin Fronteras - 22 febrero, 2025 - En PUNO 1907 Investigan hecho. Una trágica noticia conmociona a la comunidad de Yunguyo, donde un padre de 33 años y su hija de 5 años perdieron la vida tras consumir una sustancia tóxica. Las autoridades investigan las causas de este hecho, aunque se presume que fue una decisión propia, ya que en la vivienda se encontraron  notas alusivas  que sugieren un posible plan. El fiscal a cargo del caso informó que, además de las notas, se hallaron  sustancias por identificar  en el lugar de los hechos. Actualmente, se están realizando análisis forenses para determinar el tipo de sustancia que ingirieron las víctimas y esclarecer las circunstancias exactas de este lamentable suceso. Los familiares de las víctimas se encuentran devastados por la tragedia. Comentarios de Facebook También te puede interesar Puno: Intervienen al director de Energía y Minas por presunto uso indebido de camioneta en reunión privada El director regional de Energía y Minas, Edwin",2025-11-16T22:38:52.363631,2025-11-16T22:38:52.576341,2025-11-16T22:38:52.576343,Sin Fronteras,10792,"https://diariosinfronteras.com.pe/wp-content/uploads/2025/02/Padre-e-hija-muejren-envenenados-1-660x330.jpg, https://diariosinfronteras.com.pe/wp-content/uploads/2020/06/dxt-nav.png",180,,,Padre e hija mueren env3nenados en Puno,https://diariosinfronteras.com.pe/2025/02/22/padre-e-hija-mueren-env3nenados-en-puno/
Desconocido,1021,General,"Inicio PUNO Puno: capturan a ladrón de autopartes infraganti Puno: capturan a ladrón de autopartes infraganti Por Diario Sin Fronteras - 25 junio, 2024 - En PUNO 1705 El ladrón de autopartes ya tenía varios antecedentes por el mismo delito. El último lunes, al promediar las 11 de la noche, un sujeto identificado como Henry Marcial Ordoñez Argote, alias  El gordo , fue sorprendido por el propietario de un vehículo cuando se hallaba al interior del mismo. El presunto ladrón rompió la luna de unas de las ventanas e intentaba sustraer las autopartes. El hecho ocurrió en inmediaciones del mercado Bellavista y el agraviado, tras reducir al malhechor, pidió ayuda llegando la policía luego. El ladrón de autopartes ya tenía varios antecedentes por el mismo delito y también por tráfico Ilícito de drogas, siendo detenido y trasladado al Areincri Puno. Comentarios de Facebook También te puede interesar Cientos de jóvenes puneños rinden examen de preselección para Beca 18 Aspirantes de toda la región participaron en la",2025-11-16T22:38:52.363631,2025-11-16T22:38:52.575595,2025-11-16T22:38:52.575598,Sin Fronteras,10791,"https://diariosinfronteras.com.pe/wp-content/uploads/2024/06/capturan-ladron-autopartes-puno-copia-660x330.jpg, https://diariosinfronteras.com.pe/wp-content/uploads/2020/06/dxt-nav.png",166,,,Puno: capturan a ladrón de autopartes infraganti,https://diariosinfronteras.com.pe/2024/06/25/puno-capturan-a-ladron-de-autopartes-infraganti/
Desconocido,1034,General,"Inicio POLICIALES Padre fall3ce tras ser arrollado junto a su hija por conductor que huía tras ser bal3ado Padre fall3ce tras ser arrollado junto a su hija por conductor que huía tras ser bal3ado Por Diario Sin Fronteras - 18 febrero, 2025 - En POLICIALES 1316 Víctimas colaterales de la criminalidad. Un hombre y su hija fueron arrollados por el conductor de un auto que huía tras ser atacado a tiros por unos delincuentes. Ocurrió en el distrito de Puente Piedra cuando el hombre, su hija de 19 años y su esposa regresaban de realizar compras. De pronto el conductor del auto los atropelló y arrastró varios metros hasta impactar contra una pared de concreto. El padre murió aplastado por los bloques de ladrillos y cemento, mientras que su hija quedó gravemente herida. En tanto, el conductor murió al interior de su vehículo. Comentarios de Facebook También te puede interesar Puno: Intervienen al director de Energía y Minas por presunto uso indebido de camioneta en reunión privada El director regional de Energía y Minas, Edwin",2025-11-16T22:38:52.363631,2025-11-16T22:38:52.575083,2025-11-16T22:38:52.575086,Sin Fronteras,10790,"https://diariosinfronteras.com.pe/wp-content/uploads/2025/02/auto-puente-piedra-800x533-1-660x330.jpg, https://diariosinfronteras.com.pe/wp-content/uploads/2020/06/dxt-nav.png",175,,,Padre fall3ce tras ser arrollado junto a su hija por conductor que huía tras ser bal3ado,https://diariosinfronteras.com.pe/2025/02/18/padre-fall3ce-tras-ser-arrollado-junto-a-su-hija-por-conductor-que-huia-tras-ser-bal3ado/
Desconocido,2409,General,"Inicio PUNO  Insólito! GRP pretende suscribir millonario contrato con empresa que cometió error garrafal e insubsanable en el proceso de selección para construir el Colegio Perú Birf de Azángaro  Insólito! GRP pretende suscribir millonario contrato con empresa que cometió error garrafal e insubsanable en el proceso de selección para construir el Colegio Perú Birf de Azángaro Por Redacción Diario Sin Fronteras - 15 agosto, 2025 - En PUNO 942 Para hoy, el Gobierno Regional Puno programó la suscripción del contrato con una empresa sancionada, además que su propuesta no cumple lo requerido por las bases de la Licitación Pública 017-2025-CS GR Puno-1, la ejecución de la obra  Mejoramiento del servicio educativo de nivel secundario en la IEA   28 Perú Birf en Azángaro. Y es que el adjudicatario de la buena pro, Consorcio ARGOS presentó el Anexo N  4, con el sello que corresponde al Consorcio Alfa, el cual no tiene vínculo alguno con la propuesta con la cual ha sido favorecida con la millonaria obra. En suma, la declaración jurada contenida en el mencionado anexo no corresponde al Consorcio Argos. Ese requisito es indispensable e insubsanable para admisión y otorgamiento de buena pro, pero el Comité de Selección obvió semejante error. Fuentes de GRP dijeron a este medio que el señor Humberto Toro Villalovos, actual representante legal de la empresa CORPQRACTÓN KATSUMOTO S.A.C. que forma parte del CONSORCIO ARGOS, figura además como accionista mayor y miembro del Directorio de la empresa YABE. JIRE CONTRATISTAS GENERALES S.A., actualmente denominada BRONTES CONSTRUCTORA S.A., con R.U.C. N.  20562895699. Esta última se encuentra sancionada administrativamente hasta el 09 de septiembre de 2O25, conforme a lo dispuesto mediante Resolución N.  2722-2025-TCE-S4 del Tribunal de Contrataciones del Estado. Es decir, no podría participar en ninguna convocatoria ni obra pública. Las autoridades y dirigentes de Azángaro exigen la presencia de la Fiscalía y Contraloría, a fin de que no se perjudique esta obra anhelada por los azangarinos.  Es mejor que se corrija el error ahora porque se puede postergar la obra, eso no queremos , dijo un teniente gobernador que pidió no revelar su identidad. Comentarios de Facebook También te puede interesar Arequipa: Tragedia en Arequipa: bus interprovincial cae a un abismo y deja 37 muertos y 14 heridos Una nueva tragedia enluta las carreteras del sur",2025-11-16T22:38:52.363631,2025-11-16T22:38:52.574272,2025-11-16T22:38:52.574274,Sin Fronteras,10789,"https://diariosinfronteras.com.pe/wp-content/uploads/2025/08/IMG-20250815-WA0030-660x330.jpg, https://diariosinfronteras.com.pe/wp-content/uploads/2025/08/IMG-20250815-WA0029-356x500.jpg",380,,,Insólito! GRP pretende suscribir millonario contrato con empresa que cometió error garrafal e insubsanable en el proceso de selección para construir el Colegio Perú Birf de Azángaro,https://diariosinfronteras.com.pe/2025/08/15/insolito-grp-pretende-suscribir-millonario-contrato-con-empresa-que-cometio-error-garrafal-e-insubsanable-en-el-proceso-de-seleccion-para-construir-el-colegio-peru-birf-de-azangaro/
Desconocido,1397,General,"Inicio NACIONAL Ministro de la Producción defiende aumento del sueldo presidencial:  Era necesario  Ministro de la Producción defiende aumento del sueldo presidencial:  Era necesario  Por Diario Sin Fronteras - 5 julio, 2025 - En NACIONAL 370 El ministro de la Producción, Sergio González, se pronunció sobre los cuestionamientos a la aprobación del incremento salarial de la presidenta Dina Boluarte, quien ahora pasará a ganar más de 35 mil soles mensuales. En declaraciones a la prensa, el titular de Produce, al igual que muchos de sus colegas, salió en defensa de esta polémica medida y aseguró que era  necesario  aprobarlo debido a que en otras instituciones habían funcionarios con un sueldo superior al de la jefa de Estado.  Tenemos entidades como el PJ, el Ministerio Público, el TC, el JNE, que las remuneraciones obviamente superan lo que percibe nuestra máxima autoridad jerárquica de nuestra nación. Era necesario trabajar este tema , dijo. Asimismo, el ministro González recordó que, antes de la aprobación de este incremento, el sueldo de la presidencia de la República en Perú era uno de los más bajos de la región, únicamente por encima del salario presidencial en Bolivia. Comentarios de Facebook También te puede interesar Puno: Intervienen al director de Energía y Minas por presunto uso indebido de camioneta en reunión privada El director regional de Energía y Minas, Edwin",2025-11-16T22:38:52.363631,2025-11-16T22:38:52.573640,2025-11-16T22:38:52.573642,Sin Fronteras,10788,"https://diariosinfronteras.com.pe/wp-content/uploads/2025/07/orig-1751661609698-660x330.jpg, https://diariosinfronteras.com.pe/wp-content/uploads/2020/06/dxt-nav.png",223,,,Ministro de la Producción defiende aumento del sueldo presidencial:  Era necesario,https://diariosinfronteras.com.pe/2025/07/05/ministro-de-la-produccion-defiende-aumento-del-sueldo-presidencial-era-necesario/
Desconocido,2597,General,"Inicio AREQUIPA Alrededor de 26.000 estudiantes inician el año académico 2025 en la UNSA Alrededor de 26.000 estudiantes inician el año académico 2025 en la UNSA Por Diario Sin Fronteras - 6 abril, 2025 - En AREQUIPA 685 Estudiantes vuelven a las aulas de la UNSA. Con alrededor de 26.000 estudiantes matriculados en el semestre 2025-A, la Universidad Nacional de San Agustín de Arequipa (UNSA) inicia este 7 de abril el año académico con la vuelta a las aulas de los alumnos de pregrado. La UNSA cuenta con una amplia gama de programas de pregrado, que incluyen 18 facultades, 46 escuelas y 59 programas de estudio en áreas de ingeniería, ciencias sociales y biomédicas. Esta diversidad académica permite a la población elegir la carrera que mejor se adapte a sus intereses y aspiraciones profesionales, a las que puede acceder postulando en los procesos de admisión. Dentro de los beneficios que tiene cursar estudios en la universidad están contar el Centro de Investigación Aplicada y Laboratorios Especializados (CIALE) de Ingenierías, dedicado al desarrollo del conocimiento y la innovación, donde los estudiantes pueden participar activamente. Los programas profesionales cuentan con laboratorios y equipos de última generación, enfocados en la formación de los estudiantes de pregrado, quienes además pueden integrarse a los semilleros de investigación en cada especialidad. Para apoyar el crecimiento académico y cultural, la casa agustina promueve talleres extracurriculares orientados al desarrollo de habilidades blandas y al bienestar físico y mental. Cuenta con un reconocido Ballet Folklórico y el Teatro Experimental de la UNSA (TEUNSA), que fomentan la participación estudiantil en la danza y las artes escénicas. Oficinas como Bienestar Universitario, Defensoría Universitaria y Responsabilidad Social también refuerzan el trabajo académico en beneficio del desarrollo integral de los estudiantes, razón de ser de la universidad. En el ámbito de la comunicación, la universidad cuenta con TV UNSA Canal 45 y Radio Universidad, medios que ofrecen programación informativa y cultural. Además, los estudiantes pueden participar en estos espacios como parte de su formación integral. Para este 2025, la universidad inaugurará obras de mejora en infraestructura, con modernos pabellones, salones y mobiliario, además del equipamiento de laboratorios para el desarrollo académico. Comentarios de Facebook También te puede interesar Puno: Intervienen al director de Energía y Minas por presunto uso indebido de camioneta en reunión privada El director regional de Energía y Minas, Edwin",2025-11-16T22:38:52.363631,2025-11-16T22:38:52.573267,2025-11-16T22:38:52.573269,Sin Fronteras,10787,"https://diariosinfronteras.com.pe/wp-content/uploads/2025/04/e70815ed-50f4-4e6f-99d5-3e6f027d5e1b-660x330.jpeg, https://diariosinfronteras.com.pe/wp-content/uploads/2020/06/dxt-nav.png",390,"Con alrededor de 26.000 estudiantes matriculados en el semestre 2025-A, la Universidad Nacional de San Agustín de Arequipa (UNSA) inicia este 7 de abril el año académico con la vuelta a las aulas de los alumnos de pregrado.",,Alrededor de 26.000 estudiantes inician el año académico 2025 en la UNSA,https://diariosinfronteras.com.pe/2025/04/06/alrededor-de-26-000-estudiantes-inician-el-ano-academico-2025-en-la-unsa/
Desconocido,3401,General,"Inicio PUNO Puno: La maldición de Calmet cae a juez y su secretaria Puno: La maldición de Calmet cae a juez y su secretaria Por Redacción Diario Sin Fronteras - 13 octubre, 2025 - En PUNO 1442 La maldición de Calmet cae a juez y su secretaria El juez del Tercer Juzgado Civil de Puno, Guido Chevarría Tisnado, y la secretaria judicial, Sofía Guerra Cabrera, fueron sancionados en última instancia por la Autoridad Nacional del Control (ANC). Ambos fueron suspendidos en funciones por cuatro meses a consecuencia de ejecutar de manera ilegal la sentencia 486-2017. El fallo judicial favoreció escandalosamente a Enrique Calmet Choque, con diligencia amañada el 23 de febrero de 2021, por delimitación de linderos del Colegio Politécnico Huáscar. LA SENTENCIA El juez Chevarría Tisnado ordenó que el terreno del colegio Politécnico Huáscar se divida en dos. Le otorgó 12 mil 200 metros cuadrados a Calmet Choque. Esta demanda fue tan irregular que la sentencia en cuestión fue anulada el 08 de julio de 2025.  DILIGENCIA COVID  La ejecución de la sentencia fue irregular; se saltaron procedimientos en plena pandemia cuando las labores judiciales estaban suspendidas. Dicho magistrado emitió resoluciones 100 y 104, el 21 de diciembre de 2020, encargando a su secretaria Sofía Guerra, coordinar la ejecución de la sentencia y autorizó el descerraje del Politécnico Huáscar. LO PLANEARON  El 15 de febrero de 2021, en el despacho judicial se reunieron Sofía Guerra, Enrique Calmet y el jefe de la Delegación Policial de Huáscar, Marcos Luna Cajas. Se fijó que la diligencia se ejecute el 23 de febrero de 2021 y así se hizo. Sin embargo, la Oficina Descentralizada de la Autoridad Nacional de Control (Odanc) consideró que esa coordinación debió ser  aprobada y autorizada mediante acto procesal suscrito por el juez competente . Chevarría estuvo de vacaciones y quien debió autorizarla fue la jueza Martha Irene Aguilar Castillo. Usurpación Según la sanción de la ANC, Sofía Guerra hizo de las suyas porque nunca informó a la jueza, ya que Chevarría estuvo de vacaciones desde el 22 y 28 de febrero de 2021. En el acta se mintió. Se consignó que los peritos Jorge Fernando Alata Choque y Leyla Chaquilla Quilca se retiraron de la diligencia y el acto se realizó sin sentencia ni planos. TREMENDO JUEZ Guido Chevarría, fue sancionado porque al emitir las resoluciones 100 y 104 violó sus funciones e infringió el deber de impartir justicia con imparcialidad y debido proceso.    la coordinación para ejecución de sentencias es una función exclusiva y excluyente del juez , se lee en la sanción. POR TELÉFONO Guido Chevarría controló la ejecución de sentencia del 23 de febrero de 2021, pese a que estaba de vacaciones. Por ello, el juez superior Hernán Layme ratificó la suspensión en funciones de cuatro meses en su contra. FALTAS MUY GRAVES Se consideró que Chevarría incurrió en falta muy grave por incumplimiento de su deber; y la secretaría falta muy grave. Pero no pudo aumentarse la sanción por el principio de  prohibición de Reforma en Peor . Sofía Guerra ya fue suspendida en funciones mientras Guido Chevarría fue separado por recibir favores de partes procesales en otros hechos escandalosos.  Comentarios de Facebook También te puede interesar Arequipa: Tragedia en Arequipa: bus interprovincial cae a un abismo y deja 37 muertos y 14 heridos Una nueva tragedia enluta las carreteras del sur",2025-11-16T22:38:52.363631,2025-11-16T22:38:52.572522,2025-11-16T22:38:52.572525,Sin Fronteras,10786,"https://diariosinfronteras.com.pe/wp-content/uploads/2025/10/abridora-1-660x330.jpg, https://diariosinfronteras.com.pe/wp-content/uploads/2020/06/dxt-nav.png",559,"El juez del Tercer Juzgado Civil de Puno, Guido Chevarría Tisnado, y la secretaria judicial, Sofía Guerra Cabrera, fueron sancionados en última instancia por la Autoridad Nacional del Control (ANC). Ambos fueron suspendidos en funciones por cuatro meses a consecuencia de ejecutar de manera ilegal la sentencia 486-2017.",,Puno: La maldición de Calmet cae a juez y su secretaria,https://diariosinfronteras.com.pe/2025/10/13/puno-la-maldicion-de-calmet-cae-a-juez-y-su-secretaria/
Desconocido,1263,General,"Inicio NACIONAL Proceso judicial contra expresidente Pedro Castillo entra en su fase decisiva Proceso judicial contra expresidente Pedro Castillo entra en su fase decisiva Por Diario Sin Fronteras - 2 días atrás - En NACIONAL 188 El proceso judicial contra el expresidente Pedro Castillo entra en su fase decisiva con los alegatos de clausura en el juicio oral por el fallido golpe de Estado de diciembre de 2022, con la participación del exmandatario y sus exministros Willy Huerta y Aníbal Torres. El abogado defensor presenta sus argumentos finales ante el tribunal especial, buscando refutar los cargos por rebelión y conspiración que se le imputan al exgobernante. La Fiscalía mantiene su pedido de 34 años de prisión contra Castillo, quien cuenta con un abogado público designado luego de negarse a tener defensa particular. La sesión marca el punto culminante de una investigación que incluye testimonios clave y evidencias sobre los acontecimientos del 7 de diciembre, cuando Castillo anunció medidas que provocaron su inmediata vacancia y detención. Comentarios de Facebook También te puede interesar Puno: Intervienen al director de Energía y Minas por presunto uso indebido de camioneta en reunión privada El director regional de Energía y Minas, Edwin",2025-11-16T22:38:52.363631,2025-11-16T22:38:52.571948,2025-11-16T22:38:52.571950,Sin Fronteras,10785,"https://diariosinfronteras.com.pe/wp-content/uploads/2025/11/proceso_judicial_castillo_fase_decisiva-800x450-1-660x330.jpg, https://diariosinfronteras.com.pe/wp-content/uploads/2020/06/dxt-nav.png",197,,,Proceso judicial contra expresidente Pedro Castillo entra en su fase decisiva,https://diariosinfronteras.com.pe/2025/11/14/proceso-judicial-contra-expresidente-pedro-castillo-entra-en-su-fase-decisiva/
Desconocido,1129,General,"Inicio PUNO Puno: Mujer fallece tras caer del tercer piso en residencial Los Pinos Puno: Mujer fallece tras caer del tercer piso en residencial Los Pinos Por Diario Sin Fronteras - 14 agosto, 2025 - En PUNO 952 Una mujer de 27 años perdió la vida la noche del miércoles 13 de agosto tras caer del tercer piso de una vivienda en la Residencial Los Pinos II Etapa, en la salida Puno Juliaca. El hecho ocurrió alrededor de las 11:30 p.m., en el inmueble ubicado en la manzana L, lote 04. La víctima, identificada como Soledad Mamani Callo, sufrió un fuerte golpe en la cabeza que le provocó la muerte inmediata. Según sus familiares, horas antes había solicitado dinero para salir a beber y, tras la negativa, permaneció en uno de los pisos superiores. Las primeras hipótesis apuntan a que problemas familiares habrían motivado su caída. Personal de emergencia llegó al lugar, pero constató que ya no presentaba signos vitales. Comentarios de Facebook También te puede interesar Puno: Intervienen al director de Energía y Minas por presunto uso indebido de camioneta en reunión privada El director regional de Energía y Minas, Edwin",2025-11-16T22:38:52.363631,2025-11-16T22:38:52.571460,2025-11-16T22:38:52.571463,Sin Fronteras,10784,"https://diariosinfronteras.com.pe/wp-content/uploads/2025/08/IMG_20250814_084157_800_x_533_pixel-660x330.jpg, https://diariosinfronteras.com.pe/wp-content/uploads/2020/06/dxt-nav.png",192,,,Puno: Mujer fallece tras caer del tercer piso en residencial Los Pinos,https://diariosinfronteras.com.pe/2025/08/14/puno-mujer-fallece-tras-caer-del-tercer-piso-en-residencial-los-pinos/
Desconocido,2349,General,"Inicio PUNO Puno:  Proceso de admisión 2025 en UANCV? Puno:  Proceso de admisión 2025 en UANCV? Por Redacción Diario Sin Fronteras - 31 enero, 2025 - En PUNO 3497  Proceso de admisión 2025 en UANCV? Una medida cautelar del Poder Judicial ordenó dejar sin efecto cuatro resoluciones de la Superintendencia Nacional de Educación Superior Universitaria (Sunedu), entre ellas las que denegó el licenciamiento de la Universidad Andina Néstor Cáceres Velásquez (UANCV) y dispuso  se ordene a la Sunedu la continuación de la prestación del servicio educativo, así como el ingreso de nuevos estudiantes . En la víspera el 13  Juzgado Permanente Contencioso Administrativo de Lima, concedió esta demanda y anuló los efectos de la Resolución de Consejo Directivo 34-2020-SUNEDU CD del 4 de marzo de 2020, la cual obligaba a su cierre. LA SENTENCIA El fallo también ordena se ejecute en forma anticipada el extremo de la sentencia estimatoria dictada en primera instancia, el 16 de diciembre de 2024. Como se recuerda, esta ordenó a la Sunedu que retrotraiga el procedimiento de licenciamiento de la UANCV hasta la etapa que deberá de emitir una resolución administrativa que complemente a la Resolución del Consejo Directivo 024-2029-SUNEDU CD  y  se disponga la continuación del Procedimiento de Licenciamiento de la UANCV   En tanto, se dispuso  la continuación de la prestación del servicio educativo, así como el ingreso de nuevos estudiantes . PROCESO DE ADMISIÓN Al respecto, el vicerrector académico, Mhilton Quispe, ya había anticipado que una vez que esa medida cautelar se consienta, la UANCV lanzará un nuevo Proceso de Admisión 2025, en siete carreras universitarias y este podría ser en marzo. Cabe precisar que la medida cautelar fue una de las últimas gestiones del exrector, Juan Benítez Noriega, y fue presentada el 10 de enero del presente año y modificado con los escritos presentados el 24 y 25 del presente mes por el actual rector, Félix Ochatoma Paravicino. Se recurrió a esta vía en vista que la Sunedu apeló la sentencia dictada el 16 de diciembre. Una vez que se resuelva en última instancia, dicha medida cautelar pierde sus efectos. Comentarios de Facebook También te puede interesar Arequipa: Tragedia en Arequipa: bus interprovincial cae a un abismo y deja 37 muertos y 14 heridos Una nueva tragedia enluta las carreteras del sur",2025-11-16T22:38:52.363631,2025-11-16T22:38:52.571039,2025-11-16T22:38:52.571041,Sin Fronteras,10783,"https://diariosinfronteras.com.pe/wp-content/uploads/2025/01/abridroaaa-660x330.jpg, https://diariosinfronteras.com.pe/wp-content/uploads/2020/06/dxt-nav.png",380,"Una medida cautelar del Poder Judicial ordenó dejar sin efecto cuatro resoluciones de la Superintendencia Nacional de Educación Superior Universitaria (Sunedu), entre ellas las que denegó el licenciamiento de la Universidad Andina Néstor Cáceres Velásquez (UANCV) y dispuso  se ordene a la Sunedu la continuación de la prestación del servicio educativo, así como el ingreso de nuevos estudiantes .",,Puno:  Proceso de admisión 2025 en UANCV?,https://diariosinfronteras.com.pe/2025/01/31/puno-proceso-de-admision-2025-en-uancv/
Desconocido,1692,General,"Inicio AREQUIPA Arequipa: Denuncian a docente por trato inapropiado a menores Arequipa: Denuncian a docente por trato inapropiado a menores Por Diario Sin Fronteras - 31 mayo, 2025 - En AREQUIPA 731 La denuncia formal ya fue presentada ante la comisaría de Independencia. Seis padres de familia del colegio privado Andenes de Chilina, ubicado en el distrito de Alto Selva Alegre, denunciaron a la docente Isabel Quispe T. por presunto maltrato físico y psicológico en contra de niños de tres años del nivel inicial. Según el testimonio de los padres, la profesora habría atado a los menores con cinta adhesiva a sus sillas, sujetándolos de la cintura y los pies y cubriéndoles la boca. Estos hechos habrían ocurrido desde marzo. La alerta se activó cuando una madre notó el rechazo inusual de su hijo hacia la cinta adhesiva. Al dialogar con otros padres, surgieron relatos coincidentes que llevaron a una reunión con la docente implicada. Aunque esta negó los señalamientos, la auxiliar del aula, Carol Minaya, según los padres, confirmó las agresiones. De acuerdo con su testimonio, Isabel Quispe impedía a los menores ir al baño, los intimidaba golpeando la mesa con libros y justificaba sus acciones alegando estar  estresada  por el comportamiento de los alumnos. Los padres también cuestionan la actitud de la psicóloga de dicho colegio, Brenda Oviedo, quien al parecer habría presenciado al menos un episodio de maltrato sin tomar acción, pese a que luego negó conocer los hechos. Comentarios de Facebook También te puede interesar Puno: Intervienen al director de Energía y Minas por presunto uso indebido de camioneta en reunión privada El director regional de Energía y Minas, Edwin",2025-11-16T22:38:52.363631,2025-11-16T22:38:52.570553,2025-11-16T22:38:52.570555,Sin Fronteras,10782,"https://diariosinfronteras.com.pe/wp-content/uploads/2025/05/a-41-660x330.jpeg, https://diariosinfronteras.com.pe/wp-content/uploads/2020/06/dxt-nav.png",274,,,Arequipa: Denuncian a docente por trato inapropiado a menores,https://diariosinfronteras.com.pe/2025/05/31/arequipa-denuncian-a-docente-por-trato-inapropiado-a-menores/
Desconocido,1201,General,"Inicio PUNO Puno: Darán charlas sobre el servicio de Secundaria con Formación Técnicas en Ilave Puno: Darán charlas sobre el servicio de Secundaria con Formación Técnicas en Ilave Por Diario Sin Fronteras - 25 agosto, 2024 - En PUNO 701 Puno: Darán charlas sobre el servicio de Secundaria con Formación Técnicas en Ilave El 28 y 29 de agosto, el Ministerio de Educación (Minedu) realizará charlas sobre los beneficios y alcances del servicio educativo Secundaria con Formación Técnica en la feria en El Collao, en Ilave. En la actividad se mostrarán las experiencias pedagógicas que han contribuido con el desarrollo de competencias técnicas. Además, el personal brindará asistencia sobre la elaboración de expedientes técnicos para proyectos de infraestructura educativa. Los docentes también podrán participar de talleres sobre la inteligencia artificial en la educación. El Programa Nacional de Becas y Crédito Educativo también estará presente en la feria para dar a conocer los requisitos y beneficios de cada una de las becas. Comentarios de Facebook También te puede interesar Cientos de jóvenes puneños rinden examen de preselección para Beca 18 Aspirantes de toda la región participaron en la",2025-11-16T22:38:52.363631,2025-11-16T22:38:52.569730,2025-11-16T22:38:52.569732,Sin Fronteras,10781,"https://diariosinfronteras.com.pe/wp-content/uploads/2024/08/001094516M-500x330.jpg, https://diariosinfronteras.com.pe/wp-content/uploads/2020/06/dxt-nav.png",187,"El 28 y 29 de agosto, el Ministerio de Educación (Minedu) realizará charlas sobre los beneficios y alcances del servicio educativo Secundaria con Formación Técnica en la feria en El Collao, en Ilave.",,Puno: Darán charlas sobre el servicio de Secundaria con Formación Técnicas en Ilave,https://diariosinfronteras.com.pe/2024/08/25/puno-daran-charlas-sobre-el-servicio-de-secundaria-con-formacion-tecnicas-en-ilave/
Desconocido,1471,General,"Inicio PUNO Puno: Intervienen camión con cemento de contrabando valorizado en S  180 mil Puno: Intervienen camión con cemento de contrabando valorizado en S  180 mil Por Diario Sin Fronteras - 24 mayo, 2025 - En PUNO 1235 Un operativo de la Región Policial Puno, a través de la DIVINCRI y DEPINCRI Juliaca, terminó con la intervención de un camión que transportaba 500 bolsas de cemento de origen boliviano sin documentación legal. El vehículo, de placa V5V-800 y marca Volvo, fue intervenido el 23 de mayo en el distrito de Huancané. Su conductor, Ernesto Pilco Calvara (36), no presentó sustento legal para el ingreso del producto al país. Según la PNP, la carga incautada está valorizada en aproximadamente S  30,000, y el camión, considerado medio de transporte para el delito, en S  150,000, sumando un total de S  180,000. La intervención fue reportada al fiscal adjunto Felipe Sánchez Angles, de la Fiscalía Especializada en Delitos Aduaneros, quien dispuso continuar con las diligencias. El conteo y verificación de la mercancía se realizó en el cuartel de San Román, en Huancané, por razones de seguridad. Pilco Calvara permanece detenido por el presunto delito de contrabando, al superar la carga las 4 UIT que establece la ley para configurar este delito. Comentarios de Facebook También te puede interesar Puno: Intervienen al director de Energía y Minas por presunto uso indebido de camioneta en reunión privada El director regional de Energía y Minas, Edwin",2025-11-16T22:38:52.363631,2025-11-16T22:38:52.568898,2025-11-16T22:38:52.568901,Sin Fronteras,10780,"https://diariosinfronteras.com.pe/wp-content/uploads/2025/05/IMG_20250524_192422_800_x_533_pixel-660x330.jpg, https://diariosinfronteras.com.pe/wp-content/uploads/2020/06/dxt-nav.png",240,,,Puno: Intervienen camión con cemento de contrabando valorizado en S  180 mil,https://diariosinfronteras.com.pe/2025/05/24/puno-intervienen-camion-con-cemento-de-contrabando-valorizado-en-s-180-mil/
Desconocido,2023,General,"Inicio TACNA Juez ordena inicio de juicio en contra de alcalde Medina Juez ordena inicio de juicio en contra de alcalde Medina Por Diario Sin Fronteras - 22 marzo, 2022 - En TACNA 1818 Alcalde Julio Medina y Marco Nolasco se sentarán en el banquillo de los acusados. El pasado febrero culminó la audiencia de control de acusación tras la que el juez Yuri Maquera Rivera, titular del Cuarto Juzgado de Investigación Preparatoria de Tacna, dispuso el inicio de juicio oral en contra del alcalde provincial Julio Daniel Medina Castro como presunto autor de delito de nombramiento indebido para cargo público y Marco Antonio Nolasco Mamani como presunto autor del delito de aceptación indebida de cargo público en agravio de la Municipalidad Provincial de Tacna (MPT). Asimismo, el magistrado declaró infundado el pedido de archivo formulado por los abogados de los acusados. El inicio de juicio oral se dispone cuando se cumplen los requisitos establecidos en los artículos 351 y 352 del Código Procesal Penal al existir una relación jurídica procesal válida y por ende se exige un pronunciamiento sobre el fondo del asunto. Como se recuerda, el Ministerio Público solicitó para los acusados Julio Daniel Medina Castro y Marco Antonio Nolasco Mamani una pena de ochenta días multa. Asimismo, pide una reparación civil de 40 mil soles por daño emergente, correspondiendo el pago de 20 mil soles a cada uno de los imputados a favor de la comuna. Según la resolución judicial, se ha incluido la declaración del testigo Tony Machaca López, quien puso en conocimiento la noticia criminal cuando se desempeñaba como decano del Colegio de Periodistas en Tacna en el 2019 al observar el incumplimiento de la ley 24898. En los próximos días se espera que el Juzgado Penal Unipersonal de la Corte Superior de Justicia de Tacna señale fecha y hora para iniciar el juicio oral. Comentarios de Facebook También te puede interesar CD Moquegua asciende a Liga1 tras vencer 3-2 a César Vallejo CD Moquegua volvió a Primera División después de",2025-11-16T22:38:52.363631,2025-11-16T22:38:52.567470,2025-11-16T22:38:52.567474,Sin Fronteras,10779,"https://diariosinfronteras.com.pe/wp-content/uploads/2022/03/5-AA.jpg, https://diariosinfronteras.com.pe/wp-content/uploads/2020/06/dxt-nav.png",336,,,Juez ordena inicio de juicio en contra de alcalde Medina,https://diariosinfronteras.com.pe/2022/03/22/juez-ordena-inicio-de-juicio-en-contra-de-alcalde-medina/
Desconocido,1448,General,"Inicio DEPORTES Copa Perú: Nacional de Mollendo vence a Unión Soratira y pasa a octavos de final Copa Perú: Nacional de Mollendo vence a Unión Soratira y pasa a octavos de final Por Diario Sin Fronteras - 24 noviembre, 2024 - En DEPORTES 1193 Copa Perú: Nacional de Mollendo vence a Unión Soratira y pasa a octavos de final Nacional FBC Luego de ganar 1-0 el partido de vuelta por los 16avos de final de la Copa Perú, el Nacional Futbol Club Mollendo se impuso ante Unión Soratira de Azángaro (Puno) con 4-3 en la tanda de penales y clasificó a los octavos de final. Desde el inicio, los mollendinos mostraron dominio del juego que se jugó en el Estadio Monumental de la Universidad Nacional de San Agustín (Arequipa) y en el minuto 30, Wilson Vizconde anotó el gol de la victoria. Quienes anotaron los goles en los penales para Nacional fueron Luis Pastor,Gustavo Torres, Valdivia, Bryan Castillo. Los tres tantos de Unión Soratira fueron gracias a Joffre Vásquez, Diego Angles yJean Paul Mercado. Copa Perú: Nacional de Mollendo vence a Unión Soratira y pasa a octavos de final Nacional FBC Copa Perú: Nacional de Mollendo vence a Unión Soratira y pasa a octavos de final Nacional FBC Copa Perú: Nacional de Mollendo vence a Unión Soratira y pasa a octavos de final NacionalFBC Comentarios de Facebook También te puede interesar Cientos de jóvenes puneños rinden examen de preselección para Beca 18 Aspirantes de toda la región participaron en la",2025-11-16T22:38:52.363631,2025-11-16T22:38:52.565481,2025-11-16T22:38:52.565483,Sin Fronteras,10778,"https://diariosinfronteras.com.pe/wp-content/uploads/2024/11/Nacional-Futbol-Club-de-Mollendo222.jpg, https://diariosinfronteras.com.pe/wp-content/uploads/2024/11/nacional-3-500x333.jpg",250,"Luego de ganar 1-0 el partido de vuelta por los 16avos de final de la Copa Perú, el Nacional Futbol Club Mollendo se impuso ante Unión Soratira de Azángaro (Puno) con 4-3 en la tanda de penales y clasificó a los octavos de final.",,Copa Perú: Nacional de Mollendo vence a Unión Soratira y pasa a octavos de final,https://diariosinfronteras.com.pe/2024/11/24/copa-peru-nacional-de-mollendo-vence-a-union-soratira-y-pasa-a-octavos-de-final/
Desconocido,1656,General,"Inicio NACIONAL Deslizamiento de lodo y piedras deja 13 personas damnificados y otras 7 afectadas  VIDEO  Deslizamiento de lodo y piedras deja 13 personas damnificados y otras 7 afectadas  VIDEO  Por Diario Sin Fronteras - 8 noviembre, 2024 - En NACIONAL 970 Las intensas lluvias registradas la tarde de ayer en Pataz, región La Libertad generaron deslizamiento de lodo y piedras que dejó 13 personas damnificadas y tras siete afectadas, luego que el huaico afectara dos viviendas y destruyera otra, según información del Centro de Operaciones de Emergencia Regional (Coer). El hecho tuvo lugar en Pueblo Nuevo, en la quebrada Río Francés del distrito Pataz. El huaico también afectó una parte del talud de la carretera Zarumilla-Ll125, vehículos quedaron varados y un camión habría quedado atrapado. Mientras que los pobladores se quedaron sin energía eléctrica. Se supo que al lugar llegó el personal de Defensa Civil para evaluar las afectaciones y atender la emergencia. En otro momento, el Coer dio a conocer que el derrumbe de un cerro afectó parte de la red nacional PE 12ª en el tramo Sihuas   Puente Mamahuaje del sector San Pedro Comaru, distrito de Huancaspata de la misma provincia. La vía pudo ser rehabilitada gracias al apoyo del municipio local. Cabe precisar que el Senamhi informó que desde hoy hasta el 10 de noviembre se registrarían lluvias de ligera intensidad en Pataz y Bolívar. https:  diariosinfronteras.com.pe wp-content uploads 2024 11 2024-11-08-11-44-09.mp4 Comentarios de Facebook También te puede interesar Cientos de jóvenes puneños rinden examen de preselección para Beca 18 Aspirantes de toda la región participaron en la",2025-11-16T22:38:52.363631,2025-11-16T22:38:52.565160,2025-11-16T22:38:52.565163,Sin Fronteras,10777,"https://diariosinfronteras.com.pe/wp-content/uploads/2020/06/dxt-nav.png, https://diariosinfronteras.com.pe/wp-content/uploads/2020/06/masalla.jpg",262,"Las intensas lluvias registradas la tarde de ayer en La Libertad generaron deslizamiento de lodo y piedras que dejó 13 personas damnificadas y tras siete afectadas, luego que el huaico afectara dos viviendas y destruyera otra, según información del Centro de Operaciones de Emergencia Regional (Coer).",,Deslizamiento de lodo y piedras deja 13 personas damnificados y otras 7 afectadas  VIDEO,https://diariosinfronteras.com.pe/2024/11/08/deslizamiento-de-lodo-y-piedras-deja-13-personas-damnificados-y-otras-7-afectadas-video/
Desconocido,1476,General,"Inicio PUNO Puno: Madre busca a su hijo desaparecido Puno: Madre busca a su hijo desaparecido Por Redacción Diario Sin Fronteras - 9 septiembre, 2025 - En PUNO 701 niño Entre lágrimas, la madre de familia Sonia Mamani Machaca pidió a las autoridades que continúen investigando las extrañas circunstancias en las que habría desaparecido su hijo, Junior Facundo Pancca Mamani (21), estudiante de la carrera profesional de Ingeniería Mecánica de la Universidad Nacional del Altiplano (UNA) Puno y profesional del Instituto Superior Tecnológico José Antonio Encinas (JAE). La acongojada mujer señaló que su hijo fue visto por última vez el lunes 25 de agosto cuando libaba licor en una tienda en compañía de dos amigos quienes responderían a los nombres de Washington y Daygor. DESIDIA POLICIAL Según se conoció, la PNP no recabó los videos del local donde el joven universitario estuvo libando licor y tampoco se realizó el trabajo de georreferenciación a su teléfono celular.  La Policía solo nos acompañó a recoger la mochila de una tienda en el cruce de las avenidas Costanera con Floral. Los testigos habrían entrado en contradicciones. Pido al general de la PNP que hagan una adecuada investigación , dijo. El N  de caso 2126-2025, está a cargo del fiscal Juan Monzón Mamani. Comentarios de Facebook También te puede interesar Arequipa: Tragedia en Arequipa: bus interprovincial cae a un abismo y deja 37 muertos y 14 heridos Una nueva tragedia enluta las carreteras del sur",2025-11-16T22:38:52.363631,2025-11-16T22:38:52.564123,2025-11-16T22:38:52.564126,Sin Fronteras,10776,"https://diariosinfronteras.com.pe/wp-content/uploads/2025/09/c6ffec09-d6db-43f0-ae72-ec5c307fd025-346x330.jpg, https://diariosinfronteras.com.pe/wp-content/uploads/2020/06/dxt-nav.png",241,"Entre lágrimas, la madre de familia Sonia Mamani Machaca pidió a las autoridades que continúen investigando las extrañas circunstancias en las que habría desaparecido su hijo, Junior Facundo Pancca Mamani (21), estudiante de la carrera profesional de Ingeniería Mecánica de la Universidad Nacional del Altiplano (UNA) Puno y profesional del Instituto Superior Tecnológico José Antonio Encinas (JAE).",,Puno: Madre busca a su hijo desaparecido,https://diariosinfronteras.com.pe/2025/09/09/puno-madre-busca-a-su-hijo-desaparecido/
Desconocido,2980,General,"Inicio NACIONAL Fuerzas Armadas y policía tendrán aumento de sueldos el 2025 en forma progresiva Fuerzas Armadas y policía tendrán aumento de sueldos el 2025 en forma progresiva Por Redacción Diario Sin Fronteras - 2 diciembre, 2024 - En NACIONAL 689 Fuerzas Armadas y policía tendrán aumento de sueldos el 2025 en forma progresiva La Ley de Presupuesto del Sector Público para el Año Fiscal 2025 considera un incremento de sueldos y un reajuste de pensiones para el personal de las Fuerzas Armadas y la Policía Nacional, informó el Ministerio de Defensa tras destacar que de este modo el Gobierno Nacional cumplió con su compromiso con estos sectores. Explica que la norma referida al presupuesto, aprobada por el Congreso, autoriza al Ministerio de Economía y Finanzas a reajustar, a propuesta de los ministros de Defensa e Interior, el monto que se otorga a los pensionistas del Decreto Ley 19846 y de las cuentas montepío. El incremento salarial y el reajuste de pensiones se realizará de manera progresiva en tres oportunidades en el 2025, en los meses de enero, julio y diciembre. Queda pendiente la gestión y aprobación del último incremento en junio del 2026, señala el Ministerio de Defensa.  Este logro es un compromiso del Gobierno Nacional, expresado por la presidenta de la república en su mensaje a la nación del 28 de julio de este año, y expuesto por el ministro de Defensa durante la sustentación del presupuesto del sector en el Parlamento , precisa el Ministerio de Defensa.. Durante su mensaje a la nación, la mandataria anunció una nueva escala remunerativa de los miembros de las Fuerzas Armadas y Policía Nacional del Perú, tanto en situación de actividad y retiro, lo que busca reducir la brecha salarial existente y proporcionar una compensación justa a todos sus integrantes. Presupuesto para el sector Defensa La Ley de Presupuesto del Sector Público para el Año Fiscal 2025 establece para el sector Defensa un presupuesto que asciende a 8,893.1 millones de soles, 2.8  mayor a lo asignado en el presupuesto inicial del 2024. También se ha aprobado el presupuesto que se destinará a pagos de impuestos, tasas, deudas, subvenciones y recursos del Fondo para Intervenciones ante la Ocurrencia de Desastres Naturales   FONDES. A propuesta del Ministerio de Defensa, se aprobó además la incorporación de otros artículos, como las operaciones de endeudamiento interno para financiar proyectos de adquisición de aviones, en su fase I, e inversiones en la Base Naval del Callao. Este y otros proyectos, están alineados al logro de tres objetivos estratégicos sectoriales: garantizar la soberanía, independencia e integridad territorial; fortalecer la gestión del riesgo de desastres; y fortalecer la contribución del sector en el desarrollo sostenible del país. Comentarios de Facebook También te puede interesar Arequipa: Tragedia en Arequipa: bus interprovincial cae a un abismo y deja 37 muertos y 14 heridos Una nueva tragedia enluta las carreteras del sur",2025-11-16T22:38:52.363631,2025-11-16T22:38:52.563786,2025-11-16T22:38:52.563788,Sin Fronteras,10775,"https://diariosinfronteras.com.pe/wp-content/uploads/2024/12/WhatsApp-Image-2024-12-02-at-10.47.15-606x330.jpeg, https://diariosinfronteras.com.pe/wp-content/uploads/2020/06/dxt-nav.png",480,,,Fuerzas Armadas y policía tendrán aumento de sueldos el 2025 en forma progresiva,https://diariosinfronteras.com.pe/2024/12/02/fuerzas-armadas-y-policia-tendran-aumento-de-sueldos-el-2025-en-forma-progresiva/
Desconocido,1143,General,"Inicio POLICIALES En operativo detienen a animador de Agua Marina por no pagar pensión de alimentos En operativo detienen a animador de Agua Marina por no pagar pensión de alimentos Por Diario Sin Fronteras - 9 enero, 2025 - En POLICIALES 751 En operativo detienen a animador de Agua Marina por no pagar pensión de alimentos La madrugada de este jueves fue detenido el animador de la orquesta Agua Marina, Wilson Ruiz Julca, luego del concierto realizado en El Porvenir, Trujillo, durante un operativo realizado por la Policía Nacional del Perú. Resulta que Ruiz Julca tenía una requisitoria vigente por omisión a la asistencia familiar emitida por el Juzgado Penal Unipersonal de Sechura, Piura. En la intervención, los efectivos del orden también capturaron a Edward Amaya Bendezú y Carlos Vazquez Ávalos, presuntos integrantes de la banda criminal Los Pulpos. El primero estaría involucrado en el caso de secuestro, tortura y mutilación del empresarios Iván Díaz Garrido. Comentarios de Facebook También te puede interesar Cientos de jóvenes puneños rinden examen de preselección para Beca 18 Aspirantes de toda la región participaron en la",2025-11-16T22:38:52.363631,2025-11-16T22:38:52.563330,2025-11-16T22:38:52.563333,Sin Fronteras,10774,"https://diariosinfronteras.com.pe/wp-content/uploads/2025/01/agua-marina-660x330.jpg, https://diariosinfronteras.com.pe/wp-content/uploads/2020/06/dxt-nav.png",182,"La madrugada de este jueves fue detenido el animador de la orquesta Agua Marina, Wilson Ruiz Julca, luego del concierto realizado en El Porvenir, Trujillo, durante un operativo realizado por la Policía Nacional del Perú.",,En operativo detienen a animador de Agua Marina por no pagar pensión de alimentos,https://diariosinfronteras.com.pe/2025/01/09/en-operativo-detienen-a-animador-de-agua-marina-por-no-pagar-pension-de-alimentos/
Desconocido,927,General,"Inicio AREQUIPA Arequipa: Despiden a chofer de bus de la empresa Llamosas Arequipa: Despiden a chofer de bus de la empresa Llamosas Por Diario Sin Fronteras - 1 día atrás - En AREQUIPA 230 Entre lágrimas, familiares y amigos despiden a Marcos Ruelas, conductor del bus de la empresa Llamosas, en la Casa del Adulto Mayor de Socabaya. El varón, de amplia trayectoria y uno de los fundadores de la empresa, murió en el trágico accidente ocurrido la madrugada del miércoles 12 de noviembre en el kilómetro 780 de la Panamericana Sur, que dejó 37 personas fallecidas y 25 heridas. Marcos deja dos hijos menores y será recordado como un hombre responsable y tranquilo. La familia exige justicia por él y por todas las víctimas. Comentarios de Facebook También te puede interesar Puno: Intervienen al director de Energía y Minas por presunto uso indebido de camioneta en reunión privada El director regional de Energía y Minas, Edwin",2025-11-16T22:38:52.363631,2025-11-16T22:38:52.561122,2025-11-16T22:38:52.561124,Sin Fronteras,10773,"https://diariosinfronteras.com.pe/wp-content/uploads/2025/11/C-660x330.jpeg, https://diariosinfronteras.com.pe/wp-content/uploads/2020/06/dxt-nav.png",157,,,Arequipa: Despiden a chofer de bus de la empresa Llamosas,https://diariosinfronteras.com.pe/2025/11/15/arequipa-despiden-a-chofer-de-bus-de-la-empresa-llamosas/
Desconocido,1350,General,"Inicio PUNO Puno: Choque de miniván y automóvil en Yunguyo Puno: Choque de miniván y automóvil en Yunguyo Por Redacción Diario Sin Fronteras - 15 agosto, 2025 - En PUNO 660 Choque de miniván y automóvil en Yunguyo Un accidente de tránsito registrado la tarde de ayer en la avenida Micaela Bastidas movilizó a personal de Serenazgo y a la Policía Nacional, luego de que dos vehículos colisionaran dejando daños materiales. El hecho ocurrió alrededor de las 16:10 horas, cuando un llamado a la central de seguridad ciudadana alertó sobre el siniestro. Al llegar al lugar, los agentes encontraron a dos hombres discutiendo, por lo que procedieron a separarlos. Uno de ellos, identificado como Santiago V. J., denunció ser el agraviado y señaló que su vehículo, una miniván blanca marca Shine Land, modelo XMQ6520, placa X6F-720, estaba estacionada cuando fue impactado por el automóvil Toyota Corolla rojo, propiedad de S. P. y conducido por José Ch. P. Durante la intervención, los serenos observaron botellas de cerveza en el interior del vehículo Toyota, por lo que se dio aviso a la comisaría de Yunguyo, quienes iniciaron con las diligencias de Ley. Comentarios de Facebook También te puede interesar Arequipa: Tragedia en Arequipa: bus interprovincial cae a un abismo y deja 37 muertos y 14 heridos Una nueva tragedia enluta las carreteras del sur",2025-11-16T22:38:52.363631,2025-11-16T22:38:52.560621,2025-11-16T22:38:52.560624,Sin Fronteras,10772,"https://diariosinfronteras.com.pe/wp-content/uploads/2025/08/Choque-de-minivan-y-automovil-en-Yunguyo-660x330.jpg, https://diariosinfronteras.com.pe/wp-content/uploads/2020/06/dxt-nav.png",222,"Un accidente de tránsito registrado la tarde de ayer en la avenida Micaela Bastidas movilizó a personal de Serenazgo y a la Policía Nacional, luego de que dos vehículos colisionaran dejando daños materiales.",,Puno: Choque de miniván y automóvil en Yunguyo,https://diariosinfronteras.com.pe/2025/08/15/puno-choque-de-minivan-y-automovil-en-yunguyo/
Desconocido,2256,General,"Inicio PUNO Sugieren revisión de actos judiciales a favor de Calmet Sugieren revisión de actos judiciales a favor de Calmet Por Diario Sin Fronteras - 3 marzo, 2021 - En PUNO 723 Toma de terrenos generó una ola de rechazo.  Puno. El político Richard Hancco acotó que es posible anular una sentencia que ya haya sido consentida cuando esta haya tenido algún vicio o defecto. Agregó que por esa razón sería bueno revisar los actuados judiciales que favorecen al ciudadano Enrique Calmet respecto a la propiedad de los terrenos que, por ahora, permanecen en posesión de los vecinos del barrio Huáscar. Explicó que hay casos en los que se ha llevado una sentencia en primera instancia al mismo Tribunal Constitucional y se logró anular. Sin embargo, recalcó que, para ejecutar una acción de esa naturaleza sería necesario revisar a fondo la sentencia y otros actuados judiciales sobre la propiedad de los terrenos del colegio Huáscar. OBLIGADOS Por su parte, el alcalde de Puno, Martín Ticona, informó que dirigentes de organizaciones sociales están pidiendo el apoyo legal al municipio para gestar la defensa de la propiedad en cuestión. Al respecto, el político Richard Hancco opinó que el Gobierno Regional debe dejar de dar comunicados sin efecto para empezar a buscar la forma de objetar le sentencia a favor de Calmet. De acuerdo a lo informado por el alcalde de Puno, este fin de semana habrá una reunión entre dirigentes, vecinos y representantes del municipio para la defensa y recuperación plena de los terrenos pretendidos por el polémico empresario inmobiliario. En tanto, la mañana de ayer, con ayuda de maquinaria pesada, un grupo de operadores abrieron un acceso a los terrenos. Se informó que esta acción vendría de aparte de los vecinos. ABSURDOS Una investigación periodística reveló que una de las sentencias, la del año 2017, que favorece a Enrique Calmet, no fue apelada por funcionarios del Gobierno Regional y que hubo documentos internos que ataban de manos a la Procuraduría. Todo esto en el periodo de Juan Luque y cuando su director de Educación era David Cornejo. Comentarios de Facebook También te puede interesar Cientos de jóvenes puneños rinden examen de preselección para Beca 18 Aspirantes de toda la región participaron en la",2025-11-16T22:38:52.363631,2025-11-16T22:38:52.559553,2025-11-16T22:38:52.559556,Sin Fronteras,10771,"https://diariosinfronteras.com.pe/wp-content/uploads/2021/03/ABRIDORA-4.jpg, https://diariosinfronteras.com.pe/wp-content/uploads/2020/06/dxt-nav.png",372,,,Sugieren revisión de actos judiciales a favor de Calmet,https://diariosinfronteras.com.pe/2021/03/03/sugieren-revision-de-actos-judiciales-a-favor-de-calmet/
Desconocido,1630,General,"Inicio NACIONAL Proponen revisar mochilas a los estudiantes para garantizar su seguridad Proponen revisar mochilas a los estudiantes para garantizar su seguridad Por Diario Sin Fronteras - 23 febrero, 2025 - En NACIONAL 750 Se quiere evitar que alumnos lleven objetos peligrosos. Un proyecto de ley que faculta a las instituciones educativas a revisar las mochilas de los estudiantes a fin de garantizar la integridad y seguridad de los miembros de la comunidad educativa, presentó la congresista Nieves Limachi Quispe, de la bancada Cambio Democrático-Juntos por el Perú. Para ello, el proyecto de ley 10302 2024 CR establece que las instituciones educativas podrán revisar las mochilas de los escolares cuando se haya identificado posible riesgo para la seguridad y para prevenir el ingreso de objetos peligrosos o sustancias prohibidas. La legisladora propone modificar los artículos 3 y 68 de la Ley General de Educación para establecer que el Estado garantiza el ejercicio a una educación integral de calidad y en condiciones seguridad y tiene la función de propiar un ambiente favorable y seguro para el desarrollo de los estudiantes. Precisa que el incremento de la inseguridad ciudadana se ha visto reflejado en las instituciones educativas, a través del ingreso de armas de fuego y drogas por parte de los estudiantes, algunos de los cuales tuvieron consecuencias fatales, como informaron los medios de comunicación. Comentarios de Facebook También te puede interesar Puno: Intervienen al director de Energía y Minas por presunto uso indebido de camioneta en reunión privada El director regional de Energía y Minas, Edwin",2025-11-16T22:38:52.363631,2025-11-16T22:38:52.558846,2025-11-16T22:38:52.558848,Sin Fronteras,10770,"https://diariosinfronteras.com.pe/wp-content/uploads/2025/02/000653084W-1-660x330.jpg, https://diariosinfronteras.com.pe/wp-content/uploads/2020/06/dxt-nav.png",255,"Un proyecto de ley que faculta a las instituciones educativas a revisar las mochilas de los estudiantes a fin de garantizar la integridad y seguridad de los miembros de la comunidad educativa, presentó la congresista Nieves Limachi Quispe, de la bancada Cambio Democrático-Juntos por el Perú.",,Proponen revisar mochilas a los estudiantes para garantizar su seguridad,https://diariosinfronteras.com.pe/2025/02/23/proponen-revisar-mochilas-a-los-estudiantes-para-garantizar-su-seguridad/
Desconocido,1262,General,"Inicio NACIONAL Población exige justicia por muerte de joven baleado por un policía vestido de civil Población exige justicia por muerte de joven baleado por un policía vestido de civil Por Diario Sin Fronteras - 10 enero, 2025 - En NACIONAL 593 Población exige justicia por muerte de joven baleado por un policía vestido de civil Exitosa La Libertad. Los vecinos de El Porvenir, Trujillo, atacaron la vivienda del policía Ricardo Jiménez, quien, vestido de civil, disparó en la cabeza a Andrés Cueva Collantes el pasado 6 de enero cuando discutían en la calle. La víctima no resistió la herida y falleció la noche de ayer. Luego de lo sucedido, el suboficial quedó prófugo de la justicia, mientras que Cueva Collantes luchó por su vida en el Hospital Regional Docente de Trujillo. La noticia sobre la muerte de la víctima generó malestar en la población que, al llegar a la vivienda del agresor, rompió las lunas de las ventanas. La policía llegó hasta el lugar para retirar a los ciudadanos. Desde la Policía, se dio a conocer que el efectivo será dado de baja y seguirá un proceso judicial. Comentarios de Facebook También te puede interesar Cientos de jóvenes puneños rinden examen de preselección para Beca 18 Aspirantes de toda la región participaron en la",2025-11-16T22:38:52.363631,2025-11-16T22:38:52.557591,2025-11-16T22:38:52.557594,Sin Fronteras,10769,"https://diariosinfronteras.com.pe/wp-content/uploads/2025/01/xitosa-baleado-660x330.jpg, https://diariosinfronteras.com.pe/wp-content/uploads/2020/06/dxt-nav.png",215,"La Libertad. Los vecinos de El Porvenir, Trujillo, atacaron la vivienda del policía Ricardo Jiménez, quien, vestido de civil, disparó en la cabeza a Andrés Cueva Collantes el pasado 6 de enero cuando discutían en la calle. La víctima no resistió la herida y falleció la noche de ayer.",,Población exige justicia por muerte de joven baleado por un policía vestido de civil,https://diariosinfronteras.com.pe/2025/01/10/poblacion-exige-justicia-por-muerte-de-joven-baleado-por-un-policia-vestido-de-civil/
Desconocido,2420,General,"Inicio POLITICA Martín Vizcarra reafirma su intención de ser el próximo presidente del país Martín Vizcarra reafirma su intención de ser el próximo presidente del país Por Diario Sin Fronteras - 3 julio, 2025 - En POLITICA 830 Martín Vizcarra. Redactado por: Mariajosé Delgado El expresidente Martín Vizcarra reafirmó este miércoles 2 de julio su intención de postular a la presidencia en las elecciones generales de 2026, durante una visita a la ciudad de Tacna. Sin embargo, su candidatura está condicionada a que la Corte Interamericana de Derechos Humanos (CIDH) emita un fallo favorable que anule la inhabilitación política de 10 años que le impuso el Congreso peruano en el contexto del caso  Vacunagate . Vizcarra confía en que dicho pronunciamiento podría producirse en un plazo aproximado de cuatro meses. En caso de que la CIDH no se pronuncie en el plazo esperado, Vizcarra señaló que su partido cuenta con profesionales capacitados que podrían asumir la candidatura, mencionando incluso a su hermano como posible postulante. Respecto a alianzas políticas, descartó cualquier acercamiento con el fujimorismo, argumentando que este grupo político ha influido en la designación de miembros del Tribunal Constitucional, lo que, según él, ha resultado en fallos adversos a sus intereses. Vizcarra afirmó estar en la región por motivos laborales, desempeñándose como ingeniero en un proyecto familiar en Moquegua, por el cual recibe una remuneración mensual de S 10,000 desde abril, viajando una o dos veces al mes. Rechazó las acusaciones de la Fiscalía y calificó de  carentes de fundamento  las imputaciones del fiscal Germán Juárez Atoche. Vizcarra también mencionó que el juicio que enfrenta por presuntos sobornos carece de pruebas sólidas, por lo que confía en un fallo absolutorio. Indicó que la sentencia internacional sería clave para superar restricciones legales que actualmente lo bloquean para participar en elecciones. Su presencia en Tacna, acompañada por simpatizantes, busca transmitir un mensaje de respaldo ciudadano frente a lo que calificó como  persecución política  ejercida por el fujimorismo y otros partidos, con apoyo en instituciones como el Congreso y el Tribunal Constitucional. Comentarios de Facebook También te puede interesar Puno: Intervienen al director de Energía y Minas por presunto uso indebido de camioneta en reunión privada El director regional de Energía y Minas, Edwin",2025-11-16T22:38:52.363631,2025-11-16T22:38:52.555943,2025-11-16T22:38:52.555946,Sin Fronteras,10768,"https://diariosinfronteras.com.pe/wp-content/uploads/2024/09/WhatsApp-Image-2024-09-04-at-5.11.11-PM-660x330.jpeg, https://diariosinfronteras.com.pe/wp-content/uploads/2020/06/dxt-nav.png",372,,,Martín Vizcarra reafirma su intención de ser el próximo presidente del país,https://diariosinfronteras.com.pe/2025/07/03/martin-vizcarra-reafirma-su-intencion-de-ser-el-proximo-presidente-del-pais/
Desconocido,2163,General,"Inicio ESCENARIO Leonardo DiCaprio elogia al Perú por nueva área marina protegida Leonardo DiCaprio elogia al Perú por nueva área marina protegida Por Diario Sin Fronteras - 13 mayo, 2024 - En ESCENARIO 1000 Leonardo DiCaprio es reconocido actor, productor de cine y ambientalista estadounidense. Leonardo DiCaprio, popular actor hollywoodense de Titanic y El lobo de Wall Street, elogió a Perú por establecer una nueva área protegida a favor de las especies marinas que habitan las áreas de pesca dentro del ecosistema norte del país en Piura y Tumbes.  Se ha establecido una nueva área marina protegida en Perú para salvaguardar especies como los pingüinos de Humboldt, las ballenas jorobadas, los tiburones martillo y los caballitos de mar del Pacífico, todo al tiempo que apoyan las prácticas tradicionales de pesca locales , escribió DiCaprio en un post difundido en Instagram el último viernes 10 de mayo. Seguidamente, el también ganador de un Oscar como Mejor actor (con la película El renacido) felicitó al gobierno peruano y al Servicio Nacional de Áreas Naturales Protegidas por el Estado (Sernanp) por la declaración de la Reserva Nacional Mar Tropical de Grau que protege especies marinas.  Felicitamos al gobierno y Sernanp del Perú por la declaración de la Reserva Nacional Mar Tropical de Grau, que protege más de 285 000 hectáreas de ecosistemas marinos de biodiversidad donde se encuentran el frío Humboldt y las cálidas corrientes tropicales , sostuvo el productor estadounidense de 49 años. Asimismo, Leonardo DiCaprio resaltó el esfuerzo de Rewild, su organización para la conservación del medioambiente, junto con otras asociaciones para dicha reserva nacional en el Perú.  Mi organización Rewild está orgullosa de haber apoyado este esfuerzo con su socio Nature Culture International y otros, incluyendo las comunidades locales de la costa de Piura y Tumbes, para designar oficialmente este lugar vital como reserva nacional , expresó. Comentarios de Facebook También te puede interesar Puno: Intervienen al director de Energía y Minas por presunto uso indebido de camioneta en reunión privada El director regional de Energía y Minas, Edwin",2025-11-16T22:38:52.363631,2025-11-16T22:38:52.555174,2025-11-16T22:38:52.555177,Sin Fronteras,10767,"https://diariosinfronteras.com.pe/wp-content/uploads/2024/05/Leonardo-DiCaprio-es-reconocido-actor-productor-de-cine-y-ambientalista-estadounidense-660x330.jpg, https://diariosinfronteras.com.pe/wp-content/uploads/2020/06/dxt-nav.png",339,Leonardo DiCaprio elogia al Perú por nueva área marina protegida,,Leonardo DiCaprio elogia al Perú por nueva área marina protegida,https://diariosinfronteras.com.pe/2024/05/13/leonardo-dicaprio-elogia-al-peru-por-nueva-area-marina-protegida/
Desconocido,5523,General,"Inicio PUNO Puno: Sentencia a la medida de Calmet  Puno: Sentencia a la medida de Calmet  Por Redacción Diario Sin Fronteras - 3 junio, 2025 - En PUNO 2375 Sentencia a la medida de Calmet... Mucho se murmura de las influencias que tendría Enrique Calmet Choque sobre diversos operadores de justicia (jueces, fiscales y secretarias de los despachos). Hoy se puede concluir que así es, tras conocerse una sanción contra magistrados que lo beneficiaron ilegalmente. Se trata de la ejecución de la Sentencia 486-2017, perpetrada el 23 de febrero de 2021, por la secretaria del Tercer Juzgado de Civil de Puno, Sofía Guerra Cabrera, en plena pandemia y con groseras irregularidades. Aquel día, la magistrada junto al polémico Calmet Choque, irrumpieron por la fuerza al Colegio Politécnico Huáscar, con el apoyo de decenas de policías. La acción tuvo el propósito ejecutar el fallo dictado casi cuatro años antes, por el juez Guido Chevarría Tisnado, quien ordenó que se dividiera en dos el terreno del plantel, para que más de 12 mil metros cuadrados pasen a manos de aquel personaje. Han pasado cuatro años y tres meses de aquella diligencia y recién la Oficina Descentralizada de la Autoridad Nacional de Control de Puno (Odancp) emitió una sanción contra el juez y la secretaria judicial. Durante todo este tiempo, se concluyó en primera instancia, que ambos sean sancionados con cuatro meses por incumplimiento de su deber y falta muy grave. EN PANDEMIA Según la Resolución 47-UDSA-ODANC del 05 de mayo de 2025, la diligencia fue completamente irregular. La ejecución de la referida sentencia se ejecutó pese a que estaban suspendidas las labores judiciales por la pandemia de la Covid-19. Aquel entonces estaba vigente el Decreto Supremo N  023-2021, que declaró a Puno en  alerta extrema  y debido a ello el Consejo Ejecutivo de Poder Judicial mediante Resolución Administrativa N  0014-2021-PCEPJ, suspendió las labores presenciales entre 15 y 28 de febrero de 2021. MONITOREO REMOTO Todo parecía estar calculado, pues el juez Guido Chevarría salió de vacaciones, solo seis días: del 22 al 28 de febrero de 2021. Aquellos días, su despacho quedó a cargo de la jueza Martha Irene Aguilar Castillo. USURPARON A JUEZA La secretaria judicial, Sofía Guerra, ejecutó la sentencia sin dar cuenta a la jueza Aguilar Castillo y encima coordinó la diligencia vía celular con Guido Chevarría.  Habría intervenido y o actuado a través de coordinaciones telefónicas en la ejecución de sentencia programado para fecha 23 de febrero de 2021  a sabiendas de estar legalmente impedido , se lee. Prácticamente, tanto el juez como la trabajadora judicial usurparon funciones en favor de Calmet Choque. PLANIFICADO El juez Chevarría Tisnado, mediante resolución N 100, del 1 de diciembre de 2020 autorizó a Sofía Guerra coordinar y ejecutar la sentencia. Y, mediante resolución 104 de fecha 21 de diciembre, dispuso el descerraje de la puerta del colegio para entregar más de 12 mil metros cuadrados a favor de Calmet Choque. Dicha sanción acumulada en 50 páginas, revela de manera detallada y acaso insultante, cómo el juez y su secretaria se zurraron en la ley y las normas. Ambos, con el comisario de Huáscar, alférez PNP Marco Luna Cajas, definieron que la diligencia se iba a ejecutar el 23 de febrero. Las coordinaciones se efectuaron en el local de la Corte Superior de Justicia de Puno (CSJP), pese a que todas las labores judiciales estaban suspendidas. ACTA INDEBIDA Según la resolución de sanción todo fue una pantomima porque los peritos Jorge Fernando Alata Choque y Leyla Chaquilla Quilca, quienes debieron inspeccionar el terreno en cuestión, se fueron de la diligencia. También se consignó al procurador regional, Santiago Molina, faltando a la verdad. Todo estuvo dirigido para ejecutar a la mala un fallo que beneficiaba exclusivamente a Calmet Choque. JUEZA NO AUTORIZÓ Como Chevarría Tisnado salió de vacaciones, quien debió dirigir la diligencia de ejecución de sentencia fue la jueza Martha Irene Aguilar Castillo, pero a esta le hicieron  puente .    dicha diligencia nunca fue autorizada por la suscrita, es más, desconocía de que había sido acordado con el juez Guido Chevarría, las partes y la Policía, pues aquel juez nunca me comentó ni me puso en conocimiento por escrito o verbalmente la existencia de dicha diligencia, justo al día siguiente en que saliera de vacaciones . JUEZA ABSUELTA En la apertura del proceso disciplinario del 21 de agosto de 2021, se imputaron los cargos de gravedad, pidiendo tres meses de suspensión para el juez y la secretaria, y la absolución para la jueza Martha Irene Aguilar Castillo. SANCIONADOS El último 5 de mayo de 2025, el juez contralor de la Unidad Descentralizada de Sanción y Apelación de la ODANC Puno, Reynaldo Luque Mamani, impuso cuatro meses de sanción a los magistrados y retiró los cargos a la jueza. Los sancionados habrían presentado su apelación a dichas sanciones. SE ESCONDE El fin de semana intentamos entrevistar a la secretaria, Sofía Guerra, pero evitó hacerlo. Salió de su despacho y se metió en otro, cerrando la puerta. NO SE DEFIENDE Guido Chevarría no presentó sus descargos durante el procedimiento.  Quizás lo hizo por estrategia, para que lo pasen por agua tibia , dijo un juez superior que considera que la sanción sienta un pésimo precedente. Comentarios de Facebook También te puede interesar Arequipa: Tragedia en Arequipa: bus interprovincial cae a un abismo y deja 37 muertos y 14 heridos Una nueva tragedia enluta las carreteras del sur",2025-11-16T22:38:52.363631,2025-11-16T22:38:52.553774,2025-11-16T22:38:52.553776,Sin Fronteras,10766,"https://diariosinfronteras.com.pe/wp-content/uploads/2025/06/abrdiroaaa-660x330.jpg, https://diariosinfronteras.com.pe/wp-content/uploads/2020/06/dxt-nav.png",903,,,Puno: Sentencia a la medida de Calmet,https://diariosinfronteras.com.pe/2025/06/03/puno-sentencia-a-la-medida-de-calmet/
Desconocido,1963,General,"Inicio AREQUIPA Arequipa: Se esperan ráfagas de viento, neblina y descenso de temperatura Arequipa: Se esperan ráfagas de viento, neblina y descenso de temperatura Por Diario Sin Fronteras - 1 agosto, 2025 - En AREQUIPA 679 El Servicio Nacional de Meteorología e Hidrología del Perú (SENAMHI) informó que, entre el viernes 1 y el domingo 3 de agosto, se registrará un incremento significativo de la velocidad del viento en la costa peruana, con ráfagas de moderada a fuerte intensidad. Según el aviso meteorológico, este fenómeno provocará condiciones de riesgo como el levantamiento de polvo y arena, así como la reducción de la visibilidad horizontal en zonas expuestas. También se prevé cobertura nubosa persistente, presencia de niebla o neblina y lloviznas aisladas durante las noches y mañanas, lo que acentuará la sensación de frío y podría causar un descenso de las temperaturas, principalmente en los distritos cercanos al litoral. SENAMHI estima que los vientos alcanzarían velocidades cercanas a los 32 km h en la costa norte, 34 km h en la costa central, 22 km h en la costa sur, y hasta 35 km h en sectores de Ica, donde el impacto sería más notorio. El nivel de alerta amarillo ha sido activado para varios distritos costeros de las provincias de Camaná, Caravelí e Islay, en la región Arequipa. Ante esta situación, se recomienda a la población tomar precauciones, sobre todo al conducir en zonas de baja visibilidad, y protegerse ante los cambios bruscos de temperatura. Las autoridades locales y sectores vinculados a transporte, salud y educación deben considerar estas condiciones para adoptar medidas preventivas. SENAMHI continuará monitoreando el comportamiento atmosférico e informará oportunamente ante cualquier cambio significativo. Comentarios de Facebook También te puede interesar Puno: Intervienen al director de Energía y Minas por presunto uso indebido de camioneta en reunión privada El director regional de Energía y Minas, Edwin",2025-11-16T22:38:52.363631,2025-11-16T22:38:52.550775,2025-11-16T22:38:52.550777,Sin Fronteras,10765,"https://diariosinfronteras.com.pe/wp-content/uploads/2025/08/IMG_20250801_075547_800_x_533_pixel-660x330.jpg, https://diariosinfronteras.com.pe/wp-content/uploads/2020/06/dxt-nav.png",309,,,"Arequipa: Se esperan ráfagas de viento, neblina y descenso de temperatura",https://diariosinfronteras.com.pe/2025/08/01/arequipa-se-esperan-rafagas-de-viento-neblina-y-descenso-de-temperatura/
Desconocido,1319,General,"Inicio NACIONAL Tragedia en carretera: Choque entre una moto y una combi deja un muerto y 14 heridos Tragedia en carretera: Choque entre una moto y una combi deja un muerto y 14 heridos Por Diario Sin Fronteras - 29 diciembre, 2024 - En NACIONAL 827 Tragedia en carretera: Choque entre una moto y una combi deja un muerto y 14 heridos Un accidente de tránsito registrado en la carretera de penetración a la sierra de La Libertad, en el sector El Arquito, en Shirán, distrito de Poroto de la provincia de Trujillo dejó un fallecido y 14 heridos. La víctima mortal fue identificada como Geiner Moisés Infantes Flores de 29 años, conductor de la motocicleta que impactó frontalmente contra una camioneta rural (combi) de la empresa Dylan, la misma que cayó al abismo. En tanto, los pasajeros de la combi, que se dirigían a Salpo de la provincial de Otuzco y a Carabamba de Julcán, resultaron heridos, por lo que fueron llevados a los establecimientos de salud más cercanos. Se presume que el mal clima, con presencia de lluvia y neblina, pudo haber originado el accidente de tránsito, sin embargo, serán las autoridades que determinen las causas reales. Comentarios de Facebook También te puede interesar Cientos de jóvenes puneños rinden examen de preselección para Beca 18 Aspirantes de toda la región participaron en la",2025-11-16T22:38:52.363631,2025-11-16T22:38:52.550501,2025-11-16T22:38:52.550503,Sin Fronteras,10764,"https://diariosinfronteras.com.pe/wp-content/uploads/2024/12/trujillo-abismo-660x330.jpg, https://diariosinfronteras.com.pe/wp-content/uploads/2020/06/dxt-nav.png",225,"Un accidente de tránsito registrado en la carretera de penetración a la sierra de La Libertad, en el sector El Arquito, en Shirán, distrito de Poroto de la provincia de Trujillo dejó un fallecido y 14 heridos.",,Tragedia en carretera: Choque entre una moto y una combi deja un muerto y 14 heridos,https://diariosinfronteras.com.pe/2024/12/29/tragedia-en-carretera-choque-entre-una-moto-y-una-combi-deja-un-muerto-y-14-heridos/
Desconocido,1624,General,"Inicio POLITICA Dina Boluarte responde críticas por aumento de sueldo:  Les gusta hablar con mentiras  Dina Boluarte responde críticas por aumento de sueldo:  Les gusta hablar con mentiras  Por Diario Sin Fronteras - 5 julio, 2025 - En POLITICA 709 Dina Boluarte:  El 28 de julio de 2026 entregaremos la posta al próximo presidente y diremos misión cumplida  En su primera aparición pública tras la controversia por el aumento de su sueldo, la presidenta Dina Boluarte ofreció un enérgico discurso durante la inauguración de la Plaza Segunda Jerusalem, en la región San Martín. La mandataria defendió los avances de su gobierno en materia de empleo y economía, y arremetió contra sus detractores, a quienes calificó de  miopes y sordos .  Los números están ahí para quienes solo critican , sentenció Boluarte, subrayando que más de 77 mil empleos temporales han sido creados durante su gestión. La jefa de Estado reafirmó su compromiso con la generación de trabajo formal y sostenible, y destacó la reducción de la inflación como una muestra de la solidez económica del país. En su pronunciamiento, también rechazó las críticas a su estilo de liderazgo.  No tenemos rabo de paja , dijo. Sobre el polémico aumento de su remuneración a más de 35 mil soles mensuales, oficializado mediante decreto supremo, la presidenta evitó mencionar cifras, pero defendió la decisión como parte de una política de equidad y resultados. Comentarios de Facebook También te puede interesar Puno: Intervienen al director de Energía y Minas por presunto uso indebido de camioneta en reunión privada El director regional de Energía y Minas, Edwin",2025-11-16T22:38:52.363631,2025-11-16T22:38:52.549893,2025-11-16T22:38:52.549896,Sin Fronteras,10763,"https://diariosinfronteras.com.pe/wp-content/uploads/2025/04/WhatsApp-Image-2025-04-30-at-07.36.09-660x330.jpeg, https://diariosinfronteras.com.pe/wp-content/uploads/2020/06/dxt-nav.png",263,,,Dina Boluarte responde críticas por aumento de sueldo:  Les gusta hablar con mentiras,https://diariosinfronteras.com.pe/2025/07/05/dina-boluarte-responde-criticas-por-aumento-de-sueldo-les-gusta-hablar-con-mentiras/
Desconocido,1649,General,"Inicio PUNO Juliaca: Incautan un camión con ropa usada Juliaca: Incautan un camión con ropa usada Por Diario Sin Fronteras - 28 junio, 2025 - En PUNO 807 Los efectivos del Área de la Policía Fiscal, del Depincri PNP de Juliaca, asestaron un duro golpe al contrabando tras intervenir un camión cargado con 200 fardos de ropa de segundo uso, valorizado en 720 mil soles. El operativo policial se realizó cerca de las 11:00 a.m., en el kilómetro 34 de la vía Juliaca   Arequipa, por donde las prendas extranjeras, eran trasladadas sin documentación legal. INTERVENCIÓN De acuerdo a la información, el vehículo de placa ADL-882, era conducido por Luis Miguel Pérez Toma (32), quien iba acompañado de Frank Erick Sanca Muchica (27). Supuestamente, ambos intentaban trasladar la mercadería sin ser descubiertos, pero fueron sorprendidos por los efectivos cuando realizaban patrullaje preventivo en la zona. MERCADERÍA Al revisar la carrocería, los agentes hallaron los fardos con etiquetas de procedencia americana y coreana. En su momento, los ocupantes no supieron justificar su origen y la legalidad, por lo que fueron detenidos por el presunto delito de contrabando. CIFRA EN SOLES Tras las diligencias, la Aduanas y la Policía Fiscal estimaron que la carga incautada está valorizada en 720 mil soles; mientras que el camión utilizado para el transporte asciende a 130 mil, haciendo un total de 850 mil soles, en pérdidas para el comercio ilegal. Comentarios de Facebook También te puede interesar Puno: Intervienen al director de Energía y Minas por presunto uso indebido de camioneta en reunión privada El director regional de Energía y Minas, Edwin",2025-11-16T22:38:52.363631,2025-11-16T22:38:52.549587,2025-11-16T22:38:52.549590,Sin Fronteras,10762,"https://diariosinfronteras.com.pe/wp-content/uploads/2025/06/2.-ROPA-USADA-FOTON-PRINCIPAL-660x330.jpg, https://diariosinfronteras.com.pe/wp-content/uploads/2020/06/dxt-nav.png",265,,,Juliaca: Incautan un camión con ropa usada,https://diariosinfronteras.com.pe/2025/06/28/juliaca-incautan-un-camion-con-ropa-usada/
Desconocido,2165,General,"Inicio NACIONAL Tres fall3cidos y 29 heridos deja colapso de techo del patio de comidas de centro comercial en Trujillo Tres fall3cidos y 29 heridos deja colapso de techo del patio de comidas de centro comercial en Trujillo Por Diario Sin Fronteras - 21 febrero, 2025 - En NACIONAL 952 Cae techo de centro comercial. El techo del patio de comidas del centro comercial Real Plaza de la ciudad de Trujillo colapsó esta noche. Actualmente los Bomberos y personal de salud se encuentra en la zona para poder rescatar a algunas personas que, según información preliminar, se encuentran bajo los escombros. De momento se desconocen los motivos de la caída del techo del centro comercial; sin embargo, ambulancias y bomberos se encuentran en el lugar. El Centro de Operaciones de Emergencia Regional (COER) de La Libertad detalló que el colapso de estructura ocurrió aproximadamente a las 8:41 de la noche y fue reportada a las 9:10 de la noche. Además, reportaron lesionados, pero de momento la información sobre este punto no ha sido actualizada. En cuanto a las acciones de respuesta, informaron que ambulancias de las Compañías N 26 y N 247, así como máquinas contra incendios de las Compañías N 26 y N 29 se encuentran en el lugar de los hechos. Un equipo de la Superintendencia Nacional de Fiscalización Laboral (Sunafil) también se dirige al lugar donde ocurrió el colapso del techo del centro comercial  para realizar las acciones de inspección respectivas y verificar si hay trabajadores afectados , según comunicó la institución. FALLECIDOS Hasta el momento, el alcalde de Trujillo, Mario Reyna confirmó que existen 29 heridos, mientras que el Ministerio del Interior confirmó 3 fallecidos por la caída del techo del centro comercial Real Plaza Trujillo. Las autoridades también informaron que se han atendido a más de 20 heridos y 6 de ellos de gravedad. Se conoce que en el lugar hay al menos 15 ambulancias y más de 80 personas apoyando en la emergencia. Comentarios de Facebook También te puede interesar Puno: Intervienen al director de Energía y Minas por presunto uso indebido de camioneta en reunión privada El director regional de Energía y Minas, Edwin",2025-11-16T22:38:52.363631,2025-11-16T22:38:52.549240,2025-11-16T22:38:52.549243,Sin Fronteras,10761,"https://diariosinfronteras.com.pe/wp-content/uploads/2025/02/WhatsApp-Image-2025-02-21-at-10.28.50-PM-1-660x330.jpeg, https://diariosinfronteras.com.pe/wp-content/uploads/2020/06/dxt-nav.png",361,,,Tres fall3cidos y 29 heridos deja colapso de techo del patio de comidas de centro comercial en Trujillo,https://diariosinfronteras.com.pe/2025/02/21/tres-fall3cidos-y-29-heridos-deja-colapso-de-techo-del-patio-de-comidas-de-centro-comercial-en-trujillo/
Desconocido,1074,General,"Inicio PUNO Puno: PJ informa a SUNEDU sobre medida cautelar que favorece Félix Ochatoma en la UANCV Puno: PJ informa a SUNEDU sobre medida cautelar que favorece Félix Ochatoma en la UANCV Por Diario Sin Fronteras - 4 julio, 2025 - En PUNO 1461 El Primer Juzgado Civil de Juliaca, mediante Oficio N  353-2025, informó a la SUNEDU sobre la ratificación de una medida cautelar en favor de Félix Ochatoma Paravicino, como autoridad de la Universidad Andina Néstor Cáceres Velásquez (UANCV). La resolución judicial N  06, emitida el 2 de julio, deja sin efecto provisionalmente la Resolución N  001-A-2025-UANCV-AU-R, que dispuso su vacancia. En ese sentido, se ordena la suspensión de toda acción derivada de dicha resolución hasta que se resuelva el proceso principal. SUNEDU deberá asumir las acciones administrativas correspondientes conforme a sus atribuciones legales. Comentarios de Facebook También te puede interesar Puno: Intervienen al director de Energía y Minas por presunto uso indebido de camioneta en reunión privada El director regional de Energía y Minas, Edwin",2025-11-16T22:38:52.363631,2025-11-16T22:38:52.548728,2025-11-16T22:38:52.548731,Sin Fronteras,10760,"https://diariosinfronteras.com.pe/wp-content/uploads/2025/07/IMG_20250704_151754_800_x_533_pixel-660x330.jpg, https://diariosinfronteras.com.pe/wp-content/uploads/2020/06/dxt-nav.png",168,,,Puno: PJ informa a SUNEDU sobre medida cautelar que favorece Félix Ochatoma en la UANCV,https://diariosinfronteras.com.pe/2025/07/04/puno-pj-informa-a-sunedu-sobre-medida-cautelar-que-favorece-felix-ochatoma-en-la-uancv/
Desconocido,1393,General,"Inicio PUNO Puno: Violento choque frontal deja varios heridos en la vía Azángaro   Juliaca Puno: Violento choque frontal deja varios heridos en la vía Azángaro   Juliaca Por Redacción Diario Sin Fronteras - 14 abril, 2025 - En PUNO 501 Violento choque frontal deja varios heridos en la vía Azángaro   Juliaca Un aparatoso accidente de tránsito se registró esta madrugada en la carretera interoceánica Azángaro   Juliaca, específicamente a la altura del desvío hacia el distrito de Santiago de Pupuja. El violento choque frontal entre dos vehículos dejó como saldo a varias personas heridas. Dos de los ocupantes quedaron atrapados entre los fierros retorcidos de uno de los automóviles, lo que obligó la rápida intervención de los agentes de serenazgo de Azángaro y efectivos de la Policía Nacional, quienes lograron rescatarlos tras una intensa labor. Los heridos fueron trasladados de inmediato al hospital de Azángaro, donde vienen recibiendo atención médica. Hasta el momento, no se ha precisado el estado de gravedad de las víctimas. Las autoridades ya se encuentran investigando las causas del accidente para esclarecer responsabilidades y evitar nuevos siniestros en esta transitada vía. Comentarios de Facebook También te puede interesar Arequipa: Tragedia en Arequipa: bus interprovincial cae a un abismo y deja 37 muertos y 14 heridos Una nueva tragedia enluta las carreteras del sur",2025-11-16T22:38:52.363631,2025-11-16T22:38:52.547649,2025-11-16T22:38:52.547652,Sin Fronteras,10759,"https://diariosinfronteras.com.pe/wp-content/uploads/2025/04/490031587_1172129821259135_4859029774967945706_n-660x330.jpg, https://diariosinfronteras.com.pe/wp-content/uploads/2020/06/dxt-nav.png",215,"Un aparatoso accidente de tránsito se registró esta madrugada en la carretera interoceánica Azángaro   Juliaca, específicamente a la altura del desvío hacia el distrito de Santiago de Pupuja. El violento choque frontal entre dos vehículos dejó como saldo a varias personas heridas.",,Puno: Violento choque frontal deja varios heridos en la vía Azángaro   Juliaca,https://diariosinfronteras.com.pe/2025/04/14/puno-violento-choque-frontal-deja-varios-heridos-en-la-via-azangaro-juliaca/
Desconocido,1511,General,"Inicio NACIONAL Falso secuestro: líder indígena pidió 50 mil soles a cambio de su liberación Falso secuestro: líder indígena pidió 50 mil soles a cambio de su liberación Por Diario Sin Fronteras - 2 junio, 2025 - En NACIONAL, POLICIALES 889 Fingió secuestro. El jefe de la comunidad nativa Alto Yurinaki, Javier Jaime Abel Cruz (42), admitió ante la Policía que inventó su propio secuestro para exigir 50 mil soles. El caso fue atendido por la División de Investigación Criminal (Divincri) en Huancayo. El hombre, desaparecido desde el viernes, reapareció este lunes en la Plaza de la Constitución y luego se presentó por su cuenta en la comisaría. Según la PNP, Abel Cruz viajó desde Chanchamayo a Huancayo, se alojó en un hotel y envió un mensaje por WhatsApp a su pareja, fingiendo haber sido secuestrado. En el texto pedía que se transfiera el dinero a su propia cuenta bancaria. Tras no recibir el depósito, arrojó su celular a un desagüe para evitar ser rastreado. La Policía lo ubicó en la vía pública a las 8 a. m. y lo llevó a declarar. La familia había denunciado su desaparición tras una reunión de la Central de Comunidades Nativas de la Selva Central (Ceconsec), a la que asistió junto a otros líderes yanesha. Abel Cruz admitió que su motivación fue económica. Ahora enfrenta una posible denuncia penal por simulación de delito. Comentarios de Facebook También te puede interesar Cientos de jóvenes puneños rinden examen de preselección para Beca 18 Aspirantes de toda la región participaron en la",2025-11-16T22:38:52.363631,2025-11-16T22:38:52.547331,2025-11-16T22:38:52.547334,Sin Fronteras,10758,"https://diariosinfronteras.com.pe/wp-content/uploads/2025/06/524252_1752705-660x330.webp, https://diariosinfronteras.com.pe/wp-content/uploads/2020/06/dxt-nav.png",256,"Javier Abel Cruz, líder indígena de Junín, inventó su secuestro y exigió 50 mil soles. Fue hallado por la Policía y admitió el engaño por problemas económicos.",,Falso secuestro: líder indígena pidió 50 mil soles a cambio de su liberación,https://diariosinfronteras.com.pe/2025/06/02/junin-lider-indigena-finge-secuestro-pide-50-mil-soles-huancayo/
Desconocido,1266,General,"Inicio NACIONAL Rondas campesinas castigan a hombre que r0bó patos en Cajamarca Rondas campesinas castigan a hombre que r0bó patos en Cajamarca Por Diario Sin Fronteras - 7 octubre, 2025 - En NACIONAL 471 Un hombre recibió un castigo físico de las rondas campesinas de Cajamarca, luego de que los vecinos lo capturaran por sustraer cuatro patos de una vivienda local. El sujeto, quien según testigos presenta problemas de alcoholismo, confesó el delito tras ser sometido a chicotazos, revelando que su plan era vender las aves para comprar licor, lo que generó la inmediata intervención de los ronderos ante la recurrencia de estos actos. La justicia rondera, que es reconocida legalmente en el Perú pero sujeta a límites, decidió aplicar un correctivo y liberarlo con la advertencia de no reincidir, una práctica que aplican cuando consideran el daño reparable. Este caso, supervisado por el líder local Fernando Chucklin, quien ha enfrentado a bandas delincuenciales, refleja el complejo equilibrio entre las tradiciones comunales y los derechos individuales. Comentarios de Facebook También te puede interesar Puno: Intervienen al director de Energía y Minas por presunto uso indebido de camioneta en reunión privada El director regional de Energía y Minas, Edwin",2025-11-16T22:38:52.363631,2025-11-16T22:38:52.546926,2025-11-16T22:38:52.546928,Sin Fronteras,10757,"https://diariosinfronteras.com.pe/wp-content/uploads/2025/10/castigo-rondas-campesinas-800x419-1-660x330.jpg, https://diariosinfronteras.com.pe/wp-content/uploads/2020/06/dxt-nav.png",198,,,Rondas campesinas castigan a hombre que r0bó patos en Cajamarca,https://diariosinfronteras.com.pe/2025/10/07/rondas-campesinas-castigan-a-hombre-que-r0bo-patos-en-cajamarca/
Desconocido,1431,General,"Inicio AREQUIPA Arequipa: Poder Judicial dicta diez años de cárcel por intento de parricidio Arequipa: Poder Judicial dicta diez años de cárcel por intento de parricidio Por Diario Sin Fronteras - 18 octubre, 2024 - En AREQUIPA 597 Arequipa: Poder Judicial dicta diez años de cárcel por intento de parricidio Condesuyos. Yan Pérez F. fue condenado por el Poder Judicial a diez años de cárcel, acusado del delito de parricidio, en grado de tentativa, luego que el 4 de diciembre del año 2023 intentara acabar con la vida de su conviviente en el distrito de Río Grande, provincia de Condesuyos. La Fiscalía Provincial Mixta de Condesuyos, a través del fiscal Giovanni Matos Palza, reunió las pruebas necesarias que demostraron la culpabilidad del implicado, por lo que ante las evidencias, el acusado Yan Pérez decidió acogerse a la conclusión anticipada del proceso. El agresor, bajo los efectos del alcohol, atacó violentamente a la mujer, que intentó refugiarse en una habitación de su vivienda, pero Yan Pérez la sacó fuera de la casa e intentó herirla con un objeto cortante. Un testigo del ataque y la intervención del serenazgo permitió que sea auxiliada para su atención médica. El sentenciado deberá de pagar 15 mil soles de reparación civil a la víctima. Comentarios de Facebook También te puede interesar Cientos de jóvenes puneños rinden examen de preselección para Beca 18 Aspirantes de toda la región participaron en la",2025-11-16T22:38:52.363631,2025-11-16T22:38:52.546651,2025-11-16T22:38:52.546653,Sin Fronteras,10756,"https://diariosinfronteras.com.pe/wp-content/uploads/2024/10/11-b-1.jpg, https://diariosinfronteras.com.pe/wp-content/uploads/2020/06/dxt-nav.png",235,"Condesuyos. Yan Pérez F. fue condenado por el Poder Judicial a diez años de cárcel, acusado del delito de parricidio, en grado de tentativa, luego que el 4 de diciembre del año 2023 intentara acabar con la vida de su conviviente en el distrito de Río Grande, provincia de Condesuyos.",,Arequipa: Poder Judicial dicta diez años de cárcel por intento de parricidio,https://diariosinfronteras.com.pe/2024/10/18/arequipa-poder-judicial-dicta-diez-anos-de-carcel-por-intento-de-parricidio/
Desconocido,1673,General,"Inicio PUNO Puno:  Traficantes  intentan vender lotes desocupados Puno:  Traficantes  intentan vender lotes desocupados Por Redacción Diario Sin Fronteras - 2 octubre, 2024 - En PUNO 556  Traficantes  intentan vender lotes desocupados Un grupo de vecinos de la urbanización Santa Catalina de la ciudad de Juliaca denunciaron que desconocidos intentan vender terrenos aprovechando la ausencia de los propietarios. Al respecto, la presidenta de la referida urbanización, Dora Quecara, lamentó que estos ciudadanos a quienes llamó  traficantes de terrenos , habrían colocado avisos de venta en varios terrenos e incluso en el terreno destinado para salón comunal con el objetivo de engañar a personas inocentes. Agregó que al notar ciertas anomalías los vecinos fueron a verificar en Registros Públicos, sin embargo no encontraron registro de la venta y notaron que faltaban dos números en la documentación.  Se trataría de tres hermanos quienes pretenderían estafar a la población; además un ciudadano mayor es quien muestra los terrenos a los interesados en la compra ( ) , lamentó. En ese sentido, agregó que al enterarse de este hecho los propietarios arribaron desde diferentes lugares con el objetivo de aclarar este hecho.  Poniendo letreros de venta estos traficantes quieren apropiarse de los terrenos de mis padres los cuales no están en venta ( ) , cuestionó. Finalmente, los vecinos exigieron a las autoridades tomar medidas legales contra quienes intentan estafar. Comentarios de Facebook También te puede interesar Arequipa: Tragedia en Arequipa: bus interprovincial cae a un abismo y deja 37 muertos y 14 heridos Una nueva tragedia enluta las carreteras del sur",2025-11-16T22:38:52.363631,2025-11-16T22:38:52.546008,2025-11-16T22:38:52.546011,Sin Fronteras,10755,"https://diariosinfronteras.com.pe/wp-content/uploads/2024/10/59b9370b-61ef-4ecb-a949-c8321ef6ddd0-660x330.jpg, https://diariosinfronteras.com.pe/wp-content/uploads/2020/06/dxt-nav.png",258,Un grupo de vecinos de la urbanización Santa Catalina de la ciudad de Juliaca denunciaron que desconocidos intentan vender terrenos aprovechando la ausencia de los propietarios.,,Puno:  Traficantes  intentan vender lotes desocupados,https://diariosinfronteras.com.pe/2024/10/02/puno-traficantes-intentan-vender-lotes-desocupados/
Desconocido,1696,General,"Inicio TACNA Descubren a mujer escondida en camión durante control fronterizo en Tacna Descubren a mujer escondida en camión durante control fronterizo en Tacna Por Diario Sin Fronteras - 23 agosto, 2025 - En TACNA 1176 Las autoridades detectaron un intento de cruce fronterizo irregular en el control de Santa Rosa, cuando un camión de carga pesada fue sometido a una inspección mediante escáner. Durante la revisión, se descubrió la silueta de una persona oculta en el interior del vehículo. El camión, de marca Volvo y matrícula 5753-GTL, conducido por un ciudadano boliviano identificado como Fabián Mauricio Paco Espinoza (32), tenía como destino la ciudad de Arica, en Chile. Aunque el conductor declaró que viajaba solo, las autoridades hallaron en un compartimiento oculto detrás del asiento del conductor a una mujer de nacionalidad boliviana, Nelly Mariela Quispe Mamani (30), quien se encontraba en situación migratoria irregular. Según declaraciones del conductor, la mujer es su pareja sentimental y habría intentado cruzar la frontera sin cumplir los requisitos migratorios. Ambos fueron intervenidos y trasladados al Departamento de Investigación Criminal (Depincri) en Tacna para las diligencias correspondientes, en coordinación con la Fiscalía especializada en delitos de trata de personas. Este operativo se realizó con apoyo de la División de Inteligencia, que ya se encontraba en alerta por indicios de un posible intento de tráfico de migrantes en un vehículo de carga. Comentarios de Facebook También te puede interesar Puno: Intervienen al director de Energía y Minas por presunto uso indebido de camioneta en reunión privada El director regional de Energía y Minas, Edwin",2025-11-16T22:38:52.363631,2025-11-16T22:38:52.545683,2025-11-16T22:38:52.545685,Sin Fronteras,10754,"https://diariosinfronteras.com.pe/wp-content/uploads/2025/08/abridoraaaaaa-660x330.jpg, https://diariosinfronteras.com.pe/wp-content/uploads/2020/06/dxt-nav.png",260,,,Descubren a mujer escondida en camión durante control fronterizo en Tacna,https://diariosinfronteras.com.pe/2025/08/23/descubren-a-mujer-escondida-en-camion-durante-control-fronterizo-en-tacna/
Desconocido,1776,General,"Inicio AREQUIPA Melgar asegura permanencia de sus estrellas Matías Lazo y Kenji Cabrera Melgar asegura permanencia de sus estrellas Matías Lazo y Kenji Cabrera Por Diario Sin Fronteras - 27 abril, 2025 - En AREQUIPA 849 Renuevan contrato con Melgar. La administración del FBC Melgar anunció la renovación de contratos de dos jugadores clave en el equipo. Según lo confirmado por la propia institución arequipeña en sus redes sociales, los jugadores que seguirán unidos a Melgar por los próximos años no son otros que el defensor central Matías Lazo (hasta el 2028) y el delantero Kenji Cabrera (hasta 2027). Como bien se conoce, ambos jugadores se han convertido en piezas clave dentro del esquema del técnico Walter Ribonetto. Eso sin contar que son la  esperanza  del club para futuras ventas teniendo en cuenta que tienen 21 (Lazo) y 22 años (Cabrera). Tanto Matías Lazo como Kenji Cabrera son jugadores identificados plenamente con Melgar. De hecho, el defensa nacional es nacido en la ciudad de Arequipa y llegó al club a los cinco años. Allí realizó toda su etapa formativa. Sin embargo, fue en el 2019 cuando tuvo su primera gran oportunidad para mostrarse, pero no con el plantel principal sino en las reservas, siendo una de las figuras, algo que le valió para que en el 2020 firmara su primer contrato profesional. Kenji Cabrera, por su parte, tiene una historia parecida, aunque su formación se dio en el Esther Grande de Bentín en Lima y fue recién en el 2019 que pasó a las divisiones menores de Melgar, donde comenzó a ganar notoriedad por su juego y goles. Comentarios de Facebook También te puede interesar Puno: Intervienen al director de Energía y Minas por presunto uso indebido de camioneta en reunión privada El director regional de Energía y Minas, Edwin",2025-11-16T22:38:52.363631,2025-11-16T22:38:52.544855,2025-11-16T22:38:52.544857,Sin Fronteras,10753,"https://diariosinfronteras.com.pe/wp-content/uploads/2025/04/Jenji-660x330.jpg, https://diariosinfronteras.com.pe/wp-content/uploads/2020/06/dxt-nav.png",300,La administración del FBC Melgar anunció la renovación de contratos de dos jugadores clave en el equipo.,,Melgar asegura permanencia de sus estrellas Matías Lazo y Kenji Cabrera,https://diariosinfronteras.com.pe/2025/04/27/melgar-asegura-permanencia-de-sus-estrellas-matias-lazo-y-kenji-cabrera/
Desconocido,2031,General,"Inicio POLICIALES Drogan a conductor para robarle su auto y lo dejan en un descampado Drogan a conductor para robarle su auto y lo dejan en un descampado Por Diario Sin Fronteras - 12 enero, 2025 - En POLICIALES, PUNO 825 Drogan a conductor para robarle su auto y lo dejan en un descampado Caracoto. Un conductor fue víctima del robo de su automóvil tras ser presuntamente dopado por una mujer y su cómplice. Según el agraviado, quien prefirió mantener su identidad en reserva, el incidente comenzó cuando una fémina se acercó para entablar conversación. Tras ganarse su confianza, ella le ofreció una gaseosa. Minutos después, el conductor perdió el conocimiento. EVIDENCIAS Según las grabaciones de las cámaras de seguridad de la zona, revelaron que cerca de las 9:10 p.m., luego de que el conductor quedara inconsciente, la  pepera  contactó a un sujeto que portaba un sombrero, quien sería su cómplice. Ambos procedieron a despojar a la víctima de su vehículo Kia Picanto blanco con placa de rodaje X4V-023, abandonando al agraviado en un descampado antes de darse a la fuga. BUSCAN A LOS RESPONSABLES De acuerdo a la información proporcionada por la Superintendencia Nacional de los Registros Públicos (Sunarp), el vehículo robado pertenece a Luis Efraín Cosi Cosi. En tanto, la familia del propietario ha solicitado a la población que, de reconocer el automóvil o a los responsables del robo, se comuniquen de inmediato con las autoridades policiales. TESTIMONIO El afectado narró que tras perder el conocimiento, recuerda haber despertado en una zona despoblada, sin su vehículo. Asimismo, los propietarios del vehículo han ofrecido una recompensa de 8 mil soles para quienes brinden información precisa que conduzca a la recuperación del automóvil y a la identificación y ubicación de la  pepera  y su cómplice, dedicados al parecer al robo de vehículos. Comentarios de Facebook También te puede interesar Cientos de jóvenes puneños rinden examen de preselección para Beca 18 Aspirantes de toda la región participaron en la",2025-11-16T22:38:52.363631,2025-11-16T22:38:52.543912,2025-11-16T22:38:52.543915,Sin Fronteras,10752,"https://diariosinfronteras.com.pe/wp-content/uploads/2025/01/1.-DROGAN-A-CHOFER-Pepera-fue-captada-en-camaras-608x330.jpg, https://diariosinfronteras.com.pe/wp-content/uploads/2020/06/dxt-nav.png",328,"Caracoto. Un conductor fue víctima del robo de su automóvil tras ser presuntamente dopado por una mujer y su cómplice. Según el agraviado, quien prefirió mantener su identidad en reserva, el incidente comenzó cuando una fémina se acercó para entablar conversación.",,Drogan a conductor para robarle su auto y lo dejan en un descampado,https://diariosinfronteras.com.pe/2025/01/12/drogan-a-conductor-para-robarle-su-auto-y-lo-dejan-en-un-descampado/
Desconocido,1291,General,"Inicio PUNO Puno: Desidia de Emapa retrasa culminación de obra vial en Yunguyo Puno: Desidia de Emapa retrasa culminación de obra vial en Yunguyo Por Diario Sin Fronteras - 14 septiembre, 2025 - En PUNO 586 El consejero regional por la provincia de Yunguyo, Rolando Rivera Zevallos, denunció que la desidia de Emapa Yunguyo viene retrasando la ejecución de la obra de mejoramiento vial en el jirón 7 de Junio del barrio Bolognesi. Durante una visita inopinada, constató que la empresa prestadora de servicios no habría cumplido con instalar el arranque del sistema de desagüe en dicha vía ni en la avenida Miraflores, situación que impide avanzar con el tendido del concreto premezclado. Rivera cuestionó la falta de cumplimiento de compromisos asumidos por el gerente de Emapa y advirtió que de no corregirse de inmediato, el proyecto podría verse aún más perjudicado.  No se puede compactar la base para luego destruirla; eso sería un grave perjuicio , señaló. La población espera que la empresa subsane las observaciones en los próximos días para garantizar la conclusión de la obra. Comentarios de Facebook También te puede interesar Puno: Intervienen al director de Energía y Minas por presunto uso indebido de camioneta en reunión privada El director regional de Energía y Minas, Edwin",2025-11-16T22:38:52.363631,2025-11-16T22:38:52.543112,2025-11-16T22:38:52.543115,Sin Fronteras,10751,"https://diariosinfronteras.com.pe/wp-content/uploads/2025/09/WhatsApp-Image-2025-09-14-at-9.01.22-AM-660x330.jpeg, https://diariosinfronteras.com.pe/wp-content/uploads/2020/06/dxt-nav.png",210,,,Puno: Desidia de Emapa retrasa culminación de obra vial en Yunguyo,https://diariosinfronteras.com.pe/2025/09/14/puno-desidia-de-emapa-retrasa-culminacion-de-obra-vial-en-yunguyo/
Desconocido,1667,General,"Inicio AREQUIPA Arequipa soporta 17 horas de lluvia y Senamhi advierte más precipitaciones Arequipa soporta 17 horas de lluvia y Senamhi advierte más precipitaciones Por Diario Sin Fronteras - 14 febrero, 2025 - En AREQUIPA 1153 Intensas lluvias en Arequipa. La ciudad de Arequipa soporta 17 horas continuas de lluvia, según informó el especialista en meteorología del Senamhi, José Luis Ticona. La precipitación, de moderada intensidad, comenzó el jueves a las 2:00 p.m. y ha dejado un acumulado de 10 litros de agua por metro cuadrado en distritos como Mariano Melgar, Alto Selva Alegre, Cayma, Cerro Colorado y el Cercado. Este evento se enmarca dentro de un periodo de lluvias intensas vinculadas al calentamiento de las aguas del mar, lo que ha generado un aumento en las temperaturas de las provincias costeras de Arequipa, alcanzando hasta 30 grados. Este fenómeno propicia el ingreso de vientos cálidos a los valles interandinos y costeros, favoreciendo la formación de lluvias. El Senamhi ha advertido que las precipitaciones continuarán en los próximos días, aunque con menor intensidad. No obstante, para el 14 de febrero se pronostican lluvias fuertes en la ciudad y en los valles cercanos. Las autoridades han instado a la población a mantenerse alerta, tomar precauciones y seguir las recomendaciones oficiales para evitar incidentes. Se espera que los pronósticos sean actualizados conforme evolucionen las condiciones meteorológicas en la región. Comentarios de Facebook También te puede interesar Puno: Intervienen al director de Energía y Minas por presunto uso indebido de camioneta en reunión privada El director regional de Energía y Minas, Edwin",2025-11-16T22:38:52.363631,2025-11-16T22:38:52.542697,2025-11-16T22:38:52.542700,Sin Fronteras,10750,"https://diariosinfronteras.com.pe/wp-content/uploads/2025/02/a5a0f1ab-a75d-4946-aec5-2e7566859730-660x330.jpg, https://diariosinfronteras.com.pe/wp-content/uploads/2020/06/dxt-nav.png",259,,,Arequipa soporta 17 horas de lluvia y Senamhi advierte más precipitaciones,https://diariosinfronteras.com.pe/2025/02/14/arequipa-soporta-17-horas-de-lluvia-y-senamhi-advierte-mas-precipitaciones/
Desconocido,1628,General,"Inicio DEPORTES Valencia:  Si el arbitraje hubiera sido justo, otro habría sido el resultado  Valencia:  Si el arbitraje hubiera sido justo, otro habría sido el resultado  Por Diario Sin Fronteras - 29 septiembre, 2024 - En DEPORTES 766 Señaló que Melgar tuvo situaciones de gol más peligrosas. El entrenador de Melgar, Marco Valencia, lamentó el trabajo arbitral en el partido de su equipo con Alianza Lima. El técnico rojinegro consideró que la mala actuación del juez influenció en el resultado.  Creo que todo hubiera sido diferente -es un análisis que hago al filo de la cancha- si el arbitraje hubiera sido justo, hubiera sido otro el resultado. Yo nunca hablo de los árbitros, pero hoy en día creo que hay una acción clarita que es penal y expulsión, y va al VAR. Creo que ahí se definió gran parte del partido , comentó Valencia. Valencia también señaló que el árbitro no impartió justicia de manera objetiva e imparcial.  Creo que ha habido muchos fallos que nos han perjudicado. No son igual las tarjetas amarillas para un equipo y para el otro. Y tres situaciones donde nosotros nos íbamos en ataque, cobró falta a favor de nosotros donde pudo haber dado la ley de la ventaja. Yo le tengo un gran respeto a Bruno (Pérez), lo considero uno de los mejores árbitros del torneo local, pero hoy incidió . Como se recuerda, anoche Melgar igualó 1-1 con Alianza Lima en el estadio Alejandro Villanueva, Matute, en Lima. Comentarios de Facebook También te puede interesar Puno: Intervienen al director de Energía y Minas por presunto uso indebido de camioneta en reunión privada El director regional de Energía y Minas, Edwin",2025-11-16T22:38:52.363631,2025-11-16T22:38:52.540605,2025-11-16T22:38:52.540608,Sin Fronteras,10749,"https://diariosinfronteras.com.pe/wp-content/uploads/2024/09/mv_0-660x330.jpg, https://diariosinfronteras.com.pe/wp-content/uploads/2020/06/dxt-nav.png",278,"El entrenador de Melgar, Marco Valencia, lamentó el trabajo arbitral en el partido de su equipo con Alianza Lima. El técnico rojinegro consideró que la mala actuación del juez influenció en el resultado.",,"Valencia:  Si el arbitraje hubiera sido justo, otro habría sido el resultado",https://diariosinfronteras.com.pe/2024/09/29/valencia-si-el-arbitraje-hubiera-sido-justo-otro-habria-sido-el-resultado/
Desconocido,2797,General,"Inicio NACIONAL Fiscalía detiene al presidente de la FPF, Agustín Lozano, y otras personas Fiscalía detiene al presidente de la FPF, Agustín Lozano, y otras personas Por Diario Sin Fronteras - 7 noviembre, 2024 - En NACIONAL 785 También se lo investiga por los derechos de transmisión de la Liga 1. El presidente de la Federación Peruana de Fútbol (FPF), Agustín Lozano, fue detenido de manera preliminar por 15 días, junto a otras personas, entre ellas el presidente del club Sporting Cristal, Joel Raffo y la presidenta del club Academia Cantolao, Gisella Mandriotti, en un operativo de la Fiscalía. Agustín Lozano fue detenido la madrugada en su vivienda por miembros de la Policía Nacional en el marco de un operativo fiscal de allanamiento y descerraje y otros inmuebles vinculados con la presunta organización criminal  Los Galácticos . Junto a Lozano, Raffo y Mandriotti fueron detenidos el ex futbolista Juan Carlos La Rosa; la secretaria de la FPF, Sabrina Martin Zamalloa; el exsecretario de la FPF, Jean Marcel; y el presidente de la Liga de Tumbes, Humberto Miñán. Lozano fue retirado de su vivienda alrededor de las 6:00 a.m. para ser conducido a la oficina de Medicina Legal en el Cercado de Lima, antes de su ingreso a la Dinincri, donde permanecerá bajo prisión preliminar por un periodo de 15 días. RESPONDE A su salida, Lozano Saavedra dijo que espera  que todo se aclare  y  se haga justicia . También pidió tranquilidad para su familia. La orden judicial dispone una detención preliminar de 15 días contra Lozano y los otros investigados, así como el allanamiento y descerraje de un total de 12 inmuebles en Lima, Tumbes, Piura, Chiclayo, Chachapoyas y Huánuco. El fiscal Jorge Chávez Cotrina, coordinador nacional de las Fiscalías Especializadas contra la Criminalidad Organizada, dijo a RPP que el operativo se inició a las 2:00 a.m. de este jueves y que la orden judicial dispone la detención de 12 personas, de las cuales se han detenido a 8 hasta el momento. DELITOS Lozano es investigado por la Fiscalía por los presuntos delitos de fraude en la administración, corrupción y lavado de activos, debido al supuesto uso indebido de los recursos de la FPF, así como el presunto favorecimiento a algunos clubes peruanos y la reventa de entradas y de viajes al Mundial de Qatar 2022, en otras acusaciones. Entre las acusaciones adicionales se señala que Lozano habría omitido sanciones a clubes de la Liga 1, Liga 2 y ligas departamentales. La fiscalía señala que esta omisión fue parte de un esquema de favores personales y beneficios económicos del presidente de la FPF. Comentarios de Facebook También te puede interesar Puno: Intervienen al director de Energía y Minas por presunto uso indebido de camioneta en reunión privada El director regional de Energía y Minas, Edwin",2025-11-16T22:38:52.363631,2025-11-16T22:38:52.540233,2025-11-16T22:38:52.540235,Sin Fronteras,10748,"https://diariosinfronteras.com.pe/wp-content/uploads/2024/11/465734333_978484834317614_6582772637270340839_n-660x330.jpg, https://diariosinfronteras.com.pe/wp-content/uploads/2020/06/dxt-nav.png",465,"El presidente de la Federación Peruana de Fútbol (FPF), Agustín Lozano, fue detenido de manera preliminar por 15 días, junto a otras personas, entre ellas el presidente del club Sporting Cristal, Joel Raffo y la presidenta del club Academia Cantolao, Gisella Mandriotti, en un operativo de la Fiscalía.",,"Fiscalía detiene al presidente de la FPF, Agustín Lozano, y otras personas",https://diariosinfronteras.com.pe/2024/11/07/fiscalia-detiene-al-presidente-de-la-fpf-agustin-lozano-y-otras-personas/
Desconocido,3856,General,"Inicio NACIONAL César Acuña causa polémica con nueva frase:  En Trujillo no hay ningún secuestro ni amenazas, solo bastante extorsión  César Acuña causa polémica con nueva frase:  En Trujillo no hay ningún secuestro ni amenazas, solo bastante extorsión  Por Diario Sin Fronteras - 13 febrero, 2025 - En NACIONAL 648 César Acuña. César Acuña Peralta, gobernador regional de La Libertad y militante de Alianza para el Progreso (APP), volvió a generar polémica con una de sus frases controversiales. Durante un evento público, minimizó la crisis de seguridad en Trujillo al afirmar que  en Trujillo de diciembre hasta ahora no hay ningún secuestro. No hay amenazas a empresarios. Ahora lo que hay es bastante extorsión y las bombas en, en   no? . Sus declaraciones llegan en un contexto de creciente violencia en la ciudad, donde los secuestros, atentados con explosivos y asesinatos se han vuelto una constante, generando alarma entre los ciudadanos y críticas a la gestión regional. Las palabras de Acuña contrastan con la realidad que enfrentan los trujillanos. En menos de 2 meses del 2025, se han reportado al menos 236 asesinatos a nivel nacional, y Trujillo figura entre las ciudades más golpeadas por la criminalidad. Los ataques con explosivos, las extorsiones y los secuestros afectan tanto a empresarios como a ciudadanos de a pie. Según las autoridades, la violencia responde al accionar de organizaciones criminales como  Los Pulpos , que operan con impunidad pese a los estados de emergencia decretados en la región. Debido a la ola de crímenes impunes, el estado de emergencia en la ciudad está a punto de cumplir un año, con fuertes críticas a la ineficiente gestión del gobierno regional. La frase del gobernador ha sido comparada con otros  acuñismos  que en el pasado lo han convertido en objeto de burlas. Sin embargo, en esta ocasión, la indignación ha primado sobre la ironía, pues sus palabras parecen desconocer la grave situación que enfrenta Trujillo. Mientras tanto, dirigentes locales y expertos en seguridad exigen medidas urgentes para frenar la ola de violencia, que mantiene a la población en zozobra y cuestiona la efectividad de las acciones gubernamentales.  Trujillo es tranquilo : otra frase controversial de César Acuña A inicios de febrero de este año, César Acuña recibió a un grupo de 200 efectivos de la Policía Nacional procedentes del Vraem, especializados en operaciones de alto riesgo. Durante la ceremonia en la Plaza de Armas de Trujillo, destacó la importancia de la seguridad para atraer inversiones a la ciudad. En su discurso, agradeció a la presidenta de la República y resaltó que Trujillo es una ciudad segura, buscando transmitir confianza a empresarios y ciudadanos, en contraste con la dura realidad de la delincuencia. Por su parte, el comandante general de la Policía Nacional del Perú (PNP), Víctor Zanabria, detalló que los agentes reforzarán la vigilancia en zonas con altos índices delictivos, como Florencia de Mora, El Porvenir y La Esperanza. La permanencia de estos efectivos será inicialmente de 29 días, con el propósito de fortalecer las operaciones de seguridad en la ciudad y reducir la criminalidad en los sectores más afectados. Mientras tanto, el Ministerio del Interior avanza en el proceso de incorporación de 1.500 nuevos agentes a la PNP. Según el ministro Juan José Santiváñez, la asimilación de estos efectivos será rápida, con un periodo de capacitación de un mes en temas de investigación, derechos humanos y uso de la fuerza. Tras completar la formación, los nuevos policías se integrarán al servicio para reforzar la seguridad ciudadana en distintas regiones del país. Comentarios de Facebook También te puede interesar Puno: Intervienen al director de Energía y Minas por presunto uso indebido de camioneta en reunión privada El director regional de Energía y Minas, Edwin",2025-11-16T22:38:52.363631,2025-11-16T22:38:52.539846,2025-11-16T22:38:52.539849,Sin Fronteras,10747,"https://diariosinfronteras.com.pe/wp-content/uploads/2025/02/U-660x330.jpg, https://diariosinfronteras.com.pe/wp-content/uploads/2020/06/dxt-nav.png",619,,,"César Acuña causa polémica con nueva frase:  En Trujillo no hay ningún secuestro ni amenazas, solo bastante extorsión",https://diariosinfronteras.com.pe/2025/02/13/cesar-acuna-causa-polemica-con-nueva-frase-en-trujillo-no-hay-ningun-secuestro-ni-amenazas-solo-bastante-extorsion/
Desconocido,3505,General,"Inicio NACIONAL Anticiclón del Pacífico Sur se acerca al Perú: Drásticos cambios de clima Anticiclón del Pacífico Sur se acerca al Perú: Drásticos cambios de clima Por Diario Sin Fronteras - 13 febrero, 2025 - En NACIONAL 844 Se darán cambios climáticos en el verano de 2025. El Servicio Nacional de Meteorología e Hidrología del Perú (Senamhi) informó que el Anticiclón del Pacífico Sur, un sistema de alta presión atmosférica esencial para el clima costero, se intensificará y se acercará al continente en los próximos días. Este fenómeno contribuirá a disminuir la sensación térmica y podría mitigar la ola de calor que ha afectado a Lima y otras regiones, donde las temperaturas han alcanzado hasta 33 C en algunas áreas. John Cisneros, meteorólogo del Senamhi, explicó que a partir del 15 de febrero se espera un fortalecimiento del anticiclón, lo que ayudará a reducir la ola de calor. Sin embargo, enfatizó que, al estar en la estación de verano, las temperaturas suelen ser elevadas. En los últimos días, Lima ha experimentado temperaturas altas típicas de la temporada. Según los reportes de la institución, las zonas más afectadas han sido Lima Norte y Lima Este, registrando máximas de 33 C, con una sensación térmica incrementada por los altos niveles de humedad. Distritos como Puente Piedra, Carabayllo y Los Olivos, así como La Molina, Ate y San Juan de Lurigancho, han sido los más cálidos. En contraste, Lima Sur ha reportado temperaturas alrededor de 26 C, mientras que en el Callao y distritos costeros se han registrado valores entre 30 C y 31 C. Otro factor que ha influido en la sensación térmica es el incremento en los niveles de radiación ultravioleta (UV), que han alcanzado valores  muy altos  o  extremadamente altos  en diversas zonas del país. La escasa nubosidad ha favorecido un aumento en la incidencia de la radiación solar, intensificando el calor durante las horas del mediodía. El Anticiclón del Pacífico Sur es un sistema de alta presión atmosférica que se sitúa de manera permanente sobre el océano Pacífico, frente a las costas de Sudamérica. Su influencia es clave en la regulación del clima de países como Perú, Chile y Ecuador, debido a su impacto en la dirección de los vientos y la temperatura del mar. Durante el verano, este anticiclón tiende a debilitarse, lo que permite el ingreso de vientos cálidos y húmedos desde el norte, contribuyendo al aumento de las temperaturas y a la sensación de bochorno en la costa peruana. En cambio, cuando se fortalece, el anticiclón empuja vientos fríos desde el sur, reduciendo la humedad y atenuando el calor. El fortalecimiento del Anticiclón del Pacífico Sur, previsto para la segunda quincena de febrero, tendrá un impacto directo en el clima de la costa peruana. Con su aproximación al continente, se espera un cambio en la circulación del viento, lo que favorecerá una reducción en la sensación térmica y en la humedad relativa del aire. Sin embargo, Cisneros advirtió que, aunque las temperaturas podrían bajar ligeramente, el calor no desaparecerá por completo. Recordó que estamos en verano, y normalmente las temperaturas tienden a elevarse en esta temporada. Si bien el anticiclón ayudará a mitigar la ola de calor, seguiremos registrando valores altos durante febrero, que es el mes más caluroso del año Comentarios de Facebook También te puede interesar Puno: Intervienen al director de Energía y Minas por presunto uso indebido de camioneta en reunión privada El director regional de Energía y Minas, Edwin",2025-11-16T22:38:52.363631,2025-11-16T22:38:52.539395,2025-11-16T22:38:52.539397,Sin Fronteras,10746,"https://diariosinfronteras.com.pe/wp-content/uploads/2025/02/67ad39e6dc93420f8f5febea-660x330.jpg, https://diariosinfronteras.com.pe/wp-content/uploads/2020/06/dxt-nav.png",577,,,Anticiclón del Pacífico Sur se acerca al Perú: Drásticos cambios de clima,https://diariosinfronteras.com.pe/2025/02/13/anticiclon-del-pacifico-sur-se-acerca-al-peru-drasticos-cambios-de-clima/
Desconocido,960,General,"Inicio PUNO Grave accidente en Azángaro: heridos son trasladados a clínicas en Juliaca y temen más fallecidos Grave accidente en Azángaro: heridos son trasladados a clínicas en Juliaca y temen más fallecidos Por Diario Sin Fronteras - 16 mayo, 2025 - En PUNO 1385 Varios heridos en estado crítico, producto del violento choque entre una minivan y un volquete ocurrido ayer en Azángaro, fueron trasladados de emergencia a la Clínica Americana de Juliaca debido a la gravedad de sus lesiones. Las víctimas se encuentran luchando por su vida, mientras las autoridades no descartan que el número de fallecidos pueda aumentar en las próximas horas. El accidente, que conmocionó a la población local, sigue bajo investigación para determinar sus causas exactas. Comentarios de Facebook También te puede interesar Puno: Intervienen al director de Energía y Minas por presunto uso indebido de camioneta en reunión privada El director regional de Energía y Minas, Edwin",2025-11-16T22:38:52.363631,2025-11-16T22:38:52.538229,2025-11-16T22:38:52.538232,Sin Fronteras,10745,"https://diariosinfronteras.com.pe/wp-content/uploads/2025/05/IMG_20250516_085718_800_x_533_pixel-660x330.jpg, https://diariosinfronteras.com.pe/wp-content/uploads/2020/06/dxt-nav.png",152,,,Grave accidente en Azángaro: heridos son trasladados a clínicas en Juliaca y temen más fallecidos,https://diariosinfronteras.com.pe/2025/05/16/grave-accidente-en-azangaro-heridos-son-trasladados-a-clinicas-en-juliaca-y-temen-mas-fallecidos/
Desconocido,1845,General,"Inicio PUNO Juliaca: Dictan 9 meses de prisión preventiva a investigado por presunto parricidi0 y h0micidio Juliaca: Dictan 9 meses de prisión preventiva a investigado por presunto parricidi0 y h0micidio Por Diario Sin Fronteras - 15 enero, 2025 - En PUNO 1143 Investigado. La Segunda Fiscalía Provincial Penal Corporativa de San Román   Juliaca, consiguió que se dicte prisión preventiva por 09 meses en contra de Luis Pino Hinojosa, quien viene siendo investigado por los delitos de parricidio y homicidio, en agravio de Q.E.V.F. Rita Hinojosa Monrroy de Pino y Q.E.V.F. Edelyn Fabiola Pino Hinojosa, madre y hermana del ahora imputado. Por su parte la fiscal adjunta provincial, Luz Marina Choque Monzón, detalló que, el hecho habría ocurrido la madrugada del pasado 13 de enero de 2025, en las instalaciones de la Institución Educativa Francis Anston de la ciudad de Juliaca, en donde se encontró los cuerpos sin vida de ambas víctimas. Asimismo se dio a conocer que, Luis Pino, fue detenido el mismo día de haber ocurrido los hechos, quien habría utilizado un disco cromado (pesa), para golpear a sus víctimas hasta el punto de dejarlas sin vida. Por otro lado se presume que el acusado tendría intereses patrimoniales lo cual le llevaría a cometer el doble crimen. De forma similar el imputado será investigado por el delito de lesiones leves, en agravio de Heber Wilson Aracayo Condori, quien era pareja de su hermana Edelyn Pino. En ese entender y tras las pruebas presentadas por parte del Ministerio Público, el investigado será recluido en el centro penitenciario que la autoridad designe, mientras continúan las investigaciones. Comentarios de Facebook También te puede interesar Puno: Intervienen al director de Energía y Minas por presunto uso indebido de camioneta en reunión privada El director regional de Energía y Minas, Edwin",2025-11-16T22:38:52.363631,2025-11-16T22:38:52.537271,2025-11-16T22:38:52.537273,Sin Fronteras,10744,"https://diariosinfronteras.com.pe/wp-content/uploads/2025/01/WhatsApp-Image-2025-01-15-at-6.43.03-PM-660x330.jpeg, https://diariosinfronteras.com.pe/wp-content/uploads/2020/06/dxt-nav.png",297,,,Juliaca: Dictan 9 meses de prisión preventiva a investigado por presunto parricidi0 y h0micidio,https://diariosinfronteras.com.pe/2025/01/15/juliaca-dictan-9-meses-de-prision-preventiva-a-investigado-por-presunto-parricidi0-y-h0micidio/
Desconocido,2375,General,"Inicio PUNO Amenazan con invadir terrenos de la avenida Bicentenario desde Chejoña hasta el óvalo de Salcedo Amenazan con invadir terrenos de la avenida Bicentenario desde Chejoña hasta el óvalo de Salcedo Por Diario Sin Fronteras - 6 junio, 2025 - En PUNO 1576 Un nutrido grupo de personas se agruparon en horas de la tarde para tomar posesión de los terrenos ubicados en el sector de Chejoña hasta el óvalo de Salcedo. Según dijeron habían lotizado la zona para que allí se construya un mercado y terminal. Algunos aseguran tener el  visto bueno del municipio , pero no especificaban con quién habían coordinado. Se registró un conato de bronca con algunas personas que aparecieron indicando ser los propietarios, aunque estos están en litigio con la Municipalidad Provincial de Puno (MPP) y el 4 de diciembre de 2024, en un operativo multisectorial liderado por el fiscal especializado en Material Ambiental, dispuso la destrucción de los cercos y algunas precarias construcción porque se indicó que eran inescrupulosos que habrían invadido la Faja Marginal del lago Titicaca. Ellos decían tener escrituras públicas e incluso pago de autoavalúos, pero no los mostraban. Hubo un momento en que hubo roses y empellones, pero el enfrentamiento no pasó a mayores. El bando de los supuestos  dueños  fue tildado de  invasores  y se les recordaban que toda esa área donde reposan desmontes a un costado de la pista, eran públicos porque corresponden a la faja marginal, es decir cuando se eleva el nivel del lago Titicaca, sus aguas alcanzan el nivel de esos terrenos. Muestra de ello, se percibe en las totorales que crecen en aquellos predios que desde hace algunos años son rellenados con desmontes y escombros. DEMARCACIÓN Casi al peinar la noche, la turba creció y ya eran unas 150 personas. A esas horas ya habían demarcado los que serias sus puestos.  Son terrenos del estado.  Fuera invasores!, arengaba la muchedumbre y al igual que los supuestos propietarios se agenciaban de palos, como queriendo demostrar que han venido a quedarse. INSCRIPCIÓN Un par de personas, hombre y mujer, inscribían a los que deseen, refiriendo que si sobraban lotes serían para ellos. Comentarios de Facebook También te puede interesar Puno: Intervienen al director de Energía y Minas por presunto uso indebido de camioneta en reunión privada El director regional de Energía y Minas, Edwin",2025-11-16T22:38:52.363631,2025-11-16T22:38:52.536827,2025-11-16T22:38:52.536829,Sin Fronteras,10743,"https://diariosinfronteras.com.pe/wp-content/uploads/2025/06/IMG_20250606_190034_800_x_533_pixel-660x330.jpg, https://diariosinfronteras.com.pe/wp-content/uploads/2020/06/dxt-nav.png",389,,,Amenazan con invadir terrenos de la avenida Bicentenario desde Chejoña hasta el óvalo de Salcedo,https://diariosinfronteras.com.pe/2025/06/06/amenazan-con-invadir-terrenos-de-la-avenida-bicentenario-desde-chejona-hasta-el-ovalo-de-salcedo/
Desconocido,1124,General,"Inicio POLITICA Presidenta Dina Boluarte insiste en programa propio como Hugo Chávez Presidenta Dina Boluarte insiste en programa propio como Hugo Chávez Por Diario Sin Fronteras - 24 junio, 2025 - En POLITICA 840 La presidenta Dina Boluarte insiste en un programa propio al estilo de Hugo Chávez, una estrategia que divide a su equipo mientras enfrenta una caída en su aprobación. Según fuentes de Palacio, el proyecto  Cada Domingo a las 8 p. m. , aún en secreto, busca reconectar con la ciudadanía, aunque críticos lo ven como un intento desesperado por controlar su narrativa. El programa surge en un contexto donde la mandataria evita declaraciones a la prensa desde hace más de 200 días, mientras su gabinete se fractura por la falta de confianza. Expertos señalan que, con un 2026 cercano, la apuesta televisiva podría ser su último recurso para revertir una imagen erosionada por protestas y descontento social. Comentarios de Facebook También te puede interesar Puno: Intervienen al director de Energía y Minas por presunto uso indebido de camioneta en reunión privada El director regional de Energía y Minas, Edwin",2025-11-16T22:38:52.363631,2025-11-16T22:38:52.535828,2025-11-16T22:38:52.535831,Sin Fronteras,10742,"https://diariosinfronteras.com.pe/wp-content/uploads/2025/06/dina-boluarte-hugo-chavez-800x533-1-660x330.jpg, https://diariosinfronteras.com.pe/wp-content/uploads/2020/06/dxt-nav.png",183,,,Presidenta Dina Boluarte insiste en programa propio como Hugo Chávez,https://diariosinfronteras.com.pe/2025/06/24/presidenta-dina-boluarte-insiste-en-programa-propio-como-hugo-chavez/
Desconocido,1578,General,"Inicio PUNO Puno: Alertan por joven desaparecido en río Puno: Alertan por joven desaparecido en río Por Redacción Diario Sin Fronteras - 23 diciembre, 2024 - En PUNO 679 Alertan por joven desaparecido en río Ayaviri. El último fin de semana vecinos de Pueblo Libre de Ayaviri vivieron momentos de angustia tras observar que un joven, acompañado de otro, se encontraba libando licor cerca del reservorio Caisso, en las inmediaciones del río Ayaviri. Según testigos, alrededor de las 5:30 p. m., uno de los jóvenes, quien vestía un buzo de color azul, ingresó al río por un posible reto y desapareció río abajo, lo que generó gran preocupación en la comunidad. Ante esta emergencia, los vecinos alertaron rápidamente a las autoridades y los efectivos del Serenazgo iniciaron una intensa búsqueda en las cercanías del río. Sin embargo, hasta el momento no han logrado encontrar al joven desaparecido ni obtener resultados positivos en las labores de rescate. Se hace un llamado urgente a las familias para que verifiquen que sus hijos se encuentren en casa, con el fin de evitar incidentes similares. Las autoridades han solicitado la colaboración de los pobladores y cualquier información que pueda ayudar a ubicar al joven y apoyar en las tareas de rescate. Cabe resaltar que la comunidad local permanece a la espera de información sobre el desenlace de esta lamentable situación. Comentarios de Facebook También te puede interesar Arequipa: Tragedia en Arequipa: bus interprovincial cae a un abismo y deja 37 muertos y 14 heridos Una nueva tragedia enluta las carreteras del sur",2025-11-16T22:38:52.363631,2025-11-16T22:38:52.535384,2025-11-16T22:38:52.535386,Sin Fronteras,10741,"https://diariosinfronteras.com.pe/wp-content/uploads/2024/12/Alertan-por-joven-que-desaparecio-en-Rio-660x330.jpeg, https://diariosinfronteras.com.pe/wp-content/uploads/2020/06/dxt-nav.png",258,"Ayaviri. El último fin de semana vecinos de Pueblo Libre de Ayaviri vivieron momentos de angustia tras observar que un joven, acompañado de otro, se encontraba libando licor cerca del reservorio Caisso, en las inmediaciones del río Ayaviri.",,Puno: Alertan por joven desaparecido en río,https://diariosinfronteras.com.pe/2024/12/23/puno-alertan-por-joven-desaparecido-en-rio/
Desconocido,2204,General,"Inicio AREQUIPA No se podrá ingresar con mascotas y bebidas alcohólicas a cementerio La Apacheta No se podrá ingresar con mascotas y bebidas alcohólicas a cementerio La Apacheta Por Diario Sin Fronteras - 27 octubre, 2024 - En AREQUIPA 810 Miles visitan a sus difuntos este 1 y 2 de noviembre. Durante el Día de Todos los Santos, que se celebra el 1 de noviembre, y el Día de los Fieles Difuntos, el 2 de noviembre, se espera recibir a unas 160 mil personas en el Cementerio General de La Apacheta, ubicado en el distrito de José Luis Bustamante y Rivero. Para ello, se vienen tomando previsiones junto a la municipalidad distrital para evitar caos en la zona y mantener el orden. Augusto Arce Paredes, gerente general de la Sociedad de Beneficencia de Arequipa, informó que, además del municipio, también están coordinado con la Policía Nacional para realizar un control adecuado en inmediaciones del camposanto. Por ejemplo, se desarrollarán durante los días de mayor concurrencia varias rondas de patrullaje, tanto a pie como motorizado. En cuanto a trabajos internos en el cementerio, se viene realizando una limpieza general en las instalaciones, y va quedando todo listo para la llegada de los visitantes. Estos no podrán ingresar bebidas alcohólicas al camposanto. Asimismo, se ha limitado el ingreso de alimentos y se ha dispuesto rondas de control para evitar la presencia de comerciantes ambulantes. Entre las restricciones, también se ha prohibido el ingreso de mascotas, de vehículos y de bicicletas por la puerta principal (avenida Vidaurrázaga). Sobre el estacionamiento, se informó que se ha habilitado una cochera en el ingreso de la Av. Arequipa. De otro lado, se explicó que solo se puede dejar 4 arreglos florales por nicho o tumba. MÁS CEMENTERIOS En Miraflores también se preparan para el Día de Todos los Santos. El alcalde Germán Torres informó que se ha hecho la limpieza general en el Cementerio Municipal de su distrito, con la colaboración de la III División del Ejercito. Comentarios de Facebook También te puede interesar Puno: Intervienen al director de Energía y Minas por presunto uso indebido de camioneta en reunión privada El director regional de Energía y Minas, Edwin",2025-11-16T22:38:52.363631,2025-11-16T22:38:52.534321,2025-11-16T22:38:52.534323,Sin Fronteras,10740,"https://diariosinfronteras.com.pe/wp-content/uploads/2024/10/WhatsApp-Image-2023-06-13-at-9.34.10-AM-1024x768-1-660x330.jpeg, https://diariosinfronteras.com.pe/wp-content/uploads/2020/06/dxt-nav.png",363,"Durante el Día de Todos los Santos, que se celebra el 1 de noviembre, y el Día de los Fieles Difuntos, el 2 de noviembre, se espera recibir a unas 160 mil personas en el Cementerio General de La Apacheta, ubicado en el distrito de José Luis Bustamante y Rivero. Para ello, se vienen tomando previsiones junto a la municipalidad distrital para evitar caos en la zona y mantener el orden.",,No se podrá ingresar con mascotas y bebidas alcohólicas a cementerio La Apacheta,https://diariosinfronteras.com.pe/2024/10/27/no-se-podra-ingresar-con-mascotas-y-bebidas-alcoholicas-a-cementerio-la-apacheta/
Desconocido,2320,General,"Inicio NACIONAL Aumento de sueldo de la presidenta Boluarte podría beneficiar a otros funcionarios públicos Aumento de sueldo de la presidenta Boluarte podría beneficiar a otros funcionarios públicos Por Diario Sin Fronteras - 6 julio, 2025 - En NACIONAL 525 El cuestionado aumento de sueldo de la presidenta Dina Boluarte, que elevará su remuneración a más de S  35 000 mensuales, no solo beneficia a la jefa de Estado, sino que podría replicarse en todos los funcionarios del Despacho Presidencial. La exjefa de la Autoridad Nacional del Servicio Civil, Janeyri Boyer, explicó que con la aplicación de la nueva escala remunerativa no se requiere ninguna norma adicional:  Desde la cabeza, de rey a paje, todos podrían ver incrementada su remuneración de acuerdo a la norma vigente . Boyer detalló que el Decreto Supremo que aprueba el  cuadro de puestos  de la entidad fija los techos remunerativos, de modo que, una vez ajustado el salario de la presidenta, los demás servidores del Despacho Presidencial simplemente se acogen al mismo mecanismo de actualización.  En este instrumento de gestión está establecido cuánto ganarían los demás colaboradores de la Presidencia , señaló en entrevista, subrayando que el proceso es automático y de carácter técnico. En respuesta, el ministro del Interior, Carlos Malaver, defendió la medida al calificarla como un  sinceramiento real  de las responsabilidades presidenciales y aseguró que el Ejecutivo respeta las iniciativas legislativas que buscan dejar sin efecto el incremento. Malaver reafirmó que las ocho iniciativas presentadas en el Congreso para derogar el Decreto Supremo están en consideración y que el Ejecutivo sabrá  responder en el momento indicado . Mientras tanto, la Comisión de Fiscalización del Congreso aprobó exhortar a la presidenta Dina Boluarte a presentarse ante el pleno parlamentario para explicar el alza de su sueldo, luego de que ningún ministro asistiera a la citación del grupo de trabajo. El requerimiento busca transparentar los alcances del ajuste y esclarecer si dicha medida responde a criterios técnicos o a una decisión política. Comentarios de Facebook También te puede interesar Puno: Intervienen al director de Energía y Minas por presunto uso indebido de camioneta en reunión privada El director regional de Energía y Minas, Edwin",2025-11-16T22:38:52.363631,2025-11-16T22:38:52.533354,2025-11-16T22:38:52.533356,Sin Fronteras,10739,"https://diariosinfronteras.com.pe/wp-content/uploads/2025/07/WhatsApp-Image-2025-07-05-at-11.07.15-PM-660x330.jpeg, https://diariosinfronteras.com.pe/wp-content/uploads/2020/06/dxt-nav.png",361,,,Aumento de sueldo de la presidenta Boluarte podría beneficiar a otros funcionarios públicos,https://diariosinfronteras.com.pe/2025/07/06/aumento-de-sueldo-de-la-presidenta-boluarte-podria-beneficiar-a-otros-funcionarios-publicos/
Desconocido,1827,General,"Inicio NACIONAL Juicio a Bermejo: Fiscalía sostiene que recibió adoctrinamiento de Sendero Luminoso Juicio a Bermejo: Fiscalía sostiene que recibió adoctrinamiento de Sendero Luminoso Por Diario Sin Fronteras - 15 julio, 2025 - En NACIONAL, POLITICA 1044 Fiscalía lo investiga. La fiscal Rosa Díaz sustentó este martes 15 de julio la acusación contra el congresista Guillermo Bermejo, por el presunto delito de afiliación a una organización terrorista. Según la representante del Ministerio Público, entre 2008 y los primeros meses de 2009, Bermejo habría visitado campamentos de Sendero Luminoso en el Vraem para recibir adoctrinamiento político y entrenamiento con armas. Se habría reunido con los Quispe Palomino  cabecillas del grupo armado  y con individuos ya sentenciados por terrorismo. La fiscal detalló que Bermejo, identificado con el alias  Che , fue acompañado por Wilder Satalaya ( camarada Coqui ), Sergio Gonzáles Apaza ( camarada Sergio ) y Richard Hermenegildo Laurencio del Valle ( camarada Richard ). Todos ellos ya fueron condenados por delitos vinculados al terrorismo. También se le atribuye la misión de establecer vínculos con grupos terroristas internacionales. Para ello, habría recibido un USB con documentos de SL entregado directamente por los hermanos Quispe Palomino. Un testigo protegido señaló además que Bermejo visitó Ayacucho en 2009, donde se habría reunido con Walther Minaya Romero y Ulcer Pillpa Paitán, también sentenciados por terrorismo. Tras la exposición fiscal, el juez Juan Carlos Santillán, de la Tercera Sala Penal Superior Liquidadora Transitoria, suspendió la audiencia hasta el 25 de julio a las 4:00 p.m. Comentarios de Facebook También te puede interesar Cientos de jóvenes puneños rinden examen de preselección para Beca 18 Aspirantes de toda la región participaron en la",2025-11-16T22:38:52.363631,2025-11-16T22:38:52.532750,2025-11-16T22:38:52.532753,Sin Fronteras,10738,"https://diariosinfronteras.com.pe/wp-content/uploads/2025/07/guillermo-bermejo-660x330.jpg, https://diariosinfronteras.com.pe/wp-content/uploads/2020/06/dxt-nav.png",276,La Fiscalía sostiene que Guillermo Bermejo fue adoctrinado por Sendero Luminoso y buscó contactos con grupos terroristas internacionales.,,Juicio a Bermejo: Fiscalía sostiene que recibió adoctrinamiento de Sendero Luminoso,https://diariosinfronteras.com.pe/2025/07/15/fiscalia-acusa-bermejo-nexos-sendero-luminoso-juicio-25-julio/
Desconocido,1514,General,"Inicio PUNO Azángaro: Sentencian a 12 años de cárcel a sujeto acusado de haber abusado sexualmente de una mujer mayor de edad Azángaro: Sentencian a 12 años de cárcel a sujeto acusado de haber abusado sexualmente de una mujer mayor de edad Por Redacción Diario Sin Fronteras - 20 mayo, 2025 - En PUNO 498 La Segunda Fiscalía Provincial Penal Corporativa de Azángaro, tras la medida de conclusión anticipada logró que se dicte sentencia de 12 años de pena privativa de la libertad efectiva en contra de Orlando Rudi Huanco Mamani, autor del delito de violación sexual de una mujer mayor de edad de iniciales B.A.S. El fiscal provincial, David Alexander Mendoza Flores, detalló que, el 29 de junio de 2024, la víctima fue ultrajada sexualmente por su compañero de trabajo cuando trabajan en un restaurante en el distrito de Antauta, de la provincia de Azángaro. Al día siguiente, el imputado, aprovechó nuevamente que en horas de la noche no se encontraba nadie en el local, para abusar por segunda vez de la agraviada, advirtiéndole que no contara nada de lo ocurrido. No obstante, la agraviada realizó la denuncia respectiva ante la policía; para posteriormente ser detenido por las autoridades. El investigado se encuentra recluido desde 01 de julio de 2024 en el penal de Juliaca al dictársele prisión preventiva. Comentarios de Facebook También te puede interesar Arequipa: Tragedia en Arequipa: bus interprovincial cae a un abismo y deja 37 muertos y 14 heridos Una nueva tragedia enluta las carreteras del sur",2025-11-16T22:38:52.363631,2025-11-16T22:38:52.532184,2025-11-16T22:38:52.532187,Sin Fronteras,10737,"https://diariosinfronteras.com.pe/wp-content/uploads/2025/05/IMG-20250520-WA0009.jpg, https://diariosinfronteras.com.pe/wp-content/uploads/2020/06/dxt-nav.png",252,Azángaro: Sentencian a 12 años de cárcel a sujeto acusado de haber abusado sexualmente de una mujer mayor de edad.,,Azángaro: Sentencian a 12 años de cárcel a sujeto acusado de haber abusado sexualmente de una mujer mayor de edad,https://diariosinfronteras.com.pe/2025/05/20/azangaro-sentencian-a-12-anos-de-carcel-a-sujeto-acusado-de-haber-abusado-sexualmente-de-una-mujer-mayor-de-edad/
Desconocido,2076,General,"Inicio PUNO Puno: PEBLT en silencio tras provocar un accidente Puno: PEBLT en silencio tras provocar un accidente Por Redacción Diario Sin Fronteras - 22 octubre, 2024 - En PUNO 589 PEBLT en silencio tras provocar un accidente El pasado sábado 12 de octubre, una camioneta perteneciente al Proyecto Especial Binacional de Lago Titicaca (PEBLT) protagonizó un accidente en una de las calles del distrito de Asillo, provincia de Azángaro, dejando en muy mal estado al conductor de una moto lineal. Desde entonces, nadie se pronuncio al respecto. El hecho ocurrió al promediar las 13:40 horas de la tarde cuando el profesor Damián Ñaupa Pacori, que pasaba entre los jirones Inambari y Melgar a bordo de su motocicleta, fue impactado por la camioneta Toyota, modelo Fortuner, con placa de rodaje EAE-453, perteneciente al PEBLT. La Policía de la comisaría de Asillo intervino y la unidad permanece en dicha comisaría hasta la fecha. Ñaupa Pacori resultó con múltiples lesiones en diferentes partes del cuerpo, por lo que fue trasladado a la ciudad de Juliaca para recibir el tratamiento correspondiente; sin embargo, no estaría recibiendo apoyo alguno de quienes ocasionaron el accidente. Sin Fronteras logró comunicarse con Roberto Cuno Mamani, quien conducía la lujosa camioneta del PEBLT aquel día. Al ser preguntado sobre qué hacía un día sábado en Asillo, respondió brevemente que se trasladaban funcionarios del PEBLT para reunirse con alcaldes y dirigentes de la cuenca Ramis, aunque expresó cierta duda sobre si estaba presente el director del PEBLT. Sin embargo, Pedro Callohuanca Callohuanca, dirigente de la Cuenca Ramis, descartó cualquier tipo de reunión pactada para el día 12 de octubre.  No hemos tenido ninguna reunión el día sábado; más bien, el lunes 14 de octubre tuvimos una reunión con el director ejecutivo del PEBLT a petición de ellos en Progreso , afirmó. Comentarios de Facebook También te puede interesar Arequipa: Tragedia en Arequipa: bus interprovincial cae a un abismo y deja 37 muertos y 14 heridos Una nueva tragedia enluta las carreteras del sur",2025-11-16T22:38:52.363631,2025-11-16T22:38:52.531749,2025-11-16T22:38:52.531752,Sin Fronteras,10736,"https://diariosinfronteras.com.pe/wp-content/uploads/2024/10/PEBLT-en-silencio-tras-provocar-un-accidente-660x330.jpg, https://diariosinfronteras.com.pe/wp-content/uploads/2020/06/dxt-nav.png",334,"El pasado sábado 12 de octubre, una camioneta perteneciente al Proyecto Especial Binacional de Lago Titicaca (PEBLT) protagonizó un accidente en una de las calles del distrito de Asillo, provincia de Azángaro, dejando en muy mal estado al conductor de una moto lineal. Desde entonces, nadie se pronuncio al respecto.",,Puno: PEBLT en silencio tras provocar un accidente,https://diariosinfronteras.com.pe/2024/10/22/puno-peblt-en-silencio-tras-provocar-un-accidente/
Desconocido,1534,General,"Inicio PUNO Calor en el altiplano y lluvia en la selva puneña Calor en el altiplano y lluvia en la selva puneña Por Diario Sin Fronteras - 1 día atrás - En PUNO 153 Desde hoy hasta el lunes 17 de noviembre, el altiplano puneño registrará un calor intenso con temperaturas que podrían llegar hasta los 29 grados; mientras que, en la selva puneña se registrarán lluvias. Según el Senamhi, el incremento de la temperatura durante el día será de moderada a fuerte intensidad. Se prevé escasa nubosidad hacia el mediodía, lo que favorecerá un aumento significativo de la radiación ultravioleta (UV). Además, se esperan precipitaciones localizadas y ráfagas de viento con velocidades cercanas a los 40 kilómetros por hora. Para hoy sábado se prevén temperaturas entre 17 y 29 grados en las provincias de Puno, Chucuito, El Collao, Lampa y San Román. Mientras que, para el domingo 16 y lunes 17 de noviembre, se prevén valores de entre 16 y 28 grados en las provincias de Puno, Azángaro, Chucuito, El Collao, Huancané, Lampa, Melgar, Moho, San Antonio de Putina, San Román y Yunguyo. SELVA Asimismo, durante este fin se semana y hasta el martes 17 de noviembre, se registrarán lluvias de ligera a fuerte intensidad en la selva puneña. Las provincias de Sandia y Carabaya soportarán acumulados de lluvia entre 50 y 70 milímetros por día. Comentarios de Facebook También te puede interesar Puno: Intervienen al director de Energía y Minas por presunto uso indebido de camioneta en reunión privada El director regional de Energía y Minas, Edwin",2025-11-16T22:38:52.363631,2025-11-16T22:38:52.530094,2025-11-16T22:38:52.530097,Sin Fronteras,10735,"https://diariosinfronteras.com.pe/wp-content/uploads/2025/11/foto-calor-1-660x330.jpg, https://diariosinfronteras.com.pe/wp-content/uploads/2020/06/dxt-nav.png",259,,,Calor en el altiplano y lluvia en la selva puneña,https://diariosinfronteras.com.pe/2025/11/15/calor-en-el-altiplano-y-lluvia-en-la-selva-punena/
Desconocido,903,General,"Inicio AREQUIPA Arequipa: conductor de camión resulta herido tras choque en la Variante Arequipa: conductor de camión resulta herido tras choque en la Variante Por Diario Sin Fronteras - 13 junio, 2024 - En AREQUIPA 884 Conductor fue trasladado a la clínica San Pablo. El conductor de un camioncito de placa V0N-741 resultó herido tras chocar contra otra unidad este jueves por la mañana en la vía Variante de Uchumayo en Arequipa. El accidente de tránsito ocurrió al promediar 9:00 de la mañana a la altura del lateral 106 de la vía, al frente de la posta del Cural. El otro vehículo que protagonizó el accidente era un camión de placa ASZ- 749 marca. El conductor de la primera unidad tuvo que ser trasladado a la clínica San Pablo. Comentarios de Facebook También te puede interesar Cientos de jóvenes puneños rinden examen de preselección para Beca 18 Aspirantes de toda la región participaron en la",2025-11-16T22:38:52.363631,2025-11-16T22:38:52.529418,2025-11-16T22:38:52.529420,Sin Fronteras,10734,"https://diariosinfronteras.com.pe/wp-content/uploads/2024/06/conductor-camion-herido-660x330.jpg, https://diariosinfronteras.com.pe/wp-content/uploads/2020/06/dxt-nav.png",155,,,Arequipa: conductor de camión resulta herido tras choque en la Variante,https://diariosinfronteras.com.pe/2024/06/13/arequipa-conductor-de-camion-resulta-herido-tras-choque-en-la-variante/
Desconocido,947,General,"Inicio PUNO Puno: Ebrio es auxiliado tras exponerse a la lluvia Puno: Ebrio es auxiliado tras exponerse a la lluvia Por Redacción Diario Sin Fronteras - 29 enero, 2025 - En PUNO 898 Ebrio es auxiliado tras exponerse a la lluvia Los vecinos de la primera cuadra del jirón Bolognesi alertaron a Serenazgo sobre un varón de unos 20 años que se encontraba recostado en la vereda en aparente estado de ebriedad y que al parecer se quedó dormido por varias horas en medio de la lluvia intensa que cayó en Puno desde la madrugada. La víctima tenía principios de hipotermia y fue llevado de urgencia al servicio de emergencia del Hospital Regional Manuel Núñez Butrón. El personal de salud lo diagnosticó con etilismo agudo, el paciente se hallaba como NN. Comentarios de Facebook También te puede interesar Arequipa: Tragedia en Arequipa: bus interprovincial cae a un abismo y deja 37 muertos y 14 heridos Una nueva tragedia enluta las carreteras del sur",2025-11-16T22:38:52.363631,2025-11-16T22:38:52.529166,2025-11-16T22:38:52.529168,Sin Fronteras,10733,"https://diariosinfronteras.com.pe/wp-content/uploads/2025/01/ebrio-es-auxiliado-tras-exponerse-a-la-lluvia-2-660x330.jpeg, https://diariosinfronteras.com.pe/wp-content/uploads/2020/06/dxt-nav.png",163,Los vecinos de la primera cuadra del jirón Bolognesi alertaron a Serenazgo sobre un varón de unos 20 años que se encontraba recostado en la vereda en aparente estado de ebriedad y que al parecer se quedó dormido por varias horas en medio de la lluvia intensa que cayó en Puno desde la madrugada.,,Puno: Ebrio es auxiliado tras exponerse a la lluvia,https://diariosinfronteras.com.pe/2025/01/29/puno-ebrio-es-auxiliado-tras-exponerse-a-la-lluvia/
Desconocido,896,General,"Inicio PUNO Puno: Conductor ebrio provoca choque en sector Mucra Puno: Conductor ebrio provoca choque en sector Mucra Por Redacción Diario Sin Fronteras - 6 enero, 2025 - En PUNO 817 Conductor ebrio provoca choque en sector Mucra Los agentes de Serenazgo, tras una llamada de emergencia se trasladaron a la carretera Juliaca   Cusco, sector Mucra, en donde la combi de la empresa  Línea 100  , de placa Z7I-627, colisionó con la miniván de placa Z7O-697. La propietaria de la combi urbana acusó al conductor de la miniván, identificado como Fredy Larico, de presuntamente de manejar ebrio. Sin embargo, no hubo intervención policial, ya que los conductores acordaron solucionar el caso en privado. Comentarios de Facebook También te puede interesar Arequipa: Tragedia en Arequipa: bus interprovincial cae a un abismo y deja 37 muertos y 14 heridos Una nueva tragedia enluta las carreteras del sur",2025-11-16T22:38:52.363631,2025-11-16T22:38:52.528680,2025-11-16T22:38:52.528683,Sin Fronteras,10732,"https://diariosinfronteras.com.pe/wp-content/uploads/2025/01/2.-CONDUCTOR-EBRIO-PROVOCA-CHOQUE-EN-MUCRA-660x330.jpg, https://diariosinfronteras.com.pe/wp-content/uploads/2020/06/dxt-nav.png",145,"Los agentes de Serenazgo, tras una llamada de emergencia se trasladaron a la carretera Juliaca - Cusco, sector Mucra, en donde la combi de la empresa  Línea 100  , de placa Z7I-627, colisionó con la miniván de placa Z7O-697.",,Puno: Conductor ebrio provoca choque en sector Mucra,https://diariosinfronteras.com.pe/2025/01/06/puno-conductor-ebrio-provoca-choque-en-sector-mucra/
Desconocido,1861,General,"Inicio AREQUIPA Arequipa: Necesitan 30 mil soles para mantener con vida a padre Arequipa: Necesitan 30 mil soles para mantener con vida a padre Por Diario Sin Fronteras - 25 julio, 2025 - En AREQUIPA 1694 Cualquier apoyo económico a través del Yape 97368785 a nombre de Delia. La familia de William Lázaro Zúñiga (53) está desesperada pues necesitan con urgencia 30 mil soles para que él continúe internado en la Unidad de Cuidados Intensivos (UCI) de la clínica San Juan de Dios, luego de que le amputaran la pierna izquierda tras ser arrollado por un camión sin conductor en Cerro Colorado. Su esposa, Delia Aycachi, entre lágrimas pide apoyo económico ya que William es el único sustento del hogar y padre de una niña con trastorno del espectro autista. Como se recuerda el trágico accidente ocurrió el martes en la calle Suiza, cuando el camión de placa V5P-847, cargado de cemento y fierros, descendió sin control por una pendiente y lo aplastó contra una pared mientras intentaba ingresar a su trabajo. La víctima quedó gravemente herida, y tuvo que ser inducida al coma debido a la gravedad de sus lesiones.  Ya se acabó el SOAT, no tenemos dinero, y los responsables no aparecen , afirmó Delia entre lágrimas. Según el testimonio de testigos, tras el impacto, un sujeto apareció, retiró la llave del camión y escapó sin brindarle auxilio. Posteriormente, la Policía halló una mica con la licencia de conducir de Freddy Enrique Choque Quispe (50), presunto chofer de la unidad. Sin embargo, el vehículo estaba siendo conducido por Jesús Montañez Juro, quien no cuenta con la categoría de licencia para manejar camiones pesados y continúa inubicable. Comentarios de Facebook También te puede interesar Puno: Intervienen al director de Energía y Minas por presunto uso indebido de camioneta en reunión privada El director regional de Energía y Minas, Edwin",2025-11-16T22:38:52.363631,2025-11-16T22:38:52.528146,2025-11-16T22:38:52.528148,Sin Fronteras,10731,"https://diariosinfronteras.com.pe/wp-content/uploads/2025/07/a-38-660x330.jpeg, https://diariosinfronteras.com.pe/wp-content/uploads/2020/06/dxt-nav.png",310,,,Arequipa: Necesitan 30 mil soles para mantener con vida a padre,https://diariosinfronteras.com.pe/2025/07/25/arequipa-necesitan-30-mil-soles-para-mantener-con-vida-a-padre/
Desconocido,2272,General,"Inicio DiarioSF Puno: Licenciamiento en Uancv continúa  en la sombra  Puno: Licenciamiento en Uancv continúa  en la sombra  Por Redacción Diario Sin Fronteras - 31 marzo, 2025 - En DiarioSF 433 Licenciamiento en Uancv continúa  en la sombra  La Universidad Andina Néstor Cáceres Velásquez (UANCV) enfrenta una creciente crisis institucional debido a las constantes suspensiones de sus asambleas universitarias, lo que ha generado dudas sobre la transparencia en la gestión del Rectorado. A esto se suma la falta de avances concretos en el proceso de licenciamiento, poniendo en riesgo la estabilidad de la universidad. Al respecto, le consultamos al miembro de la Asamblea Universitaria, Néstor Barrantes, quien confirmó que el tema central de las sesiones es la modificación del estatuto universitario, pero cuestionó que hasta la fecha ya se han suspendido dos reuniones sin explicaciones claras.  La primera suspensión fue el 10 de febrero sin justificación alguna, y la segunda ocurrió el 24 de marzo. Solo colocaron un aviso en la puerta indicando que era  por razones de legitimidad estatutaria , pero nadie entiende qué significa realmente ese comunicado , expresó. En un contexto donde el licenciamiento de la UANCV es una prioridad, Barrantes lamentó que no haya información sobre los avances en este proceso.  No tenemos ninguna comunicación oficial sobre el estado del licenciamiento. Es el rector quien debería dar explicaciones al respecto , mencionó. Sobre las propuestas para la modificación del estatuto, aclaró que no se ha contemplado ampliar la edad límite de los docentes y del rector de 70 a 75 años.  No creo que se amplíe, ya es una tradición que se mantenga en 70 años , señaló. INCERTIDUMBRE Las constantes suspensiones y la falta de información sobre el licenciamiento han provocado malestar e incertidumbre entre los estudiantes, docentes y la población juliaqueña, quienes exigen respuestas inmediatas. La incertidumbre crece y la presión sobre el Rectorado aumenta, mientras la universidad sigue sin rumbo claro en su proceso de licenciamiento. Comentarios de Facebook También te puede interesar Arequipa: Tragedia en Arequipa: bus interprovincial cae a un abismo y deja 37 muertos y 14 heridos Una nueva tragedia enluta las carreteras del sur",2025-11-16T22:38:52.363631,2025-11-16T22:38:52.526780,2025-11-16T22:38:52.526783,Sin Fronteras,10730,"https://diariosinfronteras.com.pe/wp-content/uploads/2025/03/uncav-660x330.jpg, https://diariosinfronteras.com.pe/wp-content/uploads/2020/06/dxt-nav.png",355,"La Universidad Andina Néstor Cáceres Velásquez (UANCV) enfrenta una creciente crisis institucional debido a las constantes suspensiones de sus asambleas universitarias, lo que ha generado dudas sobre la transparencia en la gestión del Rectorado.",,Puno: Licenciamiento en Uancv continúa  en la sombra,https://diariosinfronteras.com.pe/2025/03/31/puno-licenciamiento-en-uancv-continua-en-la-sombra/
Desconocido,1762,General,"Inicio NACIONAL Aumento de sueldo para congresistas: propuesta costaría al Estado más de S 129 millones al año Aumento de sueldo para congresistas: propuesta costaría al Estado más de S 129 millones al año Por Diario Sin Fronteras - 21 agosto, 2025 - En NACIONAL 1403 La Comisión de Constitución del Congreso ha generado controversia tras plantear que los próximos 130 diputados y 60 senadores perciban una remuneración mensual de 42,717 soles, casi el triple de lo que ganan actualmente los congresistas (15 mil soles). El incremento, que equipararía sus ingresos al de un juez supremo titular, no cuenta con un sustento técnico ni meritocrático en los predictámenes revisados.  Es un agravio que este Congreso lo haga. Dirán que será para el próximo, pero muchos buscan la reelección y no tienen calidad moral para aprobar un aumento de esta magnitud , cuestionó Walter Albán, exministro del Interior. En la misma línea, el exoficial mayor del Congreso, José Elice, rechazó la medida:  Es una barbaridad que este Congreso decida lo que corresponde al siguiente. El nuevo Parlamento será autónomo y debe tomar sus propias decisiones, no recibir reglas impuestas . De aprobarse la propuesta, el gasto mensual del Estado en remuneraciones parlamentarias ascendería a más de 8 millones de soles, lo que representaría 129 millones de soles anuales si se mantienen los 16 sueldos que hoy recibe cada congresista. Actualmente, con gratificaciones y beneficios, un parlamentario ya bordea los 30 mil soles anuales, una cifra que se acerca a la de un juez supremo. Comentarios de Facebook También te puede interesar Puno: Intervienen al director de Energía y Minas por presunto uso indebido de camioneta en reunión privada El director regional de Energía y Minas, Edwin",2025-11-16T22:38:52.363631,2025-11-16T22:38:52.525617,2025-11-16T22:38:52.525620,Sin Fronteras,10729,"https://diariosinfronteras.com.pe/wp-content/uploads/2025/08/orig-1753452987372-660x330.jpg, https://diariosinfronteras.com.pe/wp-content/uploads/2020/06/dxt-nav.png",285,,,Aumento de sueldo para congresistas: propuesta costaría al Estado más de S 129 millones al año,https://diariosinfronteras.com.pe/2025/08/21/aumento-de-sueldo-para-congresistas-propuesta-costaria-al-estado-mas-de-s-129-millones-al-ano/
Desconocido,1373,General,"Inicio PUNO Puno: Candidato en Pisacoma sufre revés por rechazo del JNE Puno: Candidato en Pisacoma sufre revés por rechazo del JNE Por Diario Sin Fronteras - 25 abril, 2025 - En PUNO 1699 El actual subprefecto distrital de Pisacoma, Wilber Carrasco Carrasco, sufrió un revés en sus pretensiones electorales, ya que el Jurado Nacional de Elecciones (JNE) invalidó su afiliación política al Movimiento de Integración y Revolución Andina (MIRA). Al consultar el historial de afiliación de Carrasco, se indica que el 7 de octubre de 2024 el movimiento lo incluyó en el padrón de afiliados; sin embargo, el JNE precisó que no lo presentó como miembro de ningún comité provincial o distrital, ni fue elegido dirigente o representante. Por ello, su afiliación no lo valida para participar en el proceso de elecciones generales de 2026, al no cumplir los requisitos previstos en el Art. 2 de la Ley 32058. Por su parte, el aspirante a candidato refirió que acepta dicha situación, aunque indicó que, pese a ello, no descarta postular.  Ahora cumplimos la labor de subprefecto, pero si las voces del pueblo lo piden, podemos participar , expresó, evaluando otras alternativas. Comentarios de Facebook También te puede interesar Puno: Intervienen al director de Energía y Minas por presunto uso indebido de camioneta en reunión privada El director regional de Energía y Minas, Edwin",2025-11-16T22:38:52.363631,2025-11-16T22:38:52.525227,2025-11-16T22:38:52.525229,Sin Fronteras,10728,"https://diariosinfronteras.com.pe/wp-content/uploads/2025/04/WhatsApp-Image-2025-04-25-at-6.23.29-PM-660x330.jpeg, https://diariosinfronteras.com.pe/wp-content/uploads/2020/06/dxt-nav.png",224,,,Puno: Candidato en Pisacoma sufre revés por rechazo del JNE,https://diariosinfronteras.com.pe/2025/04/25/puno-candidato-en-pisacoma-sufre-reves-por-rechazo-del-jne/
Desconocido,2390,General,"Inicio PUNO Juliaca: Planearon millonario negociado en UANCV Juliaca: Planearon millonario negociado en UANCV Por Diario Sin Fronteras - 8 agosto, 2025 - En PUNO 762 En medio de un contexto de cuestionamientos a la gestión universitaria, se revelo que la Universidad Andina Néstor Cáceres Velásquez (UANCV) ha firmado dos contratos millonarios con la empresa Monitoreo y Seguridad del Perú S.A.C., con sede en Lima, para el suministro e instalación de ascensores panorámicos en su sede central de Juliaca. Los contratos, numerados 003-2025 y 004-2025, fueron firmados el 25 de junio de 2025 por el entonces rector (e), Milthon Quispe Huanca y la representante legal de la referida empresa, Laura Marita Salazar Asalbe. El primero contempla un ascensor para la Facultad de Ciencias Administrativas y el segundo para la Biblioteca de la Facultad de Ciencias Contables y Financieras, cada uno de 4 pisos. Cada contrato tiene un valor de S  450,000.00 sin incluir el Impuesto General a las Ventas (sin IGV), lo que significa que el monto total de ambos asciende a S  900,000.00. Con el IGV (18  ), la inversión alcanza S  1 millón 062 mil soles (S  1 062,000.00). GESTIONÓ ADELANTO Segun documentos, en fecha 26 de junio, Quispe Huanca, gestionó ante el Vicerrectorado Administrativo el adelanto de pago del 35  a la empresa Monitoreo y Seguridad del Perú S.A.C. (contratos N.  003-2025 y N.  004-2025), con el fin de garantizar la continuidad del servicio de seguridad en sus instalaciones. La solicitud, respaldada con contratos, poderes, documentos de identidad, factura y resoluciones. Por lo que la Oficina de Planificación Universitaria, a través de la Unidad de Infraestructura dirigida por Jhon Coronel y a pedido de Quispe presentó una solicitud urgente para la adquisición e instalación del ascensor eléctrico en la Ciudad Universitaria. Argumenta que, el proyecto, parte del Plan Operativo Institucional 2025 y aprobado mediante Resolución N.  0172-2025-UANCV-CU-R, tiene como objetivo cumplir con las Condiciones Básicas de Calidad exigidas por la Sunedu en el proceso de licenciamiento 1.5. Ayer, las autoridades rectoras descubrieron estos y otros documentos comprometedores. Comentarios de Facebook También te puede interesar Puno: Intervienen al director de Energía y Minas por presunto uso indebido de camioneta en reunión privada El director regional de Energía y Minas, Edwin",2025-11-16T22:38:52.363631,2025-11-16T22:38:52.524465,2025-11-16T22:38:52.524467,Sin Fronteras,10727,"https://diariosinfronteras.com.pe/wp-content/uploads/2025/08/ABRI-660x330.jpg, https://diariosinfronteras.com.pe/wp-content/uploads/2020/06/dxt-nav.png",372,,,Juliaca: Planearon millonario negociado en UANCV,https://diariosinfronteras.com.pe/2025/08/08/juliaca-planearon-millonario-negociado-en-uancv/
Desconocido,1241,General,"Inicio NACIONAL Andrés Hurtado sobre por qué debe enfrentar su juicio en libertad:  Tengo una hija de 9 años  Andrés Hurtado sobre por qué debe enfrentar su juicio en libertad:  Tengo una hija de 9 años  Por Diario Sin Fronteras - 30 septiembre, 2024 - En NACIONAL 505 Andrés Hurtado. Durante la audiencia donde se evaluó la solicitud de prisión preventiva en su contra, Andrés Hurtado expuso su deseo de enfrentar el juicio en libertad, citando su responsabilidad parental hacia su hija de nueve años, quien depende económicamente de él. En su declaración, destacó la necesidad de mantener la estabilidad emocional de su hija, mencionando que su escuela no es común y que desea proteger su entorno. Hurtado también enfatizó que nunca ha considerado huir del país, asegurando que siempre lleva a su hija al colegio y que tiene un arraigo laboral como gerente de relaciones públicas. Además, mencionó que reside en un departamento en Surco, lo que le permite estar cerca de su hija y cumplir con sus responsabilidades familiares diarias. Comentarios de Facebook También te puede interesar Puno: Intervienen al director de Energía y Minas por presunto uso indebido de camioneta en reunión privada El director regional de Energía y Minas, Edwin",2025-11-16T22:38:52.363631,2025-11-16T22:38:52.523738,2025-11-16T22:38:52.523741,Sin Fronteras,10726,"https://diariosinfronteras.com.pe/wp-content/uploads/2024/09/WhatsApp-Image-2024-09-30-at-5.27.46-PM-660x330.jpeg, https://diariosinfronteras.com.pe/wp-content/uploads/2020/06/dxt-nav.png",204,Andrés Hurtado sobre por qué debe enfrentar su juicio en libertad:  Tengo una hija de 9 años,,Andrés Hurtado sobre por qué debe enfrentar su juicio en libertad:  Tengo una hija de 9 años,https://diariosinfronteras.com.pe/2024/09/30/andres-hurtado-sobre-por-que-debe-enfrentar-su-juicio-en-libertad-tengo-una-hija-de-9-anos/
Desconocido,4960,General,"Inicio PUNO Puno: Nepotismo y corrupción en municipio Puno: Nepotismo y corrupción en municipio Por Redacción Diario Sin Fronteras - 21 mayo, 2025 - En PUNO 905 Nepotismo y corrupción en municipio La Municipalidad Provincial de Azángaro (MPA) ha caído en manos nada limpias. El alcalde y tres de sus regidores han incurrido en actos de nepotismo, pero la gestión también está manchada de corrupción, ya que sus principales autoridades ediles están implicadas en el cobro de cupos a cambio de puestos laborales. Producto de ello, el último 7 de mayo el Tercer Despacho de la Fiscalía Anticorrupción de Puno, que despacha William Otazú Pinto, ha formalizado investigación por el delito de cohecho pasivo impropio. Los graves cargos alcanzan al alcalde Salvador Apaza Flores; la regidora Dianna de la Flor Vilca Cotacallapa; su hermana, Yudi Lizet Vilca Cotacallapa; y al subgerente de Servicios Públicos y Gestión Ambiental, Paúl Jhoedán Quispe Choquehuanca.  MOCHASUELDOS  El escándalo fue publicado por Sin Fronteras, la quincena de octubre de 2023, luego que se divulgaran insultantes audios y conversaciones vía whatsapp, en donde Yudi Lizet extorsionaba a su amiga de infancia, para que le deposite S  500 por un cupo de Guardianía en los servicios de limpieza. El hecho fue tan mediático que el 13 de noviembre de ese año, la regidora y actual teniente alcaldesa, Dianna de la Flor, fue suspendida por 30 días, y el 4 de abril de 2024, fue detenida preliminarmente y encerrada en un calabozo. La hermanísima, Yudi Lizet, cayó a las semanas. PRUEBAS IRREFUTABLES La Fiscalía Anticorrupción accedió a más testimonios, llamadas telefónicas grabadas, conversaciones en whastapp y apuntes, que revelarían la participación no solo de las dos hermanas, sino también del subgerente municipal y nada menos que el alcalde provincial.    coordinaron previamente, para repartirse los roles, sin faltar a su deber funcional; la función del titular de pliego era asignar cupos y de la regidora era solicitar para ambos, montos dinerarios por cupos de trabajo, que acordaron previamente en forma conjunta por la suma de quinientos soles, cobro realizado por interpósita persona de Yudy Lizet Vilca Cotacallapa , se lee en la formalización a la que este medio tuvo acceso. REPARTIJA Luego de corroborar la triangulación del acto corrupto, el fiscal postuló que  la conducta del investigado Salvador Apaza Flores en el ilícito penal era de controlar, distribuir y asignar cupos de trabajo, a los regidores de la municipalidad provincial de Azángaro, conforme se desprende de la Relación de Personal de Guardianía julio   setiembre, visualizándose un listando de 36 personas y al costado de los nombres del personal de forma manuscrita aparecen los nombres de  Reynaldo ,  Mila   Diana  Maruja   Yunior   Jaime  y  Teo , los mismos que corresponderían a los regidores de la Municipalidad Provincial de Azángaro, Teófilo Choquehuanca Mamani, Dianna de la Flor Vilca Cotacallapa, Yunior Machaca León, Flor de Milagros Arosquipa Quispe, Jaime Nelson Mamani Cruz, Maruja Calcina Cotacallapa y Reynaldo Borda Sucasaca . COMPROBADO Se tuvo acceso a conversaciones en que la regidora Vilca Cotacallapa le pide cupos al alcalde, le envía nombre de los flamantes obreros municipales, y este responde, incluso solicitando mayores datos.  Buenos tardes Padre (Salvador Apaza) envío la relación de guardianas , y en mensaje se aprecia que además remite la fotos de un apunte o manuscrito donde se lee el nombre, celular y DNI de cuatro mujeres, con la anotación  Guardianas  . La actual teniente alcaldesa escribe al alcalde:  Padre considerármelo esos cuatro por favor  .  Ahí  ta limpieza, padre, considerado por favor los cuatro guardianes   El señor Reynaldo me dio uno  . Salvador Apaza Flores, interviene:  Limpieza falta . La regidora  mochasueldos  contesta y lo tutea:  Ok padre, te envío, Dame unos minutos . El burgomaestre vuelve a escribir;  Número de celular  . DILIGENCIAS La formalización de la presente investigación se sustenta en 39 páginas, y en ella queda claro el rol de cada uno de los cuatro procesados. La hermanísima, Yudy Lizet Vilca Cotacallapa,  captaba a personas que necesitan trabajo pero a cambio de una comisión; es decir, previo pago de suma dineraria  . EN MANOS DE QUIÉN Tras la vacancia del alcalde azangarino, la situación es incierta, porque en la eventualidad de que esta sea ratificada por el JNE, quien asumiría el sillón municipal, es nada menos quien subastaba los puestos de trabajo a humildes mujeres a cambio de dinero. El fiscal ha pedido una serie de diligencias y la declaración de los agraviados y procesados para el mes de junio. El caso será ventilado en el Cuarto Juzgado Anticorrupción de Puno, a cargo de María Candelaria Morales. Comentarios de Facebook También te puede interesar Arequipa: Tragedia en Arequipa: bus interprovincial cae a un abismo y deja 37 muertos y 14 heridos Una nueva tragedia enluta las carreteras del sur",2025-11-16T22:38:52.363631,2025-11-16T22:38:52.521712,2025-11-16T22:38:52.521715,Sin Fronteras,10725,"https://diariosinfronteras.com.pe/wp-content/uploads/2025/05/abridroaaaaa-660x330.jpg, https://diariosinfronteras.com.pe/wp-content/uploads/2020/06/dxt-nav.png",793,"La Municipalidad Provincial de Azángaro (MPA) ha caído en manos nada limpias. El alcalde y tres de sus regidores han incurrido en actos de nepotismo, pero la gestión también está manchada de corrupción, ya que sus principales autoridades ediles están implicadas en el cobro de cupos a cambio de puestos laborales.",,Puno: Nepotismo y corrupción en municipio,https://diariosinfronteras.com.pe/2025/05/21/puno-nepotismo-y-corrupcion-en-municipio/
Desconocido,2042,General,"Inicio AREQUIPA Melgar cae en casa frente a Garcilaso y pierde la punta Melgar cae en casa frente a Garcilaso y pierde la punta Por Diario Sin Fronteras - 18 abril, 2025 - En AREQUIPA 815 Van dos derrotas consecutivas. El Deportivo Garcilaso del Cusco tomó este viernes la punta del torneo Apertura del fútbol peruano tras derrotar a domicilio por 2 goles a 1 al FBC Melgar, en el estadio Monumental de la UNSA de la ciudad de Arequipa. Los celestes del Cusco remontaron el cotejo tras ir perdiendo 1-0 hasta el minuto 66, en el segundo tiempo. Los mistianos se pusieron adelante en el marcador con un gol del defensa central Matías Lazo, en el minuto 38 del primer tiempo. El rojinegro hizo un enganche para quitarse la marcación de Carlos Beltrán y rematar cruzado sobre la portería de Patrick Zubczuk. Con el gol de ventaja, el León del Sur no dejó de atacar en un choque de ida y vuelta donde estaba en juego la punta del Apertura. Melgar llegaba a esta fecha con 18 puntos, uno más que su rival de turno, el Garcilaso (17 puntos). REMONTADA CELESTE En la etapa complementaria, los cusqueños buscaron emparejar desde el arranque. En el minuto 66, un disparo desde el borde del área arequipeña dio en el brazo de Alexis Arias y el juez cobró penal. Juan Pablo Erustes tomó el balón y remató cruzado sobre el lado izquierdo, para dejar sin opciones al guardameta Carlos Cáceda. Apenas ocho minutos después, un tiro de esquina fue aprovechado por el defensor cusqueño Juan Diego Lojas para voltear el partido. El centro cayó  llovido  sobre el borde del área chica, donde Lojas impactó de cabeza para poner adelante al Garcilaso. Con esta victoria, Garcilaso sumó 20 puntos y pasó a liderar el torneo Apertura, a la espera del choque entre Universitario de Deportes y Deportivo Binacional, desde las 17:30 horas en la ciudad de Juliaca. Comentarios de Facebook También te puede interesar Puno: Intervienen al director de Energía y Minas por presunto uso indebido de camioneta en reunión privada El director regional de Energía y Minas, Edwin",2025-11-16T22:38:52.363631,2025-11-16T22:38:52.520289,2025-11-16T22:38:52.520306,Sin Fronteras,10724,"https://diariosinfronteras.com.pe/wp-content/uploads/2025/04/mel-18-660x330.jpg, https://diariosinfronteras.com.pe/wp-content/uploads/2020/06/dxt-nav.png",356,"El Deportivo Garcilaso del Cusco tomó este viernes la punta del torneo Apertura del fútbol peruano tras derrotar a domicilio por 2 goles a 1 al FBC Melgar, en el estadio Monumental de la UNSA de la ciudad de Arequipa.",,Melgar cae en casa frente a Garcilaso y pierde la punta,https://diariosinfronteras.com.pe/2025/04/18/melgar-cae-en-casa-frente-a-garcilaso-y-pierde-la-punta/
Desconocido,1560,General,"Inicio NACIONAL Pronabec lanza Crédito Talento 2024 Pronabec lanza Crédito Talento 2024 Por Diario Sin Fronteras - 8 junio, 2024 - En NACIONAL 463 Crédito Talento 2024 está dirigido a jóvenes con alto rendimiento académico. Una nueva oportunidad para quienes postularon al concurso Beca 18 y se quedaron sin vacante acaba de lanzar Pronabec. Se trata de Crédito Talento 2024, cuyos beneficiarios podrán estudiar sin preocupaciones económicas y pagar el préstamo recién al término de la carrera. Crédito Talento 2024 está dirigido a quienes llegaron a la etapa final de Beca 18, modalidad ordinaria. La convocatoria ofrece 250 créditos educativos (100 más que la convocatoria pasada) que serán financiados por el Estado peruano, informó el director de Gestión de Crédito Educativo, Rolando Bardalez. Los ganadores podrán devolver el préstamo al terminar la carrera con una tasa de interés de 3.41  anual, una de las más bajas en comparación con otras entidades financieras. Se pueden financiar distintos conceptos académicos como no académicos, a elección del postulante. Esta selección determinará el monto aproximado del préstamo. De acuerdo con Bardalez, el estudiante, al terminar la carrera, puede solicitar un año de período de gracia para recién iniciar el pago de la deuda. A partir de allí tienen un plazo de 3 a 10 años para cancelar el préstamo. Comentarios de Facebook También te puede interesar Puno: Intervienen al director de Energía y Minas por presunto uso indebido de camioneta en reunión privada El director regional de Energía y Minas, Edwin",2025-11-16T22:38:52.363631,2025-11-16T22:38:52.519648,2025-11-16T22:38:52.519651,Sin Fronteras,10723,"https://diariosinfronteras.com.pe/wp-content/uploads/2024/06/000955212W-660x330.jpg, https://diariosinfronteras.com.pe/wp-content/uploads/2020/06/dxt-nav.png",247,Pronabec lanza Crédito Talento 2024,,Pronabec lanza Crédito Talento 2024,https://diariosinfronteras.com.pe/2024/06/08/pronabec-lanza-credito-talento-2024/
Desconocido,4983,General,"Inicio POLITICA Puno: Tonconi envuelto en faenón en San Antón Puno: Tonconi envuelto en faenón en San Antón Por Diario Sin Fronteras - 5 agosto, 2024 - En POLITICA, PUNO 842 Puno: Tonconi envuelto en faenón en San Antón El decano del Colegio de Ingenieros de Puno (CIP), Jhomar Marcelino Tonconi Quispe, se juega su destino político este 27 de agosto, fecha en que la Sala de Apelaciones resolverá la apelación que la Fiscalía Anticorrupción de Puno interpuso luego que en primera instancia lo absolviera por delito de corrupción, cuando estuvo a cargo de un millonario negociado en una obra en el distrito de San Antón (Azángaro). La denuncia proviene de un faenón que se comenzó a consumar el 14 de setiembre del 2015, cuando el también candidato al Gobierno Regional Puno (GRP), fue designado presidente del Comité de Selección, para la construcción de pistas y veredas del jirón Atahualpa y transversales de esa localidad, con código SNIP 215375, cuyo presupuesto fue de S  3 millones 258 mil 459.80. El procedimiento fue, a todas luces, amañado y logró verificarse serias irregularidades y favorecimiento al Consorcio Innova, postor a quien se le otorgó la buena pro, cuando debió ser descalificado. S  270 MIL DE COIMA Estos actos de corrupción son refrendados con un audio grabado entre el alcalde de San Antón y el representante de la empresa Innova, Igor Zambrano, donde se discute el monto a pagar. Le exigieron el pago de S  270 mil soles, que era el 13  de la obra. Tras el vil arreglo, Tonconi Quispe, quien también era gerente de Infraestructura, allanó el camino para cumplir con el compromiso. CONFESARON Si bien el diezmo fue solicitado por el exalcalde, los representantes de la constructora, Federico Zambrano Ñaupa (padre), e Igor Gaygoro Zambrano Quispe (hijo), aceptaron el tinglado y dieron detalles de cómo fueron favorecidos en el faenón. QUÉ TAL TIPIFICACIÓN Según la imputación fiscal, Tonconi Quispe cometió el delito de colusión simple, ya que participó activamente en los actos preparatorios y en la fase de selección de la Licitación Pública 001-2015-CE-MDSA. Se inobservaron normas del OSCE en cuyo apartado 6.5.2., explica el procedimiento para calificar la experiencia del postor, la que no se realizó, ni se evaluó los requisitos de  experiencia en obra similares . Y lo más grave es que el Consorcio Innova no presentó constancia de no haber incurrido en penalidades que requerían las bases. CONCERTACIÓN La Fiscalía Anticorrupción de Puno, postuló la tesis de que hubo concertación entre el entonces alcalde de San Antón, Moisés Morocco Mamani, sus funcionarios y los representantes de la afortunada postora Innova. Un audio grafica el contubernio, lo que se materializó con el pago de valorizaciones. DUDOSA ABSOLUCIÓN El 17 de febrero del 2023 condenaron al exalcalde de San Antón, Moisés Mamani Morocco, como autor y a los representantes de Innova como cómplices extraneus a 10 años de pena privativa de libertad por el delito de colusión agravada. En la misma sentencia, absuelve a Jhomar Marcelino Tonconi Quispe, del delito de colusión simple. El juez Víctor Calizaya Coila, en una sospechosa motivación de su sentencia que consta de tres párrafos, señala que si bien Tonconi Quispe intervino en los actos preparatorios y fase de selección, este no se habría coludido con la empresa contratista. OTRO DELITO  La Fiscalía extrañamente no tipificó correctamente la participación del ahora decano del ICAP, por lo que el Juzgado de Primera instancia indicó que los hechos materia de la denuncia se subsumirían al delito de negociación incompatible cuya pena es superior al de colusión simple. Tonconi Quispe habría cometido el presunto delito de negociación incompatible, pero la Fiscalía no lo tipificó así, por lo que el Juzgado decidió no desvincularse y sentenciarlo por ese delito. El Juzgado justifica su no desvinculación por motivos de que la pena mínima de negociación incompatible sería superior a la colusión simple, pero ello no tiene asidero legal. MUY EXTRAÑO Además, ha quedado demostrado la ineficiencia fiscal al no tipificar correctamente los hechos corruptores y desconocer las categorías de participación delictiva como la autoría, coautoría y complicidad. El grave error fiscal y acaso judicial, podría ser corregido por la Sala de Apelaciones de Puno, presidida por Reynaldo Luque, que ha programado para el 27 de agosto del 2024, la audiencia de apelación. LAVADO DE ACTIVOS Marcelino Jhomar Tonconi Quispe, también está implicado en la denuncia por lavado de activos que la Fiscalía Anticorrupción de Tacna le sigue a su hermano Juan Tonconi Quispe y a la esposa de este (cuñada), Evelin Solís Chipana. El 22 de junio allanaron dos casas y en el frontis de una encontraron una camioneta Toyota Hilux, a nombre del decano del ICAP y candidato al GRP . Comentarios de Facebook También te puede interesar Cientos de jóvenes puneños rinden examen de preselección para Beca 18 Aspirantes de toda la región participaron en la",2025-11-16T22:38:52.363631,2025-11-16T22:38:52.518631,2025-11-16T22:38:52.518648,Sin Fronteras,10722,"https://diariosinfronteras.com.pe/wp-content/uploads/2024/08/Puno-6-A-660x330.jpg, https://diariosinfronteras.com.pe/wp-content/uploads/2020/06/dxt-nav.png",809,"El decano del Colegio de Ingenieros de Puno (CIP), Jhomar Marcelino Tonconi Quispe, se juega su destino político este 27 de agosto, fecha en que la Sala de Apelaciones resolverá la apelación que la Fiscalía Anticorrupción de Puno interpuso luego que en primera instancia lo absolviera por delito de corrupción, cuando estuvo a cargo de un millonario negociado en una obra en el distrito de San Antón (Azángaro).",,Puno: Tonconi envuelto en faenón en San Antón,https://diariosinfronteras.com.pe/2024/08/05/puno-tonconi-envuelto-en-faenon-en-san-anton/
Desconocido,1419,General,"Inicio PUNO Puno: Intervenidos por intento de hurto de un  vochito  Puno: Intervenidos por intento de hurto de un  vochito  Por Redacción Diario Sin Fronteras - 23 diciembre, 2024 - En PUNO 444 Intervenidos por intento de hurto de un  vochito   Sospechosos! La intervención policial del último sábado culminó con la captura de dos sospechosos acusados de intentar robar un vehículo Volkswagen, conocido popularmente como  vochito , que estaba estacionado en la intersección del jirón Cabana y el jirón Rómulo Mamani. Los vecinos, atentos al movimiento inusual, alertaron a la Policía y frustraron el presunto robo a pesar de la fuerte lluvia que azotaba la ciudad. INTERVENIDOS Los sujetos identificados como Arturo Vilca Vilca y Ruperto Mamani Flores (39), fueron trasladados a la Comisaría Sectorial de Juliaca, para las diligencias correspondientes. Cabe destacar que durante la intervención Mamani Flores quedó detenido por tener una requisitoria vigente por el delito de omisión a la prestación de alimentos, emitida por el Segundo Juzgado Penal Unipersonal de Juliaca   San Román. En tanto, Arturo Vilca, resultó sin antecedentes tras la verificación en el sistema por lo que fue retenido por control de identidad. Comentarios de Facebook También te puede interesar Arequipa: Tragedia en Arequipa: bus interprovincial cae a un abismo y deja 37 muertos y 14 heridos Una nueva tragedia enluta las carreteras del sur",2025-11-16T22:38:52.363631,2025-11-16T22:38:52.516964,2025-11-16T22:38:52.516967,Sin Fronteras,10721,"https://diariosinfronteras.com.pe/wp-content/uploads/2024/12/2.-VOCHITO-2-660x330.jpg, https://diariosinfronteras.com.pe/wp-content/uploads/2020/06/dxt-nav.png",221,"Sospechosos! La intervención policial del último sábado culminó con la captura de dos sospechosos acusados de intentar robar un vehículo Volkswagen, conocido popularmente como  vochito , que estaba estacionado en la intersección del jirón Cabana y el jirón Rómulo Mamani.",,Puno: Intervenidos por intento de hurto de un  vochito,https://diariosinfronteras.com.pe/2024/12/23/puno-intervenidos-por-intento-de-hurto-de-un-vochito/
Desconocido,917,General,"Inicio PUNO Puno: Ebrio al volante causa accidente de tránsito Puno: Ebrio al volante causa accidente de tránsito Por Redacción Diario Sin Fronteras - 10 febrero, 2025 - En PUNO 624 Ebrio al volante causa accidente de tránsito El personal de Serenazgo de la agencia municipal San Pablo, acudió al jirón Texas y la avenida El Sol donde sucedió un accidente de tránsito protagonizado por el auto Kia Picanto de placa de rodaje Z4I-130, conducido por Walter Sanca Humpire (38), y la moto torito roja, de placa 3775-5A, manejada por Ricardo Coaquira Quispe (36), quien aparentemente estaba en estado de ebriedad. El choque solo ocasionó daños materiales leves, mientras tanto, la Policía tomó las medidas correspondientes. Comentarios de Facebook También te puede interesar Arequipa: Tragedia en Arequipa: bus interprovincial cae a un abismo y deja 37 muertos y 14 heridos Una nueva tragedia enluta las carreteras del sur",2025-11-16T22:38:52.363631,2025-11-16T22:38:52.516684,2025-11-16T22:38:52.516687,Sin Fronteras,10720,"https://diariosinfronteras.com.pe/wp-content/uploads/2025/02/3.-EBRIO-AL-VOLANTE-CAUSA-ACCIDNTE-660x330.jpg, https://diariosinfronteras.com.pe/wp-content/uploads/2020/06/dxt-nav.png",148,"El personal de Serenazgo de la agencia municipal San Pablo, acudió al jirón Texas y la avenida El Sol donde sucedió un accidente de tránsito protagonizado por el auto Kia Picanto de placa de rodaje Z4I-130, conducido por Walter Sanca Humpire (38), y la moto torito roja, de placa 3775-5A, manejada por Ricardo Coaquira Quispe (36), quien aparentemente estaba en estado de ebriedad.",,Puno: Ebrio al volante causa accidente de tránsito,https://diariosinfronteras.com.pe/2025/02/10/puno-ebrio-al-volante-causa-accidente-de-transito/
Desconocido,1351,General,"Inicio POLICIALES Arequipa: Docente acaba con lesiones tras ser arrastrada Arequipa: Docente acaba con lesiones tras ser arrastrada Por Redacción Diario Sin Fronteras - 5 mayo, 2025 - En POLICIALES 646 Docente acaba con lesiones tras ser arrastrada Con heridas en la mano y hematomas en distintas partes del cuerpo terminó una docente de 54 años tras ser arrastrada por varios metros por un vehículo en movimiento durante un robo ocurrido la noche del sábado 3 de mayo en la Curva del Fierro (Paucarpata). La víctima había descendido de un vehículo de transporte público y mientras se dirigía a su vivienda fue interceptada por un auto color negro. Desde el asiento del copiloto, un sujeto sacó medio cuerpo por la ventana y le arrebató violentamente la cartera donde la madre de familia llevaba 20 soles y un celular. En su intento por evitar el robo, la mujer fue arrastrada por el pavimento, sufriendo varias lesiones, por lo que tuvo que ser llevada al Hospital Edmundo Escomel para su atención. El caso es investigado por los efectivos policiales de la comisaría de Israel, quienes revisan cámaras de seguridad para identificar a los delincuentes. Comentarios de Facebook También te puede interesar Arequipa: Tragedia en Arequipa: bus interprovincial cae a un abismo y deja 37 muertos y 14 heridos Una nueva tragedia enluta las carreteras del sur",2025-11-16T22:38:52.363631,2025-11-16T22:38:52.516157,2025-11-16T22:38:52.516160,Sin Fronteras,10719,"https://diariosinfronteras.com.pe/wp-content/uploads/2025/05/b-1-660x330.jpeg, https://diariosinfronteras.com.pe/wp-content/uploads/2020/06/dxt-nav.png",224,Con heridas en la mano y hematomas en distintas partes del cuerpo terminó una docente de 54 años tras ser arrastrada por varios metros por un vehículo en movimiento durante un robo ocurrido la noche del sábado 3 de mayo en la Curva del Fierro (Paucarpata).,,Arequipa: Docente acaba con lesiones tras ser arrastrada,https://diariosinfronteras.com.pe/2025/05/05/arequipa-docente-acaba-con-lesiones-tras-ser-arrastrada/
Desconocido,1659,General,"Inicio PUNO Rondas campesinas se reúnen y exigen acciones para frenar la inseguridad en Puno Rondas campesinas se reúnen y exigen acciones para frenar la inseguridad en Puno Por Diario Sin Fronteras - 2 días atrás - En PUNO 258 El XXXIV Encuentro Regional de Rondas Campesinas de Puno inició hoy en Ayaviri con una masiva participación de delegaciones provenientes de Sandia, Azángaro, Carabaya, Putina, Puno, San Román, Juli, Ilave, Moho y Huancané. La jornada abrió con un concurso de escoltas, donde los ronderos desfilaron con trajes tradicionales, demostrando disciplina, identidad y unidad. Tras las primeras actividades, los participantes se trasladaron al Estadio Municipal, escenario de la ceremonia inaugural. Allí se abordaron temas para el fortalecimiento del movimiento rondero, como el liderazgo colectivo enfocado en la defensa del medio ambiente y la interpretación de la reciente sentencia constitucional que reconoce el rol de las rondas campesinas. Fidel López Huamantuco, exdirigente nacional, resaltó que este encuentro busca articular una agenda regional que responda a las principales preocupaciones de las comunidades, reforzar la seguridad ciudadana y construir propuestas rumbo a las próximas elecciones. El evento continuará con jornadas formativas y actividades de integración, reafirmando el compromiso de las rondas campesinas con la justicia comunal, la protección de sus territorios y el desarrollo de los pueblos de Puno. Comentarios de Facebook También te puede interesar Puno: Intervienen al director de Energía y Minas por presunto uso indebido de camioneta en reunión privada El director regional de Energía y Minas, Edwin",2025-11-16T22:38:52.363631,2025-11-16T22:38:52.515028,2025-11-16T22:38:52.515031,Sin Fronteras,10718,"https://diariosinfronteras.com.pe/wp-content/uploads/2025/11/IMG_20251114_205408_800_x_533_pixel-660x330.jpg, https://diariosinfronteras.com.pe/wp-content/uploads/2020/06/dxt-nav.png",247,,,Rondas campesinas se reúnen y exigen acciones para frenar la inseguridad en Puno,https://diariosinfronteras.com.pe/2025/11/14/rondas-campesinas-se-reunen-y-exigen-acciones-para-frenar-la-inseguridad-en-puno/
Desconocido,1232,General,"Inicio NACIONAL Trujillo: 35 adolescentes involucrados con bandas de alta peligrosidad Trujillo: 35 adolescentes involucrados con bandas de alta peligrosidad Por Diario Sin Fronteras - 16 agosto, 2024 - En NACIONAL 547 Treinta y cinco adolescentes permanecían en el Centro Juvenil de Diagnóstico y Rehabilitación (CJDR) de Trujillo por estar vinculados a bandas criminales de alta peligrosidad. Sin embargo, los menores fueron trasladados al CJDR de Lima con el fin de prevenir riesgos de fuga y fortalecer las acciones de seguridad ciudadana en La Libertad. Esta acción fue coordinada entre el Programa Nacional de Centros Juveniles (Pronacej), el Gobierno Regional y la Policía Nacional del Perú. El viceministro de Justicia, Juan Alcántara Medrano, explicó que la medida permitirá brindar seguridad al Centro juvenil de Trujillos y reforzar la rehabilitación de los adolescentes que cumplen medidas socioeducativas de internación. El director del Pronacej, Francisco Naquira, precisó que no permitirá actos que afecten el proceso de reinserción social juvenil. Comentarios de Facebook También te puede interesar Cientos de jóvenes puneños rinden examen de preselección para Beca 18 Aspirantes de toda la región participaron en la",2025-11-16T22:38:52.363631,2025-11-16T22:38:52.514338,2025-11-16T22:38:52.514341,Sin Fronteras,10717,"https://diariosinfronteras.com.pe/wp-content/uploads/2020/06/dxt-nav.png, https://diariosinfronteras.com.pe/wp-content/uploads/2020/06/masalla.jpg",183,Treinta y cinco adolescentes permanecían en el Centro Juvenil de Diagnóstico y Rehabilitación (CJDR) de Trujillo por estar vinculados a bandas criminales de alta peligrosidad.,,Trujillo: 35 adolescentes involucrados con bandas de alta peligrosidad,https://diariosinfronteras.com.pe/2024/08/16/trujillo-35-adolescentes-involucrados-con-bandas-de-alta-peligrosidad/
Desconocido,2732,General,"Inicio NACIONAL Elio Riera podría asumir la defensa de Pedro Castillo en su juicio por rebelión Elio Riera podría asumir la defensa de Pedro Castillo en su juicio por rebelión Por Diario Sin Fronteras - 7 marzo, 2025 - En NACIONAL 788 El abogado confirmó que ha tenido acercamientos con la familia del exmandatario. El abogado Elio Riera, actual defensor legal del exconductor de televisión Andrés Hurtado, reveló que ha sido contactado por familiares del expresidente Pedro Castillo para evaluar la posibilidad de asumir su defensa en el juicio oral que enfrenta por el presunto delito de rebelión y otros cargos en agravio del Estado. Acercamientos con la familia de Castillo En declaraciones a RPP, Riera expresó su solidaridad con Castillo y señaló que existen argumentos para considerar su caso como  atípico , lo que, según él, justificaría su libertad. Sin embargo, aclaró que las conversaciones con los allegados del exmandatario aún están en proceso.  Los acercamientos que hemos tenido son con los familiares. Estamos analizando la estrategia de defensa y si finalmente asumiré el caso. Me solidarizo con una persona que necesita orientación legal y justicia , afirmó Riera. Críticas a la estrategia de Castillo en el juicio El abogado también opinó sobre la actitud de Pedro Castillo durante la reciente audiencia del juicio oral, en la que el exmandatario rechazó la defensa de un abogado público y cuestionó la legitimidad del tribunal.  Tal vez sigue una orientación legal que busca deslegitimar a los jueces, pero considero que no es una buena estrategia. El juicio va a continuar y es fundamental tener una defensa adecuada , sostuvo Riera. Cabe recordar que en la última audiencia, Castillo se negó a recibir asesoría de un abogado de oficio y criticó a la Procuraduría, que ha solicitado que se le imponga una reparación civil de más de 65 millones de soles por los daños generados con su intento de golpe de Estado en diciembre de 2022. Las penas que enfrentan Castillo y sus exministros Pedro Castillo es acusado del delito de rebelión y otros cargos en agravio del Estado. La Fiscalía ha solicitado 34 años de prisión y el pago de 65 419,038.53 soles como reparación civil. Junto a él, también están implicados la expremier Betssy Chávez, el exprimer ministro Aníbal Torres y el exministro del Interior Willy Huertas, además de exoficiales de la Policía Nacional. Para ellos, el Ministerio Público ha pedido penas de entre 15 y 25 años de prisión y una reparación civil superior a los 64 millones de soles. Comentarios de Facebook También te puede interesar Puno: Intervienen al director de Energía y Minas por presunto uso indebido de camioneta en reunión privada El director regional de Energía y Minas, Edwin",2025-11-16T22:38:52.363631,2025-11-16T22:38:52.514003,2025-11-16T22:38:52.514006,Sin Fronteras,10716,"https://diariosinfronteras.com.pe/wp-content/uploads/2025/03/WhatsApp-Image-2025-03-07-at-3.18.35-PM-660x330.jpeg, https://diariosinfronteras.com.pe/wp-content/uploads/2020/06/dxt-nav.png",453,,,Elio Riera podría asumir la defensa de Pedro Castillo en su juicio por rebelión,https://diariosinfronteras.com.pe/2025/03/07/elio-riera-podria-asumir-la-defensa-de-pedro-castillo-en-su-juicio-por-rebelion/
Desconocido,3380,General,"Inicio AREQUIPA  Es preocupante un tercer juicio contra Omar Candia   Es preocupante un tercer juicio contra Omar Candia  Por Diario Sin Fronteras - 26 agosto, 2021 - En AREQUIPA 728 Siguiente audiencia será el viernes 27 de agosto. Verán nuevas pruebas. El decano del Colegio de Abogados, José Arce Villafuerte, se pronunció sobre el juicio contra el alcalde de Arequipa, Omar Candia, que reinició por tercera vez. Arce Villafuerte estimó que el juicio no debería alargarse más allá de febrero o marzo de 2022, incluyendo apelaciones, ya que no es prudente que haya un cuarto juicio.  Es preocupante un tercer juicio porque la experiencia enseña que luego de un proceso tan largo, los testigos o peritos pueden decidir no actuar en la investigación por temas de tiempo o cansancio y se pierde evidencia importante , sostuvo.  Justicia que tarda no es justicia. Todo debe manejarse dentro de un plazo razonable. Tenemos antecedentes del Tribunal Constitucional que han declarado nulos muchos procesos por exceder el tiempo , finalizó. REINICIO El juez para casos de corrupción de funcionarios de la Corte de Arequipa, Edy Leva Cascamayta, instaló ayer el nuevo juicio oral contra el alcalde de Arequipa, Omar Candia Aguilar, quien fue denunciado por el delito de colusión agravada por haber adquirido, presuntamente, 40 cámaras de seguridad sobrevaloradas en el año 2012, cuando era alcalde del distrito de Alto Selva Alegre. Durante la primera sesión se escucharon los alegatos de apertura del fiscal Rubén Núñez, quien aseguró que el accionar del exalcalde selvalegrino y sus funcionarios de confianza ocasionaron un perjuicio de S  2 millones al Estado tras haber adquirido estos equipos por un valor superior al vigente en el mercado, presunta irregularidad advertida por Contraloría. Por ello, la Fiscalía solicitó 10 años de pena privativa de la libertad para los imputados, quienes, dijo, han defraudado al Estado. DEFENSA A continuación prosiguió la defensa del burgomaestre, Julio César Santa Cruz, quien inició su participación ratificando la inocencia de Candia Aguilar.  No ha cometido delito alguno. No ha cometido los hechos que se le imputa. Y en consecuencia, no se le va a poder probar ningún hecho delictivo. En el transcurso del juicio, no habrá prueba directa ni indicaría. Solo habrán meros presagios, meras sospechas , señaló. Entre los alegatos de apertura expuestos, negó algún interés del alcalde para adquirir los equipos de seguridad. Señaló que el interés era institucional, dado que había un proyecto preexistente. En cuanto a la delegación de facultades que hizo Candia al gerente municipal, refirió que la delegación no constituye un acto ilegal. Al contrario, la designación es un acto fomentado por el Estado. También descartó que el alcalde haya reestructurado el sistema de asesoría jurídica. Además, negó que las comunicaciones de la oficina de Contraloría  advirtiendo irregularidades  hayan llegado a la oficina del alcalde. Así como que tampoco solicitó nulidad de proceso de licitación. El abogado del edil tocó otros aspectos que se desarrollarán a lo largo del proceso. Después de estos alegatos fue el turno de los demás coacusados. Comentarios de Facebook También te puede interesar Puno: Intervienen al director de Energía y Minas por presunto uso indebido de camioneta en reunión privada El director regional de Energía y Minas, Edwin",2025-11-16T22:38:52.363631,2025-11-16T22:38:52.512566,2025-11-16T22:38:52.512569,Sin Fronteras,10715,"https://diariosinfronteras.com.pe/wp-content/uploads/2021/08/A-28.jpg, https://diariosinfronteras.com.pe/wp-content/uploads/2020/06/dxt-nav.png",535,,,Es preocupante un tercer juicio contra Omar Candia,https://diariosinfronteras.com.pe/2021/08/26/es-preocupante-un-tercer-juicio-contra-omar-candia/
Desconocido,1184,General,"Inicio DEPORTES Melgar Sub-13 avanza a la fase nacional del Torneo Elite Melgar Sub-13 avanza a la fase nacional del Torneo Elite Por Diario Sin Fronteras - 19 horas atrás - En DEPORTES 215 FBC Melgar Sub-13 avanzó a la fase nacional del Torneo Elite. Venció 2-0 a San Antonio, campeón de Piura. Partido intenso. Golpes directos. Sin pausa. Los goles fueron de Fabián Calderón. El encuentro se jugó en el estadio Ermitaño, en Lima. Buen nivel. Orden táctico. Superioridad clara. El triunfo dejó una mala noticia. Expulsaron a Ismael Silva. Baja confirmada para el Nacional. Golpe duro para el equipo. En esta etapa avanzaron también César Vallejo, que ganó 1-0 a Sporting Tarapoto. El cuadro de Tarapoto clasificó como mejor perdedor. Se suma además Alianza Lima, campeón de la Copa Oro Lima. La fase nacional tendrá semifinales y final. Todo en partidos de alto ritmo. Definiciones rápidas. Sin margen de error. Los  Leoncitos del Sur  celebraron el pase. Trabajo firme. Proyección segura. Paso importante rumbo al título. Comentarios de Facebook También te puede interesar CD Moquegua asciende a Liga1 tras vencer 3-2 a César Vallejo CD Moquegua volvió a Primera División después de",2025-11-16T22:38:52.363631,2025-11-16T22:38:52.511155,2025-11-16T22:38:52.511158,Sin Fronteras,10714,"https://diariosinfronteras.com.pe/wp-content/uploads/2025/11/FB_IMG_1763258701516-660x330.jpg, https://diariosinfronteras.com.pe/wp-content/uploads/2020/06/dxt-nav.png",194,FBC Melgar Sub-13 venció 2-0 a San Antonio y clasificó a la fase nacional del Torneo Elite. Calderón anotó doblete y Silva será baja por expulsión.,,Melgar Sub-13 avanza a la fase nacional del Torneo Elite,https://diariosinfronteras.com.pe/2025/11/15/melgar-sub13-clasifica-fase-nacional-torneo-elite-peru/
Desconocido,1072,General,"Inicio POLICIALES Camioneta impacta contra mototaxi en la carretera Juliaca   Azángaro Camioneta impacta contra mototaxi en la carretera Juliaca   Azángaro Por Diario Sin Fronteras - 28 noviembre, 2024 - En POLICIALES, PUNO 2106 Camioneta impacta contra mototaxi en la carretera Juliaca - Azángaro. Un accidente de tránsito se registró en la carretera Juliaca-Azángaro, el cual dejó herido al conductor de la mototaxi que habría sido impactada por una camioneta, según información de radio Exitosa. Según habría contado el conductor de la camioneta, el impacto se habría originado luego que perdiera el control de su unidad, debido a que una de las llantas se desinfló. Luego del choque, el vehículo menor terminó incendiándose y el conductor identificado como Michel de 25 años fue derivado a una clínica privada. Hasta el lugar llegaron los efectivos policiales para realizar las diligencias del caso. Comentarios de Facebook También te puede interesar Cientos de jóvenes puneños rinden examen de preselección para Beca 18 Aspirantes de toda la región participaron en la",2025-11-16T22:38:52.363631,2025-11-16T22:38:52.510446,2025-11-16T22:38:52.510448,Sin Fronteras,10713,"https://diariosinfronteras.com.pe/wp-content/uploads/2024/11/WhatsApp-Image-2024-11-28-at-7.18.56-PM-660x330.jpeg, https://diariosinfronteras.com.pe/wp-content/uploads/2020/06/dxt-nav.png",166,"Un accidente de tránsito se registró en la carretera Juliaca-Azángaro, el cual dejó herido al conductor de la mototaxi que habría sido impactada por una camioneta, según información de un medio radial",,Camioneta impacta contra mototaxi en la carretera Juliaca   Azángaro,https://diariosinfronteras.com.pe/2024/11/28/camioneta-impacta-contra-mototaxi-en-la-carretera-juliaca-azangaro/
Desconocido,1415,General,"Inicio AREQUIPA Arequipa: Sujetos con armas derribaron muro para invadir terreno Arequipa: Sujetos con armas derribaron muro para invadir terreno Por Diario Sin Fronteras - 12 enero, 2025 - En AREQUIPA, POLICIALES 783 Arequipa: Sujetos con arma derribaron muro para ocuparlo de manera ilegal Camaná. Sujetos con armas de fuego habrían tumbado el cerco de un terreno ubicado en el distrito de Samuel Pastor, en Camaná, en la zona A, Ampliación La Punta, con la intención de ocuparlo de manera ilegal. Esto ocurrió ayer, en horas de la mañana. El propietario del terreno, Helber Medina Salas, denunció que detrás de esto se encontrarían las personas identificadas como Luis Pastor Rojas y Orlando García Portugal, quienes estarían muy bien organizados, ya que estarían utilizando la modalidad de donación de terrenos. Refirió que Orlando García sería yerno de uno de la familia Salazar Calderón y este haría la donación en escritura pública de terrenos como uso del 0.05   de sus acciones a Luis Pastor. Y este último se dedica a realizar la compra y venta de predios que ya tienen propietarios, incluso con documentos. La familia Salazar Calderón mantiene un proceso judicial con la comuna de Camaná sobre dichos terrenos y no pueden ser vendidos. Comentarios de Facebook También te puede interesar Cientos de jóvenes puneños rinden examen de preselección para Beca 18 Aspirantes de toda la región participaron en la",2025-11-16T22:38:52.363631,2025-11-16T22:38:52.510127,2025-11-16T22:38:52.510129,Sin Fronteras,10712,"https://diariosinfronteras.com.pe/wp-content/uploads/2025/01/10-A-3-660x330.jpg, https://diariosinfronteras.com.pe/wp-content/uploads/2020/06/dxt-nav.png",229,"Camaná. Sujetos con armas de fuego habrían tumbado el cerco de un terreno ubicado en el distrito de Samuel Pastor, en Camaná, en la zona A, Ampliación La Punta, con la intención de ocuparlo de manera ilegal. Esto ocurrió ayer, en horas de la mañana.",,Arequipa: Sujetos con armas derribaron muro para invadir terreno,https://diariosinfronteras.com.pe/2025/01/12/arequipa-sujetos-con-armas-derribaron-muro-para-invadir-terreno/
Desconocido,1397,General,"Inicio TACNA Tacna: Mujer fallece y detienen a su conviviente con requisitoria Tacna: Mujer fallece y detienen a su conviviente con requisitoria Por Diario Sin Fronteras - 1 día atrás - En TACNA 208 Una mujer de 43 años fue hallada sin vida la tarde del último jueves en un departamento de la asociación de vivienda Los Granados, en Leguía. Su conviviente quedó detenido al presentar una requisitoria vigente. Agentes policiales de la comisaría Augusto B. Leguía llegaron al departamento, ubicado en el segundo piso de un inmueble, donde la mujer habría fallecido a causa de la presunta ingesta de una sustancia tóxica. El conviviente de la fallecida, Orestes. M. C. (47), indicó a los policías que al entrar al inmueble encontró a la mujer sin signos vitales. Personal del Depincri, Criminalística y un médico legista realizaron diligencias de investigación y luego el fiscal de turno autorizó el traslado del cadáver a la morgue central. El hombre quedó detenido al verificarse que presentaba una requisitoria por delito contra la vida, el cuerpo y la salud (lesiones por violencia familiar) emitida por el Primer Juzgado Unipersonal de Tacna, quedando a disposición de la Policía Judicial. Comentarios de Facebook También te puede interesar Puno: Intervienen al director de Energía y Minas por presunto uso indebido de camioneta en reunión privada El director regional de Energía y Minas, Edwin",2025-11-16T22:38:52.363631,2025-11-16T22:38:52.509675,2025-11-16T22:38:52.509692,Sin Fronteras,10711,"https://diariosinfronteras.com.pe/wp-content/uploads/2025/11/abridora-1-660x330.jpg, https://diariosinfronteras.com.pe/wp-content/uploads/2020/06/dxt-nav.png",226,,,Tacna: Mujer fallece y detienen a su conviviente con requisitoria,https://diariosinfronteras.com.pe/2025/11/15/tacna-mujer-fallece-y-detienen-a-su-conviviente-con-requisitoria/
Desconocido,1236,General,"Inicio POLITICA Antauro Humala anuncia alianza con Juntos por el Perú y partidarios de Pedro Castillo Antauro Humala anuncia alianza con Juntos por el Perú y partidarios de Pedro Castillo Por Diario Sin Fronteras - 25 junio, 2025 - En POLITICA 889 La agrupación política A.N.T.A.U.R.O., liderada por Antauro Humala, anunció la formación de una alianza con Juntos por el Perú y sectores afines al expresidente Pedro Castillo. A través de un comunicado, firmado por su secretario general Rubén Ramos Zapana, el partido señala que la decisión plantea la necesidad de una  alianza estratégica ante el enemigo común: la derecha globoneoliberal y pro extranjera . Según la agrupación política, la propuesta apunta a construir una  coalición patriótica nacionalista-izquierdista  que agrupe a simpatizantes del nacionalismo, velasquismo y etnocacerismo, así como a la izquierda peruana representada por agrupaciones progresistas y por el entorno del expresidente Pedro Castillo, a quien califican como  el primer preso político del Perú . Comentarios de Facebook También te puede interesar Puno: Intervienen al director de Energía y Minas por presunto uso indebido de camioneta en reunión privada El director regional de Energía y Minas, Edwin",2025-11-16T22:38:52.363631,2025-11-16T22:38:52.508285,2025-11-16T22:38:52.508287,Sin Fronteras,10710,"https://diariosinfronteras.com.pe/wp-content/uploads/2025/06/NOTA-13-ANTAURO-HUMALA-660x330.jpg, https://diariosinfronteras.com.pe/wp-content/uploads/2020/06/dxt-nav.png",188,,,Antauro Humala anuncia alianza con Juntos por el Perú y partidarios de Pedro Castillo,https://diariosinfronteras.com.pe/2025/06/25/antauro-humala-anuncia-alianza-con-juntos-por-el-peru-y-partidarios-de-pedro-castillo/
Desconocido,1805,General,"Inicio NACIONAL Piden anular transferencia de bienes que realizó Wilfredo Oscorima a favor de su hija Piden anular transferencia de bienes que realizó Wilfredo Oscorima a favor de su hija Por Diario Sin Fronteras - 5 agosto, 2024 - En NACIONAL 386 Wilfredo Oscorima. Procuraduría para los casos Odebrecht y Lava Jato pidió al Poder Judicial anular la transferencia de un departamento, dos estacionamientos y un depósito ubicados en San Isidro, que realizó el gobernador regional de Ayacucho, Wilfredo Oscorima, a favor de su menor hija,  como una herencia anticipada , el 11 de diciembre del 2019. El juez Jorge Chávez resolvió, el último 19 de julio, admitir a trámite la solicitud presentada dentro del juicio que se le sigue la autoridad regional por el caso  Obrainsa . El requerimiento busca evitar la disminución del patrimonio y que este resulte insuficiente para la eventual reparación civil solidaria que se le pueda solicitar al investigado. La Fiscalía indaga a Wilfredo Oscorima por su presunta intervención en el proceso de licitación  Rehabilitación y Mejoramiento de la autopista Abra Toccto   Vilcashuamán, sector Condorcocha   Vilcashuamán , obra que se desarrolló en una anterior gestión en este cargo, donde se habrían detectado supuestas irregularidades. Según la hipótesis del Ministerio Público, revela RPP, Oscorima Núñez habría acordado entre los meses junio y julio del 2014, mediante Alejandro Tello, gerente de la empresa ALTESA Contratistas Generales con Manuel Tejeda, funcionario de Obrainsa, favorecer a esta última compañía a cambio de un presunto beneficio económico. Comentarios de Facebook También te puede interesar Puno: Intervienen al director de Energía y Minas por presunto uso indebido de camioneta en reunión privada El director regional de Energía y Minas, Edwin",2025-11-16T22:38:52.363631,2025-11-16T22:38:52.507559,2025-11-16T22:38:52.507561,Sin Fronteras,10709,"https://diariosinfronteras.com.pe/wp-content/uploads/2024/08/WhatsApp-Image-2024-08-05-at-4.36.43-PM-660x330.jpeg, https://diariosinfronteras.com.pe/wp-content/uploads/2020/06/dxt-nav.png",279,Piden anular transferencia de bienes que realizó Wilfredo Oscorima a favor de su hija,,Piden anular transferencia de bienes que realizó Wilfredo Oscorima a favor de su hija,https://diariosinfronteras.com.pe/2024/08/05/piden-anular-transferencia-de-bienes-que-realizo-wilfredo-oscorima-a-favor-de-su-hija/
Desconocido,2378,General,"Inicio PUNO Accidente en Azángaro deja ocho personas fallecidas y varios heridos Accidente en Azángaro deja ocho personas fallecidas y varios heridos Por Diario Sin Fronteras - 16 mayo, 2025 - En PUNO 1080 Un grave accidente de tránsito ocurrió la noche del jueves en el óvalo Vilcapaza, ubicado en la ciudad de Azángaro, región Puno, dejando como resultado nueve personas fallecidas y varios heridos. El hecho se registró aproximadamente a las 8:00 p.m., cuando un vehículo de transporte interprovincial perteneciente a la empresa  Caracol   que cubre la ruta Azángaro-Juliaca  impactó por la parte posterior contra un volquete que se encontraba detenido en plena vía, aparentemente sin señalización adecuada. Tras el accidente, agentes de la Policía Nacional del Perú, miembros del cuerpo de bomberos y personal de serenazgo municipal acudieron al lugar para brindar auxilio a los heridos, quienes fueron trasladados de inmediato al hospital Carlos Cornejo Roselló Vizcardo de Azángaro. Las autoridades también procedieron con las diligencias correspondientes para el levantamiento de los cuerpos, con presencia del Ministerio Público. Desde el nosocomio se informó que la unidad accidentada no contaba con el Seguro Obligatorio de Accidentes de Tránsito (SOAT) vigente. Por tal motivo, se hizo un llamado urgente a los familiares de los heridos para gestionar su traslado hacia la ciudad de Juliaca, donde podrían recibir atención médica especializada. Las autoridades competentes ya han iniciado las investigaciones para determinar las responsabilidades del caso. Relación de personas fallecidas que ha sido confirmada: 1. Víctor Raúl Layme Masco 2. Alan Hancco Quispe 3. Alipio Hancco Quispe 4. Ronald Mamani Quispe 5. Lola Elizabeth Arpi Apaza 6. Jesús Machaca Machaca 7. Maribel Quispe Quicaño (28) Gestante 8. Una persona aún no identificado con cráneo destrozado, portaba celular marca Honor. Heridos 1. Milagros Mamani Ccaso (29) 2. Midwar Béjar Huayta (34) 3. Fidel Yana Yana (30) 4. Yessenia Margot Mamani Hancco (23) 5. Sócrates Washington Condori Itusaca (36) 6. Eithan (4), hijo de Jesús y Lidia 7. Natty Mamani Ticona (24) 8. Franklin Goyzueta Mamani (25) 9. Un menor identificado como MAM (4) Comentarios de Facebook También te puede interesar Cientos de jóvenes puneños rinden examen de preselección para Beca 18 Aspirantes de toda la región participaron en la",2025-11-16T22:38:52.363631,2025-11-16T22:38:52.506643,2025-11-16T22:38:52.506645,Sin Fronteras,10708,"https://diariosinfronteras.com.pe/wp-content/uploads/2025/05/ACCIDENTE-AZANAGARO1-660x330.jpg, https://diariosinfronteras.com.pe/wp-content/uploads/2025/05/ACCIDENTE-AZANAGARO2-500x301.jpg",366,"8 fallecidos y varios heridos tras accidente en óvalo Vilcapaza de Azángaro. Al promediar las 20: 00 horas de la noche del día de ayer jueves, se registró un lamentable accidente en el lugar conocido como óvalo Vilcapaza en la ciudad de Azángaro, teniendo como saldo 9 fallecidos y varios heridos de consideración",,Accidente en Azángaro deja ocho personas fallecidas y varios heridos,https://diariosinfronteras.com.pe/2025/05/16/accidente-en-azangaro-deja-ocho-personas-fallecidas-y-varios-heridos/
Desconocido,2487,General,"Inicio PUNO Puno: Reorganización en Serenazgo debido a últimos actos ilícitos Puno: Reorganización en Serenazgo debido a últimos actos ilícitos Por Redacción Diario Sin Fronteras - 4 marzo, 2025 - En PUNO 633 Reorganización en Serenazgo debido a últimos actos ilícitos El alcalde de la Municipalidad Provincial de San Román, Oscar Cáceres Rodríguez, salió al frente para dar su opinión respecto a los serenos que han sido intervenidos al ser acusados de presuntamente haber robado a un ciudadano; el hecho ha indignado a la primera autoridad edil, quien anunció medidas drásticas contra estos malos elementos que laboran en la comuna calcetera.  Muy preocupado, yo personalmente quiero ofrecer las disculpas por el actuar de estos malos elementos, el fin de semana he coordinado con la Policía para que aceleren la investigación preliminar, en este caso no solamente existe una falta administrativa, son trabajadores de la 728 captados en la gestión anterior, uno viene de gestiones anteriores, se tiene que determinar qué complicidad ha existido al haber utilizado una camioneta que es bien del Estado, estoy pidiendo inmediatamente su destitución y su puesta a disposición ante el Ministerio Público , señaló la autoridad edil.  A la población le decimos que el cuerpo de Serenazgo seguirá trabajando en favor de la población, por ello, haré una reorganización y de esta manera fortalecer los valores éticos de la institución; primero vamos a adecuar la distribución de acuerdo al nuevo organigrama que se va aprobar para el ROF, esto implica que Defensa Civil pasa a la Gerencia de Desarrollo Urbano, la Subgerencia de Serenazgo va a tener nueva distribución al interior para que se adecuen a los patrullajes de la Policía Nacional, voy a pedir que todos los que han ingresado como serenos a la municipalidad vía judicial, retornen a su puesto de trabajo inicial porque muchos de ellos están ocupando cargos administrativos, con nuevos elementos contratados podemos fortalecer el trabajo de Serenazgo , agregó. La autoridad edil dio a conocer que, son 1400 trabajadores que generan un gasto al Estado de 24 millones de soles al año, por ello, pidió al Poder Judicial analizar bien los casos que se han presentado ante los órganos jurisdiccionales para que los repongan en el municipio. Comentarios de Facebook También te puede interesar Arequipa: Tragedia en Arequipa: bus interprovincial cae a un abismo y deja 37 muertos y 14 heridos Una nueva tragedia enluta las carreteras del sur",2025-11-16T22:38:52.363631,2025-11-16T22:38:52.505858,2025-11-16T22:38:52.505861,Sin Fronteras,10707,"https://diariosinfronteras.com.pe/wp-content/uploads/2025/03/alcalde-660x330.jpg, https://diariosinfronteras.com.pe/wp-content/uploads/2020/06/dxt-nav.png",400,"El alcalde de la Municipalidad Provincial de San Román, Oscar Cáceres Rodríguez, salió al frente para dar su opinión respecto a los serenos que han sido intervenidos al ser acusados de presuntamente haber robado a un ciudadano; el hecho ha indignado a la primera autoridad edil, quien anunció medidas drásticas contra estos malos elementos que laboran en la comuna calcetera.",,Puno: Reorganización en Serenazgo debido a últimos actos ilícitos,https://diariosinfronteras.com.pe/2025/03/04/puno-reorganizacion-en-serenazgo-debido-a-ultimos-actos-ilicitos/
Desconocido,1660,General,"Inicio NACIONAL Vecinos capturan y amarran a presunto ladrón tras intento de robo Vecinos capturan y amarran a presunto ladrón tras intento de robo Por Redacción Diario Sin Fronteras - 27 enero, 2025 - En NACIONAL 700 Vecinos de Sicuani capturan y amarran a presunto ladrón tras intento de robo Un presunto delincuente fue sorprendido en plena madrugada mientras intentaba robar herramientas y materiales de construcción de una vivienda en la avenida Panamericana, cerca del Servicentro Manuel, en Sicuani. Alertados por ruidos provenientes del inmueble, los vecinos de la zona decidieron actuar antes de que el hombre pudiera escapar. Indignados, los residentes lograron capturarlo y, como medida de retención, lo amarraron con sogas a un poste de alumbrado público, exponiéndolo a la vergüenza pública. Según los testigos, el hombre intentó justificarse, pero sus explicaciones solo avivaron la molestia de los presentes. Agentes de Serenazgo de la Municipalidad Provincial de Canchis llegaron al lugar para controlar la situación, seguidos por efectivos de la Policía Nacional, quienes trasladaron al sujeto a la comisaría de Sicuani para continuar con las investigaciones. El hecho, registrado la madrugada del domingo 26 de enero de 2025, ha generado debate entre los pobladores sobre la creciente inseguridad en la zona y la falta de respuesta inmediata por parte de las autoridades, lo que ha llevado a los vecinos a tomar justicia por sus propias manos. Comentarios de Facebook También te puede interesar Arequipa: Tragedia en Arequipa: bus interprovincial cae a un abismo y deja 37 muertos y 14 heridos Una nueva tragedia enluta las carreteras del sur",2025-11-16T22:38:52.363631,2025-11-16T22:38:52.504420,2025-11-16T22:38:52.504423,Sin Fronteras,10706,"https://diariosinfronteras.com.pe/wp-content/uploads/2025/01/475175721_624729153409461_7378820094758625055_n-660x330.jpg, https://diariosinfronteras.com.pe/wp-content/uploads/2020/06/dxt-nav.png",260,"Un presunto delincuente fue sorprendido en plena madrugada mientras intentaba robar herramientas y materiales de construcción de una vivienda en la avenida Panamericana, cerca del Servicentro Manuel, en Sicuani. Alertados por ruidos provenientes del inmueble, los vecinos de la zona decidieron actuar antes de que el hombre pudiera escapar.",,Vecinos capturan y amarran a presunto ladrón tras intento de robo,https://diariosinfronteras.com.pe/2025/01/27/vecinos-capturan-y-amarran-a-presunto-ladron-tras-intento-de-robo/
Desconocido,1506,General,"Inicio PUNO Puno: Intervienen al director de Energía y Minas por presunto uso indebido de camioneta en reunión privada Puno: Intervienen al director de Energía y Minas por presunto uso indebido de camioneta en reunión privada Por Diario Sin Fronteras - 22 horas atrás - En PUNO 702 El director regional de Energía y Minas, Edwin Chambilla Palomino, fue intervenido por la Policía Anticorrupción por el presunto delito de peculado de uso. El titular de la DREM habria sido detenido, luego de emplear una camioneta oficial para trasladarse y sostener una reunión privada en una quinta de la zona de Huaje el viernes en horas de la tarde. Según información obtenida de una fuente oficial, la Fiscalía Anticorrupción de Puno, dirigida por el fiscal Darwin Edisson Huaman Mamani, emitió la Disposición N.º 1 , en la que detalla que Chambilla llegó al local  Waliky Cevichería Peña Show  para reunirse y almorzar con dos personas vinculadas a la actividad minera. La intervención ocurrió alrededor de las 3:15 pm. cuando el funcionario retornaba al vehículo estatal junto a las dos personas. La Fiscalía dispuso el inicio de diligencias preliminares, las cuales contemplan declaraciones testimoniales, verificación de expedientes administrativos y recabación de videos, con el fin de esclarecer el presunto uso indebido del vehículo de la entidad regional. Comentarios de Facebook También te puede interesar Senamhi emite alerta por PELIGROSO fenómeno DANA  Paqari  El Senamhi informó que la Depresión Aislada en",2025-11-16T22:38:52.363631,2025-11-16T22:38:52.503370,2025-11-16T22:38:52.503373,Sin Fronteras,10705,"https://diariosinfronteras.com.pe/wp-content/uploads/2025/11/IMG_20251115_184626_800_x_533_pixel-660x330.jpg, https://diariosinfronteras.com.pe/wp-content/uploads/2020/06/dxt-nav.png",238,,,Puno: Intervienen al director de Energía y Minas por presunto uso indebido de camioneta en reunión privada,https://diariosinfronteras.com.pe/2025/11/15/puno-intervienen-al-director-de-energia-y-minas-por-presunto-uso-indebido-de-camioneta-en-reunion-privada/
Desconocido,1122,General,"Inicio PUNO Yunguyo y Kasani acuerdan reactivar feria binacional para evitar invasión de comerciantes bolivianos Yunguyo y Kasani acuerdan reactivar feria binacional para evitar invasión de comerciantes bolivianos Por Redacción Diario Sin Fronteras - 10 junio, 2025 - En PUNO 504 Las municipalidades de Yunguyo (Perú) y Kasani (Bolivia) iniciaron gestiones conjuntas para reactivar la tradicional feria binacional que se realizaba los sábados en la zona fronteriza. Este acuerdo busca ordenar el intercambio comercial y evitar el desplazamiento masivo de comerciantes bolivianos hacia el lado peruano. Mediante una mesa de trabajo bilateral, las autoridades coordinarán la reorganización de esta feria internacional, que históricamente ha dinamizado la economía local. La iniciativa pretende beneficiar por igual a comerciantes de ambos países y redistribuir el flujo de compradores que actualmente se concentra en Yunguyo. Comentarios de Facebook También te puede interesar Arequipa: Tragedia en Arequipa: bus interprovincial cae a un abismo y deja 37 muertos y 14 heridos Una nueva tragedia enluta las carreteras del sur",2025-11-16T22:38:52.363631,2025-11-16T22:38:52.502895,2025-11-16T22:38:52.502897,Sin Fronteras,10704,"https://diariosinfronteras.com.pe/wp-content/uploads/2025/06/IMG-20250610-WA0054-660x330.jpg, https://diariosinfronteras.com.pe/wp-content/uploads/2020/06/dxt-nav.png",163,Yunguyo y Kasani acuerdan reactivar feria binacional para evitar invasión de comerciantes bolivianos,,Yunguyo y Kasani acuerdan reactivar feria binacional para evitar invasión de comerciantes bolivianos,https://diariosinfronteras.com.pe/2025/06/10/yunguyo-y-kasani-acuerdan-reactivar-feria-binacional-para-evitar-invasion-de-comerciantes-bolivianos/
Desconocido,2346,General,"Inicio PUNO Puno: Tonconi ganó tiempo en juicio de corrupción Puno: Tonconi ganó tiempo en juicio de corrupción Por Redacción Diario Sin Fronteras - 28 agosto, 2024 - En PUNO 614 Tonconi ganó tiempo en juicio de corrupción El decano del Colegio de Ingenieros de Puno (CIP), Jhomar Marcelino Tonconi Quispe, ayer debió sentarse en el banquillo de los acusados, junto a otros procesados, para deliberar la apelación a la sentencia que el año pasado lo absolvió de delitos de corrupción. La diligencia estuvo programada por la Sala Penal de Apelaciones para las 10:00 horas, pero llegado el momento no se instaló debido a que el juez superior Reynaldo Luque, uno de sus miembros colegiados, se encontraba con licencia. A los minutos se publicó la Resolución 57, en el expediente 01323-218 por el delito de colusión agravada, que reprograma  la audiencia de apelación de sentencia para el día 3 de diciembre de 2024 a las 10:00 horas . Como se sabe, el alcalde del municipio de San Antón, Moisés Yorocco, en el 2015 pactó con los empresarios del Consorcio Innova para que ejecuten la obra de pistas y veredas, valorizada en 3 millones 258 mil 459.80 soles. De acuerdo a audios que se difundieron en 2016, el alcalde pide S  270 mil soles para favorecer a la empresa, e incluso se oye que la coima corresponde al 13  de la obra. El fiscal Anticorrupción, Gilmer Escobar Gil, apeló la sentencia absolutoria, porque considera que Tonconi Quispe materializó ese negociado porque entonces era gerente de Infraestructura y además presidente del comité de selección.    la concertación entre Moisés Morocco Mamani y los representantes del consorcio Innova, se dio previo al proceso de selección justamente para garantizar la adjudicación de la buena pro y una futura ejecución contractual  . 10 AÑOS DE CÁRCEL El alcalde y los empresarios fueron sentenciados a 10 años de prisión, pero el juez de primera instancia, sin una debida motivación, absolvió al funcionario que, en la práctica consumó el pacto colusorio. DESINFORMA Los militantes de Jhomar Tonconi indican que este negaría tal apelación y que muestra la sentencia absolutoria, lo que no es cierto. Comentarios de Facebook También te puede interesar Arequipa: Tragedia en Arequipa: bus interprovincial cae a un abismo y deja 37 muertos y 14 heridos Una nueva tragedia enluta las carreteras del sur",2025-11-16T22:38:52.363631,2025-11-16T22:38:52.501991,2025-11-16T22:38:52.501993,Sin Fronteras,10703,"https://diariosinfronteras.com.pe/wp-content/uploads/2024/08/abrdiroaaa_RTK-660x330.jpg, https://diariosinfronteras.com.pe/wp-content/uploads/2020/06/dxt-nav.png",388,"El decano del Colegio de Ingenieros de Puno (CIP), Jhomar Marcelino Tonconi Quispe, ayer debió sentarse en el banquillo de los acusados, junto a otros procesados, para deliberar la apelación a la sentencia que el año pasado lo absolvió de delitos de corrupción. La diligencia estuvo programada por la Sala Penal de Apelaciones para las 10:00 horas, pero llegado el momento no se instaló debido a que el juez superior Reynaldo Luque, uno de sus miembros colegiados, se encontraba con licencia.",,Puno: Tonconi ganó tiempo en juicio de corrupción,https://diariosinfronteras.com.pe/2024/08/28/puno-tonconi-gano-tiempo-en-juicio-de-corrupcion/
Desconocido,3884,General,"Inicio PUNO Puno: Concejo de Azángaro se zurra de JNE y Fiscalía Puno: Concejo de Azángaro se zurra de JNE y Fiscalía Por Diario Sin Fronteras - 17 julio, 2025 - En PUNO 846 El Concejo Provincial de Azángaro se burló del Jurado Nacional de Elecciones (JNE) que el último 7 de julio dio 24 horas para que informe sobre el Acuerdo de Concejo del 22 de mayo de este año 10 regidores votaron por la vacancia del alcalde Salvador Apaza (uno se abstuvo). Con Oficio 002325-2025-SG JNE, fechado el 7 de julio, requirieron que remita los actuados, e incluso, si fuera el caso, el resultado de la reconsideración o apelación, lanzando la advertencia que de lo contrario, el máximo organismo electoral resolverá en última instancia. Debieron remitir originales o copias certificadas de documentos esenciales, como el Acuerdo de Concejo 033-2025-MPA CM.  Se solicita información sobre si dicho acuerdo quedó consentido o si se interpuso algún recurso impugnatorio en su contra. Además, requirieron toda la documentación que formó parte del procedimiento de vacancia, incluyendo informes, opiniones legales, dictámenes, acuerdos de concejo previos (con sus respectivas actas de sesión) y medios audiovisuales que hayan servido de base para el pronunciamiento del Concejo Municipal. SE ZURRARON Sin embargo, ayer nos informaron que la respuesta recién la dieron el día 10 de julio, y lo hicieron de manera incompleta e insultante. La respuesta contenida en 69 páginas solo contiene notificaciones y el pedido de nulidad de la sesión de concejo del 22 de mayo, así como las del 15 y 19 de mayo.  Hicieron llegar al JNE solo documentos que no tienen relevancia: solo las notificaciones y el documento presentado por el abogado del alcalde, el recurso de reconsideración y la fecha que se debatirá la reconsideración. Por ejemplo, no enviaron el Acuerdo de Concejo, ni los informes detallados que piden , dijo un concejal. DENUNCIA FISCAL El regidor pidió que el Ministerio Público denuncie al Concejo Provincial que ha sido emplazado, por el delito de omisión de actos funcionales.  También exigimos se eleve al Jurado (Nacional de Elecciones) las investigaciones fiscales anteriores, ya que en octubre y noviembre de 2024 se denunció por rehusamiento y cohecho pasivo activo a la regidora Diana de la Flor Cotacallapa y al alcalde Salvador Apaza Flores , especificó. A PROPÓSITO La desobediencia del Concejo Provincial se suma al ardid que se observó en la sesión de concejo del 22 de mayo donde el burgomaestre fue vacado sin que permitieran que el vacador sustente su pedido; el alcalde no sustentó su defensa. La vacancia duró media hora y bajo la lógica que  ya se conocía los argumentos de la vacancia , votaron. CON  MANZANITAS  Cabe recordar que el 3 de febrero de 2025 cuando el JNE anula el proceso de vacancia, explicó a detalle cómo deben llevar la sesión de concejo. Tanto los regidores como el alcalde, han mostrado renuencia a la ley.  Como veo, hay una burla total. La Fiscalía de corrupción de funcionarios que acelere su trabajo y también el fiscal Pinares, de Asillo; y el procurador del JNE deben actuar y hacerse respetar  o es que están coludidos? , invocó el regidor.  CUÁNTO TIEMPO MÁS? La primera vacancia a Salvador Apaza fue el 09 de abril de 2024, y desde entonces han distraído el tiempo en reconsideraciones, apelaciones y en dilaciones absurdas. HUBO NEPOTISMO Con Oficio Posterior 012-2024 la Contraloría confirmó que el alcalde Salvador Apaza incurrió en la causal de nepotismo al contratar a su cuñado, Dennis Félix Calsín Otazú, como operador de maquinaria pesada en el 2023. Este es hermano de Brígida Calsín Otazú, con quien el burgomaestre tiene dos hijas. Comentarios de Facebook También te puede interesar Puno: Intervienen al director de Energía y Minas por presunto uso indebido de camioneta en reunión privada El director regional de Energía y Minas, Edwin",2025-11-16T22:38:52.363631,2025-11-16T22:38:52.501409,2025-11-16T22:38:52.501412,Sin Fronteras,10702,"https://diariosinfronteras.com.pe/wp-content/uploads/2025/07/abdiora-ktad-660x330.jpg, https://diariosinfronteras.com.pe/wp-content/uploads/2020/06/dxt-nav.png",641,,,Puno: Concejo de Azángaro se zurra de JNE y Fiscalía,https://diariosinfronteras.com.pe/2025/07/17/puno-concejo-de-azangaro-se-zurra-de-jne-y-fiscalia/
Desconocido,1456,General,"Inicio NACIONAL Docente universitario detenido en Lambayeque por presunta tentativa de feminicidio Docente universitario detenido en Lambayeque por presunta tentativa de feminicidio Por Diario Sin Fronteras - 4 agosto, 2025 - En NACIONAL 532 Docente es acusado por tentativa de feminicidio. Un docente de la Universidad Nacional Pedro Ruiz Gallo, identificado como Miguel Arriaga Delgado (49), fue detenido en flagrancia por agentes de la Policía Nacional, tras ser denunciado por agredir brutalmente a su pareja, una estudiante de 22 años. El hecho ocurrió en el distrito de La Victoria, en la región Lambayeque. Según el parte policial, la víctima señaló que el docente la atacó con un pico de botella, causándole lesiones en el rostro. Arriaga enfrenta una investigación preliminar por el presunto delito de tentativa de feminicidio. Las diligencias ya incluyen un reconocimiento médico legal y declaraciones de ambas partes. La joven, estudiante de Enfermería, rinde su testimonio en una comisaría de la zona. Las autoridades continúan recabando pruebas para determinar las circunstancias del ataque. Este nuevo caso de violencia de género vuelve a encender las alertas sobre los entornos universitarios y la necesidad de medidas de protección más efectivas para las mujeres jóvenes. Comentarios de Facebook También te puede interesar Cientos de jóvenes puneños rinden examen de preselección para Beca 18 Aspirantes de toda la región participaron en la",2025-11-16T22:38:52.363631,2025-11-16T22:38:52.500895,2025-11-16T22:38:52.500897,Sin Fronteras,10701,"https://diariosinfronteras.com.pe/wp-content/uploads/2025/08/141914_1777205-660x330.webp, https://diariosinfronteras.com.pe/wp-content/uploads/2020/06/dxt-nav.png",221,"Miguel Arriaga, docente universitario en Lambayeque, fue detenido por agredir a su pareja con un pico de botella. Enfrenta cargos por tentativa de feminicidio.",,Docente universitario detenido en Lambayeque por presunta tentativa de feminicidio,https://diariosinfronteras.com.pe/2025/08/04/lambayeque-docente-detenido-feminicidio-universidad-pedro-ruiz-gallo/
Desconocido,2906,General,"Inicio NACIONAL Alcalde del Rímac propone construir  ciudad penitenciaria  para criminales en La Rinconada:  Arriba de 5.000 m.s.n.m.  Alcalde del Rímac propone construir  ciudad penitenciaria  para criminales en La Rinconada:  Arriba de 5.000 m.s.n.m.  Por Redacción Diario Sin Fronteras - 8 abril, 2025 - En NACIONAL 508 Alcalde del Rímac propone construir  ciudad penitenciaria  para criminales en La Rinconada:  Arriba de 5.000 m.s.n.m.  El alcalde del distrito del Rímac, Néstor de la Rosa, propuso la creación de una  ciudad penitenciaria  en la zona de Ananea, en el centro poblado de La Rinconada, región Puno, ubicada a más de 5.000 metros sobre el nivel del mar. El burgomaestre señaló que esta propuesta se alinea con una de las siete estrategias de seguridad impulsadas por el Ejecutivo. Según indicó, de llevarse a cabo esta propuesta, la infraestructura podría estar operativa en un año  La construcción de una ciudad penitenciaria a más de 5.000 msnm, con tres anillos de acceso, permitiría aislar a los delincuentes de alta peligrosidad. Esta obra podría ejecutarse bajo el mecanismo de obras por impuestos, con el uso adecuado de los recursos y la voluntad política necesaria, es posible tener una ciudad penitenciaria en ese plazo , explicó De la Rosa.  Por qué La Rinconada? El alcalde explicó que la elección de La Rinconada no es casual. Su ubicación geográfica extrema, en una de las zonas más altas habitadas del planeta, la convierte en un lugar estratégico para la ubicación de un penal de alta seguridad.  Allí no hay posibilidad de fuga, no hay vías rápidas de escape, el entorno es inhóspito , añadió.  Qué otras medidas propone el alcalde del Rímac? De la Rosa también cuestionó la falta de recursos destinados a su distrito, a pesar de que el Rímac forma parte del centro histórico de Lima. Como parte de las medidas de seguridad a nivel local, indicó que se ha planteado que esté prohibido que dos personas viajen en una misma motocicleta, como estrategia para combatir delitos como el sicariato y el robo al paso. Además, mencionó la implementación de chalecos con códigos QR para mototaxistas con el fin de facilitar la identificación y control de los conductores. La propuesta de Néstor de la Rosa se suma a las múltiples iniciativas locales y nacionales para hacer frente a la creciente inseguridad ciudadana.  Existe una discriminación en el reparto presupuestal. Hay más de 4.730 viviendas en condiciones inhabitables, necesitamos acciones inmediatas , declaró. El planteamiento de una ciudad penitenciaria en La Rinconada abre el debate sobre nuevas estrategias de encarcelamiento y el uso de mecanismos alternativos como las obras por impuestos para su financiamiento. Comentarios de Facebook También te puede interesar Arequipa: Tragedia en Arequipa: bus interprovincial cae a un abismo y deja 37 muertos y 14 heridos Una nueva tragedia enluta las carreteras del sur",2025-11-16T22:38:52.363631,2025-11-16T22:38:52.499759,2025-11-16T22:38:52.499762,Sin Fronteras,10700,"https://diariosinfronteras.com.pe/wp-content/uploads/2025/04/WhatsApp-Image-2025-04-08-at-08.57.56-660x330.jpeg, https://diariosinfronteras.com.pe/wp-content/uploads/2020/06/dxt-nav.png",468,"El alcalde del distrito del Rímac, Néstor de la Rosa, propuso la creación de una  ciudad penitenciaria  en la zona de Ananea, en el centro poblado de La Rinconada, región Puno, ubicada a más de 5.000 metros sobre el nivel del mar.",,Alcalde del Rímac propone construir  ciudad penitenciaria  para criminales en La Rinconada:  Arriba de 5.000 m.s.n.m.,https://diariosinfronteras.com.pe/2025/04/08/alcalde-del-rimac-propone-construir-ciudad-penitenciaria-para-criminales-en-la-rinconada-arriba-de-5-000-m-s-n-m/
Desconocido,916,General,"Inicio AREQUIPA Se registrarían lluvias hasta mañana viernes en Arequipa Se registrarían lluvias hasta mañana viernes en Arequipa Por Diario Sin Fronteras - 6 febrero, 2025 - En AREQUIPA 659 Senamhi publicó informe. La Dirección Zonal 6 del Servicio Nacional de Meteorología e Hidrología (Senamhi) informó sobre la continuidad de las lluvias en Arequipa hasta mañana viernes 7 de febrero. Se registrará precipitaciones pluviales de moderada a fuerte intensidad en la sierra media y alta de la región. Asimismo, los especialistas del Senamhi pronosticaron la presencia de granizo en localidades por encima de los 2 mil 800 metros sobre el nivel del mar y nieve en zonas ubicadas sobre los 4 mil metros de altura. Comentarios de Facebook También te puede interesar Puno: Intervienen al director de Energía y Minas por presunto uso indebido de camioneta en reunión privada El director regional de Energía y Minas, Edwin",2025-11-16T22:38:52.363631,2025-11-16T22:38:52.499111,2025-11-16T22:38:52.499113,Sin Fronteras,10699,"https://diariosinfronteras.com.pe/wp-content/uploads/2025/02/C-2-660x330.jpeg, https://diariosinfronteras.com.pe/wp-content/uploads/2020/06/dxt-nav.png",147,,,Se registrarían lluvias hasta mañana viernes en Arequipa,https://diariosinfronteras.com.pe/2025/02/06/se-registrarian-lluvias-hasta-manana-viernes-en-arequipa/
Desconocido,1623,General,"Inicio NACIONAL Madre venezolana llega al Perú para rescatar a su hijo que cayó en la indigencia tras ruptura amorosa Madre venezolana llega al Perú para rescatar a su hijo que cayó en la indigencia tras ruptura amorosa Por Diario Sin Fronteras - 23 abril, 2025 - En NACIONAL 843 Madre rescata a su hijo. Una historia llena de amor y esperanza ha emocionado a miles en redes sociales. Una madre venezolana decidió viajar hasta Lima para reencontrarse con su hijo, quien vivía en situación de calle tras atravesar una dura ruptura sentimental. El emotivo momento fue grabado en video, donde se ve al joven sorprendido al ver a su madre, quien lo abraza con fuerza. La emoción fue tan intensa que el joven, entre lágrimas, se desmayó en sus brazos. El reencuentro fue posible gracias a un grupo de personas solidarias que, al conocer el caso, lograron contactar a la madre en Venezuela. Conmovida por la situación de su hijo, no dudó en emprender el viaje. Todo fue una sorpresa: llevaron al joven a un restaurante sin imaginar que allí lo esperaba su madre tras cuatro años de separación. En otro video, el joven agradeció profundamente la ayuda recibida y expresó su deseo de volver a casa:  Voy a regresar a mi hogar. Estoy decidido a ser una nueva persona , dijo emocionado. Esta historia ha sido un ejemplo poderoso de que el amor maternal y la solidaridad pueden cambiar vidas, incluso en los momentos más oscuros. Comentarios de Facebook También te puede interesar Puno: Intervienen al director de Energía y Minas por presunto uso indebido de camioneta en reunión privada El director regional de Energía y Minas, Edwin",2025-11-16T22:38:52.363631,2025-11-16T22:38:52.498650,2025-11-16T22:38:52.498652,Sin Fronteras,10698,"https://diariosinfronteras.com.pe/wp-content/uploads/2025/04/madre-venezolana-800x533-1-660x330.jpg, https://diariosinfronteras.com.pe/wp-content/uploads/2020/06/dxt-nav.png",280,,,Madre venezolana llega al Perú para rescatar a su hijo que cayó en la indigencia tras ruptura amorosa,https://diariosinfronteras.com.pe/2025/04/23/madre-venezolana-llega-al-peru-para-rescatar-a-su-hijo-que-cayo-en-la-indigencia-tras-ruptura-amorosa/
Desconocido,2446,General,"Inicio MUNDO El exlíder de Pink Floyd critica el juicio contra Pedro Castillo El exlíder de Pink Floyd critica el juicio contra Pedro Castillo Por Diario Sin Fronteras - 14 marzo, 2025 - En MUNDO 412 Defiende a Castillo. El músico británico Roger Waters, exintegrante de Pink Floyd, expresó su apoyo al expresidente peruano Pedro Castillo en un video difundido en redes sociales. En su mensaje, Waters calificó el juicio en contra de Castillo como una injusticia y mostró su preocupación por la huelga de hambre que el exmandatario inició como protesta por su detención.  Parece que su voz es poco probable que se escuche en ese país , afirmó el artista, sugiriendo que el proceso legal podría estar condicionado por intereses políticos. Castillo, quien intentó disolver el Congreso en diciembre de 2022, enfrenta un juicio por presunta rebelión y abuso de autoridad. Actualmente, se encuentra en prisión preventiva en el penal de Barbadillo, donde, según sus abogados, su estado de salud se ha deteriorado debido a la falta de alimentación y líquidos. Waters, conocido por sus posturas políticas y su activismo en derechos humanos, instó a sus seguidores a prestar atención al caso y preguntó:   Qué podemos hacer por Pedro Castillo? . Las declaraciones del músico han generado reacciones divididas en el ámbito político peruano. Mientras que algunos sectores ven su apoyo como un gesto de solidaridad con Castillo y una crítica a la justicia del país, otros consideran que Waters no tiene una visión completa de la situación y que su intervención es inapropiada. Legisladores y analistas han señalado que el juicio contra el expresidente sigue el debido proceso y que las declaraciones del artista podrían distorsionar la percepción internacional del caso. Este no es el primer pronunciamiento político de Roger Waters, quien en el pasado ha criticado a líderes como Donald Trump y ha apoyado diversas causas sociales en América Latina. Su mensaje sobre Castillo, sin embargo, ha generado especial controversia en Perú, donde la crisis política y la polarización siguen marcando la agenda nacional. Mientras tanto, el juicio contra el exmandatario continúa en la Corte Suprema, con audiencias que definirán su futuro en los próximos meses. Comentarios de Facebook También te puede interesar Puno: Intervienen al director de Energía y Minas por presunto uso indebido de camioneta en reunión privada El director regional de Energía y Minas, Edwin",2025-11-16T22:38:52.363631,2025-11-16T22:38:52.498337,2025-11-16T22:38:52.498340,Sin Fronteras,10697,"https://diariosinfronteras.com.pe/wp-content/uploads/2025/03/IMG_20250314_113223_800_x_533_pixel-660x330.jpg, https://diariosinfronteras.com.pe/wp-content/uploads/2020/06/dxt-nav.png",392,,,El exlíder de Pink Floyd critica el juicio contra Pedro Castillo,https://diariosinfronteras.com.pe/2025/03/14/el-exlider-de-pink-floyd-critica-el-juicio-contra-pedro-castillo/
Desconocido,1589,General,"Inicio AREQUIPA CD Moquegua asciende a Liga1 tras vencer 3-2 a César Vallejo CD Moquegua asciende a Liga1 tras vencer 3-2 a César Vallejo Por Diario Sin Fronteras - 5 mins atrás - En AREQUIPA 17 CD Moquegua volvió a Primera División después de 12 años. Lo hizo con un triunfo trabajado. Golpe a golpe. Frente a una César Vallejo que no pudo sostener la remontada. El 25 de Noviembre fue una caldera. Desde el inicio, el cuadro sureño mostró determinación. Jefferson Collazos abrió el marcador a los 22 . Cinco minutos después, Eros Montenegro amplió la ventaja con un remate cruzado. El local manejaba el partido. Vallejo respondió. Joel Quispe descontó de cabeza a los 37 . Antes del descanso, Miguel Cornejo igualó la cuenta desde el punto penal. El global estaba ajustado. La UCV de  Chemo  del Solar necesitaba un gol más. Lo buscó. Lo intentó. No logró quebrar la defensa moqueguana. Renzo Figueroa sostuvo al equipo con intervenciones decisivas. En el complemento llegó el golpe final. A los 67 , una jugada de Collazos terminó en los pies de José López. Definición fuerte. Precisa. Gol del 3-2. Gol del ascenso. Moquegua lo celebró. La serie quedó 4-2. Un triunfo que marca el regreso del sur a la Liga1. Un año después de caer en la final con FC Cajamarca, el equipo dirigido por Jaime Serna encontró su revancha en el repechaje. CD Moquegua recuperó su lugar entre los grandes. Su hinchada lo sabía. Solo era cuestión de tiempo. Comentarios de Facebook También te puede interesar Melgar Sub-13 avanza a la fase nacional del Torneo Elite FBC Melgar Sub-13 avanzó a la fase nacional",2025-11-16T22:38:52.363631,2025-11-16T22:38:52.496749,2025-11-16T22:38:52.496752,Sin Fronteras,10696,"https://diariosinfronteras.com.pe/wp-content/uploads/2025/11/465346_1812623-660x330.jpg, https://diariosinfronteras.com.pe/wp-content/uploads/2020/06/dxt-nav.png",276,CD Moquegua venció 3-2 a César Vallejo y logró el ascenso a la Liga1 2026. El cuadro sureño selló un global de 4-2 y volvió a Primera después de 12 años.,,CD Moquegua asciende a Liga1 tras vencer 3-2 a César Vallejo,https://diariosinfronteras.com.pe/2025/11/16/cd-moquegua-asciende-liga1-tras-ganar-cesar-vallejo-repechaje-2025/
Desconocido,1512,General,"Inicio PUNO Juliaca: detienen a sujeto acusado de vi0lación en hospedaje Juliaca: detienen a sujeto acusado de vi0lación en hospedaje Por Diario Sin Fronteras - 11 septiembre, 2025 - En PUNO 1298 La Policía Nacional del Perú detuvo en Juliaca a Wilmer Campos (36), acusado de haber cometido el delito de violación en agravio de una mujer de 33 años. El hecho ocurrió la mañana del ayer en un hospedaje ubicado en el jirón Mariano Núñez, salida a Macusani. Según las primeras investigaciones, Campos habría citado a la víctima al hospedaje denominado Señor de Huanca con el pretexto de conversar sobre asuntos relacionados a sus hijos menores. Una vez en el lugar, el sujeto la habría forzado a mantener relaciones sexuales contra su voluntad. Tras la denuncia, agentes de la Comisaría PNP Juliaca realizaron la intervención inmediata y lograron la detención del presunto agresor, cumpliendo con los protocolos establecidos y brindando asistencia a la víctima. El caso fue puesto en conocimiento de la Fiscalía Provincial Penal Corporativa de San Román, a cargo de la abogada Luz Marina Choque Monzón, quien continuará con las diligencias correspondientes. La Policía Nacional reiteró su compromiso en la lucha contra los delitos de violencia sexual y exhortó a la ciudadanía a denunciar este tipo de hechos. Comentarios de Facebook También te puede interesar Puno: Intervienen al director de Energía y Minas por presunto uso indebido de camioneta en reunión privada El director regional de Energía y Minas, Edwin",2025-11-16T22:38:52.363631,2025-11-16T22:38:52.496056,2025-11-16T22:38:52.496058,Sin Fronteras,10695,"https://diariosinfronteras.com.pe/wp-content/uploads/2025/09/IMG_20250911_100816_800_x_533_pixel-660x330.jpg, https://diariosinfronteras.com.pe/wp-content/uploads/2020/06/dxt-nav.png",243,,,Juliaca: detienen a sujeto acusado de vi0lación en hospedaje,https://diariosinfronteras.com.pe/2025/09/11/juliaca-detienen-a-sujeto-acusado-de-vi0lacion-en-hospedaje/
Desconocido,994,General,"Inicio PUNO Destituyen a polémico gerente de Putina Punco Destituyen a polémico gerente de Putina Punco Por Diario Sin Fronteras - 3 julio, 2020 - En PUNO 937 Nuevo gerente asumió cargo. Sandia. Jhony Medina Colia fue retirado del cargo de gerente de la Municipalidad Distrital de San Pedro de Putina Punco, en la provincia de Sandia por múltiples denuncias en su contra. Se supo que le imputaron actos irregulares en la comuna, aunque no fueron demostrados. Las mismas acusaciones se le hicieron, respecto a su actuación en el municipio de Sandia y Azángaro en gestiones pasadas. Fue un cargamontón de algunos dirigentes y regidores, quienes pidieron su destitución y que sea denunciado como corresponda. Quien asumió el cargo en su reemplazo fue Leonardo Mamani Peralta, este juramento el día de ayer en horas de la mañana. Comentarios de Facebook También te puede interesar Cientos de jóvenes puneños rinden examen de preselección para Beca 18 Aspirantes de toda la región participaron en la",2025-11-16T22:38:52.363631,2025-11-16T22:38:52.495482,2025-11-16T22:38:52.495484,Sin Fronteras,10694,"https://diariosinfronteras.com.pe/wp-content/uploads/2020/07/GERENTE-PUTINA-PUNCO.jpg, https://diariosinfronteras.com.pe/wp-content/uploads/2020/06/dxt-nav.png",163,,,Destituyen a polémico gerente de Putina Punco,https://diariosinfronteras.com.pe/2020/07/03/destituyen-a-polemico-gerente-de-putina-punco/
Desconocido,2000,General,"Inicio PUNO No podrán vender los bienes de la UANCV de Juliaca No podrán vender los bienes de la UANCV de Juliaca Por Diario Sin Fronteras - 1 día atrás - En PUNO 316 La Superintendencia Nacional de los Registros Públicos (Sunarp), ha ordenado a las 14 zonas registrales del país, impedir cualquier acción que busque comprar, vender, subdividir o transferir los bienes patrimoniales de cualquiera de las 46 universidades privadas con licencia institucional denegada, incluida la Universidad Andina Néstor Cáceres Velásquez (Uancv) de Juliaca. Así consta en un oficio circular emitido en la víspera por el director técnico registral encargado de la sede central de la Sunarp, Mario Rosario, dirigido a los jefes de las 14 unidades registrales, precisando la Intangibilidad del patrimonio de las universidades asociativas sin fines de lucro. Ello se dio tras el pedido del parlamentario puneño Carlos Zeballos, quien el 12 de este mes envió un documento al superintendente nacional de la Sunarp, pidiendo que se disponga una estrategia operativa para salvaguardar los bienes de la Uancv. Además, pidió una reunión de trabajo para articular dicho pedido, basándose en la Ley 32494, Ley que establece mecanismos excepcionales para garantizar la continuidad formativa de estudiantes de universidades asociativas sin fines de lucro creadas por ley, con licencia institucional denegada. La ley establece que los bienes muebles, inmuebles y similares, de las universidades asociativas sin fines de lucro, no podrán ser transferidos por ningún motivo, bajo responsabilidad de la administración, representante legal o titular de la institución universitaria con la finalidad de darle la seguridad jurídica y no se creen situaciones adversas que afecten el interés supremo de los alumnos y de la educación. Comentarios de Facebook También te puede interesar Puno: Intervienen al director de Energía y Minas por presunto uso indebido de camioneta en reunión privada El director regional de Energía y Minas, Edwin",2025-11-16T22:38:52.363631,2025-11-16T22:38:52.494833,2025-11-16T22:38:52.494836,Sin Fronteras,10693,"https://diariosinfronteras.com.pe/wp-content/uploads/2025/11/n-660x330.jpg, https://diariosinfronteras.com.pe/wp-content/uploads/2020/06/dxt-nav.png",309,,,No podrán vender los bienes de la UANCV de Juliaca,https://diariosinfronteras.com.pe/2025/11/15/no-podran-vender-los-bienes-de-la-uancv-de-juliaca/
Desconocido,1988,General,"Inicio PUNO Puno: Alcalde niega actos impropios en comuna Puno: Alcalde niega actos impropios en comuna Por Redacción Diario Sin Fronteras - 21 mayo, 2025 - En PUNO 679 Alcalde niega actos impropios en comuna Un hecho que no pasó hasta el momento de simples rumores sobre supuestas relaciones sexuales entre trabajadores dentro de la comuna de Jayllihuaya, pasó a otro nivel cuando el alcalde de este centro poblado denunció que lo habría llamado un supuesto periodista para  arreglar  para que no se hiciera pública esta información. NIEGA TODO Silverio Calumani Sihuayro, alcalde del centro poblado de Jayllihuaya, señaló ante los rumores que dos trabajadores habrían sostenido relaciones sexuales dentro de la comuna el pasado viernes, que era todo una mentira.  Me sorprende, yo he indagado, me han llamado de un número me preguntó por el incidente el día viernes, me indicó los nombres, que han sido dos trabajadores de la municipalidad  tajantemente es una mentira, el trabajador que mencionan estuvo todo el día con mi persona trabajando con unos soldadores  qué raro que me digan que de las 3 a 4 p.m. ha sido , indicó el burgomaestre. QUERÍAN  ARREGLAR  El alcalde denunció que la llamada telefónica que recibió donde le indicaban acerca de esta situación habría ido más allá.  Me ha llamado del número 900943657, dijo ser un periodista, que era de un  Noticias Puno  o algo así no le escuché bien, puedo venir donde esta usted, quiero conversar para que quede así, me dijo  por la llamada me he molestado  la señora involucrada en esta denuncia no trabaja los viernes, qué raro que alguien haya dicho que han estado dentro del municipio , explicó el burgomaestre. Finalmente, dijo que de no haber evidencias en este hecho no podrían actuar y simplemente se tratarían de mentiras. Comentarios de Facebook También te puede interesar Arequipa: Tragedia en Arequipa: bus interprovincial cae a un abismo y deja 37 muertos y 14 heridos Una nueva tragedia enluta las carreteras del sur",2025-11-16T22:38:52.363631,2025-11-16T22:38:52.494319,2025-11-16T22:38:52.494321,Sin Fronteras,10692,"https://diariosinfronteras.com.pe/wp-content/uploads/2025/05/abridroaaaaaaaaa-2-660x330.jpeg, https://diariosinfronteras.com.pe/wp-content/uploads/2020/06/dxt-nav.png",330,"Un hecho que no pasó hasta el momento de simples rumores sobre supuestas relaciones sexuales entre trabajadores dentro de la comuna de Jayllihuaya, pasó a otro nivel cuando el alcalde de este centro poblado denunció que lo habría llamado un supuesto periodista para  arreglar  para que no se hiciera pública esta información.",,Puno: Alcalde niega actos impropios en comuna,https://diariosinfronteras.com.pe/2025/05/21/puno-alcalde-niega-actos-impropios-en-comuna/
Desconocido,1812,General,"Inicio POLICIALES Suboficial podría enfrentar cadena perpetua en juicio Suboficial podría enfrentar cadena perpetua en juicio Por Diario Sin Fronteras - 7 abril, 2021 - En POLICIALES 964 Audiencia de prisión preventiva se realizará hoy a las 10:30 horas. Arequipa. La prognosis de pena para el policía Saúl Michael Ayala Chanine (35), acusado de abusar sexualmente de una menor de 13 años de edad, sería la cadena perpetua. Por lo pronto, la fiscal Tania Sandra Fernández Romero presentó el requerimiento de prisión preventiva de 9 meses ante el Cuarto Juzgado de Investigación Preparatoria de Paucarpata. La audiencia se realizará hoy, a partir de las 10:30 horas. El efectivo, según la tesis fiscal, captó a la menor en un grupo de juego de niños de Facebook, donde fingió ser un adolescente. Tras convencer a la niña de que tenía un auto y dinero, el efectivo pactó una cita con ella para mantener relaciones sexuales en el hotel  El Descanso , situado en la avenida Paisajista, en Hunter. Esto ocurrió el pasado 31 de marzo. Luego de que los padres de la menor se enteraron de la presunta violación y denunciaran el hecho, un equipo de agentes de la comisaría Andrés Avelino Cáceres de José Luis Bustamante y Rivero capturó al agente cuando planeaba encontrarse por segunda vez con la menor. El reconocimiento médico legal, al que se sometió la niña, salió positivo para la violación sexual. Además, trascendió que la entrevista única de la menor con el psicólogo en la cámara de Gesell perjudicaría más al efectivo que labora en la oficina de Comunicaciones de la Novena Macrorregión Policial Arequipa. Comentarios de Facebook También te puede interesar Puno: Intervienen al director de Energía y Minas por presunto uso indebido de camioneta en reunión privada El director regional de Energía y Minas, Edwin",2025-11-16T22:38:52.363631,2025-11-16T22:38:52.493906,2025-11-16T22:38:52.493909,Sin Fronteras,10691,"https://diariosinfronteras.com.pe/wp-content/uploads/2021/04/WhatsApp-Image-2021-04-06-at-7.59.01-PM.jpg, https://diariosinfronteras.com.pe/wp-content/uploads/2020/06/dxt-nav.png",301,,,Suboficial podría enfrentar cadena perpetua en juicio,https://diariosinfronteras.com.pe/2021/04/07/suboficial-podria-enfrentar-cadena-perpetua-en-juicio/
Desconocido,1584,General,"Inicio NACIONAL Trujillo: Tres víctimas mortales deja ataque armado en un local del distrito de Laredo Trujillo: Tres víctimas mortales deja ataque armado en un local del distrito de Laredo Por Diario Sin Fronteras - 5 enero, 2025 - En NACIONAL 545 Trujillo: Tres víctimas mortales deja ataque armado en un local del distrito de Laredo Un ataque armado registrado la noche del sábado en un local conocido como la chingana El Trigal, ubicado en el distrito de Laredo, provincia de Trujillo, región La Libertad, dejó tres víctimas mortales, hecho que ha generado conmoción entre los ciudadanos. Las autoridades continúan investigando las causas y motivos de este hecho criminal, aunque no se descarta que sea un problema entre bandas. De acuerdo a algunos testigos, unos desconocidos llegaron en moto y dispararon a Walter Magan, Jahir Vásuez y Brayan Magan. Brayan falleció cuando era trasladado al hospital Belén y Jahir murió en el hospital de Laredo. EMERGENCIA Pese a que la provincia de Trujillo pronto cumplirá un año en estado de emergencia por el alto índice de inseguridad, los actos delictivos no han cesado. Durante la última semana se reportaron unas tres detonaciones en establecimiento y viviendas por extorsionadores y el 25 de noviembre del 2024, hubo un asesinato de dos perosnas en un discoteca. Frente a esta realidad, el alcalde de Laredo, Sergio Vilchez, pidió que haya mayor presencia policial. Comentarios de Facebook También te puede interesar Cientos de jóvenes puneños rinden examen de preselección para Beca 18 Aspirantes de toda la región participaron en la",2025-11-16T22:38:52.363631,2025-11-16T22:38:52.493584,2025-11-16T22:38:52.493587,Sin Fronteras,10690,"https://diariosinfronteras.com.pe/wp-content/uploads/2025/01/fallecen-trujillo-ataque-660x330.jpg, https://diariosinfronteras.com.pe/wp-content/uploads/2020/06/dxt-nav.png",256,"Un ataque armado registrado la noche del sábado en un local conocido como la chingana El Trigal, ubicado en el distrito de Laredo, provincia de Trujillo, región La Libertad, dejó tres víctimas mortales, hecho que ha generado conmoción entre los ciudadanos.",,Trujillo: Tres víctimas mortales deja ataque armado en un local del distrito de Laredo,https://diariosinfronteras.com.pe/2025/01/05/trujillo-tres-victimas-mortales-deja-ataque-armado-en-un-local-del-distrito-de-laredo/
Desconocido,1322,General,"Inicio PUNO Puno: Hoy enterrarán a mujer asesinada de un disparo Puno: Hoy enterrarán a mujer asesinada de un disparo Por Diario Sin Fronteras - 14 agosto, 2025 - En PUNO 489 La violencia criminal volvió a teñir de luto al centro poblado de La Rinconada. En el distrito de Ananea, Reyna M. Colque Sucasaire, de 30 años, perdió la vida tras recibir un disparo en la cabeza durante un asalto a mano armada. El ataque ocurrió cerca de las 20:00 horas del lunes 11 de agosto, en el jirón Colombia, urbanización Tres de Mayo, a pocos metros de su establecimiento. Testigos relataron que los delincuentes le dispararon en plena vía pública y huyeron sin dejar rastro. Vecinos intentaron auxiliar a la joven comerciante trasladándola al centro de salud, pero llegó sin signos vitales. Tras las diligencias de ley, su cuerpo fue llevado a Juliaca donde ayer se realizó su velorio. Hoy jueves será trasladado a su tierra natal, San Antonio de Putina, para la misa de cuerpo presente y posterior sepelio en el cementerio central ecológico. Los familiares exigen justicia y que se de con los resposnables del terrible asesinato. Comentarios de Facebook También te puede interesar Puno: Intervienen al director de Energía y Minas por presunto uso indebido de camioneta en reunión privada El director regional de Energía y Minas, Edwin",2025-11-16T22:38:52.363631,2025-11-16T22:38:52.492805,2025-11-16T22:38:52.492807,Sin Fronteras,10689,"https://diariosinfronteras.com.pe/wp-content/uploads/2025/08/Hoy-enterraran-a-mujer-que-murio-por-disparo-660x330.jpg, https://diariosinfronteras.com.pe/wp-content/uploads/2020/06/dxt-nav.png",223,,,Puno: Hoy enterrarán a mujer asesinada de un disparo,https://diariosinfronteras.com.pe/2025/08/14/puno-hoy-enterraran-a-mujer-asesinada-de-un-disparo/
Desconocido,3271,General,"Inicio PUNO Puno: Calmet y el  nuevo rey del oro ilegal  Puno: Calmet y el  nuevo rey del oro ilegal  Por Redacción Diario Sin Fronteras - 27 mayo, 2025 - En PUNO 1204 Calmet y el  nuevo rey del oro ilegal  El fin de semana el programa dominical Punto Final publicó un reportaje cuyo protagonista es Aldo Luis Quenta Cuno, líder de la organización criminal  Los Kilates  dedicada al acopio y venta de oro de las minas ilegales a informales de Puno, con destino a Emiratos Árabes, India, Hong Kong, entre otros países. La tesis de Álvaro Rodas Farro, titular de la Primera Fiscalía Supraprovincial Contra la Criminalidad Organizada, es que el puneño habría movido más de 70 millones de dólares en exportaciones ilegales del metal precioso extraído del altiplano. Cuando fueron a detenerlo a su residencia en la capital, no lo encontraron porque horas antes viajó a Bolivia. Se allanó inmuebles en zonas lujosas como  El Golf  en San Isidro y se incautaron 30 mil dólares además de fuertes sumas en soles, dentro de una caja fuerte. Las autoridades detuvieron al que sería su cómplice, Erick Cuaresma Zárate. Quenta Cuno salió del país el 23 de marzo de 2025 y no ha vuelto. Está prófugo y contra él pesa una orden de detención por 24 meses de prisión preventiva.  LAVANDERÍAS  Como todo inversionista, habría  colocado  su dinero con fines lícitos para  lavarlo , y quizás tender alianzas con siniestros personajes, a fin de posesionarse como empresario inmobiliario. VÍNCULO CON CALMET Así, se relacionó con Enrique Calmet Choque, inmerso en juicios mediáticos y escándalos para supuestamente, apropiarse de inmuebles ajenos. LO ESTAFÓ  El 28 de diciembre de 2021, Calmet Choque le vendió a Quenta Cuno varios fundos ubicados en Ventilla y Llavini por un valor 130 mil dólares. Los terrenos eran propiedad de María Cáceres Olazo. Ella le dio poder para que tome control del predio, válido entre el 29 de mayo de 2015 hasta el 14 de octubre de 2020. (Aquel día, ella vendió sus propiedades a Juana Rina Salas, y Calmet atestiguó la transacción ante el notario Jorge Luis Gonzales Loli, en Lima.) Sin embargo, el sinuoso abogado se autodonó el terreno, del cual ya no tenían aval y lo vendió a Aldo Quenta el 28 de diciembre de 2021. Es decir, vendió una casa ajena.  ARREGLO  Aldo Quenta denunció a Enrique Calmet por estafa. Pese a que estaba probado que vendió un terreno que no le pertenecía y que el poder que tenía había quedado sin efecto, la fiscal Yessy Giovanna Condori Escarcena, archivó la denuncia, alegando un presunto arreglo entre las partes y que la ausencia de Quenta Cuno durante la investigación advertencia falta de  persistencia en la incriminación . AUDIO DELATOR En una grabación a la que accedimos, Calmet Choque, contó que dicha fiscal le dio la salida para archivar el caso. Según él, le pidió un documento firmado por Quenta Cuno, en la que este exprese que  ya no se sentía estafado . Curiosamente ese documento figura en el expediente del caso 2022-718. En el audio se ríe de la representante del Ministerio Público por haber archivado el caso. Comentarios de Facebook También te puede interesar Arequipa: Tragedia en Arequipa: bus interprovincial cae a un abismo y deja 37 muertos y 14 heridos Una nueva tragedia enluta las carreteras del sur",2025-11-16T22:38:52.363631,2025-11-16T22:38:52.491780,2025-11-16T22:38:52.491782,Sin Fronteras,10688,"https://diariosinfronteras.com.pe/wp-content/uploads/2025/05/abridora-mitad-419x330.jpg, https://diariosinfronteras.com.pe/wp-content/uploads/2020/06/dxt-nav.png",557,"El fin de semana el programa dominical Punto Final publicó un reportaje cuyo protagonista es Aldo Luis Quenta Cuno, líder de la organización criminal  Los Kilates  dedicada al acopio y venta de oro de las minas ilegales a informales de Puno, con destino a Emiratos Árabes, India, Hong Kong, entre otros países.",,Puno: Calmet y el  nuevo rey del oro ilegal,https://diariosinfronteras.com.pe/2025/05/27/puno-calmet-y-el-nuevo-rey-del-oro-ilegal/
Desconocido,1910,General,"Inicio NACIONAL Docentes tendrán más de un incremento salarial este año Docentes tendrán más de un incremento salarial este año Por Diario Sin Fronteras - 23 marzo, 2025 - En NACIONAL 652 Continúa el mejoramiento de las condiciones laborales de los profesores. Un panorama alentador tendrán este año los docentes de las escuelas públicas del Perú al concretarse dos incrementos salariales, uno ahora en marzo y otro en noviembre. El piso salarial es mayor al que se percibe en muchos casos en escuelas privadas. Pero hay otras asignaciones que pueden incrementar aún más el salario en los públicos,  cuáles son? Eloy Cantoral, director general de Desarrollo Docente del Ministerio de Educación (Minedu), explicó cómo se darán estos incrementos, qué asignaciones adicionales pueden percibir los docentes y cuáles son los beneficios de incorporarse a la Carrera Pública Magisterial (CPM). Tal como lo ha mencionado el Poder Ejecutivo, el nuevo esquema remunerativo contempla un incremento de 200 soles en dos oportunidades durante el 2025: 200 soles en marzo y otros 200 soles en noviembre. Esto hará que el piso salarial en marzo sea de 3,300 soles y en noviembre 3,500 soles.  Ningún docente del sector público de la primera escala magisterial y ningún docente contratado, que son alrededor de 150 mil en todo el país, tendrá un ingreso salarial menor a 3,300 soles desde marzo , subrayó el vocero del Minedu. Cantoral explicó que el aumento en la primera escala repercute también en escalas superiores de la Carrera Pública Magisterial, compuesta por un total de 8 niveles, donde la octava es la máxima y está integrada por maestros top por su importante trayectoria y experiencia a lo largo de los años. Comentarios de Facebook También te puede interesar Puno: Intervienen al director de Energía y Minas por presunto uso indebido de camioneta en reunión privada El director regional de Energía y Minas, Edwin",2025-11-16T22:38:52.363631,2025-11-16T22:38:52.491436,2025-11-16T22:38:52.491439,Sin Fronteras,10687,"https://diariosinfronteras.com.pe/wp-content/uploads/2025/03/001138999W-660x330.jpg, https://diariosinfronteras.com.pe/wp-content/uploads/2020/06/dxt-nav.png",311,"Un panorama alentador tendrán este año los docentes de las escuelas públicas del Perú al concretarse dos incrementos salariales, uno ahora en marzo y otro en noviembre. El piso salarial es mayor al que se percibe en muchos casos en escuelas privadas. Pero hay otras asignaciones que pueden incrementar aún más el salario en los públicos,  cuáles son?",,Docentes tendrán más de un incremento salarial este año,https://diariosinfronteras.com.pe/2025/03/23/docentes-tendran-mas-de-un-incremento-salarial-este-ano/
Desconocido,3784,General,"Inicio POLITICA Presidenta Boluarte convoca a peruanos a vivir unas Fiestas Patrias de unidad, reflexión y compromiso con el Perú Presidenta Boluarte convoca a peruanos a vivir unas Fiestas Patrias de unidad, reflexión y compromiso con el Perú Por Diario Sin Fronteras - 23 julio, 2025 - En POLITICA 770 A pocos días de conmemorar el 204.  aniversario de nuestra independencia, la presidenta de la república, Dina Ercilia Boluarte Zegarra, hizo hoy un llamado a todos los peruanos a celebrar estas Fiestas Patrias en un ambiente de unidad, reflexión y compromiso con el país.  No es momento de divisiones ni de violencia. Es momento de que todos empujemos esta nave llamada Perú siempre hacia adelante , subrayó la jefa de Estado durante la ceremonia por el 84.  aniversario de la inmolación del capitán FAP José Abelardo Quiñones Gonzáles y el Día de la Fuerza Aérea del Perú (FAP). PRESIDENTA BOLUARTE: NO EXISTE DESARROLLO SIN SEGURIDAD Desde la Base Aérea Las Palmas, la mandataria destacó que nuestra fuerza aérea ha logrado avanzar en un contexto marcado por desafíos geopolíticos y amenazas no convencionales, y afirmó que reforzar sus capacidades estratégicas constituye no solo un deber, sino una necesidad nacional. Ante esta realidad, la presidenta remarcó el compromiso de su Gobierno con la modernización de nuestras instituciones castrenses, con especial énfasis en la defensa aérea, la conectividad territorial y la atención oportuna frente a desastres naturales.  Fortalecer nuestra Fuerza Aérea del Perú equivale a robustecer la columna vertebral de la defensa nacional y el desarrollo territorial, ya que no existe desarrollo sin seguridad , enfatizó. PRESIDENTA BOLUARTE: QUIÑONES CONSOLIDÓ LA DEFENSA DE LA SOBERANÍA PERUANA Seguidamente, la mandataria evocó la figura del capitán FAP José Abelardo Quiñones Gonzales, héroe nacional cuyo sacrificio en 1941 consolidó la defensa de la soberanía peruana e inspiró los valores que hoy animan a generaciones de peruanos.  Su acto heroico no solo consolidó la defensa de la soberanía peruana, también cimentó los valores de la Fuerza Aérea del Perú, inspirando a generaciones de militares y civiles , resaltó. Del mismo modo, extendió su reconocimiento a todos los miembros de esta institución castrense como pilotos, técnicos, mecánicos, paracaidistas, personal logístico, médico y administrativo, quienes mantienen viva la presencia de la FAP en cada rincón del país.  Ahí está la FAP cuando hay una emergencia: cuando la vida de un niño depende de un puente aéreo desde la selva o la sierra, cuando una comunidad aislada necesita víveres, medicinas o abrigo. Acciones que muchas veces se hacen sin reflectores, sin cámaras, pero con profundo amor, compromiso y una mística que solo entienden quienes han jurado defender al Perú desde las alturas , expresó. PRESIDENTA BOLUARTE REAFIRMA QUEDARSE HASTA EL 28 DE JULIO DEL 2026 Finalmente, la jefa de Estado reafirmó su firme compromiso de servir al país hasta el 28 de julio de 2026, conforme lo establece la Constitución Política del Perú.  Con las manos limpias, la conciencia tranquila, sin corrupción y con la satisfacción de haber servido a la patria pensando siempre en todos los peruanos y peruanas , puntualizó. La mandataria estuvo acompañada por el presidente del Congreso de la República, Eduardo Salhuana Cavides; las titulares del Poder Judicial, Janet Tello Gilardi, y del Tribunal Constitucional, Luz Pacheco Zerga; el jefe del Comando Conjunto de las Fuerzas Armadas, Gral. EP David Ojeda Parra; así como por otras autoridades civiles y militares. Comentarios de Facebook También te puede interesar Puno: Intervienen al director de Energía y Minas por presunto uso indebido de camioneta en reunión privada El director regional de Energía y Minas, Edwin",2025-11-16T22:38:52.363631,2025-11-16T22:38:52.491050,2025-11-16T22:38:52.491052,Sin Fronteras,10686,"https://diariosinfronteras.com.pe/wp-content/uploads/2025/07/WhatsApp-Image-2025-07-23-at-6.27.27-PM-660x330.jpeg, https://diariosinfronteras.com.pe/wp-content/uploads/2020/06/dxt-nav.png",596,,,"Presidenta Boluarte convoca a peruanos a vivir unas Fiestas Patrias de unidad, reflexión y compromiso con el Perú",https://diariosinfronteras.com.pe/2025/07/23/presidenta-boluarte-convoca-a-peruanos-a-vivir-unas-fiestas-patrias-de-unidad-reflexion-y-compromiso-con-el-peru/
Desconocido,1508,General,"Inicio AREQUIPA Arequipa: Alcalde de Majes grave por una infección generalizada Arequipa: Alcalde de Majes grave por una infección generalizada Por Redacción Diario Sin Fronteras - 14 abril, 2025 - En AREQUIPA 597 Alcalde de Majes grave por una infección generalizada El alcalde del distrito de Majes, Jenry Huisa Calapuja, atraviesa un delicado estado de salud luego de sufrir graves complicaciones derivadas de una intervención odontológica. El burgomaestre fue trasladado de urgencia a Arequipa, exactamente al Hospital Carlos Alberto Seguín Escobedo de Essalud, de donde, según nuestras fuentes, se fue luego de esperar más de 4 horas por atención médica. Sus familiares, la noche del último sábado, llevaron a Jenry Huisa Calapuja a la Clínica Arequipa, donde permanece internado en la Unidad de Cuidados Intensivos (UCI), con pronóstico reservado. El burgomaestre, de 31 años, habría desarrollado una severa infección generalizada tras la extracción de una muela del juicio realizada la semana pasada. Su situación obligó a suspender su agenda oficial, incluyendo actividades por el aniversario del distrito. Al cierre de esta edición, familiares y funcionarios de la comuna nos dijeron que el diagnóstico del burgomaestre es crítico y que sería intervenido de emergencia por la infección generalizada.  Comentarios de Facebook También te puede interesar Arequipa: Tragedia en Arequipa: bus interprovincial cae a un abismo y deja 37 muertos y 14 heridos Una nueva tragedia enluta las carreteras del sur",2025-11-16T22:38:52.363631,2025-11-16T22:38:52.490711,2025-11-16T22:38:52.490714,Sin Fronteras,10685,"https://diariosinfronteras.com.pe/wp-content/uploads/2025/04/A-660x330.jpg, https://diariosinfronteras.com.pe/wp-content/uploads/2020/06/dxt-nav.png",229,"El alcalde del distrito de Majes, Jenry Huisa Calapuja, atraviesa un delicado estado de salud luego de sufrir graves complicaciones derivadas de una intervención odontológica.",,Arequipa: Alcalde de Majes grave por una infección generalizada,https://diariosinfronteras.com.pe/2025/04/14/arequipa-alcalde-de-majes-grave-por-una-infeccion-generalizada/
Desconocido,5387,General,"Inicio POLITICA Se vienen auditorías en la UANCV,  no habrá borrón y cuenta nueva  Se vienen auditorías en la UANCV,  no habrá borrón y cuenta nueva  Por Diario Sin Fronteras - 5 enero, 2025 - En POLITICA, PUNO 1200 Se vienen auditorías en la UANCV,  no habrá borrón y cuenta nueva  Mhilton Quispe Huanca, flamante vicerrector académico de la Universidad Andina Néstor Cáceres Velásquez (UANCV) anunció que apenas asuma el cargo, propondrá la creación de una comisión auditora para las últimas tres gestiones que estuvieron a cargo del Rectorado. Consideró que ello es necesario para que de una buena vez se instaure una profunda reorganización en la primera casa superior de estudios de Juliaca, que actualmente corre el riesgo de cerrarse definitivamente. Quispe Huanca, que actualmente es decano de Ingenierías, asegura no tener vínculos con la actual gestión que dirige Juan Benites Noriega.  Los decanos no manejamos presupuestos, nuestra labor es académica. Hemos sido enérgicos en los consejos universitarios, la parte administrativa y todo lo que tiene que ver con el manejo de recursos lo han hecho ellos, yo diría el vicerrector administrativo tiene también que explicar , dijo. NO AL BORRÓN  Señaló que las autoridades rectoras electas ya recibieron sus credenciales, pero recién asumirán funciones el 13 de enero, y que, en la primera sesión de Consejo Universitario, se pedirá la auditoría y también acciones agresivas para posibilitar el licenciamiento.  Que se haga una auditoría exhaustiva, no solo a esta gestión sino a las otras dos gestiones anteriores de las cuales nadie dijo nada. Prácticamente, ni esta gestión que en algún momento se le ha solicitado que tenga de denunciar como corresponde, porque no está bien  otras gestiones se han embolsillado el dinero mediante el pacto colectivo , expresó y en otro momento aseguró que no habrá borrón y cuenta nueva. Esperemos que la comunidad universitaria apoye esta iniciativa, que no es solo mía, es de toda la plancha ganadora, de toda la universidad . Como se sabe, las anteriores gestiones no solo despilfarraron millonarios presupuestos sino que además los habrían malversado. Se firmaron contratos por más de 1 millón de soles con una empresa para el licenciamiento pero a pesar de jugosos adelantos, no cumplieron. Lo mismo se volvió a hacer con otra consultora para el segundo licenciamiento sin resultados positivos. Además, han comprado el software ERP (Enteprise Resource Planing   Sistema de planificación de recursos) en S  860 mil y ya desembolsaron S  430 mil. De acuerdo al contrato, este debería estar operativo en diciembre de 2022, para hasta la fecha no funciona. Habrían muchas irregularidades que suponen pérdidas millonarias en otras compras y pagos supuestamente indebidos a favor de las propias autoridades. Todo ello y más, debe investigarse. MEDIDA CAUTELAR Especificó que el 27 de diciembre recién se notificó a la UANCV la sentencia del 13 Juzgado Permanente Contencioso Administrativo de Lima que anula la Resolución Administrativa 034-2020 con que la Sunedu denegó el licenciamiento en marzo de 2020. En tal sentido, este lunes viajará una comisión a la capital para presentar una medida cautelar, cuyo propósito es que el Poder Judicial ordene su aplicación inmediata, a fin que se bloquee la apelación planteada por la Sunedu.  Ello nos permitiría convocar a un proceso de admisión y a la par preparar el expediente de licenciamiento , añadió.  A más tardar el día miércoles 8 debemos presentar esta acción de amparo, queremos que se retrotraiga todo hasta antes de la resolución de la Sunedu que denegó el licenciamiento , explicó, tras indicar que las nuevas autoridades rectoras agilizarán el expediente para licenciar a la UANCV con siete carreras. SOBRE ESCÁNDALOS Respecto a varios escándalos e imputaciones serias, Milthon Quispe Huanca, aclaró que en ninguna de ellas se le halló responsabilidad y que dos de ellas fueron acusaciones falsas. Aclaró que en 2021 cuando se involucró en el fallecimiento de una secretaria de Ingeniería,  el auto que la atropelló era azul como uno que yo tenía, pero era otra placa. No tuve nada que ver en eso  han dicho es el auto de Mhilton, mentira, ese carro estaba detenido tiempo en la comisaría, tenía placa distinta , precisó. Asimismo, dijo que había denunciado a policías que en marzo del 2023 lo detuvieron por inmediaciones de la Plaza Zarumilla.  No estaba conduciendo, me han detenido, me llevaron a la comisaría y por la fuerza me colocaron un chaleco de detenido y me tomaron fotos, eso es abuso de autoridad y estoy en eso, los voy a hacer pagar. Se ha demostrado que no conducía , alegó. Sin embargo, hizo un mea culpa sobre lo ocurrido en octubre del 2022 cuando salió huyendo del campus universitario de la UANCV, tras ser descubierto en su despacho con un varón y otras damas, aparentemente libando licor.  Debo hacer un mea culpa que no debí estar en ese momento, yo por ser gentil con el del cumpleaños me aproximé  prácticamente me han sembrado , aseveró. Finalmente, atribuyó estos casos como actos bajos de sus detractores, que  afortunadamente han quedado en nada. El tribunal de Honor de la universidad me ha liberado de todos los cargos , concluyó. Comentarios de Facebook También te puede interesar Cientos de jóvenes puneños rinden examen de preselección para Beca 18 Aspirantes de toda la región participaron en la",2025-11-16T22:38:52.363631,2025-11-16T22:38:52.489424,2025-11-16T22:38:52.489426,Sin Fronteras,10684,"https://diariosinfronteras.com.pe/wp-content/uploads/2025/01/abrirofdrrraaaaa-660x330.jpg, https://diariosinfronteras.com.pe/wp-content/uploads/2020/06/dxt-nav.png",879,"Mhilton Quispe Huanca, flamante vicerrector académico de la Universidad Andina Néstor Cáceres Velásquez (UANCV) anunció que apenas asuma el cargo, propondrá la creación de una comisión auditora para las últimas tres gestiones que estuvieron a cargo del Rectorado.",,"Se vienen auditorías en la UANCV,  no habrá borrón y cuenta nueva",https://diariosinfronteras.com.pe/2025/01/05/se-vienen-auditorias-en-la-uancv-no-habra-borron-y-cuenta-nueva/
Desconocido,1759,General,"Inicio PUNO Puno: Feliz 438 aniversario  Azángaro Tierra Prócer . Puno: Feliz 438 aniversario  Azángaro Tierra Prócer . Por Redacción Diario Sin Fronteras - 21 agosto, 2024 - En PUNO 1335 Feliz 438 aniversario  Azángaro Tierra Prócer . Azángaro, es una de las provincias más grandes de la región de Puno, ubicada en la zona norte de la misma, han pasado 438 años desde aquella fecha histórica, 22 de agosto de 1586, fecha en que ha sido fundado la ciudad de Azángaro. Azángaro tuvo sus orígenes desde la antigüedad (antes de 1586) en tres lugares diferentes que se relacionan con tres épocas distintas, inicialmente se menciona del lugar denominado Makaya, que está ubicado a seis kilómetros de la ciudad actual, el segundo, se menciona en el lugar de Yanaccaca, situado a espaldas del cerro Choquechambi, aunque no existe mucha relevancia histórica sobre esta afirmación. El tercero, se considera coincidentemente con la edificación del templo  Nuestra Señora de la Asunción , basándose en el certificado de Vasco de Contreras que describe lo siguiente  Yo don Vasco de Contreras, asistente de su Majestad, corregidor del Partido de Omasuyos, conferí y di posesión corporal a este Don, Diego Chuquihuanka del cargo de Gobernador y Cacique principal de Azángaro y a mi presencia y asistencia en este mismo día veinte y dos de agosto de mil quinientos ochenta y seis , Octava de la Asunción de la Virgen; mandó este mismo don Diego a colocar los primeros cimientos de la iglesia de este pueblo de Azángaro su costa y cargo de lo que certifico . Reza el escrito. Comentarios de Facebook También te puede interesar Arequipa: Tragedia en Arequipa: bus interprovincial cae a un abismo y deja 37 muertos y 14 heridos Una nueva tragedia enluta las carreteras del sur",2025-11-16T22:38:52.363631,2025-11-16T22:38:52.488351,2025-11-16T22:38:52.488354,Sin Fronteras,10683,"https://diariosinfronteras.com.pe/wp-content/uploads/2024/08/2-1-660x330.png, https://diariosinfronteras.com.pe/wp-content/uploads/2020/06/dxt-nav.png",296,"Azángaro, es una de las provincias más grandes de la región de Puno, ubicada en la zona norte de la misma, han pasado 438 años desde aquella fecha histórica, 22 de agosto de 1586, fecha en que ha sido fundado la ciudad de Azángaro.",,Puno: Feliz 438 aniversario  Azángaro Tierra Prócer .,https://diariosinfronteras.com.pe/2024/08/21/puno-feliz-438-aniversario-azangaro-tierra-procer/
Desconocido,2470,General,"Inicio PUNO Denuncian que vehículo accidentado donde viajaban trabajadores del Ministerio de Vivienda no tenía SOAT Denuncian que vehículo accidentado donde viajaban trabajadores del Ministerio de Vivienda no tenía SOAT Por Diario Sin Fronteras - 27 abril, 2025 - En PUNO 1257 Automóvil colisionó con una miniván. Un aparatoso accidente ocurrido en la vía de Azángaro-Juliaca ha dejado como saldo tres trabajadores del Programa Nacional de Vivienda Rural con heridas graves, luego de que el vehículo en el que viajaban colisionara violentamente con una miniván. La unidad, un auto con placa V8B-019, era conducida por Máximo Cariapaza, quien, según trascendió, habría fallecido en el siniestro. Lo alarmante del caso es que el vehículo no contaba con el Seguro Obligatorio de Accidentes de Tránsito (SOAT) al momento del accidente, lo que ha generado el abandono de los heridos y que todos los gastos médicos sean asumidos por sus propios familiares. Los afectados son Roger Abad Mamani Pacheco y Yorka Maribel Cabanillas Saavedra, ambos gestores sociales, y Liz Karen Sánchez Ortega, monitora social. Los tres se dirigían al distrito de San Tiago de Pupuja, donde trabajan como parte del Programa Nacional de Vivienda Rural, perteneciente al Ministerio de Vivienda. Liz Karen Sánchez fue referida de urgencia a Arequipa, donde se encuentra en estado delicado con costillas rotas y los pulmones comprometidos. Sus familiares han asumido todos los costos de atención médica especializada. Por su parte, Yorka Cabanillas tiene el fémur y la cadera fracturados, y requiere una intervención quirúrgica inmediata. En tanto, Roger Abad necesita una operación de clavícula urgente y se encuentra en evaluación neurológica debido a una preocupante pérdida de memoria. La falta de un SOAT vigente en el vehículo siniestrado ha generado indignación entre los familiares y la comunidad local, quienes exigen una respuesta inmediata por parte del Ministerio de Vivienda y el apoyo necesario para cubrir los gastos médicos. Hasta el momento no se ha emitido un pronunciamiento oficial por parte del programa al que pertenecen los trabajadores. Los familiares claman por atención urgente y justicia, mientras los afectados luchan por su recuperación en distintos centros médicos. Comentarios de Facebook También te puede interesar Puno: Intervienen al director de Energía y Minas por presunto uso indebido de camioneta en reunión privada El director regional de Energía y Minas, Edwin",2025-11-16T22:38:52.363631,2025-11-16T22:38:52.487921,2025-11-16T22:38:52.487923,Sin Fronteras,10682,"https://diariosinfronteras.com.pe/wp-content/uploads/2025/04/ACC-27-660x330.jpg, https://diariosinfronteras.com.pe/wp-content/uploads/2020/06/dxt-nav.png",381,"Un aparatoso accidente ocurrido en la vía de Azángaro-Juliaca ha dejado como saldo tres trabajadores del Programa Nacional de Vivienda Rural con heridas graves, luego de que el vehículo en el que viajaban colisionara violentamente con una miniván.",,Denuncian que vehículo accidentado donde viajaban trabajadores del Ministerio de Vivienda no tenía SOAT,https://diariosinfronteras.com.pe/2025/04/27/denuncian-que-vehiculo-accidentado-donde-viajaban-trabajadores-del-ministerio-de-vivienda-no-tenia-soat/
Desconocido,967,General,"Inicio PUNO Puno: Azángaro protesta exigiendo resolución de vacancia del alcalde Salvador Apaza Puno: Azángaro protesta exigiendo resolución de vacancia del alcalde Salvador Apaza Por Redacción Diario Sin Fronteras - 3 febrero, 2025 - En PUNO 399 Azángaro protesta exigiendo resolución de vacancia del alcalde Salvador Apaza. Pobladores del pueblo de Azángaro emprendieron una medida de protesta exigiendo la resolución del proceso de vacancia en contra del alcalde Salvador Apaza por nepotismo. El caso se encuentra en la etapa de apelación en el Jurado Nacional de Elecciones (JNE) qué tiene programado una audiencia para determinar dicho proceso. De igual manera un grupo de pobladores viajaron a la ciudad de Lima para protestar frente a las instalaciones del JNE. Comentarios de Facebook También te puede interesar Arequipa: Tragedia en Arequipa: bus interprovincial cae a un abismo y deja 37 muertos y 14 heridos Una nueva tragedia enluta las carreteras del sur",2025-11-16T22:38:52.363631,2025-11-16T22:38:52.486600,2025-11-16T22:38:52.486602,Sin Fronteras,10681,"https://diariosinfronteras.com.pe/wp-content/uploads/2025/02/WhatsApp-Image-2025-02-03-at-12.56.58-535x330.jpeg, https://diariosinfronteras.com.pe/wp-content/uploads/2020/06/dxt-nav.png",150,,,Puno: Azángaro protesta exigiendo resolución de vacancia del alcalde Salvador Apaza,https://diariosinfronteras.com.pe/2025/02/03/puno-azangaro-protesta-exigiendo-resolucion-de-vacancia-del-alcalde-salvador-apaza/
Desconocido,1922,General,"Inicio AREQUIPA Arequipa: Conductor muere atrapado entre fierros tras choque Arequipa: Conductor muere atrapado entre fierros tras choque Por Diario Sin Fronteras - 1 día atrás - En AREQUIPA 247 Favio Ramos Mamani (46) perdió la vida tras quedar atrapado entre los fierros retorcidos de su miniván luego de impactar su vehículo contra una cúster en el kilómetro 11 de la vía a Yura, a la altura del ingreso a la asociación de vivienda Villa Cono Norte. El siniestro ocurrió alrededor de las 9:35 de la noche del jueves, cuando la miniván que conducía Favio Ramos, de placa VOD-130, colisionó de manera frontal con el bus de transporte público de la empresa Los Ángeles, matrícula X1T-716, manejado por Roberto Soncco Calapuja (41). El fuerte impacto destruyó por completo la cabina del vehículo menor, dejando al conductor atrapado sin posibilidad de salir por sus propios medios. Hasta el lugar llegaron los bomberos, quienes lucharon varios minutos para liberar a Favio Ramos. Aunque fue evacuado con vida al hospital Honorio Delgado, el conductor murió debido a las graves heridas que sufrió en el accidente. Siete pasajeros del bus resultaron heridos a causa del violento choque. Ellos fueron identificados como Elizabeth Lobón Quisoccapa (25), Israel Jesús Calcina Mejía (19), David Eduardo Mamani Condorcahuana (20), Elsa Rosario Valer Vilcapaza (49), Yoshyro Jefry Chacca Carrizales (18), Hermes Romero Llanos (25) y Delia Mita Acero (48). Todos fueron trasladados a la clínica San Pablo. Según testigos, el conductor de la miniván habría originado el accidente al manejar presuntamente en estado de ebriedad, pero esta versión deberá ser confirmada con el dosaje etílico que se realizará durante la necropsia. Comentarios de Facebook También te puede interesar Puno: Intervienen al director de Energía y Minas por presunto uso indebido de camioneta en reunión privada El director regional de Energía y Minas, Edwin",2025-11-16T22:38:52.363631,2025-11-16T22:38:52.486056,2025-11-16T22:38:52.486059,Sin Fronteras,10680,"https://diariosinfronteras.com.pe/wp-content/uploads/2025/11/A-29-660x330.jpeg, https://diariosinfronteras.com.pe/wp-content/uploads/2020/06/dxt-nav.png",304,,,Arequipa: Conductor muere atrapado entre fierros tras choque,https://diariosinfronteras.com.pe/2025/11/15/arequipa-conductor-muere-atrapado-entre-fierros-tras-choque/
Desconocido,3447,General,"Inicio AREQUIPA Piden liderazgo y unión a Cáceres por pandemia Piden liderazgo y unión a Cáceres por pandemia Por Diario Sin Fronteras - 15 julio, 2020 - En AREQUIPA 760 Piden al gobernador una participación más activa para frenar la enfermedad. Cercado. A más de 120 días de la emergencia sanitaria por el covid-19, los hospitales siguen adecuándose para contener la enfermedad. Aún se requiere más personal y equipos de protección, entre otras necesidades. Según el Ministerio de Economía y Finanzas (MEF), la ejecución de recursos asignados al Gobierno Regional de Arequipa (GRA) para hacer frente a la enfermedad alcanza el 40,9 , de los más de S  25 millones transferidos. Otras regiones gastaron más recursos entregados por el Ejecutivo (ver cuadro). Incluso la Defensoría del Pueblo manifestó su preocupación por la baja ejecución de presupuesto. Para el consejero regional José Luis Hancco, aún no hay rumbo claro en la gestión de la pandemia que hace el gobernador de Arequipa, Élmer Cáceres. Señaló que la Región está usando sus recursos ordinarios para mejorar el Hospital Covid Honorio Delgado Espinoza (aún no concluye), el centro de aislamiento Cerro Juli, entre otras intervenciones de manera directa. Pero estos gastos aún no se regularizan y transparentan. También advirtió que no habría un plan de reactivación económica en ejecución en Arequipa. Consideró que no es suficiente hacer transferencias a los municipios y activar algunos programas.  Tenemos que reactivar las obras emblemáticas como Arequipa-La Joya, los hospitales y otros que requieren mayor presupuesto , señaló Hancco. Por eso pidió mayor liderazgo a la autoridad regional. NO AISLARSE Además de Arequipa, la provincia de Camaná es una de las más afectadas por la pandemia. La consejera de Camaná, Crhiss Díaz, sostiene que el GRA está respondiendo de acuerdo a las necesidades. Hace unos días se logró conseguir 10 camas y se requiere al menos otras 40 para hospitalización, pero no habría presupuesto. También pidió camas para Unidad de Cuidados Intensivos, pero el hospital de Camaná no tiene categoría para contar con ese servicio. Díaz exhortó a la autoridad regional a no aislarse y actuar de manera más unida con el Comando Covid Arequipa.  Necesitamos un poco más de voluntad, siento que se está aislando por voluntad dado que existe un comando covid. Deben trabajar de la mano, que ambos se comprometan. Que piensen como una sola cabeza , dijo. RECURSOS Ranulfo Jara, jefe de la Oficina de Diálogo del GRA, aseguró que se ha comprometido el 45,2  de los recursos covid asignados. En la sala situacional del Ministerio de Salud, la región Arequipa está en nivel de semaforización  verde  y por encima del promedio de ejecución nacional del 41 . Explicó que el resto de presupuesto (54,8 ) es para el pago del personal de salud y se ejecutará hasta agosto.  El 70  de los recursos covid son para recursos humanos, quienes hacen frente a la pandemia. Por lo tanto, a agosto gastaremos la totalidad de recursos , señaló. Respecto al uso de recursos para obras, Jara informó que se ha comprometido más de S  30 millones que se vienen ejecutado por contrataciones directas. Acotó que disponen de plazo hasta el 31 de este mes para regularizar los gastos. Comentarios de Facebook También te puede interesar Puno: Intervienen al director de Energía y Minas por presunto uso indebido de camioneta en reunión privada El director regional de Energía y Minas, Edwin",2025-11-16T22:38:52.363631,2025-11-16T22:38:52.484695,2025-11-16T22:38:52.484698,Sin Fronteras,10679,"https://diariosinfronteras.com.pe/wp-content/uploads/2020/07/CACERES-LLICA.jpg, https://diariosinfronteras.com.pe/wp-content/uploads/2020/06/dxt-nav.png",565,,,Piden liderazgo y unión a Cáceres por pandemia,https://diariosinfronteras.com.pe/2020/07/15/piden-liderazgo-y-union-a-caceres-por-pandemia/
Desconocido,4915,General,"Inicio NACIONAL A partir de junio 2025: Gobierno exige cambio obligatorio de placas vehiculares, infórmate aquí A partir de junio 2025: Gobierno exige cambio obligatorio de placas vehiculares, infórmate aquí Por Diario Sin Fronteras - 17 mayo, 2025 - En NACIONAL 812 Renovación de placas. El Ministerio de Transportes y Comunicaciones (MTC) informó que, desde junio de 2025, se iniciará el proceso obligatorio de cambio de placas de rodaje para vehículos particulares clasificados como categoría M1, así como para aquellos que no cuenten con categoría asignada pero que figuren registrados en la SUNARP antes del año 2010. La medida forma parte de un proceso escalonado que se extenderá hasta noviembre de 2027, según lo establecido en la Resolución Ministerial N.º 256-2025-MTC 01.02. El cronograma de renovación se organizará en función del último dígito de la placa actual, asignando un período de tres meses para cada grupo. El objetivo es actualizar el sistema de identificación vehicular, reforzar la seguridad vial y corregir vacíos normativos heredados del anterior Reglamento Nacional de Vehículos. Los vehículos que no realicen el cambio en el plazo correspondiente serán considerados como si no contaran con placa válida, y estarán sujetos a sanciones. La información oficial será publicada en la web del MTC y en el Diario Oficial El Peruano. Para saber si debes cambiar la placa de tu camioneta según la nueva disposición del MTC, revisa los siguientes criterios:   1. Revisa la fecha de inscripción en SUNARP  Tu camioneta fue inscrita antes del 2010?Si la respuesta es sí, y aún usa placa antigua (no de la serie nueva alfanumérica actual), entonces sí estás obligado a cambiarla.   2. Verifica si tiene categoría asignada El cambio obligatorio aplica a: Vehículos particulares de categoría M1 (autos con capacidad hasta 8 pasajeros   conductor). Vehículos sin categoría definida, pero que figuran como camioneta, automóvil, ómnibus, camión, etc. en la SUNARP y tienen placas emitidas antes de 2010.   3. Observa tu placa actual Si tu placa es de la serie antigua (por ejemplo: ABC-123 o algo similar) y fue asignada antes del 2010, es muy probable que debas cambiarla.  Cómo confirmar oficialmente? Puedes hacer lo siguiente: Ingresa al portal de Consulta Vehicular de SUNARP:https:  www.sunarp.gob.peAhí puedes ver la fecha de inscripción y la categoría o clase de tu vehículo. Consulta también en la web del MTC o llama a su central para verificar si tu vehículo está incluido en el cronograma. Te explico paso a paso lo que debes hacer para cambiar la placa de tu camioneta si está incluida en la medida del MTC:   1. Verifica si estás obligado a cambiarla Para confirmar oficialmente: Ingresa a la consulta vehicular SUNARP: https:  www.sunarp.gob.pe ConsultaVehiculo Coloca el número de tu placa (por ejemplo, B2T-123). Verifica: Año de inscripción:  Es anterior a 2010? Clase:  Camioneta?  Tiene categoría asignada? (como M1, N1, etc.). Si no la tiene, sí debes cambiar la placa.   2. Revisa el cronograma del MTC según el último dígito de tu placa Ejemplo: Si tu placa termina en 7, tu plazo será de marzo a mayo de 2027.   3. Espera que inicie tu tramo del cronograma (a partir de junio de 2025) Cuando llegue tu turno, deberás hacer el trámite de cambio de placa ante una empresa autorizada de placas.   4. Reúne los documentos necesarios Aunque el MTC publicará los requisitos exactos, normalmente necesitas: Tarjeta de propiedad. Documento de identidad (DNI). Comprobante de pago del trámite (costo aún por definir). Certificado de inscripción en SUNARP. Formulario de solicitud del cambio de placa.   5. Acude a un proveedor autorizado para recoger tu nueva placa Las placas nuevas serán del tipo Placa Única Nacional de Rodaje, con nuevos estándares de seguridad. Importante: Si no haces el cambio a tiempo  Tu vehículo será considerado sin placa válida. Podrías recibir multas, retención del vehículo y sanciones según el Reglamento de Placas. REVISA EL CRONOGRAMA Cronograma de cambio de placas (según el último dígito de tu placa actual) Último dígito de la placa Fecha para hacer el cambio 0 Junio a agosto de 2025 1 Septiembre a noviembre de 2025 2 Diciembre 2025 a febrero 2026 3 Marzo a mayo de 2026 4 Junio a agosto de 2026 5 Septiembre a noviembre de 2026 6 Diciembre 2026 a febrero 2027 7 Marzo a mayo de 2027 8 Junio a agosto de 2027 9 Septiembre a noviembre de 2027   Recuerda: Solo aplica a vehículos particulares (categoría M1) o sin categoría asignada registrados antes de 2010 y que aún tengan placas antiguas. Si no haces el cambio en tu período asignado, podrías recibir multas o sanciones. Toda la información oficial estará disponible también en: www.gob.pe mtc Comentarios de Facebook También te puede interesar Puno: Intervienen al director de Energía y Minas por presunto uso indebido de camioneta en reunión privada El director regional de Energía y Minas, Edwin",2025-11-16T22:38:52.363631,2025-11-16T22:38:52.484225,2025-11-16T22:38:52.484227,Sin Fronteras,10678,"https://diariosinfronteras.com.pe/wp-content/uploads/2025/05/WhatsApp-Image-2025-05-17-at-5.56.13-PM-660x330.jpeg, https://diariosinfronteras.com.pe/wp-content/uploads/2020/06/dxt-nav.png",798,,,"A partir de junio 2025: Gobierno exige cambio obligatorio de placas vehiculares, infórmate aquí",https://diariosinfronteras.com.pe/2025/05/17/a-partir-de-junio-2025-gobierno-exige-cambio-obligatorio-de-placas-vehiculares-informate-aqui/
Desconocido,1498,General,"Inicio POLITICA Dina Boluarte defiende su Gobierno:  Somos de hechos y no de falsas esperanzas  Dina Boluarte defiende su Gobierno:  Somos de hechos y no de falsas esperanzas  Por Diario Sin Fronteras - 14 julio, 2025 - En POLITICA 860 A menos de 13 meses de dejar el cargo, la desaprobación de Dina Boluarte continúa situándose entre los peores en la historia del Perú, sin embargo, la mandataria hace caso omiso a los números y continúa defendiendo a su Gobierno. En compañía del titular del Ministerio de Vivienda, Construcción y Saneamiento (MVCS), Durich Whittembury, la mandataria respondió ante los cuestionamientos que recibe el Ejecutivo y aseguró que dan promesas que pueden cumplirse.  Somos de hechos, no de falsas esperanzas; palabra dada, obra entregada . A más de una semana de haberse registrado una serie de bloqueos en diversas vías del Perú, Dina Boluarte convocó para este lunes 14 de julio a una reunión con autoridades de los organismos del país incluyendo al Poder Judicial (PJ), defensor del Pueblo, Josué Gutiérrez y presidente del Congreso, Eduardo Salhuana. Cabe precisar que, previo a la conversación con los integrantes de las instituciones del país, Dina Boluarte calificó a los manifestantes como  mineros ilegales , desatando la incomodidad de los protestantes. Comentarios de Facebook También te puede interesar Puno: Intervienen al director de Energía y Minas por presunto uso indebido de camioneta en reunión privada El director regional de Energía y Minas, Edwin",2025-11-16T22:38:52.363631,2025-11-16T22:38:52.483081,2025-11-16T22:38:52.483083,Sin Fronteras,10677,"https://diariosinfronteras.com.pe/wp-content/uploads/2025/07/orig-1752530635884-660x330.jpg, https://diariosinfronteras.com.pe/wp-content/uploads/2020/06/dxt-nav.png",239,,,Dina Boluarte defiende su Gobierno:  Somos de hechos y no de falsas esperanzas,https://diariosinfronteras.com.pe/2025/07/14/dina-boluarte-defiende-su-gobierno-somos-de-hechos-y-no-de-falsas-esperanzas/
Desconocido,1669,General,"Inicio POLICIALES Ataque a balazos contra  Tío Winner  en Trujillo deja un muerto Ataque a balazos contra  Tío Winner  en Trujillo deja un muerto Por Diario Sin Fronteras - 7 horas atrás - En POLICIALES 94 Sicarios dispararon contra el influencer y sus acompañantes frente a un edificio de la avenida Miraflores; uno de ellos murió en el acto. La PNP investiga las causas del ataque El influencer Cristhian Flores Villafranco, conocido como  Tío Winner , fue atacado a balazos la tarde del domingo en Trujillo, región La Libertad, cuando llegaba a un edificio ubicado en la avenida Miraflores. El ataque dejó un muerto y generó una rápida intervención policial. Cámaras de seguridad registraron el momento en que dos sujetos encapuchados se acercaron corriendo y abrieron fuego contra el influencer y sus dos acompañantes. En cuestión de segundos,  Tío Winner  y un amigo lograron ingresar al inmueble para resguardarse, mientras que Jair Méndez Vásquez fue alcanzado por los disparos y murió de inmediato en plena vía pública. Fuentes del SAMU informaron que el influencer recibió atención médica dentro del edificio, pues tenía una lesión superficial causada por una bala, aunque su vida no corre peligro. La Policía Nacional investiga los motivos del ataque, que hasta el momento se desconocen. Horas antes, el influencer había promocionado en redes sociales un partido de fútbol con otros creadores de contenido, así como un encuentro deportivo con Gerald Oropeza y el futbolista Christian Cueva. Comentarios de Facebook También te puede interesar Cientos de jóvenes puneños rinden examen de preselección para Beca 18 Aspirantes de toda la región participaron en la",2025-11-16T22:38:52.363631,2025-11-16T22:38:52.482138,2025-11-16T22:38:52.482140,Sin Fronteras,10676,"https://diariosinfronteras.com.pe/wp-content/uploads/2025/11/zzzzzz-660x330.jpg, https://diariosinfronteras.com.pe/wp-content/uploads/2020/06/dxt-nav.png",266,,,Ataque a balazos contra  Tío Winner  en Trujillo deja un muerto,https://diariosinfronteras.com.pe/2025/11/16/ataque-a-balazos-contra-tio-winner-en-trujillo-deja-un-muerto/
Desconocido,1938,General,"Inicio AREQUIPA Arequipa: Alcalde de La Joya fue detenido por manejar ebrio, causar choque y agredir a policía en comisaría de Sotillo Arequipa: Alcalde de La Joya fue detenido por manejar ebrio, causar choque y agredir a policía en comisaría de Sotillo Por Redacción Diario Sin Fronteras - 9 junio, 2025 - En AREQUIPA 670 El alcalde distrital de La Joya, Cristhian Cuadros Treviños, terminó detenido luego de protagonizar tremendo escándalo la tarde del sábado 7 de junio. El burgomaestre chocó su camioneta contra un vehículo estacionado en la carretera Panamericana Sur, en la zona de Vítor, cuando manejaba en presunto estado de ebriedad. En lugar de asumir su responsabilidad, intentó huir, pero vecinos lograron detenerlo antes de que escapara. El hecho ocurrió frente al inmueble del asentamiento humano Barrio Nuevo, zona B, donde el vehículo del afectado, Hernán C.C. (51), sufrió daños materiales. Según testigos, Cuadros intentó seguir su camino, pero una vecina le cerró el paso y, con la ayuda de otros moradores, lo retuvieron hasta que llegó la Policía. Fue trasladado a la comisaría de Sotillo, pero ahí todo se salió de control. AGREDIÓ A POLICÍA Mientras los agentes realizaban el papeleo, el alcalde se levantó repentinamente y golpeó con dos puñetazos en la cara a un suboficial de tránsito. Además, empezó a insultar a los policías, acusándolos de corruptos y gritándoles que  solo querían dinero . El violento ataque dejó atónitos a los presentes y obligó a los efectivos a reducirlo y notificar de inmediato a la Fiscalía. Cristhian Cuadros se acogió al derecho al silencio, pero enfrenta investigaciones por los presuntos delitos de conducción en presunto estado de ebriedad, violencia y resistencia a la autoridad. Comentarios de Facebook También te puede interesar Arequipa: Tragedia en Arequipa: bus interprovincial cae a un abismo y deja 37 muertos y 14 heridos Una nueva tragedia enluta las carreteras del sur",2025-11-16T22:38:52.363631,2025-11-16T22:38:52.481781,2025-11-16T22:38:52.481783,Sin Fronteras,10675,"https://diariosinfronteras.com.pe/wp-content/uploads/2025/06/FB_IMG_1749468027998-660x330.jpg, https://diariosinfronteras.com.pe/wp-content/uploads/2020/06/dxt-nav.png",312,"Alcalde de La Joya fue detenido por manejar ebrio, causar choque y agredir a policía en comisaría de Sotillo",,"Arequipa: Alcalde de La Joya fue detenido por manejar ebrio, causar choque y agredir a policía en comisaría de Sotillo",https://diariosinfronteras.com.pe/2025/06/09/arequipa-alcalde-de-la-joya-fue-detenido-por-manejar-ebrio-causar-choque-y-agredir-a-policia-en-comisaria-de-sotillo/
Desconocido,1225,General,"Inicio NACIONAL Temperatura nocturna en sierra bajará hasta 18 grados bajo cero desde hoy Temperatura nocturna en sierra bajará hasta 18 grados bajo cero desde hoy Por Diario Sin Fronteras - 1 junio, 2025 - En NACIONAL 1028 Recomiendan evitar la exposición al cambio brusco de temperatura. La temperatura nocturna en las zonas altoandinas de quince departamentos de la sierra peruana disminuirá hasta los 18 grados bajo cero, en el transcurso de hoy y hasta el martes 3 de junio, pronosticó el Servicio Nacional de Meteorología e Hidrología (Senamhi). Según el aviso meteorológico Nº 182, con nivel de alerta naranja, del Senamhi, se prevén temperaturas mínimas con valores cercanos a los -18  C en zonas por encima de los 4,000 metros sobre el nivel del mar. Además, se esperan ráfagas de viento con velocidades próximas a los 35 km h, escasa nubosidad, e incremento de la temperatura diurna. Los departamentos comprendidos en este pronóstico del Senamhi son Apurímac, Arequipa, Ayacucho, Cusco, Moquegua, Puno y Tacna. Comentarios de Facebook También te puede interesar Puno: Intervienen al director de Energía y Minas por presunto uso indebido de camioneta en reunión privada El director regional de Energía y Minas, Edwin",2025-11-16T22:38:52.363631,2025-11-16T22:38:52.480676,2025-11-16T22:38:52.480678,Sin Fronteras,10674,"https://diariosinfronteras.com.pe/wp-content/uploads/2025/06/001061282W-660x330.jpg, https://diariosinfronteras.com.pe/wp-content/uploads/2020/06/dxt-nav.png",197,"La temperatura nocturna en las zonas altoandinas de quince departamentos de la sierra peruana disminuirá hasta los 18 grados bajo cero, en el transcurso de hoy y hasta el martes 3 de junio, pronosticó el Servicio Nacional de Meteorología e Hidrología (Senamhi).",,Temperatura nocturna en sierra bajará hasta 18 grados bajo cero desde hoy,https://diariosinfronteras.com.pe/2025/06/01/temperatura-nocturna-en-sierra-bajara-hasta-18-grados-bajo-cero-desde-hoy/
Desconocido,826,General,"Inicio PUNO Puno: Ladrón de moto habría sido arrastrado por río Puno: Ladrón de moto habría sido arrastrado por río Por Redacción Diario Sin Fronteras - 10 marzo, 2025 - En PUNO 370 Ladrón de moto habría sido arrastrado por río Pobladores y rondas campesinas de Sandia recuperaron una moto lineal roja abandonada cerca del puente entre Huancaluque y Pacaypampa. El vehículo, robado a Rony Raúl Yucra durante el carnaval en Huancaluque, habría sido manejado por un presunto ladrón que perdió el control y cayó al río Sandia. La moto fue encontrada en la orilla, pero el conductor no ha sido hallado, presumiendo que cayó al río. Comentarios de Facebook También te puede interesar Arequipa: Tragedia en Arequipa: bus interprovincial cae a un abismo y deja 37 muertos y 14 heridos Una nueva tragedia enluta las carreteras del sur",2025-11-16T22:38:52.363631,2025-11-16T22:38:52.479193,2025-11-16T22:38:52.479195,Sin Fronteras,10673,"https://diariosinfronteras.com.pe/wp-content/uploads/2025/03/Ladron-de-moto-habria-sido-arrastrado-de-rio-660x330.jpg, https://diariosinfronteras.com.pe/wp-content/uploads/2020/06/dxt-nav.png",139,Pobladores y rondas campesinas de Sandia recuperaron una moto lineal roja abandonada cerca del puente entre Huancaluque y Pacaypampa.,,Puno: Ladrón de moto habría sido arrastrado por río,https://diariosinfronteras.com.pe/2025/03/10/puno-ladron-de-moto-habria-sido-arrastrado-por-rio/
Desconocido,1284,General,"Inicio POLICIALES Las cámaras ponen al descubierto a un ladrón Las cámaras ponen al descubierto a un ladrón Por Diario Sin Fronteras - 22 mayo, 2022 - En POLICIALES 973 La mochila contenía un celular, billetera y documentos. Ayer al promediar las 13:00 horas, un grupo de universitarios que acudieron a un chifa para degustar de una comida, fueron víctimas de la delincuencia. Mientras ellos conversaban amenamente dentro del local ubicado en la primera cuadra del jirón Moquegua, un sujeto que vestía con gorra, buzo y que portaba en su mano derecha una mochila color azul, estuvo parado sospechosamente cerca de la mesa de los estudiantes. El supuesto cliente simulaba esperar alguna orden suya, mientras esperaba el momento propicio para entrar en acción. Cuando vio que los universitarios seguían con su plática, este cambio la mochila a su mano izquierda, rozando el espaldar de una silla donde uno de los muchachos dejó colgado su bolso. Sus ágiles movimientos, consiguieron sacar la mochila del estudiante y camuflarlo detrás de su mochila azul. El sujeto abandona el local y se retira con rumbo desconocido. Comentarios de Facebook También te puede interesar Cientos de jóvenes puneños rinden examen de preselección para Beca 18 Aspirantes de toda la región participaron en la",2025-11-16T22:38:52.363631,2025-11-16T22:38:52.478675,2025-11-16T22:38:52.478678,Sin Fronteras,10672,"https://diariosinfronteras.com.pe/wp-content/uploads/2022/05/1..jpg, https://diariosinfronteras.com.pe/wp-content/uploads/2020/06/dxt-nav.png",208,,,Las cámaras ponen al descubierto a un ladrón,https://diariosinfronteras.com.pe/2022/05/22/las-camaras-ponen-al-descubierto-a-un-ladron/
Desconocido,2424,General,"Inicio DiarioSF Puno: Alcalde de San Miguel Adjudica Licitación Exprés de Camioneta por 67 mil Soles en Plena Crisis Presupuestal Puno: Alcalde de San Miguel Adjudica Licitación Exprés de Camioneta por 67 mil Soles en Plena Crisis Presupuestal Por Redacción Diario Sin Fronteras - 2 abril, 2025 - En DiarioSF, PUNO 418 Alcalde de San Miguel Adjudica Licitación Exprés de Camioneta por 67 mil Soles en Plena Crisis Presupuestal En un contexto de recorte presupuestal que afecta a la Municipalidad Distrital de San Miguel, se ha generado controversia por la licitación exprés realizada para el alquiler de una camioneta 4 4 exclusiva para el alcalde Cristín Mamani, por un monto total de 67 mil soles. La licitación se adjudicó en apenas 29 minutos, entre las 4:55 pm y las 5:24 pm del 28 de febrero, mientras la comunidad protestaba por el incremento de los arbitrios municipales. Este proceso, que comenzó el 31 de enero, sorprendió por su rapidez y por las sospechosas ofertas presentadas, con una diferencia de solo 500 soles entre las tres propuestas El alquiler de la camioneta, otorgado a la empresa Grupo MEVA M V SAC, será de 6,700 soles mensuales durante diez meses, lo que suma un total de 67 mil soles. Este gasto se destaca aún más si se compara con los costos de alquiler similares de otras entidades públicas, como el Gobierno Regional de Puno, que alquiló una camioneta a 25 mil soles por cuatro meses (aproximadamente 6 mil soles por mes). En medio de un recorte presupuestal de más de 3 millones de soles para 2025, esta licitación genera cuestionamientos sobre la prioridad de este gasto. Lo más llamativo de esta situación es que durante los primeros dos años de su gestión, el alcalde Mamani, conocido por su liderazgo en la base, no había requerido un vehículo de estas características. Además, el contrato de alquiler y su monto en tiempos de crisis presupuestal plantean dudas sobre la transparencia y la gestión eficiente de los recursos públicos en el municipio de San Miguel. La rapidez del proceso y las circunstancias que rodean esta licitación han generado un clima de desconfianza entre los vecinos, quienes cuestionan las decisiones del alcalde y su equipo en cuanto a la asignación de recursos. Comentarios de Facebook También te puede interesar Arequipa: Tragedia en Arequipa: bus interprovincial cae a un abismo y deja 37 muertos y 14 heridos Una nueva tragedia enluta las carreteras del sur",2025-11-16T22:38:52.363631,2025-11-16T22:38:52.478072,2025-11-16T22:38:52.478074,Sin Fronteras,10671,"https://diariosinfronteras.com.pe/wp-content/uploads/2025/04/WhatsApp-Image-2025-04-02-at-11.56.02-640x330.jpeg, https://diariosinfronteras.com.pe/wp-content/uploads/2020/06/dxt-nav.png",407,,,Puno: Alcalde de San Miguel Adjudica Licitación Exprés de Camioneta por 67 mil Soles en Plena Crisis Presupuestal,https://diariosinfronteras.com.pe/2025/04/02/puno-alcalde-de-san-miguel-adjudica-licitacion-expres-de-camioneta-por-67-mil-soles-en-plena-crisis-presupuestal/
Desconocido,1408,General,"Inicio PUNO Cientos de jóvenes puneños rinden examen de preselección para Beca 18 Cientos de jóvenes puneños rinden examen de preselección para Beca 18 Por Diario Sin Fronteras - 5 horas atrás - En PUNO 137 Aspirantes de toda la región participaron en la prueba nacional que evaluó comprensión lectora y matemática. Los resultados se conocerán el 22 de diciembre Cientos de jóvenes de la región Puno participaron este sábado 16 de noviembre en el Examen Nacional de Preselección de Beca 18 2026, la primera etapa del proceso que les permite competir por una de las becas integrales otorgadas por el Estado para seguir estudios superiores. La prueba constó de 60 preguntas de opción múltiple distribuidas en dos áreas: comprensión lectora y matemática. Este examen busca identificar a los postulantes con mejores aptitudes académicas para avanzar a la siguiente fase del concurso. A nivel nacional, más de 97 mil jóvenes de distintas regiones compiten por una de las 20 mil becas que cubren íntegramente matrícula, pensión de estudios, materiales, acompañamiento y manutención. Los resultados de esta etapa de preselección serán publicados el próximo 22 de diciembre, fecha en la que los postulantes sabrán si continúan en el proceso. Comentarios de Facebook También te puede interesar Periodistas de Puno eligen a su nuevo decano para el periodo 2025 2027 Unos 400 agremiados participan hoy en las elecciones",2025-11-16T22:38:52.363631,2025-11-16T22:38:52.477672,2025-11-16T22:38:52.477675,Sin Fronteras,10670,"https://diariosinfronteras.com.pe/wp-content/uploads/2025/11/beca-18-660x330.jpeg, https://diariosinfronteras.com.pe/wp-content/uploads/2020/06/dxt-nav.png",226,,,Cientos de jóvenes puneños rinden examen de preselección para Beca 18,https://diariosinfronteras.com.pe/2025/11/16/cientos-de-jovenes-punenos-rinden-examen-de-preseleccion-para-beca-18/
Desconocido,1538,General,"Inicio AREQUIPA Ciudadanos que viajaban a Puno alertaron sobre un conductor en aparente estado de ebriedad Ciudadanos que viajaban a Puno alertaron sobre un conductor en aparente estado de ebriedad Por Diario Sin Fronteras - 29 diciembre, 2024 - En AREQUIPA, POLICIALES 1535 Ciudadanos que viajaban a Puno alertaron sobre un conductor en aparente estado de ebriedad A las 6:30 horas de ayer, los efectivos policiales del Terminal Terrestre de Arequipa (Jacobo Hunter) intervinieron a Orlando Peralta Q., conductor de la empresa de transporte interprovincial Transzela, debido a que se encontraba en aparente estado de ebriedad. Dicha situación fue advertida por un grupo de pasajeros que se disponían a viajar a la región Puno en uno de los vehículos de la mencionada empresa de transporte (B9A-959). Al tomar conocimiento del caso, los inspectores de la Superintendencia de Transporte Terrestre de Personas, Carga y Mercancías (Sutran) solicitaron el apoyo de los agentes para realizar las diligencias e investigaciones del caso. El jefe de la Unidad Territorial de la Sutran, Cristian Sánchez Arratia, indicó que, según la hoja de ruta proporciona por la empresa Transzela, Peralta Quispe figuraba como uno de los choferes designados a la unidad que partiría a la región de Puno, por lo que se dispuso su intervención. Añadió que se realizarán las denuncias del caso. Comentarios de Facebook También te puede interesar Cientos de jóvenes puneños rinden examen de preselección para Beca 18 Aspirantes de toda la región participaron en la",2025-11-16T22:38:52.363631,2025-11-16T22:38:52.477278,2025-11-16T22:38:52.477281,Sin Fronteras,10669,"https://diariosinfronteras.com.pe/wp-content/uploads/2024/12/a-39-660x330.jpeg, https://diariosinfronteras.com.pe/wp-content/uploads/2020/06/dxt-nav.png",243,"A las 6:30 horas de ayer, los efectivos policiales del Terminal Terrestre de Arequipa (Jacobo Hunter) intervinieron a Orlando Peralta Q., conductor de la empresa de transporte interprovincial Transzela, debido a que se encontraba en aparente estado de ebriedad.",,Ciudadanos que viajaban a Puno alertaron sobre un conductor en aparente estado de ebriedad,https://diariosinfronteras.com.pe/2024/12/29/ciudadanos-que-viajaban-a-puno-alertaron-sobre-un-conductor-en-aparente-estado-de-ebriedad/
Desconocido,2899,General,"Inicio PUNO Alcalde de Yunguyo conmemora el 41  aniversario y anuncia nuevos proyectos de su gestión Alcalde de Yunguyo conmemora el 41  aniversario y anuncia nuevos proyectos de su gestión Por Diario Sin Fronteras - 1 día atrás - En PUNO 453 Ayer, la Municipalidad Provincial de Yunguyo celebró su 41  aniversario de fundación política con la tradicional sesión solemne, actividad que fue presidida por el alcalde Ing. Fernando Coya Valdivia. El acto conmemorativo contó con la presencia del cuerpo de regidores y la participación de diversas autoridades regionales y locales, entre ellas la vicegobernadora regional de Puno, Eladia Margot de la Riva Valle, así como de alcaldes provinciales y distritales, representantes de la Policía Nacional del Perú y otras instituciones invitadas. En esta fecha central, el burgomaestre provincial expuso los logros alcanzados durante su gestión municipal. En el ámbito de educación, destacó la creación de la Universidad Nacional Fronteriza Autónoma de Yunguyo (UNFAY), instando a sumar esfuerzos para que próximamente se convoque al primer examen de admisión; mientras que, en el eje de cultura, se comprometió en pronto hacer realidad la construcción del Teatro Municipal, un espacio destinado a practicar actividades artísticas. Asimismo, la autoridad edil resaltó el trabajo de mantenimiento de campos deportivos en distintos centros poblados con el objetivo de promover el esparcimiento de niños, jóvenes y adultos, y reiteró el compromiso de su gestión con la difusión de las expresiones artísticas locales, especialmente de la Zampoñada, para que sea próximamente reconocida como Patrimonio Cultural de la Nación. En cuanto a movilidad y transporte, el alcalde agradeció al Gobierno Regional de Puno por los convenios suscritos que permitirán mejorar el acceso peatonal y vehicular al nuevo Hospital de Yunguyo, así como el mejoramiento de la infraestructura del Estadio José Carlos Mariátegui. Asimismo, aprovechó en anunciar que en los próximos días se tiene previsto suscribir un nuevo convenio para ejecutar el asfaltado hacia el Terminal Terrestre de Yunguyo y la vía de salida hacia la ciudad de Puno. Tras culminar el discurso central, las autoridades invitadas felicitaron a toda la población de Yunguyo por un aniversario más y otorgaron sus respectivos reconocimientos al alcalde Fernando Coya Valdivia, quien los retribuyó con medallas y la estatuilla del Zampoñista de Oro, símbolo de nuestra provincia. La sesión solemne concluyó con el saludo protocolar a la provincia en su aniversario y un brindis que estuvo acompañado de las bellas melodías ejecutadas por el Conjunto Musical de Yunguyo, con temas icónicos de nuestra provincia. Comentarios de Facebook También te puede interesar Puno: Intervienen al director de Energía y Minas por presunto uso indebido de camioneta en reunión privada El director regional de Energía y Minas, Edwin",2025-11-16T22:38:52.363631,2025-11-16T22:38:52.476285,2025-11-16T22:38:52.476287,Sin Fronteras,10668,"https://diariosinfronteras.com.pe/wp-content/uploads/2025/11/IMG_20251115_075752_800_x_533_pixel-660x330.jpg, https://diariosinfronteras.com.pe/wp-content/uploads/2020/06/dxt-nav.png",444,,,Alcalde de Yunguyo conmemora el 41  aniversario y anuncia nuevos proyectos de su gestión,https://diariosinfronteras.com.pe/2025/11/15/alcalde-de-yunguyo-conmemora-el-41-aniversario-y-anuncia-nuevos-proyectos-de-su-gestion/
Desconocido,2251,General,"Inicio NACIONAL   Real Plaza, nunca más! y  Justicia para los fallecidos! , los carteles que han dejado en los exteriores del centro comercial de Trujillo   Real Plaza, nunca más! y  Justicia para los fallecidos! , los carteles que han dejado en los exteriores del centro comercial de Trujillo Por Redacción Diario Sin Fronteras - 24 febrero, 2025 - En NACIONAL 564 Piden justicia.  Real Plaza nunca más, justicia : este ha sido el fuerte clamor de las familias de las víctimas del trágico colapso de la cúpula del centro comercial Real Plaza en Trujillo, donde seis personas perdieron la vida, entre ellas una menor de edad, y más de 80 resultaron heridas. En la puerta principal del centro comercial, amigos y familiares de las víctimas han colocado fotos, objetos, velas y carteles en memoria de los fallecidos, mientras continúan exigiendo justicia y una compensación justa por la tragedia que ha marcado a toda la ciudad. Autoridades confirmaron que el número oficial de fallecidos es de seis personas, cinco de ellas en el mismo lugar del colapso y una más que murió tras ser trasladada al hospital debido a la gravedad de sus heridas. Además, el número de heridos asciende a 81, de los cuales varios se encuentran en estado grave. Las labores de rescate finalmente se dieron por concluidas el domingo tras una exhaustiva revisión de todas las zonas afectadas por el desplome. Afortunadamente, las autoridades descartaron que hubiera más víctimas entre los escombros tras una rigurosa inspección, incluidas las zonas de difícil acceso. Sin embargo, la tragedia ha dejado una fuerte huella en la población, que sigue esperando respuestas y justicia. El colapso ocurrió a las 20:40 hora local del viernes 21 de febrero, cuando una gran cúpula que cubría la zona de restaurantes del centro comercial se desplomó repentinamente sobre los comensales y los trabajadores presentes en el lugar. Según las primeras investigaciones, el desplome afectó principalmente la zona de comidas rápidas, donde muchas personas se encontraban disfrutando de la noche. Comentarios de Facebook También te puede interesar Arequipa: Tragedia en Arequipa: bus interprovincial cae a un abismo y deja 37 muertos y 14 heridos Una nueva tragedia enluta las carreteras del sur",2025-11-16T22:38:52.363631,2025-11-16T22:38:52.475703,2025-11-16T22:38:52.475705,Sin Fronteras,10667,"https://diariosinfronteras.com.pe/wp-content/uploads/2025/02/481237888_1167616702034373_7329113146627827906_n-660x330.jpg, https://diariosinfronteras.com.pe/wp-content/uploads/2020/06/dxt-nav.png",365,,,"Real Plaza, nunca más! y  Justicia para los fallecidos! , los carteles que han dejado en los exteriores del centro comercial de Trujillo",https://diariosinfronteras.com.pe/2025/02/24/real-plaza-nunca-mas-y-justicia-para-los-fallecidos-los-carteles-que-han-dejado-en-los-exteriores-del-centro-comercial-de-trujillo/
Desconocido,1241,General,"Inicio PUNO Puno: Condenan a 24 años de prisión a interno por la muerte de su hijo Puno: Condenan a 24 años de prisión a interno por la muerte de su hijo Por Diario Sin Fronteras - 11 abril, 2025 - En PUNO 3987 Roger Gil Acero Acero, condenado. El Juzgado Penal Colegiado de Puno dictó una condena de 24 años y 3 meses de prisión efectiva contra Roger Gil Acero Acero, quien confesó haber acabado con la vida de su hijo menor de edad durante una visita familiar en el penal de Alto Puno. El hecho ocurrió el 26 de julio de 2023, cuando el interno recibió la visita de su expareja y su pequeño hijo. Según la investigación del Ministerio Público, el sentenciado llevó al menor a un ambiente contiguo dentro del penal y allí le quitó la vida. Al percatarse de lo ocurrido, la madre también fue agredida por el ahora condenado. El autor del crimen ya cumplía condena por secuestro y violación en agravio de una menor de edad, delitos cometidos en 2021. La fiscalía logró la sentencia bajo la figura de conclusión anticipada, al aceptar su responsabilidad penal en los hechos. Comentarios de Facebook También te puede interesar Cientos de jóvenes puneños rinden examen de preselección para Beca 18 Aspirantes de toda la región participaron en la",2025-11-16T22:38:52.363631,2025-11-16T22:38:52.475042,2025-11-16T22:38:52.475045,Sin Fronteras,10666,"https://diariosinfronteras.com.pe/wp-content/uploads/2025/04/IMG-20250411-WA0062-318x330.jpg, https://diariosinfronteras.com.pe/wp-content/uploads/2020/06/dxt-nav.png",222,,,Puno: Condenan a 24 años de prisión a interno por la muerte de su hijo,https://diariosinfronteras.com.pe/2025/04/11/puno-condenan-a-24-anos-de-prision-a-interno-por-la-muerte-de-su-hijo/
Desconocido,901,General,"Inicio PUNO Puno: Fallece mujer atacada por su pareja en Chucuito Puno: Fallece mujer atacada por su pareja en Chucuito Por Diario Sin Fronteras - 16 agosto, 2025 - En PUNO 1658 La mujer identificada con las iniciales B.P.C. (51) falleció esta mañana en el Hospital Regional Manuel Núñez Butrón, tras permanecer tres días en estado de coma. Ella fue brutalmente agredida el pasado miércoles en la zona de Potojani, distrito de Chucuito. El nosocomio informó el deceso al Ministerio Público, que inició las diligencias correspondientes. En tanto, el presunto agresor, identificado como Eugenio Mamani Mamani, permanece prófugo de la justicia, intensificándose la búsqueda para dar con su paradero. Comentarios de Facebook También te puede interesar Puno: Intervienen al director de Energía y Minas por presunto uso indebido de camioneta en reunión privada El director regional de Energía y Minas, Edwin",2025-11-16T22:38:52.363631,2025-11-16T22:38:52.472855,2025-11-16T22:38:52.472857,Sin Fronteras,10665,"https://diariosinfronteras.com.pe/wp-content/uploads/2025/08/IMG_20250816_090223_800_x_533_pixel-660x330.jpg, https://diariosinfronteras.com.pe/wp-content/uploads/2020/06/dxt-nav.png",141,,,Puno: Fallece mujer atacada por su pareja en Chucuito,https://diariosinfronteras.com.pe/2025/08/16/puno-fallece-mujer-atacada-por-su-pareja-en-chucuito/
Desconocido,2264,General,"Inicio AREQUIPA Reinicia por tercera vez el juicio de Omar Candia Reinicia por tercera vez el juicio de Omar Candia Por Diario Sin Fronteras - 25 agosto, 2021 - En AREQUIPA 593 Ministerio Público pide 8 años de prisión efectiva y el pago de S  2.100.000. El Juzgado Supraprovincial Penal para Casos de Corrupción de Funcionarios de la Corte Superior de Justicia de Arequipa hoy instalará el nuevo juicio oral en contra del alcalde provincial Omar Candia y cuatro exfuncionarios de la municipalidad de Alto Selva Alegre por la presunta compra irregular de 40 cámaras de seguridad cuando era burgomaestre de esta comuna en el 2012. El juez Edy Leva Cascamayta programó 13 sesiones que se extenderán hasta el 10 de noviembre del presente año para concluir este proceso de colusión agravada que involucra no solo a Candia, sino también a la sucesión intestada del ex gerente municipal Daniel Gómez y los exfuncionarios de la comuna selvalegrina Reynaldo Díaz y José Lipe; además de los funcionarios José Ríos y Sandro Martínez Sardón. El presente caso, declarado complejo y que fue revisado en dos oportunidades por distintos magistrados, concentrará la participación de 15 testigos y 7 peritos; y se actuará más de 112 pruebas documentales. Las audiencias fueron programadas para el 25 y 27 de agosto y el 8, 15, 22, 28 y 30 de setiembre. También el 1, 13, 18 y 27 de octubre. Las últimas audiencias son el 5 y 10 de noviembre. Vale recordar que el expediente 4294-2014-47 fue programado para estas últimas fechas considerando el gran número de procesos que actualmente está tramitando el juzgado de Corrupción de Funcionarios de Arequipa. ANTECEDENTES El primer juicio contra el burgomaestre concluyó en julio del 2018. Aquella vez, el juez Roberto Salas absolvió del delito de colusión agravada a Candia y su gerente Daniel Gómez. Sin embargo, condenó a 8 años de cárcel a los exfuncionarios Juan Lipe Lizárraga y Reynaldo Díaz Chilo; y José Luis Ríos Sánchez, representante del consorcio Soluciones Andinas, y el consultor del proyecto Sandro Martínez Sardón. Comentarios de Facebook También te puede interesar Puno: Intervienen al director de Energía y Minas por presunto uso indebido de camioneta en reunión privada El director regional de Energía y Minas, Edwin",2025-11-16T22:38:52.363631,2025-11-16T22:38:52.471869,2025-11-16T22:38:52.471871,Sin Fronteras,10664,"https://diariosinfronteras.com.pe/wp-content/uploads/2021/08/a-10.jpeg, https://diariosinfronteras.com.pe/wp-content/uploads/2020/06/dxt-nav.png",373,,,Reinicia por tercera vez el juicio de Omar Candia,https://diariosinfronteras.com.pe/2021/08/25/reinicia-por-tercera-vez-el-juicio-de-omar-candia/
Desconocido,1198,General,"Inicio PUNO Puno: asesinan a balazos a conductor de volquete y se llevan su vehículo Puno: asesinan a balazos a conductor de volquete y se llevan su vehículo Por Diario Sin Fronteras - 26 junio, 2024 - En PUNO 2817 Sus verdugos lo enterraron con el material que traía en el volquete- Esta madrugada fue encontrado el cadáver del conductor del volquete de placa A3X-875, identificado como Alex Mollinedo Bustinza (47), quien había sido reportado como desaparecido cuando desconocidos lo habrían contratado supuestamente para llevar material agregado en su volquete. El cadáver presentaba impactos de bala y además sus verdugos lo habían enterrado con el mismo material que llevaba en su pesado vehículo. Tras una búsqueda sus compañeros y familiares lo ubicaron en cercanías de la capilla de la Santísima Cruz de Millicuni en el centro poblado de Alto Puno, en la nueva vía de desvío hacia Moquegua. Los familiares han pedido que las personas que hayan visto el volquete den información a la Policía ya que aún no ha sido hallado. Comentarios de Facebook También te puede interesar Cientos de jóvenes puneños rinden examen de preselección para Beca 18 Aspirantes de toda la región participaron en la",2025-11-16T22:38:52.363631,2025-11-16T22:38:52.471490,2025-11-16T22:38:52.471492,Sin Fronteras,10663,"https://diariosinfronteras.com.pe/wp-content/uploads/2024/06/encuentran-cuerpo-enterrado-puno-660x330.jpg, https://diariosinfronteras.com.pe/wp-content/uploads/2020/06/dxt-nav.png",198,,,Puno: asesinan a balazos a conductor de volquete y se llevan su vehículo,https://diariosinfronteras.com.pe/2024/06/26/puno-asesinan-a-balazos-a-conductor-de-volquete-y-se-llevan-su-vehiculo/
Desconocido,1831,General,"Inicio PUNO Problemas internos en elección de junta directiva Problemas internos en elección de junta directiva Por Diario Sin Fronteras - 2 enero, 2021 - En PUNO 628 Se reunieron para reclamar por elección que se llevó a cabo, al parecer, ilegalmente. Juliaca. Representantes de las distintas bases de la rondas campesinas y urbanas de Juliaca salieron al frente para denunciar una presunta irregularidad en la elección de la junta directiva en la provincia de San Román, donde el pasado 29 de diciembre eligieron nuevamente a la señora Marleny Mamani Ramos, los representantes de las bases desconocen esta elección. Al respecto, el representante de las rondas, Orlando Sanga Yampasi, mostró un pronunciamiento firmado por las bases de Juliaca, Caracoto y San Miguel, donde desconocen esta elección, ya que no les dejaron participar en la reunión que convocaron para elegir a la junta.  El pasado 29 de diciembre la señora Marleny Mamani convoca a una reunión pero no nos convoca a nosotros, por eso le remitimos una carta a la misma señora Marleny y al señor Vinter Apaza solicitando nuestra participación en dicha reunión, pero nunca nos hicieron caso , señaló Sanga Yampasi. En el comunicado también indican que se vulneró lo establecido en el estatuto de las rondas campesinas, ya que no les permitieron participar en esta reunión; al final señalan que las cinco bases de Cabana, Cabanillas, Caracoto, San Miguel y Juliaca, convoquen en la brevedad posible a una reunión.  Queremos una nueva elección que sea transparente conforme al estatuto de las rondas campesinas, también hemos mandado un documento al alcalde para que no reconozca esta junta , señaló. Comentarios de Facebook También te puede interesar Cientos de jóvenes puneños rinden examen de preselección para Beca 18 Aspirantes de toda la región participaron en la",2025-11-16T22:38:52.363631,2025-11-16T22:38:52.470952,2025-11-16T22:38:52.470954,Sin Fronteras,10662,"https://diariosinfronteras.com.pe/wp-content/uploads/2021/01/rondas.jpg, https://diariosinfronteras.com.pe/wp-content/uploads/2020/06/dxt-nav.png",296,,,Problemas internos en elección de junta directiva,https://diariosinfronteras.com.pe/2021/01/02/problemas-internos-en-eleccion-de-junta-directiva/
Desconocido,2098,General,"Inicio PUNO Congresista puneño recurre al MTC por  Ley del Borrachito  Congresista puneño recurre al MTC por  Ley del Borrachito  Por Diario Sin Fronteras - 7 agosto, 2025 - En PUNO 508 El parlamentario puneño Jorge Luis Flores Ancachi, sigue insistiendo para que su proyecto de ley, al que él mismo denominó como  La Ley del Borrachito , sea expuesto y, eventualmente, aprobado en el Pleno del Congreso. Esta iniciativa, plasmada en el Proyecto de Ley N  9490, busca facilitar la recuperación del brevete mediante una amnistía parcial. Esta iniciativa suaviza las sanciones para quienes cometieron infracciones graves al volante. Flores Ancachi presentó luego el proyecto de Ley N  11781 2024-CR, proponiendo esta vez, modificar los criterios con los que actualmente se sanciona a los conductores intervenidos por manejar en estado de ebriedad o bajo los efectos de drogas, como estupefacientes o sustancias psicotrópicas. La iniciativa plantea establecer sanciones diferenciadas según el nivel de alcohol en la sangre y las consecuencias del hecho. RECURRE AL MTC Para viabilizar estas iniciativas, el congresista puneño se reunió con el director general de Políticas y Regulación en Transporte Multimodal del Ministerio de Transportes y Comunicaciones (MTC), Víctor Arroyo Tocto, y con el director de Políticas y Normas en Transporte Ferroviario, Pedro Olivares Muñoz. Ante ellos expuso los argumentos y  beneficios  que permitirían a miles de ciudadanos, que cumplirían con los requisitos establecidos, recuperar su licencia, a pesar de haber sido sancionados por infracciones graves. El parlamentario aseguró que el MTC se encuentra elaborando un informe técnico que evaluará la viabilidad de esta iniciativa legislativa. Sin embargo, fue justamente el MTC que meses atrás se opuso a esta iniciativa, advirtiendo que ello podría significar un retroceso en las políticas de seguridad vial. Comentarios de Facebook También te puede interesar Puno: Intervienen al director de Energía y Minas por presunto uso indebido de camioneta en reunión privada El director regional de Energía y Minas, Edwin",2025-11-16T22:38:52.363631,2025-11-16T22:38:52.470167,2025-11-16T22:38:52.470169,Sin Fronteras,10661,"https://diariosinfronteras.com.pe/wp-content/uploads/2025/08/foto-flores-recurre-660x330.jpeg, https://diariosinfronteras.com.pe/wp-content/uploads/2020/06/dxt-nav.png",320,,,Congresista puneño recurre al MTC por  Ley del Borrachito,https://diariosinfronteras.com.pe/2025/08/07/congresista-puneno-recurre-al-mtc-por-ley-del-borrachito/
Desconocido,1368,General,"Inicio POLICIALES Arequipa: Profesor acusado por alumna se salva de cárcel Arequipa: Profesor acusado por alumna se salva de cárcel Por Redacción Diario Sin Fronteras - 25 junio, 2025 - En POLICIALES 874 Profesor acusado por alumna se salva de cárcel El juez del Octavo Juzgado de Investigación Preparatoria de Arequipa dictó comparecencia con restricciones por nueve meses en contra de René Vilca, profesor investigado por presuntos tocamientos indebidos a una alumna de 17 años de edad de la Universidad San Martín de Porres. La menor aseguró que el docente de matemáticas la citó en un hotel con la promesa de ayudarla con sus notas. Y según la acusación, la jovencita fue hallada con el torso descubierto. El magistrado consideró que el testimonio de la presunta agraviada no fue consistente y que el Ministerio Público aún no ha realizado actos clave de investigación. Además, señaló que no se presentaron pruebas de otras supuestas víctimas mencionadas. René Vilca ofreció 15 mil soles de caución, y cuenta con arraigo familiar y laboral. El juez concluyó que existen dudas razonables y que por ahora no hay sospechas graves que justifiquen su prisión preventiva. Comentarios de Facebook También te puede interesar Arequipa: Tragedia en Arequipa: bus interprovincial cae a un abismo y deja 37 muertos y 14 heridos Una nueva tragedia enluta las carreteras del sur",2025-11-16T22:38:52.363631,2025-11-16T22:38:52.469419,2025-11-16T22:38:52.469421,Sin Fronteras,10660,"https://diariosinfronteras.com.pe/wp-content/uploads/2025/06/b-10-660x330.jpeg, https://diariosinfronteras.com.pe/wp-content/uploads/2020/06/dxt-nav.png",222,"El juez del Octavo Juzgado de Investigación Preparatoria de Arequipa dictó comparecencia con restricciones por nueve meses en contra de René Vilca, profesor investigado por presuntos tocamientos indebidos a una alumna de 17 años de edad de la Universidad San Martín de Porres.",,Arequipa: Profesor acusado por alumna se salva de cárcel,https://diariosinfronteras.com.pe/2025/06/25/arequipa-profesor-acusado-por-alumna-se-salva-de-carcel/
Desconocido,1349,General,"Inicio PUNO Le dan paliza a presunto ladrón de nacionalidad argentina Le dan paliza a presunto ladrón de nacionalidad argentina Por Diario Sin Fronteras - 3 marzo, 2025 - En PUNO 1028 Sujeto ya está en manos de la Policía. Juliaca.  Le dieron una paliza! Un ciudadano argentino, identificado como Raúl Antonio Aguilar, fue retenido y amarrado a un poste tras ser sorprendido intentando robar en un establecimiento musical entre el jirón Sucre con la avenida Maestro. El propietario, Soriano Inga Vicente, lo reconoció como uno de los ladrones que un día antes le habían sustraído llaves y dinero. EL HURTO Según la denuncia, el extanjero, junto a un cómplice, intentó ingresar nuevamente al local la mañana de hoy, cerca de las 6:00 a.m., pero al ser descubiertos huyeron. Sin embargo, el agraviado los persiguió y logró capturar a Aguilar cerca del mercado Pedro Vilcapaza, donde transeúntes lo golpearon y le arrojaron agua fría antes de entregarlo a la policía. La detención se realizó en flagrancia y el detenido fue puesto a disposición de la Sección de Delitos y Faltas de la Comisaría  A  de Juliaca para las investigaciones respectivas. Comentarios de Facebook También te puede interesar Puno: Intervienen al director de Energía y Minas por presunto uso indebido de camioneta en reunión privada El director regional de Energía y Minas, Edwin",2025-11-16T22:38:52.363631,2025-11-16T22:38:52.466956,2025-11-16T22:38:52.466959,Sin Fronteras,10659,"https://diariosinfronteras.com.pe/wp-content/uploads/2025/03/Ladron-660x330.jpg, https://diariosinfronteras.com.pe/wp-content/uploads/2020/06/dxt-nav.png",222,"Juliaca.  Le dieron una paliza! Un ciudadano argentino, identificado como Raúl Antonio Aguilar, fue retenido y amarrado a un poste tras ser sorprendido intentando robar en un establecimiento musical entre el jirón Sucre con la avenida Maestro.",,Le dan paliza a presunto ladrón de nacionalidad argentina,https://diariosinfronteras.com.pe/2025/03/03/le-dan-paliza-a-presunto-ladron-de-nacionalidad-argentina/
Desconocido,2043,General,"Inicio AREQUIPA Arequipa: Joven muere tras despiste de auto conducido por su padre Arequipa: Joven muere tras despiste de auto conducido por su padre Por Diario Sin Fronteras - 25 abril, 2025 - En AREQUIPA 724 Padre de jovencito fallecido es investigado por el delito de homicidio culposo. Un jovencito de 18 años perdió la vida tras salir despedido de una camioneta que era conducida por su propio padre, luego de que el vehículo sufriera un despiste a la altura del kilómetro 73 de la carretera Arequipa   Puno, en la jurisdicción del distrito de Yura. La víctima, identificada como Jeremy Kléber Cuentas Sanca, ocupaba el asiento del copiloto cuando, por causas que aún son materia de investigación, el vehículo Toyota Hilux de placa V5M-872 se salió de la mencionada vía y terminó impactando contra un cerro. El fuerte golpe provocó que el jovencito saliera expulsado, cayendo a una cuneta, a unos ocho metros del vehículo, donde perdió la vida de manera instantánea. El padre del joven, Cléver Antonio Cuentas Mejía (48), quien manejaba la unidad, también resultó herido. Y fue evacuado por los bomberos a la clínica San Pablo, donde permanece bajo observación médica con diagnóstico de múltiples traumatismos. Mientras tanto, es custodiado por un efectivo policial debido a que enfrenta una investigación por el delito de homicidio culposo. Hasta la zona llegaron efectivos de Carreteras, personal de la Upiat y representantes del Ministerio Público, quienes realizaron el levantamiento del cuerpo e iniciaron las investigaciones de ley para esclarecer en qué circunstancias ocurrió el fatal accidente. De acuerdo con las primeras declaraciones del conductor, él y su hijo se desplazaban desde Cusco hasta Arequipa cuando ocurrió el accidente. Las causas exactas del despiste siguen siendo indagadas por las autoridades pertinentes. Comentarios de Facebook También te puede interesar Puno: Intervienen al director de Energía y Minas por presunto uso indebido de camioneta en reunión privada El director regional de Energía y Minas, Edwin",2025-11-16T22:38:52.363631,2025-11-16T22:38:52.466619,2025-11-16T22:38:52.466622,Sin Fronteras,10658,"https://diariosinfronteras.com.pe/wp-content/uploads/2025/04/a-31-660x330.jpeg, https://diariosinfronteras.com.pe/wp-content/uploads/2020/06/dxt-nav.png",322,,,Arequipa: Joven muere tras despiste de auto conducido por su padre,https://diariosinfronteras.com.pe/2025/04/25/arequipa-joven-muere-tras-despiste-de-auto-conducido-por-su-padre/
Desconocido,2998,General,"Inicio NACIONAL Ministerio de Educación gastó S 55 mil en video institucional para mejorar la imagen de Morgan Quero Ministerio de Educación gastó S 55 mil en video institucional para mejorar la imagen de Morgan Quero Por Redacción Diario Sin Fronteras - 12 mayo, 2025 - En NACIONAL 471 Ministerio de Educación gastó S 55 mil en video institucional para mejorar la imagen de Morgan Quero Un reportaje del programa dominical Punto Final denunció que el Ministerio de Educación (Minedu), a través del Instituto Peruano del Deporte (IPD), habría destinado 55 mil soles a la producción de un video institucional que buscaba mejorar la imagen del ministro Morgan Quero. El objetivo: contrarrestar la ola de críticas tras sus controvertidas declaraciones sobre la comunidad Awajún. Sin embargo, el video nunca fue publicado. La controversia se originó en 2024, cuando Quero declaró que los casos de violación a menores en la comunidad Awajún, ubicada en la provincia de Condorcanqui,  podrían estar relacionados con prácticas culturales . Esta afirmación fue ampliamente rechazada por diversos sectores, lo que llevó al ministro a pedir disculpas públicas. A raíz de ello, se impulsó la grabación de un video que mostrara su presencia y acciones en la zona. Según Punto Final, el video fue grabado durante una semana en el distrito de Río Santiago. El contenido incluía actividades deportivas promovidas por el Minedu con apoyo del IPD. No obstante, fuentes del programa indicaron que el material audiovisual fue finalmente descartado debido a que era  muy obvia y burda  la intención de respaldar mediáticamente al titular del sector Educación. La entidad encargada, el IPD, respondió por escrito a la consulta del programa, asegurando que la finalidad del video era  fortalecer y promocionar las prácticas deportivas y autóctonas de las comunidades campesinas y nativas mediante la actividad física y la recreación, respetando sus expresiones culturales . Pese a ello, no ofreció declaraciones a cámara, y su presidente, Federico Tong, evitó pronunciarse directamente sobre la denuncia. El reportaje también detalló que los S 55 mil utilizados no estaban contemplados en el plan anual del IPD. El dinero se destinó a cubrir gastos logísticos como transporte por aire, tierra y río, alimentación, viáticos y adquisición de materiales deportivos. Este desvío de recursos ha generado cuestionamientos sobre la transparencia y prioridades institucionales. Punto Final sostuvo que, según fuentes del IPD, fue el mismo Federico Tong quien solicitó al alcalde del distrito, Urías Sharup Yambisa, que enviara una carta pidiendo la realización de eventos deportivos en julio del año pasado. Esta solicitud permitió justificar la presencia del equipo técnico del IPD en la zona para grabar el video institucional. Comentarios de Facebook También te puede interesar Arequipa: Tragedia en Arequipa: bus interprovincial cae a un abismo y deja 37 muertos y 14 heridos Una nueva tragedia enluta las carreteras del sur",2025-11-16T22:38:52.363631,2025-11-16T22:38:52.466136,2025-11-16T22:38:52.466139,Sin Fronteras,10657,"https://diariosinfronteras.com.pe/wp-content/uploads/2025/05/WhatsApp-Image-2025-05-12-at-08.38.20-660x330.jpeg, https://diariosinfronteras.com.pe/wp-content/uploads/2020/06/dxt-nav.png",468,"Un reportaje del programa dominical Punto Final denunció que el Ministerio de Educación (Minedu), a través del Instituto Peruano del Deporte (IPD), habría destinado 55 mil soles a la producción de un video institucional que buscaba mejorar la imagen del ministro Morgan Quero.",,Ministerio de Educación gastó S 55 mil en video institucional para mejorar la imagen de Morgan Quero,https://diariosinfronteras.com.pe/2025/05/12/ministerio-de-educacion-gasto-s-55-mil-en-video-institucional-para-mejorar-la-imagen-de-morgan-quero/
Desconocido,1448,General,"Inicio PUNO Periodistas de Puno eligen a su nuevo decano para el periodo 2025 2027 Periodistas de Puno eligen a su nuevo decano para el periodo 2025 2027 Por Diario Sin Fronteras - 5 horas atrás - En PUNO 160 Unos 400 agremiados participan hoy en las elecciones del Colegio de Periodistas del Perú   Consejo Regional Puno. Dos listas compiten por la decanatura y los resultados se conocerán esta tarde Alrededor de 400 periodistas colegiados del Consejo Regional Puno acuden hoy a las urnas para elegir a su nuevo decano para el periodo 2025 2027. Desde temprano, se habilitaron diversas mesas de votación en la sede institucional, donde dos listas se disputan la dirección del gremio. La lista 1 está encabezada por Romel Montesinos, quien ya ocupó anteriormente el cargo de decano, mientras que la lista 2 es liderada por Hernán Quispe. El Comité Electoral recordó que los agremiados que no acudan a sufragar serán multados con 50 soles, conforme al reglamento interno. Las elecciones, supervisadas por la ONPE para garantizar transparencia y regularidad en el proceso, se desarrollarán hasta horas de la tarde. Según lo programado, cerca de las 17:00 horas se anunciará oficialmente al nuevo decano que dirigirá al Colegio de Periodistas de Puno durante los próximos dos años. Comentarios de Facebook También te puede interesar Cientos de jóvenes puneños rinden examen de preselección para Beca 18 Aspirantes de toda la región participaron en la",2025-11-16T22:38:52.363631,2025-11-16T22:38:52.465364,2025-11-16T22:38:52.465367,Sin Fronteras,10656,"https://diariosinfronteras.com.pe/wp-content/uploads/2025/11/COLE-660x330.jpeg, https://diariosinfronteras.com.pe/wp-content/uploads/2020/06/dxt-nav.png",237,,,Periodistas de Puno eligen a su nuevo decano para el periodo 2025 2027,https://diariosinfronteras.com.pe/2025/11/16/periodistas-de-puno-eligen-a-su-nuevo-decano-para-el-periodo-2025-2027/
Desconocido,1587,General,"Inicio PUNO Puno: Acuerdan toque de queda en Azángaro Puno: Acuerdan toque de queda en Azángaro Por Redacción Diario Sin Fronteras - 25 marzo, 2025 - En PUNO 598 Acuerdan toque de queda en Azángaro Ante el incremento de robos y actos delictivos, 25 comunidades campesinas del distrito de Chupa, provincia de Azángaro, han acordado establecer un toque de queda comunal que prohíbe el ingreso de personas desconocidas a partir de las 9:00 p.m. La medida busca proteger a los pobladores y sus propiedades, en respuesta a la creciente inseguridad en la zona. Adela Chambi Alanoca, presidenta de las rondas campesinas del distrito, explicó que quienes incumplan esta disposición -aprobada en acta comunal- serán conducidos a la Plaza de Armas para que la comunidad decida las acciones a tomar, en el marco de la Ley de Rondas Campesinas. Cada noche los ronderos patrullan las zonas rurales para hacer cumplir la medida. Sin embargo, requieren mayor apoyo logístico. Richard Quispe, juez de paz de primera nominación, hizo un llamado al alcalde de Chupa para que proporcione motocicletas que faciliten la rápida movilización de los ronderos ante emergencias. Otro reclamo importante es la construcción de locales propios para las rondas campesinas y las autoridades judiciales, ya que actualmente operan en espacios alquilados lo que limita su eficiencia en los diferentes procesos que afronta. Comentarios de Facebook También te puede interesar Arequipa: Tragedia en Arequipa: bus interprovincial cae a un abismo y deja 37 muertos y 14 heridos Una nueva tragedia enluta las carreteras del sur",2025-11-16T22:38:52.363631,2025-11-16T22:38:52.463018,2025-11-16T22:38:52.463021,Sin Fronteras,10655,"https://diariosinfronteras.com.pe/wp-content/uploads/2025/03/Acuerdan-toque-de-queda-660x330.jpg, https://diariosinfronteras.com.pe/wp-content/uploads/2020/06/dxt-nav.png",253,"Ante el incremento de robos y actos delictivos, 25 comunidades campesinas del distrito de Chupa, provincia de Azángaro, han acordado establecer un toque de queda comunal que prohíbe el ingreso de personas desconocidas a partir de las 9:00 p.m.",,Puno: Acuerdan toque de queda en Azángaro,https://diariosinfronteras.com.pe/2025/03/25/puno-acuerdan-toque-de-queda-en-azangaro/
Desconocido,2359,General,"Inicio NACIONAL Entre marzo y abril se registrará lluvias  dentro de lo normal a superiores  en varias regiones Entre marzo y abril se registrará lluvias  dentro de lo normal a superiores  en varias regiones Por Diario Sin Fronteras - 26 febrero, 2025 - En NACIONAL 950 Lluvias en Perú. El Servicio Nacional de Meteorología e Hidrología del Perú (Senamhi) anunció que entre marzo y abril, gran parte del país registrará  lluvias dentro de lo normal a superiores , con eventos de moderada a fuerte intensidad, principalmente en los departamentos de la región andina. El organismo adscrito al Ministerio del Ambiente señaló también que en la costa, debido al calentamiento del mar, se anticipan lluvias por encima de lo normal entre febrero y marzo, especialmente en Tumbes y Piura, con eventos de moderada a fuerte intensidad.  QUÉ SE ESPERA EN LA SIERRA Y SELVA? En la región andina existe una alta probabilidad de precipitaciones superiores a lo normal; mientras que, en la sierra noroccidental (Cajamarca, La Libertad, Lambayeque y Piura) y suroriental (Arequipa, Ayacucho, Moquegua y Tacna), las lluvias oscilarán entre niveles normales y superiores. Para la selva se esperan lluvias dentro de lo normal en la selva sur y central (Huánuco, Ucayali, Junín, Pasco), en tanto en la selva norte (Amzonas, Loreto y San Martín) podrían ser superiores a lo habitual. EL NIÑO COSTERO Y LA NIÑA COSTERA EN  NO ACTIVO  El Sistema de Alerta ante El Niño Costero y La Niña Costera del ENFEN se mantiene en  No Activo  en la región Niño 1 2 debido a que continuaría la condición neutra hasta septiembre de 2025. No se descarta el desarrollo de un escenario cálido de corta duración entre febrero y marzo de 2025, lo que podría influir en la presencia de lluvias de moderada a fuerte intensidad, principalmente en la costa norte y partes medias de la vertiente occidental. Senamhi recomienda a la ciudadanía y a los sectores estratégicos mantenerse informados sobre la evolución de las lluvias y otros fenómenos hidrometeorológicos a través de los canales oficiales de la institución, con el fin de tomar medidas oportunas ante posibles eventos climáticos adversos. Comentarios de Facebook También te puede interesar Puno: Intervienen al director de Energía y Minas por presunto uso indebido de camioneta en reunión privada El director regional de Energía y Minas, Edwin",2025-11-16T22:38:52.363631,2025-11-16T22:38:52.462547,2025-11-16T22:38:52.462565,Sin Fronteras,10654,"https://diariosinfronteras.com.pe/wp-content/uploads/2025/02/Lluvias-en-Peru-660x330.jpg, https://diariosinfronteras.com.pe/wp-content/uploads/2020/06/dxt-nav.png",386,,,Entre marzo y abril se registrará lluvias  dentro de lo normal a superiores  en varias regiones,https://diariosinfronteras.com.pe/2025/02/26/entre-marzo-y-abril-se-registrara-lluvias-dentro-de-lo-normal-a-superiores-en-varias-regiones/
Desconocido,2298,General,"Inicio AREQUIPA Adelanto de fallo de juicio de Guillén será el lunes 21 Adelanto de fallo de juicio de Guillén será el lunes 21 Por Diario Sin Fronteras - 17 noviembre, 2022 - En AREQUIPA, POLITICA 872 Culminó el juicio oral del expresidente regional de Arequipa. El Juzgado Unipersonal para Delitos de Corrupción de Funcionarios de la Corte de Arequipa (CSJA) dictará el próximo lunes 21 de noviembre el adelantó de sentencia del juicio que se sigue en contra del expresidente regional Juan Manuel Guillén Benavides y otros veinte funcionarios por el presunto delito de colusión agravada por el caso de la vía Arequipa-La Joya. El Ministerio Público planteó para la exautoridad regional la pena privativa de la libertad de 5 años y 8 meses. Además, se demandó el pago de 95 millones de soles como reparación civil a favor del Estado. En la última audiencia del juicio oral, el juez Eddy Leva Cascamayta terminó de escuchar los alegatos de clausura de las partes y las autodefensas de los procesados, los cuales clamaron su inocencia y pidieron ser liberados por los presuntos delitos que se les imputa debido a las irregularidades en la construcción de la autopista Arequipa-La Joya, lo que generó pérdidas valorizadas en más de 86 millones de soles. A su turno, Guillén Benavides, con más de 80 años y padeciendo un cáncer terminal, negó haber cometido algún acto irregular durante su gestión.  No me he concertado o coludido. Ni he ordenado a ningún funcionario de la región que establezca concertación , refirió. En lugar de ello, cuestionó las pruebas que el Ministerio Público expuso a lo largo del juicio y mencionó, por ejemplo, que en los audios presentados por el señor Víctor Mantilla, que corresponden al 20 de junio de 2014, no se le escucha en ningún momento dar instrucciones a sus funcionarios sobre la posible concertación con el consorcio Ingeniería Arequipa-La Joya para la elaboración de los estudios de la carretera. De este modo, el expresidente negó haber pedido sobornos y afectado al Estado. Por el contrario, dijo que su gestión permitió mejorar diferentes servicios. Comentarios de Facebook También te puede interesar Puno: Intervienen al director de Energía y Minas por presunto uso indebido de camioneta en reunión privada El director regional de Energía y Minas, Edwin",2025-11-16T22:38:52.363631,2025-11-16T22:38:52.461766,2025-11-16T22:38:52.461769,Sin Fronteras,10653,"https://diariosinfronteras.com.pe/wp-content/uploads/2022/11/A-40.jpeg, https://diariosinfronteras.com.pe/wp-content/uploads/2020/06/dxt-nav.png",381,,,Adelanto de fallo de juicio de Guillén será el lunes 21,https://diariosinfronteras.com.pe/2022/11/17/adelanto-de-fallo-de-juicio-de-guillen-sera-el-lunes-21/
Desconocido,979,General,"Inicio NACIONAL Alejandro Toledo: Realizan juicio oral contra el expresidente por el delito de lavado de activos Alejandro Toledo: Realizan juicio oral contra el expresidente por el delito de lavado de activos Por Diario Sin Fronteras - 12 febrero, 2025 - En NACIONAL 668 Alejandro Toledo. En estos momentos, se viene realizando el juicio oral en contra del expresidente Alejandro Toledo y otros investigados por el delito de lavado de activos como parte de la investigación del caso Ecoteva, relacionado a sobornos de la constructora brasileña Odebrecht. En un principio, la sesión estaba pactada para el 31 de enero, pero fue reprogramada para hoy y el 24 de febrero. El caso investiga posibles actos de corrupción durante la gestión de Toledo Manrique, entre 2001 y 2006. Comentarios de Facebook También te puede interesar Puno: Intervienen al director de Energía y Minas por presunto uso indebido de camioneta en reunión privada El director regional de Energía y Minas, Edwin",2025-11-16T22:38:52.363631,2025-11-16T22:38:52.461095,2025-11-16T22:38:52.461097,Sin Fronteras,10652,"https://diariosinfronteras.com.pe/wp-content/uploads/2025/02/IMG_20250212_164457_800_x_533_pixel-660x330.jpg, https://diariosinfronteras.com.pe/wp-content/uploads/2020/06/dxt-nav.png",158,,,Alejandro Toledo: Realizan juicio oral contra el expresidente por el delito de lavado de activos,https://diariosinfronteras.com.pe/2025/02/12/alejandro-toledo-realizan-juicio-oral-contra-el-expresidente-por-el-delito-de-lavado-de-activos/
Desconocido,1494,General,"Inicio PUNO Puno: Conductor ebrio huye tras chocar tractor con auto estacionado en Ilave, pero es detenido Puno: Conductor ebrio huye tras chocar tractor con auto estacionado en Ilave, pero es detenido Por Redacción Diario Sin Fronteras - 22 octubre, 2024 - En PUNO 597 Conductor ebrio huye tras chocar tractor con auto estacionado en Ilave, pero es detenido El conductor de un tractor identificado como Facundo Ticona Ccama (40), fue detenido por la policía tras ser denunciado por Carmelo Mamani Ramos (48), propietario de un auto de placa de rodaje V7J-398, él señaló que su auto presentaba daños materiales tras ser chocado por el tractor. El hecho ocurrió en inmediaciones del jirón Bolognesi y la Avenida Circunvalación de la ciudad de Ilave, el propietario del auto indicó que su vehículo estaba estacionado y tras el choque el conductor del tractor se dio a la fuga. Tras la llegada de la Policía lograron ubicar al chofer que se encontraba en presunto estado de ebriedad y al vehículo fugado que estaba guardado en un garaje. Los propietarios del lugar se opusieron a que el tractor sea trasladado a la dependencia policial para las investigaciones, según informó la Policía Ticona Ccama fue detenido por el presunto delito contra la seguridad pública, conducción en estado de ebriedad. Comentarios de Facebook También te puede interesar Arequipa: Tragedia en Arequipa: bus interprovincial cae a un abismo y deja 37 muertos y 14 heridos Una nueva tragedia enluta las carreteras del sur",2025-11-16T22:38:52.363631,2025-11-16T22:38:52.459635,2025-11-16T22:38:52.459638,Sin Fronteras,10651,"https://diariosinfronteras.com.pe/wp-content/uploads/2024/10/464133115_1257762828748406_7965359117046987706_n-660x330.jpg, https://diariosinfronteras.com.pe/wp-content/uploads/2020/06/dxt-nav.png",246,"El conductor de un tractor identificado como Facundo Ticona Ccama (40), fue detenido por la policía tras ser denunciado por Carmelo Mamani Ramos (48), propietario de un auto de placa de rodaje V7J-398, él señaló que su auto presentaba daños materiales tras ser chocado por el tractor.",,"Puno: Conductor ebrio huye tras chocar tractor con auto estacionado en Ilave, pero es detenido",https://diariosinfronteras.com.pe/2024/10/22/puno-conductor-ebrio-huye-tras-chocar-tractor-con-auto-estacionado-en-ilave-pero-es-detenido/
Desconocido,2030,General,"Inicio ESCENARIO Así fue el estreno de la temporada 11 de AFHS Así fue el estreno de la temporada 11 de AFHS Por Diario Sin Fronteras - 8 abril, 2024 - En ESCENARIO 985  Al fondo hay sitio  temporada 11. Alessia (Karime Scander) y Jimmy (Jorge Guerra) iniciaron la temporada 11 de Al Fondo Hay Sitio con una escena disfrutando de su romance, pero todo se convirtió en una terrible pesadilla al darse cuenta que la rubia está desangrándose. Dolores (Devora Merino) decidió marcharse para siempre al darse cuenta que el hijo de Charito (Mónica Sánchez) está realmente enamorado de la hija de Diego Montalbán (Giovanni Ciccia), y tras verla casi muerta por el ataque de Benjamín (Vasco Rodríguez) en la boda de Macarena (Maria Grazia Gamarra) y Mike (Joaquín de Orbegoso). Tras ser acuchillada por Benjamín mientras bailaba, Alessia fue llevada a la clínica en taxi, donde despertó en brazos de Diego, quien le pidió que se calmara al verla alterada por la sangre. El tráfico de Lima hace imposible que lleguen a tiempo. Lamentablemente Alessia llegó tarde al hospital. El estado de la hija del chef es grave y es declarada en estado de coma. Los Gonzales oran y Diego culpa a la familia de Jimmy. Diego se mostró muy furioso por la  incómoda  actitud de los Gonzáles, quienes también se encuentran muy preocupados por la jovencita. Benjamín, quien intentó asesinar a Cristóbal y terminó atacando a Alessia reapareció y juró vengarse del hijo de Diego y recuperar a July. Mientras que don Gil fue descubierto infraganti por Koki Reyes cuando hablaba de su  tortolita . Teresa devuelve el anillo de compromiso a Gaspar y le dice que no se pueden casar porque es un  día maldito . Gaspar queda con el corazón destrozado. Jimmy cuidaba de Alessia en la clínica cuando de pronto la hija de Diego sufre un para cardiaco.  Qué pasará? Comentarios de Facebook También te puede interesar Puno: Intervienen al director de Energía y Minas por presunto uso indebido de camioneta en reunión privada El director regional de Energía y Minas, Edwin",2025-11-16T22:38:52.363631,2025-11-16T22:38:52.459052,2025-11-16T22:38:52.459054,Sin Fronteras,10650,"https://diariosinfronteras.com.pe/wp-content/uploads/2024/04/Sin-titulo-4.jpg, https://diariosinfronteras.com.pe/wp-content/uploads/2020/06/dxt-nav.png",348,,,Así fue el estreno de la temporada 11 de AFHS,https://diariosinfronteras.com.pe/2024/04/08/asi-fue-el-estreno-de-la-temporada-11-de-afhs/
Desconocido,2211,General,"Inicio POLICIALES Arequipa: Adolescente escapa con su exprofesora Arequipa: Adolescente escapa con su exprofesora Por Redacción Diario Sin Fronteras - 23 julio, 2025 - En POLICIALES 1320 Arequipa: Adolescente escapa con su exprofesora Una adolescente de 15 años, identificada con las iniciales M.L.P.A., está desaparecida desde el 18 de julio. Su madre, Gaby A.H., denunció que la menor habría escapado con su exprofesora Yéssica C. G. (28), con quien fue encontrada un día antes libando licor dentro de su vivienda y además tendrían una relación sentimental. Según la madre, los problemas comenzaron en 2023, cuando su hija conoció a la profesora en el colegio Kinderland Markkhan, en Paucarpata. Tras notar cambios de comportamiento, decidió cambiarla de plantel. Sin embargo, en abril de este año, descubrió conversaciones comprometedoras entre ambas y denunció que la docente seguía acosando a la menor por redes, llamadas e incluso visitando su casa y nuevo centro educativo. La menor, ante las preguntas de su madre, le terminó confesando sentirse confundida sobre su orientación sexual y que le gustaban las mujeres. Ante estos hechos, el Juzgado de Familia de Arequipa determinó que la adolescente se encontraba en riesgo severo, por lo que dictó medidas de protección urgentes, prohibiendo a la profesora acercarse o comunicarse con la menor. El 17 de julio, la situación se salió de control cuando la madre llegó a casa y halló a su hija ebria y a la docente escondida debajo de la cama.  La empujé porque le dio licor a mi hija. Quise detenerla, pero se escapó , denunció. La madre de familia relató que al día siguiente su hija escapó, dejando una carta. Teme que haya sido manipulada por la profesora, quien le ofrecía regalos y la recogía en su vehículo.  Dicen que son pareja, pero mi hija cambió desde que la conoció.  Tiene solo 15 años y la profesora 28! , acotó la progenitora. La madre pidió ayuda urgente a las autoridades para dar con el paradero de la menor, antes de que ocurra algo peor. Comentarios de Facebook También te puede interesar Arequipa: Tragedia en Arequipa: bus interprovincial cae a un abismo y deja 37 muertos y 14 heridos Una nueva tragedia enluta las carreteras del sur",2025-11-16T22:38:52.363631,2025-11-16T22:38:52.456628,2025-11-16T22:38:52.456630,Sin Fronteras,10649,"https://diariosinfronteras.com.pe/wp-content/uploads/2025/07/A-34-660x330.jpeg, https://diariosinfronteras.com.pe/wp-content/uploads/2020/06/dxt-nav.png",368,"Una adolescente de 15 años, identificada con las iniciales M.L.P.A., está desaparecida desde el 18 de julio. Su madre, Gaby A.H., denunció que la menor habría escapado con su exprofesora Yéssica C. G. (28), con quien fue encontrada un día antes libando licor dentro de su vivienda y además tendrían una relación sentimental.",,Arequipa: Adolescente escapa con su exprofesora,https://diariosinfronteras.com.pe/2025/07/23/arequipa-adolescente-escapa-con-su-exprofesora/
Desconocido,1036,General,"Inicio PUNO Puno: Colegios en Azángaro con problemas de infraestructura a pocos días del inicio de clases Puno: Colegios en Azángaro con problemas de infraestructura a pocos días del inicio de clases Por Diario Sin Fronteras - 15 marzo, 2025 - En PUNO 616 Colegios en mal estado. El Ministerio de Educación proyectó el retorno a clases escolares a nivel nacional para el lunes 17 de marzo. Sin embargo, muchas de las Instituciones Educativas del distrito de Chupa, Azángaro presentan problemas en su infraestructura que ponen en riesgo la seguridad de estudiantes pues sus construcciones de material rustico datan de más de 40 años. Los directivos de Apafa, directores y docentes están pidiendo a las autoridades del sector Educación una nueva construcción de infraestructura de material noble para mejor atención de los escolares. Comentarios de Facebook También te puede interesar Puno: Intervienen al director de Energía y Minas por presunto uso indebido de camioneta en reunión privada El director regional de Energía y Minas, Edwin",2025-11-16T22:38:52.363631,2025-11-16T22:38:52.455777,2025-11-16T22:38:52.455779,Sin Fronteras,10648,"https://diariosinfronteras.com.pe/wp-content/uploads/2025/03/WhatsApp-Image-2025-03-15-at-6.18.50-PM-660x330.jpeg, https://diariosinfronteras.com.pe/wp-content/uploads/2020/06/dxt-nav.png",165,,,Puno: Colegios en Azángaro con problemas de infraestructura a pocos días del inicio de clases,https://diariosinfronteras.com.pe/2025/03/15/puno-colegios-en-azangaro-con-problemas-de-infraestructura-a-pocos-dias-del-inicio-de-clases/
Desconocido,2467,General,"Inicio AREQUIPA Hijo mat4 a su propio padre en Arequipa Hijo mat4 a su propio padre en Arequipa Por Diario Sin Fronteras - 1 día atrás - En AREQUIPA 264 El profesor Óscar Manzanares Pérez, fundador del Colegio José Carlos Mariátegui y reconocido en Arequipa por su trayectoria educativa, murió tras ser brutalmente golpeado por su hijo Óscar Manzanares Linares (44), quien fue detenido por la Policía como presunto autor del homicidio. Según las autoridades, el ataque habría ocurrido luego de que el joven se enterara de que su padre planeaba internarlo en un hospital psiquiátrico. El hecho ocurrió la madrugada de ayer en el departamento de la urbanización Juan XXIII, en el distrito de Yanahuara. De acuerdo con el informe policial, el hijo ingresó a la habitación de su padre alrededor de las 5 de la madrugada y lo golpeó repetidamente en distintas partes del cuerpo, dejando al profesor inconsciente y ensangrentado. Los golpes fueron tan violentos que el anciano murió sin intentar defenderse. Posteriormente, el agresor arrastró a su padre hasta la cocina e intentó reanimarlo sin éxito. Luego lo trasladó al pasadizo cercano a su habitación. Durante la intervención, la Policía halló un cuchillo con restos de sangre. Se presume que el hijo se realizó un corte en el brazo e intentó darle su propia sangre al padre en un extraño intento de reanimación. Vecinos alertaron a las autoridades tras escuchar ruidos extraños y, al llegar, encontraron manchas de sangre que conducían al pasadizo, donde hallaron el cuerpo sin vida de Manzanares Pérez. Familiares indicaron que el joven padece trastorno afectivo bipolar desde hace 20 años y que su situación se agravó tras la reciente muerte de su madre y al regresar a vivir con su padre. La combinación de estos factores habría desencadenado la violencia mortal luego de la amenaza de internamiento. El agresor, practicante de artes marciales, podría haber utilizado sus manos o algún objeto durante la agresión. La Policía continúa las diligencias para esclarecer cómo se desarrolló el hecho y confirmar las causas exactas de la muerte. Óscar Manzanares Pérez dedicó 45 años a la educación y fundó junto a su padre el Colegio José Carlos Mariátegui, dejando un legado que marcó generaciones de estudiantes. Comentarios de Facebook También te puede interesar Puno: Intervienen al director de Energía y Minas por presunto uso indebido de camioneta en reunión privada El director regional de Energía y Minas, Edwin",2025-11-16T22:38:52.363631,2025-11-16T22:38:52.455143,2025-11-16T22:38:52.455146,Sin Fronteras,10647,"https://diariosinfronteras.com.pe/wp-content/uploads/2025/11/A-28-660x330.jpeg, https://diariosinfronteras.com.pe/wp-content/uploads/2020/06/dxt-nav.png",403,,,Hijo mat4 a su propio padre en Arequipa,https://diariosinfronteras.com.pe/2025/11/15/hijo-mat4-a-su-propio-padre-en-arequipa/
Desconocido,1458,General,"Inicio POLITICA Premier Arana descarta que exista un programa dominical a cargo de la presidenta Dina Boluarte Premier Arana descarta que exista un programa dominical a cargo de la presidenta Dina Boluarte Por Diario Sin Fronteras - 28 junio, 2025 - En POLITICA 652 El premier Eduardo Arana, descartó que la presidenta Dina Boluarte conduzca un programa dominical, esto, tras versiones periodísticas que señalaron la existencia de un espacio semanal destinado a difundir mensajes oficiales en TV Perú. Señaló que dichas versiones no corresponden a una iniciativa formal del gobierno, que se trataba, en todo caso, de evaluar espacios informativos para que la mandataria pudiera ofrecer entrevistas o declaraciones, sin configurar un programa permanente. Arana Ysa hizo esta aclaración ante los cuestionamientos surgidos, entre otros, por una posible vulneración de las normas de neutralidad electoral ante la cercanía de las elecciones. Aseguró que no se hará uso de recursos públicos con fines proselitistas Indicó que el Poder Ejecutivo respetará escrupulosamente la neutralidad electoral de cara a los comicios generales de 2026. manifestó que no se usará ninguna plataforma estatal para actividades que puedan interpretarse como propaganda política. Comentarios de Facebook También te puede interesar Puno: Intervienen al director de Energía y Minas por presunto uso indebido de camioneta en reunión privada El director regional de Energía y Minas, Edwin",2025-11-16T22:38:52.363631,2025-11-16T22:38:52.454853,2025-11-16T22:38:52.454855,Sin Fronteras,10646,"https://diariosinfronteras.com.pe/wp-content/uploads/2025/06/orig-1751053526623-660x330.jpg, https://diariosinfronteras.com.pe/wp-content/uploads/2020/06/dxt-nav.png",219,,,Premier Arana descarta que exista un programa dominical a cargo de la presidenta Dina Boluarte,https://diariosinfronteras.com.pe/2025/06/28/premier-arana-descarta-que-exista-un-programa-dominical-a-cargo-de-la-presidenta-dina-boluarte/
Desconocido,3001,General,"Inicio PUNO Juliaca: Festinan combustible en Serenazgo Juliaca: Festinan combustible en Serenazgo Por Diario Sin Fronteras - 23 mayo, 2025 - En PUNO 779 Los 4 galones diarios registrados fue adulterado a 9. Una grave denuncia de corrupción involucra a funcionarios de la Subgerencia de Serenazgo Municipal de San Román. Antero Pimentel Esquivias, expresidente de las Cuatro Zonas de Juliaca, reveló que se habrían adulterado documentos oficiales para justificar irregularmente el consumo de más de 4,000 galones de combustible, cuando en realidad se habría utilizado solo entre 1,500 y 1,800 galones. Es decir, falta más del doble. DE 4 A 9 GALONES Refirió que, en 69 páginas de registros la cifra de 4 galones el consumo real por unidad habría sido alterada de forma sistemática a 9 galones, vulnerando los controles administrativos. El dirigente responsabilizó al subgerente de Serenazgo, Percy Herrera Pérez, y al encargado del Departamento de Patrullaje Motorizado, Carlos Postigo Flores, por estas irregularidades. EN PROBLEMAS El dirigente, hizo referencia al Informe N.º 018-2025, que detalla que Carlos Postigo Flores, encargado del Departamento de Patrullaje Motorizado, solicitó vales de combustible destinados a Percy Herrera Pérez, subgerente de Serenazgo Municipal, quien a su vez elevó el pedido al jefe de almacén central, Washington Díaz Bellido. Dicho informe fue utilizado como sustento para requerir una regularización de pago por 4,000 galones de combustible, pese a evidentes inconsistencias en las cifras. FISCALÍA Y CONTRALORÍA  Estamos ante un caso de corrupción, se adulteraron los vales, con números y firmas falsas. Exigimos la intervención inmediata de la Contraloría y ya preparamos una denuncia penal ante La Fiscalía Anticorrupción de Puno , advirtió Pimentel. SERENOS PROTESTAN Tras la denuncia, el personal del Serenazgo Municipal de San Roman protestó en su cuartel, expresando su indignación, porque según dijeron, ellos firmaban diariamente por 4 galones de petróleo, pero sus firmas fueron usadas para justificar 9 galones.  LA FLOTA VEHICULAR?  Somos 60 conductores, pero a diario solo salen entre 8 y 10 camionetas porque no hay choferes suficientes. No sabemos si se pagaron los vales de combustible extra. Queremos que se esclarezca todo, y que los responsables se vayan , expresaron los serenos. MUNICIPIO ACCIONA Ante el escándalo, la Municipalidad de San Román emitió un comunicado señalando que se ha solicitado la intervención de la Procuraduría para investigar los hechos y determinar eventuales responsabilidades administrativas o legales. También se anunció la rotación del personal implicado, como medida preventiva. Sin embargo, esta respuesta fue considerada insuficiente por Pimentel quien calificó el comunicado como  un saludo a la bandera . Comentarios de Facebook También te puede interesar Puno: Intervienen al director de Energía y Minas por presunto uso indebido de camioneta en reunión privada El director regional de Energía y Minas, Edwin",2025-11-16T22:38:52.363631,2025-11-16T22:38:52.453975,2025-11-16T22:38:52.453977,Sin Fronteras,10645,"https://diariosinfronteras.com.pe/wp-content/uploads/2025/05/ABRI-1-660x330.jpg, https://diariosinfronteras.com.pe/wp-content/uploads/2020/06/dxt-nav.png",453,,,Juliaca: Festinan combustible en Serenazgo,https://diariosinfronteras.com.pe/2025/05/23/juliaca-festinan-combustible-en-serenazgo/
Desconocido,1256,General,"Inicio POLICIALES Relación de heridos del accidente que dejó dos fallecidos en Trujillo Relación de heridos del accidente que dejó dos fallecidos en Trujillo Por Diario Sin Fronteras - 2 diciembre, 2024 - En POLICIALES 858 Accidente en la Vía de Evitamiento. Un accidente de tránsito entre una combi de la E.T. Miramar, que transportaba a personal de la empresa Morava, y un tráiler, se registró esta mañana en la Vía de Evitamiento, entre el óvalo El Milagro y óvalo Huanchaco, altura de Consermet, en la provincia de Trujillo. Se han reportado dos personas fallecidas y al menos 12 heridos, dos de ellos de gravedad, según la información que brindó el Centro de Operaciones de Emergencia Regional (COER). LISTA DE FALLECIDOS Layza López, Candelario (50 años) Zavaleta Ortiz, José Enrique (27 años) HERIDOS Pumape García, Diego Vásquez Aguilar, Joao Flores Rodríguez, Joaldo Dávila Bastos, Anderson Fernández Rodríguez, Reynaldo Rojas Amaya, Segundo Peláez Villareal, Juan Campos Chávez, Juan Carlos Rebaza Gastañudui, Alexander Avalos Torres, Daniel Comentarios de Facebook También te puede interesar Puno: Intervienen al director de Energía y Minas por presunto uso indebido de camioneta en reunión privada El director regional de Energía y Minas, Edwin",2025-11-16T22:38:52.363631,2025-11-16T22:38:52.451966,2025-11-16T22:38:52.451969,Sin Fronteras,10644,"https://diariosinfronteras.com.pe/wp-content/uploads/2024/12/InShot_20241202_111135300-1500x843-1-660x330.jpg, https://diariosinfronteras.com.pe/wp-content/uploads/2020/06/dxt-nav.png",196,,,Relación de heridos del accidente que dejó dos fallecidos en Trujillo,https://diariosinfronteras.com.pe/2024/12/02/relacion-de-heridos-del-accidente-que-dejo-dos-fallecidos-en-trujillo/
Desconocido,1008,General,"Inicio POLICIALES Varón pierde la vida tras incendio de su vivienda en Azángaro Varón pierde la vida tras incendio de su vivienda en Azángaro Por Diario Sin Fronteras - 12 diciembre, 2024 - En POLICIALES, PUNO 734 Varón pierde la vida tras incendio de su vivienda en Azángaro Un trágico incidente ocurrió la noche del miércoles 11 de diciembre en el barrio Revolución, ubicado en la localidad de Azángaro, donde un hombre de la tercera edad perdió la vida debido a un incendio provocado por la fuga de un balón de gas. Según informes proporcionados por el personal de Seguridad Ciudadana y Serenazgo, el siniestro se registró pasadas las 8:00 de la noche. Fueron los vecinos de la zona, específicamente del Jr. José Carlos Mariátegui, quienes alertaron a las autoridades sobre el incendio, que se produjo a la altura del Hospital Azángaro. Comentarios de Facebook También te puede interesar Cientos de jóvenes puneños rinden examen de preselección para Beca 18 Aspirantes de toda la región participaron en la",2025-11-16T22:38:52.363631,2025-11-16T22:38:52.450529,2025-11-16T22:38:52.450531,Sin Fronteras,10643,"https://diariosinfronteras.com.pe/wp-content/uploads/2024/12/incendio-sello-660x330.jpg, https://diariosinfronteras.com.pe/wp-content/uploads/2020/06/dxt-nav.png",168,"Un trágico incidente ocurrió la noche del miércoles 11 de diciembre en el barrio Revolución, ubicado en la localidad de Azángaro, donde un hombre de la tercera edad perdió la vida debido a un incendio provocado por la fuga de un balón de gas.",,Varón pierde la vida tras incendio de su vivienda en Azángaro,https://diariosinfronteras.com.pe/2024/12/12/varon-pierde-la-vida-tras-incendio-de-su-vivienda-en-azangaro/
Desconocido,1460,General,"Inicio NACIONAL Estas son las víctimas del colapso en Real Plaza Trujillo: tragedia deja 8 mu3rtos y decenas de heridos Estas son las víctimas del colapso en Real Plaza Trujillo: tragedia deja 8 mu3rtos y decenas de heridos Por Diario Sin Fronteras - 22 febrero, 2025 - En NACIONAL 935 Tragedia en Real Plaza. El colapso del techo del centro comercial Real Plaza de Trujillo ha dejado hasta el momento ocho fallecidos y 84 heridos. El accidente ocurrió la noche del 21 de febrero en la zona del patio de comidas, afectando también el área de juegos infantiles. Las víctimas mortales identificadas hasta el momento son:   María Jara, 83 años   Jhon Chávez Valeriano, 31 años   Daniela De la Cruz   C.D.C.A., 2 años   Harumi Carbajal Velásquez, 24 años   Yekill Iparraguirre, 38 años   Dos personas aún no identificadas Entre los heridos, al menos 11 son menores de edad y se encuentran en estado crítico. Las autoridades han iniciado una investigación para determinar las causas del colapso, que podría estar relacionado con una sobrecarga en la estructura del techo debido a la acumulación de agua. Real Plaza ha cerrado temporalmente sus establecimientos a nivel nacional como medida de prevención. Los equipos de rescate continúan trabajando en la zona. Comentarios de Facebook También te puede interesar Puno: Intervienen al director de Energía y Minas por presunto uso indebido de camioneta en reunión privada El director regional de Energía y Minas, Edwin",2025-11-16T22:38:52.363631,2025-11-16T22:38:52.449989,2025-11-16T22:38:52.449991,Sin Fronteras,10642,"https://diariosinfronteras.com.pe/wp-content/uploads/2025/02/480807815_1038029335016288_3890683409435734056_n-660x330.jpg, https://diariosinfronteras.com.pe/wp-content/uploads/2020/06/dxt-nav.png",237,,,Estas son las víctimas del colapso en Real Plaza Trujillo: tragedia deja 8 mu3rtos y decenas de heridos,https://diariosinfronteras.com.pe/2025/02/22/estas-son-las-victimas-del-colapso-en-real-plaza-trujillo-tragedia-deja-8-mu3rtos-y-decenas-de-heridos/
Desconocido,3076,General,"Inicio NACIONAL Nueva ley hace más rigurosa la selección de serenos en todo el país Nueva ley hace más rigurosa la selección de serenos en todo el país Por Diario Sin Fronteras - 7 abril, 2025 - En NACIONAL 706 Ley del Servicio de Serenazgo Municipal. El Gobierno oficializó la Ley Nº 32292, que modifica la Ley del Servicio de Serenazgo Municipal para fortalecer la capacitación, entrenamiento y requisitos de ingreso de los serenos en todo el país, incorporando también beneficios para licenciados de las Fuerzas Armadas (FF.AA.), policías retirados y bomberos, con el objetivo de fortalecer la lucha contra la criminalidad desde la primera línea. Los municipios que cuenten con presupuesto podrán contar con su propio centro de formación de serenos, que deberán estar certificados por el Ministerio del Interior (Mininter). Asimismo, los serenos de municipios sin capacidad presupuestaria podrán ser capacitados en centros certificados o, mediante convenios interinstitucionales, por la Policía Nacional del Perú en escuelas técnico superiores o unidades de instrucción regionales, previa autorización de la Escuela Nacional de Formación Profesional Policial. Las municipalidades también podrán contratar o realizar convenios con entidades públicas o privadas para brindar, de forma presencial o virtual, actividades de capacitación continua, conforme a los lineamientos del Ministerio del Interior. REQUISITOS En la misma línea, la ley incorpora el artículo 7-A a la norma original, estableciendo que los aspirantes al cargo de sereno deben cumplir con una serie de requisitos, como contar con documento de identidad vigente, ser mayores de edad, haber concluido la secundaria (preferentemente), no tener antecedentes penales ni judiciales, y no estar inscritos en registros como el de deudores alimentarios, de reparaciones civiles o sanciones contra servidores civiles. También se exige la aprobación de un concurso público que incluya pruebas físicas, psicológicas y de primeros auxilios, entre otras condiciones. Además, se modifica la segunda disposición complementaria final de la ley original para permitir que, como mínimo, el 30   del personal de serenazgo esté conformado por licenciados de las Fuerzas Armadas, miembros retirados de las FF. AA. o la Policía Nacional, y bomberos activos con más de 36 meses de antigüedad. A estos grupos se les otorgan bonificaciones especiales en los concursos laborales: 20   para licenciados de las FF. AA., 15   para ex miembros de la PNP y 10   para bomberos activos. Sin embargo, queda prohibida la contratación de personal militar o policial retirado por razones disciplinarias, corrupción, o que esté legalmente inhabilitado. Finalmente, la norma dispone que el Poder Ejecutivo adecúe el reglamento de la Ley del Servicio de Serenazgo Municipal en un plazo máximo de 60 días hábiles a partir de su entrada en vigor. Comentarios de Facebook También te puede interesar Puno: Intervienen al director de Energía y Minas por presunto uso indebido de camioneta en reunión privada El director regional de Energía y Minas, Edwin",2025-11-16T22:38:52.363631,2025-11-16T22:38:52.448348,2025-11-16T22:38:52.448351,Sin Fronteras,10641,"https://diariosinfronteras.com.pe/wp-content/uploads/2025/04/271840807_299706052201872_6525250915489543043_n-660x330.jpg, https://diariosinfronteras.com.pe/wp-content/uploads/2020/06/dxt-nav.png",468,"El Gobierno oficializó la Ley Nº 32292, que modifica la Ley del Servicio de Serenazgo Municipal para fortalecer la capacitación, entrenamiento y requisitos de ingreso de los serenos en todo el país, incorporando también beneficios para licenciados de las Fuerzas Armadas (FF.AA.), policías retirados y bomberos, con el objetivo de fortalecer la lucha contra la criminalidad desde la primera línea.",,Nueva ley hace más rigurosa la selección de serenos en todo el país,https://diariosinfronteras.com.pe/2025/04/07/nueva-ley-hace-mas-rigurosa-la-seleccion-de-serenos-en-todo-el-pais/
Desconocido,1171,General,"Inicio PUNO Comunidad de Ananea denuncia invasión minera Comunidad de Ananea denuncia invasión minera Por Diario Sin Fronteras - 26 mayo, 2025 - En PUNO 1248 Comunero afectado. Pobladores de la Comunidad Campesina de Ananea llegaron a la ciudad de Puno para denunciar públicamente a la empresa minera Eexamin S.A. Aseguran que la compañía ha ingresado con maquinaria pesada a sus territorios, afectando las zonas alpaqueras del sector Wellacullo. Según los comuneros, el hecho ya fue informado a la Dirección Regional de Energía y Minas (DREM), pero no recibieron respuesta ni acción alguna. Acusan uso fraudulento de agua También señalaron a la Autoridad Nacional del Agua (ANA), a quien acusan de haber otorgado permisos de uso de agua a favor de la minera, bajo el argumento de ser para  consumo humano , cuando en realidad se utilizaría para operaciones extractivas. La comunidad exige la inmediata intervención de las autoridades para evitar daños irreversibles en sus ecosistemas y modos de vida. Comentarios de Facebook También te puede interesar Cientos de jóvenes puneños rinden examen de preselección para Beca 18 Aspirantes de toda la región participaron en la",2025-11-16T22:38:52.363631,2025-11-16T22:38:52.447032,2025-11-16T22:38:52.447050,Sin Fronteras,10640,"https://diariosinfronteras.com.pe/wp-content/uploads/2025/05/IMG-20250526-WA0054-660x330.jpg, https://diariosinfronteras.com.pe/wp-content/uploads/2020/06/dxt-nav.png",186,Comunidad de Ananea denuncia que la minera Eexamin invadió sus tierras y afecta zonas alpaqueras. Piden intervención de la ANA y acusan inacción de la DREM.,,Comunidad de Ananea denuncia invasión minera,https://diariosinfronteras.com.pe/2025/05/26/denuncia-comunidad-minera-eexamin-invade-terrenos-alpaqueros-comunidad-ananea-puno/
Desconocido,1113,General,"Inicio NACIONAL Real Plaza anuncia línea de apoyo para afectados en Trujillo Real Plaza anuncia línea de apoyo para afectados en Trujillo Por Diario Sin Fronteras - 25 febrero, 2025 - En NACIONAL 656 Tragedia en Real Plaza. Transcurridos cuatro días de la tragedia ocurrida en el Real Plaza Trujillo, donde el techo del patio de comidas colapsó, matando a 6 personas y dejando más de 80 heridos, la empresa anunció a través de sus redes sociales una línea de ayuda para las personas que resultaron afectadas. Mediante un comunicado, Real Plaza aseguró que se están haciendo de cargo de brindar todo el soporte que necesitan las personas afectadas en cuanto a  gastos y temas económicos . COMUNICADO DE REAL PLAZA ANUNCIANDO LÍNEA DE AYUDA Este es el comunicado emitido por Real Plaza sobre la línea de ayuda establecida para apoyar a las personas afectadas por lo ocurrido en su centro comercial en Trujillo. Comentarios de Facebook También te puede interesar Puno: Intervienen al director de Energía y Minas por presunto uso indebido de camioneta en reunión privada El director regional de Energía y Minas, Edwin",2025-11-16T22:38:52.363631,2025-11-16T22:38:52.446709,2025-11-16T22:38:52.446712,Sin Fronteras,10639,"https://diariosinfronteras.com.pe/wp-content/uploads/2025/02/479521322_1083210353822967_6227593304162751675_n-660x330.jpg, https://latinanoticias.pe/wp-content/uploads/2025/02/image-178.png",186,,,Real Plaza anuncia línea de apoyo para afectados en Trujillo,https://diariosinfronteras.com.pe/2025/02/25/real-plaza-anuncia-linea-de-apoyo-para-afectados-en-trujillo/
Desconocido,1960,General,"Inicio POLICIALES Atrapan a individuo dentro de vivienda ajena Atrapan a individuo dentro de vivienda ajena Por Diario Sin Fronteras - 1 septiembre, 2021 - En POLICIALES, TACNA 691 Agentes de Radiopatrulla convocados por personal municipal capturaron a sujeto. Un sujeto fue sorprendido en una vivienda ajena luego de beber licor, comer y probarse la ropa de los propietarios durante tres días seguidos. El hecho ocurrió la mañana de este martes en un inmueble ubicado en la avenida Celestino Vargas N.  140. El intruso fue identificado como Jorge Alejandro Grandes Iturizaga (26), quien al verse descubierto trató de darse a la fuga escalando un muro hacia la calle y corriendo velozmente. Personal de mantenimiento de parques y jardines convocó a la Policía Nacional y agentes de Radiopatrulla lo capturaron a pocas cuadras. El propietario Elmer J. A. (65) señaló que por tres días consecutivos notó que alguien ingresaba a su casa mientras estaba ausente trabajando, con la peculiaridad de que el ladrón no se llevaba objetos de valor sino solo comida, licor y ropa. El varón habría creído que la vivienda estaba deshabitada temporalmente y para entrar invadía primero un inmueble vacío ubicado al costado y saltaba por un techo con gran agilidad. Jorge Alejandro Grandes reside a pocas cuadras, en la urbanización Tacna, a donde intentó huir, y se supo que su familia estuvo de acuerdo con su intervención. Al ser interrogado dentro del patrullero, Grandes solo indicó que entraba al inmueble para ver televisión. Con un peritaje psicológico se determinará si el hombre padece un transtorno mental o finje ser orate. El hombre fue trasladado a la comisaría Central para ser investigado por tentativa de hurto, mientras que el ciudadano agraviado señaló que reforzará la seguridad de su vivienda. Comentarios de Facebook También te puede interesar CD Moquegua asciende a Liga1 tras vencer 3-2 a César Vallejo CD Moquegua volvió a Primera División después de",2025-11-16T22:38:52.363631,2025-11-16T22:38:52.446167,2025-11-16T22:38:52.446169,Sin Fronteras,10638,"https://diariosinfronteras.com.pe/wp-content/uploads/2021/08/abridora-7.jpg, https://diariosinfronteras.com.pe/wp-content/uploads/2020/06/dxt-nav.png",317,,,Atrapan a individuo dentro de vivienda ajena,https://diariosinfronteras.com.pe/2021/09/01/atrapan-a-individuo-dentro-de-vivienda-ajena/
Desconocido,801,General,"Inicio AREQUIPA Continuarán las lluvias en Arequipa Continuarán las lluvias en Arequipa Por Diario Sin Fronteras - 21 febrero, 2025 - En AREQUIPA 624 Se mantiene pronóstico. El Servicio Nacional de Meteorología e Hidrología (Senamhi) informó que hasta este domingo 23 de febrero continuarán las precipitaciones pluviales, de moderada a fuerte intensidad, en las localidades ubicadas en la sierra media y alta de la región de Arequipa. Además, se advirtió que los caudales de los ríos de la región seguirán incrementándose. Ante ello, se instó a las autoridades y población a tomar más precaución. Comentarios de Facebook También te puede interesar Puno: Intervienen al director de Energía y Minas por presunto uso indebido de camioneta en reunión privada El director regional de Energía y Minas, Edwin",2025-11-16T22:38:52.363631,2025-11-16T22:38:52.445680,2025-11-16T22:38:52.445682,Sin Fronteras,10637,"https://diariosinfronteras.com.pe/wp-content/uploads/2025/02/D-4-660x330.jpeg, https://diariosinfronteras.com.pe/wp-content/uploads/2020/06/dxt-nav.png",126,,,Continuarán las lluvias en Arequipa,https://diariosinfronteras.com.pe/2025/02/21/continuaran-las-lluvias-en-arequipa/
Desconocido,1680,General,"Inicio PUNO Graban a un ladrón tras robar en una vivienda Graban a un ladrón tras robar en una vivienda Por Diario Sin Fronteras - 1 día atrás - En PUNO 296 Una vecina del barrio Mañazo, en Puno, denunció haber vivido una madrugada de terror luego de que un delincuente ingresara a su vivienda ubicada en el Jr. Cajamarca, alrededor de las 4:30 de la mañana.  SE PASEÓ  EN VIVIENDA Según relató, el sujeto forzó la puerta principal y logró entrar mientras ella descansaba sola, sin posibilidad de reaccionar ante el peligro. El intruso permaneció cerca de 20 minutos dentro del inmueble, recorriendo cada ambiente en busca de objetos de valor. De acuerdo con la víctima, el delincuente intentó abrir su habitación, que estaba asegurada con una chapa resistente. Al no conseguirlo, se dirigió a los ambientes contiguos, donde revolvió cajones, mochilas, muebles y otros espacios. Finalmente, escapó llevándose una laptop, más de S  2,000 en efectivo y otras pertenencias personales. GRABÓ A LADRÓN A pesar del miedo, la propietaria logró grabar al sujeto mientras revisaba los cuartos y también el momento en que emprendió la fuga, imágenes que podrían ser determinantes para su identificación. Por ello, hace un llamado urgente a los vecinos del sector para revisar cámaras exteriores o brindar cualquier información que pueda ayudar. Asimismo, demandó mayor presencia policial y medidas de seguridad para evitar que hechos similares continúen ocurriendo en el barrio Mañazo. Comentarios de Facebook También te puede interesar Puno: Intervienen al director de Energía y Minas por presunto uso indebido de camioneta en reunión privada El director regional de Energía y Minas, Edwin",2025-11-16T22:38:52.363631,2025-11-16T22:38:52.444167,2025-11-16T22:38:52.444170,Sin Fronteras,10636,"https://diariosinfronteras.com.pe/wp-content/uploads/2025/11/abridoraaaaaaaaa-3-660x330.jpeg, https://diariosinfronteras.com.pe/wp-content/uploads/2020/06/dxt-nav.png",270,,,Graban a un ladrón tras robar en una vivienda,https://diariosinfronteras.com.pe/2025/11/15/graban-a-un-ladron-tras-robar-en-una-vivienda/
Desconocido,1423,General,"Inicio AREQUIPA Serenazgo recupera en tiempo récord motocarga robada Serenazgo recupera en tiempo récord motocarga robada Por Diario Sin Fronteras - 18 mayo, 2025 - En AREQUIPA 962 Ladrones huyeron al ver a los serenos. Al promediar las 22:00 horas de ayer fue robada una motocarga en la comunidad de Chacocunca, distrito de Asillo, pero fue recuperada en tiempo récord gracias al rápido despliegue del personal de serenazgo municipal de Azángaro. Fue pasadas las 22:00 horas de la noche cuando la base central de serenazgo recibe la denuncia del ciudadano  Ever , quien detalló que su madre fue víctima de robo, a quien además amarraron para llevarse la motocarga. Ante esta situación, de inmediato se desplegaron en puntos estratégicos con el fin de ubicar la motocarga y a los facinerosos. Cerca de las 23:00 horas de la noche, la motocarga fue divisada en pleno desplazamiento, pero al notar la presencia de la unidad de serenazgo los delincuentes fugaron abandonando la unidad con la complicidad de la oscuridad. La ubicación fue cerca al puente de Yaraja   Azángaro. Tras identificar sus características, color azul y marca Kater s kt300-rock, se determinó que se trataba de la misma unidad robada minutos antes. Comentarios de Facebook También te puede interesar Puno: Intervienen al director de Energía y Minas por presunto uso indebido de camioneta en reunión privada El director regional de Energía y Minas, Edwin",2025-11-16T22:38:52.363631,2025-11-16T22:38:52.443310,2025-11-16T22:38:52.443313,Sin Fronteras,10635,"https://diariosinfronteras.com.pe/wp-content/uploads/2025/05/9e650b6f-aa8a-4dda-b425-512653d28f46-660x330.jpeg, https://diariosinfronteras.com.pe/wp-content/uploads/2020/06/dxt-nav.png",231,"Al promediar las 22:00 horas de ayer fue robada una motocarga en la comunidad de Chacocunca, distrito de Asillo, pero fue recuperada en tiempo récord gracias al rápido despliegue del personal de serenazgo municipal de Azángaro.",,Serenazgo recupera en tiempo récord motocarga robada,https://diariosinfronteras.com.pe/2025/05/18/serenazgo-recupera-motocarga-robada-en-tiempo-record/
Desconocido,1462,General,"Inicio PUNO Puno: Conductor en presunto estado de ebriedad provoca accidente en Juliaca Puno: Conductor en presunto estado de ebriedad provoca accidente en Juliaca Por Redacción Diario Sin Fronteras - 10 febrero, 2025 - En PUNO 653 Conductor en presunto estado de ebriedad provoca accidente en Juliaca La noche del sábado 8 de febrero, alrededor de las 7:40 p.m., se registró un accidente de tránsito en la intersección de los jirones Daniel Alomía Robles y Tambopata, en Juliaca. Personal de Serenazgo de la agencia municipal Tambopata acudió rápidamente al lugar tras recibir el reporte de la colisión. En la escena se encontró un vehículo Hyundai de color rojo, con placa Z5D-056, conducido por Pedro A. Q. (51), quien presuntamente se encontraba en estado de ebriedad. El automóvil habría impactado contra una moto torito de color azul con blanco, con placa 4701-KA, manejada por Reynaldo H. C. (20), lo que provocó daños materiales de consideración en ambos vehículos. Agentes de la Policía Nacional del Perú llegaron al lugar para tomar el control de la situación. Posteriormente, el vehículo Hyundai fue remolcado con una grúa hasta la Comisaría Sectorial, donde se llevarán a cabo las diligencias correspondientes para esclarecer las causas del accidente. Comentarios de Facebook También te puede interesar Arequipa: Tragedia en Arequipa: bus interprovincial cae a un abismo y deja 37 muertos y 14 heridos Una nueva tragedia enluta las carreteras del sur",2025-11-16T22:38:52.363631,2025-11-16T22:38:52.442342,2025-11-16T22:38:52.442344,Sin Fronteras,10634,"https://diariosinfronteras.com.pe/wp-content/uploads/2025/02/476558981_1045986650904598_3040117222425427769_n-660x330.jpg, https://diariosinfronteras.com.pe/wp-content/uploads/2020/06/dxt-nav.png",233,"La noche del sábado 8 de febrero, alrededor de las 7:40 p.m., se registró un accidente de tránsito en la intersección de los jirones Daniel Alomía Robles y Tambopata, en Juliaca.",,Puno: Conductor en presunto estado de ebriedad provoca accidente en Juliaca,https://diariosinfronteras.com.pe/2025/02/10/puno-conductor-en-presunto-estado-de-ebriedad-provoca-accidente-en-juliaca/
Desconocido,1764,General,"Inicio TACNA Tacna: Capturan a ladrón por r0bo en estudio jurídico Tacna: Capturan a ladrón por r0bo en estudio jurídico Por Diario Sin Fronteras - 22 marzo, 2025 - En TACNA 929 Individuo tenía una mochila donde se encontró una laptop de abogado. Dos ladrones fueron sorprendidos saqueando un estudio jurídico a plena luz del día y uno de ellos, identificado como Guiuliano Cristóbal Valcárcel Yufra (53), fue capturado, mientras que el segundo huyó corriendo. El hecho ocurrió a las 12:00 horas de este viernes en un estudio jurídico ubicado en la intersección de las avenidas Bohemia Tacneña y Tomás Marzano. El abogado Ángel P. S. C. (37) había cerrado su oficina con una cadena y un candado en la puerta para salir a recoger a su hijo del colegio. Al retornar, sorprendió a dos sujetos desconocidos dentro de su local, los mismos que corrieron en diferentes direcciones y pudo capturar a uno de ellos. Miembros de Seguridad Ciudadana que patrullaban la zona vieron al abogado y al ladrón forcejeando en la calle y redujeron al facineroso, quien tenía una mochila y aparentemente había tirado al suelo unos guantes y una herramienta metálica artesanal para abrir puertas. Efectivos policiales que llegaron posteriormente abrieron la mochila y dentro se encontró una laptop que el abogado agraviado reconoció como de su propiedad. El capturado Guiuliano Valcárcel y el denunciante fueron trasladados a la comisaría de Gregorio Albarracín para las investigaciones respectivas. Las cámaras de seguridad serán importantes para identificar al segundo implicado. Comentarios de Facebook También te puede interesar Puno: Intervienen al director de Energía y Minas por presunto uso indebido de camioneta en reunión privada El director regional de Energía y Minas, Edwin",2025-11-16T22:38:52.363631,2025-11-16T22:38:52.440974,2025-11-16T22:38:52.440977,Sin Fronteras,10633,"https://diariosinfronteras.com.pe/wp-content/uploads/2025/03/abridora-2-660x330.jpg, https://diariosinfronteras.com.pe/wp-content/uploads/2020/06/dxt-nav.png",282,,,Tacna: Capturan a ladrón por r0bo en estudio jurídico,https://diariosinfronteras.com.pe/2025/03/22/tacna-capturan-a-ladron-por-r0bo-en-estudio-juridico/
Desconocido,1023,General,"Inicio AREQUIPA Piden cárcel para mujer que acabó con la vida de su hijo en Arequipa Piden cárcel para mujer que acabó con la vida de su hijo en Arequipa Por Diario Sin Fronteras - 8 marzo, 2025 - En AREQUIPA 610 Fiscalía solicitó 9 meses de prisión por el delito de parricidio. La Fiscalía solicitó 9 meses de prisión preventiva para Milagros Huamán investigada por el delito de parricidio de su hijo de 6 años en Cerro Colorado. Según la investigación, la mañana del jueves, la madre habría dado al menor una sustancia química mezclada con líquido, causándole la muerte, y luego intentó ingerirla ella misma, siendo trasladada al hospital. La fiscal presentó el pedido basado en la necropsia, que indica intoxicación por plaguicida, testimonios y documentos. La mujer permanece bajo custodia policial en el hospital. Comentarios de Facebook También te puede interesar Puno: Intervienen al director de Energía y Minas por presunto uso indebido de camioneta en reunión privada El director regional de Energía y Minas, Edwin",2025-11-16T22:38:52.363631,2025-11-16T22:38:52.440315,2025-11-16T22:38:52.440318,Sin Fronteras,10632,"https://diariosinfronteras.com.pe/wp-content/uploads/2025/03/c-1-660x330.jpeg, https://diariosinfronteras.com.pe/wp-content/uploads/2020/06/dxt-nav.png",169,,,Piden cárcel para mujer que acabó con la vida de su hijo en Arequipa,https://diariosinfronteras.com.pe/2025/03/08/piden-carcel-para-mujer-que-acabo-con-la-vida-de-su-hijo-en-arequipa/
Desconocido,2051,General,"Inicio NACIONAL Ministros Quero y Díaz Zulueta son citados al Congreso por casos de ext0rsión en colegios Ministros Quero y Díaz Zulueta son citados al Congreso por casos de ext0rsión en colegios Por Diario Sin Fronteras - 27 marzo, 2025 - En NACIONAL 680 Ministros Quero y Díaz Zulueta. La bancada de Podemos Perú convocó a los ministros Morgan Quero, de Educación, y Julio Díaz Zulueta, del Interior, para que rindan cuentas ante el Congreso de la República sobre las acciones adoptadas frente al alarmante incremento de extorsiones en centros educativos del país. AMENAZAS A CENTROS EDUCATIVOS ENCIENDEN ALARMAS La citación responde a un reciente episodio ocurrido en el colegio Pitágoras, ubicado en el distrito de Los Olivos, donde una madre de familia denunció que durante una clase virtual un presunto extorsionador irrumpió en el aula digital de primer grado. El docente, visiblemente afectado, suspendió la sesión al considerar lo ocurrido como un ataque grave. Este caso ha despertado gran preocupación entre padres y autoridades locales. El alcalde de Los Olivos informó que al menos diez colegios privados de su jurisdicción estarían siendo víctimas de extorsión. En algunos casos, los delincuentes han enviado mensajes intimidantes y exigencias económicas, generando temor entre docentes y familias. La sesión del Congreso ha sido programada para el jueves 3 de abril. Se espera que el ministro del Interior, recientemente designado tras la censura de Juan José Santiváñez, presente un plan claro para enfrentar esta problemática, en medio de cuestionamientos por no haber expuesto aún una estrategia de seguridad ciudadana. Por su parte, Morgan Quero deberá responder por su rol en la protección de la comunidad educativa, en un contexto marcado por críticas a sus declaraciones sobre el fallecimiento de una maestra en La Libertad. Comentarios de Facebook También te puede interesar Puno: Intervienen al director de Energía y Minas por presunto uso indebido de camioneta en reunión privada El director regional de Energía y Minas, Edwin",2025-11-16T22:38:52.363631,2025-11-16T22:38:52.439998,2025-11-16T22:38:52.440000,Sin Fronteras,10631,"https://diariosinfronteras.com.pe/wp-content/uploads/2025/03/jjjjjjjjjjjjjjjjjjjjjjjjjjjjjj-660x330.jpg, https://diariosinfronteras.com.pe/wp-content/uploads/2020/06/dxt-nav.png",322,,,Ministros Quero y Díaz Zulueta son citados al Congreso por casos de ext0rsión en colegios,https://diariosinfronteras.com.pe/2025/03/27/ministros-quero-y-diaz-zulueta-son-citados-al-congreso-por-casos-de-ext0rsion-en-colegios/
Desconocido,1782,General,"Inicio MUNDO Papa León XIV lamenta el trágico accidente de bus en Arequipa Papa León XIV lamenta el trágico accidente de bus en Arequipa Por Diario Sin Fronteras - 7 horas atrás - En MUNDO, NACIONAL 150 Tras el Ángelus, el pontífice expresó su dolor por las 37 víctimas mortales del siniestro en Ocoña y llamó a reflexionar sobre la responsabilidad en las carreteras El papa León XIV manifestó este domingo su profundo pesar por el accidente de bus ocurrido el último miércoles en Ocoña, Arequipa, que dejó 37 muertos y 27 heridos. Desde la ventana del Palacio Apostólico, tras el rezo del Ángelus, el pontífice aseguró sus oraciones por las víctimas, los heridos y las familias que atraviesan momentos de luto.  Que el Señor acoja a los difuntos, sostenga a los heridos y conforte a las familias , expresó, al calificar el hecho como un  grave accidente vial . El Papa, de nacionalidad estadounidense y también peruana por sus años de misión en el país, lamentó que este tipo de tragedias sean frecuentes y recordó que muchas ocurren  muy a menudo por comportamientos irresponsables . El accidente se produjo cuando un autobús de pasajeros cayó por un barranco tras chocar frontalmente con una furgoneta en la Panamericana Sur, a la altura del distrito de Ocoña. La justicia ordenó la detención del conductor de la furgoneta, acusado de provocar el choque. En el marco del Día Mundial en Recuerdo de las Víctimas de Accidentes de Tráfico, León XIV instó a la ciudadanía a realizar un  examen de conciencia  para evitar que tragedias como esta se repitan y subrayó la importancia de la responsabilidad al volante. Comentarios de Facebook También te puede interesar Cientos de jóvenes puneños rinden examen de preselección para Beca 18 Aspirantes de toda la región participaron en la",2025-11-16T22:38:52.363631,2025-11-16T22:38:52.438888,2025-11-16T22:38:52.438890,Sin Fronteras,10630,"https://diariosinfronteras.com.pe/wp-content/uploads/2025/11/PAPA-Leon-XIV-2-660x330.jpg, https://diariosinfronteras.com.pe/wp-content/uploads/2020/06/dxt-nav.png",301,,,Papa León XIV lamenta el trágico accidente de bus en Arequipa,https://diariosinfronteras.com.pe/2025/11/16/papa-leon-xiv-lamenta-el-tragico-accidente-de-bus-en-arequipa/
Desconocido,1912,General,"Inicio PUNO Juliaca: Sunedu  se lava las manos  en UANCV Juliaca: Sunedu  se lava las manos  en UANCV Por Diario Sin Fronteras - 17 julio, 2025 - En PUNO 479 La Superintendencia Nacional de Educación Superior Universitaria (Sunedu) ha optado por mantenerse al margen del conflicto institucional que atraviesa la Universidad Andina Néstor Cáceres Velásquez (UANCV), pese a que un juzgado ordenó la suspensión provisional de las autoridades interinas en funciones. A través del Informe N.  00494-2025-SUNEDU-SG-OAJ, la entidad declaró que no tiene responsabilidad alguna en el cumplimiento de la medida cautelar dictada por el Primer Juzgado Civil de San Román, en el proceso de amparo presentado por Félix Cristóbal Ochatoma Paravicino. Según el documento firmado por el jefe de la Oficina de Asesoría Jurídica, Carlos Fernando Mesía Ramírez, Sunedu no fue parte del proceso judicial y, por tanto, no está obligada a ejecutar ni actuar frente a lo resuelto por el Poder Judicial. Agrega que su rol se limita a registrar, de forma declarativa, los datos que las universidades informan sobre sus autoridades, sin calificar si estas fueron designadas conforme a derecho.  No corresponde que esta entidad adopte acciones conducentes al cumplimiento de la resolución judicial materia de consulta , señala el informe. Con esta postura, Sunedu deja claro que no tomará parte en el conflicto por el control del Rectorado en la UANCV, pese a que el problema afecta el funcionamiento institucional de una universidad pública. Para muchos, esta respuesta equivale a  lavarse las manos , ya que no asumirá ningún rol frente al mandato judicial y deja que las autoridades enfrentadas resuelvan el conflicto por su cuenta. Comentarios de Facebook También te puede interesar Puno: Intervienen al director de Energía y Minas por presunto uso indebido de camioneta en reunión privada El director regional de Energía y Minas, Edwin",2025-11-16T22:38:52.363631,2025-11-16T22:38:52.438441,2025-11-16T22:38:52.438443,Sin Fronteras,10629,"https://diariosinfronteras.com.pe/wp-content/uploads/2025/07/ABRI-1-660x330.jpg, https://diariosinfronteras.com.pe/wp-content/uploads/2020/06/dxt-nav.png",302,,,Juliaca: Sunedu  se lava las manos  en UANCV,https://diariosinfronteras.com.pe/2025/07/17/juliaca-sunedu-se-lava-las-manos-en-uancv/
Desconocido,1910,General,"Inicio NACIONAL Senamhi alerta por vientos intensos en Arequipa, Ica, Lima, Moquegua, Piura, Tacna y otras regiones Senamhi alerta por vientos intensos en Arequipa, Ica, Lima, Moquegua, Piura, Tacna y otras regiones Por Diario Sin Fronteras - 31 julio, 2025 - En NACIONAL 793 El Servicio Nacional de Meteorología e Hidrología (Senamhi) emitió una alerta sobre la presencia de vientos intensos en la costa peruana desde hoy jueves 31 hasta el sábado 3 de agosto. Las ráfagas superarían los 35 km h en regiones como Lima e Ica. El fenómeno podría causar levantamiento de polvo y arena en zonas desérticas, además de reducir la sensación térmica. También se esperan neblinas, lloviznas aisladas y poca visibilidad, lo que afectaría la salud pública y la circulación vehicular. Senamhi explicó que estos vientos se deben al fortalecimiento del anticiclón del Pacífico Sur, fenómeno típico del invierno pero que se ha intensificado por el cambio climático. El litoral sur, centro y norte del país estarán bajo su influencia. Las regiones afectadas son Áncash, Arequipa, Ica, La Libertad, Lambayeque, Lima, Moquegua, Piura, Tacna y Tumbes. El nivel de alerta es amarillo, lo que significa que los fenómenos son peligrosos, pero de ocurrencia moderada. En lugares como Pisco, Ica, Chincha y distritos del sur de Lima, los efectos serían más severos. Las ráfagas podrían agravar problemas respiratorios y generar riesgos en estructuras frágiles o viviendas con techos inestables. Indeci recomendó asegurar techos, evitar toldos o carpas y reducir actividades al aire libre. También se prevé oleaje anómalo con olas de hasta 3 metros, por lo que se pidió precaución en playas, malecones y zonas de pesca artesanal. Comentarios de Facebook También te puede interesar Puno: Intervienen al director de Energía y Minas por presunto uso indebido de camioneta en reunión privada El director regional de Energía y Minas, Edwin",2025-11-16T22:38:52.363631,2025-11-16T22:38:52.436919,2025-11-16T22:38:52.436921,Sin Fronteras,10628,"https://diariosinfronteras.com.pe/wp-content/uploads/2025/07/WhatsApp-Image-2025-07-31-at-6.11.39-PM-660x330.jpeg, https://diariosinfronteras.com.pe/wp-content/uploads/2020/06/dxt-nav.png",303,,,"Senamhi alerta por vientos intensos en Arequipa, Ica, Lima, Moquegua, Piura, Tacna y otras regiones",https://diariosinfronteras.com.pe/2025/07/31/senamhi-alerta-por-vientos-intensos-en-arequipa-ica-lima-moquegua-piura-tacna-y-otras-regiones/
Desconocido,3156,General,"Inicio PUNO Cae banda  Los Injertos de Juliaca  Cae banda  Los Injertos de Juliaca  Por Diario Sin Fronteras - 28 días atrás - En PUNO 1055  Caen  robacasas ! La madrugada de ayer, una persecución y balacera en Juliaca terminó con la captura de tres peligrosos delincuentes que integrarían la banda de  robacasas  que venía sembrando el miedo en distintas urbanizaciones. Se trata de Víctor Raúl Gutiérrez Zela (32), natural de Arequipa; Milton César Ccama Chuquija (30) y Esteban Quispe Cutipa (40), ambos naturales de Puno. Los tres fugaban a bordo de una camioneta Nissan gris metálico, cuando fueron cercados por agentes policiales. DESCUBIERTOS El hecho ocurrió cuando una patrulla realizaba un operativo preventivo por los jirones Aymaras y Cordilleras del distrito de San Miguel, donde un efectivo observó a un sujeto manipulando las puertas de varias casas. Al notar la presencia policial, supuestamente el delincuente huyó en un mototaxi, mientras sus cómplices escapaban en la camioneta. Los agentes iniciaron la persecución, que fue captada por cámaras de seguridad. En los videos se observa cómo los sospechosos ignoran las órdenes de alto, mientras los policías efectúan disparos disuasivos en su intento por detenerlos. BALACERA Y PERSECUCIÓN La persecución se dio por la avenida 3 de Octubre, el Cerrito Pojracasi y la Segunda Circunvalación, hasta que finalmente los tres fueron capturados en la urbanización TASA, en la salida a Cusco. Durante la huida, los hampones al parecer arrojaron objetos que habrían sido utilizados en anteriores robos. TENÍAN DOS PLACAS Tras la intervención, el vehículo fue revisado por peritos de Criminalística e investigadores del Areincri PNP, quienes descubrieron que tenía doble placa. En el momento de la detención, la camioneta portaba la matrícula APL-793, la cual es falsa; mientras que la original sería V9U-867. DUDAS Sin embargo, surgió una duda sobre en qué momento la placa falsa fue cambiada o se deshicieron, ya que la Policía Especializada aún no había tomado el caso para el peritaje, pues las grabaciones muestran la matrícula falsa durante la captura en la escena, y a los sujetos reducidos en el piso, pero en la comisaría figuró la matrícula real. Este punto será esclarecido durante las investigaciones del Depincri Juliaca. CON PRONTUARIO Los tres intervenidos cuentan con antecedentes. Gutiérrez fue detenido en 2022 por asaltar una vivienda en San Antonio de Putina, de donde sustrajo 50 mil soles. Milton Ccama, en enero de 2023, fue capturado por asesinar a balazos a un sujeto en el jirón Apurímac con Moquegua. En tanto, Esteban Quispe registra antecedentes por tenencia ilegal de armas. INVESTIGACIONES Los delincuentes fueron puestos a disposición del Areincri PNP, sindicados como integrantes de la organización  Los Injertos de Juliaca . En tanto, la población exige que el Ministerio Público solicite prisión preventiva para evitar que estos sujetos vuelvan a las calles. Comentarios de Facebook También te puede interesar Puno: Intervienen al director de Energía y Minas por presunto uso indebido de camioneta en reunión privada El director regional de Energía y Minas, Edwin",2025-11-16T22:38:52.363631,2025-11-16T22:38:52.436497,2025-11-16T22:38:52.436500,Sin Fronteras,10627,"https://diariosinfronteras.com.pe/wp-content/uploads/2025/10/1.-LOS-INJERTOS-DE-JULIACA-FOTON-660x330.jpg, https://diariosinfronteras.com.pe/wp-content/uploads/2020/06/dxt-nav.png",497,,,Cae banda  Los Injertos de Juliaca,https://diariosinfronteras.com.pe/2025/10/19/cae-banda-los-injertos-de-juliaca/
Desconocido,1626,General,"Inicio NACIONAL Cadena perpetua para 20 miembros de  Los michis , la banda que sembró el terror en Lima norte Cadena perpetua para 20 miembros de  Los michis , la banda que sembró el terror en Lima norte Por Diario Sin Fronteras - 2 junio, 2025 - En NACIONAL, POLICIALES 793 Poder Judicial dictó sentencia contra delincuentes. Sangre, tortura y silencio. Así operaba la banda criminal  Los michis  en Ventanilla, Ancón, Santa Rosa, Puente Piedra y Mi Perú. El Poder Judicial dictó cadena perpetua para 20 de sus integrantes, en un adelanto de fallo que marca uno de los golpes más duros contra el crimen organizado en Lima. El veredicto fue emitido por el Juzgado Penal Colegiado Permanente de la Corte de Ventanilla-Puente Piedra. La Fiscalía los responsabiliza por secuestros, extorsiones, asesinatos y tráfico de terrenos, además del uso del sicariato como herramienta de poder. Marcaban a sus víctimas con armas punzocortantes: un símbolo de gato, grabado en brazos y cabezas. Era su firma. La banda operó entre 2018 y 2021. Su estrategia era brutal. Eliminaban a dirigentes sindicales y a miembros de organizaciones rivales para monopolizar el cobro de cupos en obras de construcción civil. En marzo pasado, uno de los cabecillas, Juan Pool Montoya Silipu, fue sentenciado a 35 años de prisión por su papel como lugarteniente. Aceptó haber participado en múltiples delitos, incluyendo secuestro con muerte subsecuente y homicidio en grado de tentativa. Comentarios de Facebook También te puede interesar Cientos de jóvenes puneños rinden examen de preselección para Beca 18 Aspirantes de toda la región participaron en la",2025-11-16T22:38:52.363631,2025-11-16T22:38:52.431972,2025-11-16T22:38:52.431974,Sin Fronteras,10626,"https://diariosinfronteras.com.pe/wp-content/uploads/2025/06/001700_1752696-1-660x330.webp, https://diariosinfronteras.com.pe/wp-content/uploads/2020/06/dxt-nav.png",262,"PJ sentenció a cadena perpetua a 20 integrantes de  Los michis , banda que operaba con secuestros y asesinatos en Lima norte. Dejaron un rastro de terror.",,"Cadena perpetua para 20 miembros de  Los michis , la banda que sembró el terror en Lima norte",https://diariosinfronteras.com.pe/2025/06/02/cadena-perpetua-los-michis-extorsion-sicariato-lima-noroeste/
Desconocido,1655,General,"Inicio PUNO Puno: Última despedida:  Perdóname, hijo  Puno: Última despedida:  Perdóname, hijo  Por Redacción Diario Sin Fronteras - 8 julio, 2025 - En PUNO 1311 Última despedida:  Perdóname, hijo  Último adiós a Jeyco Ángel. Entre gritos de dolor y pedidos de perdón, Julia Torres Guizado (45), despidió a su pequeño hijo, Jeyco Ángel, de solo 3 años, quien murió calcinado la mañana del domingo tras un incendio en su habitación alquilada, ubicada en el jirón Obelisco. La tragedia ocurrió cuando Julia salió un momento a sacar su carreta de empuje para iniciar su jornada, dejando a su hijito sobre la cama viendo el celular. La humilde madre de familia, había dejado agua hirviendo en la cocina y, según se supo, el gas se filtró por una manguera en mal estado, generando una explosión que acabó con la vida del niño.  PERDONAME, HIJO   Mi hijito iba a cumplir 4 años el 6 de septiembre  ya no podía hacer nada , dijo entre lágrimas la madre, quien no deja de culparse por el terrible descuido. DOLOROSO ADIÓS El último adiós se realizó ayer en el cementerio La Capilla, donde familiares, amigos y vecinos dieron el último adiós al pequeño Jeyco. La escena fue desgarradora, y más cuando doña Julia recordaba que, un día antes, el pequeño bailaba con alegría solo para verla reír. Fue su última imagen viva.  Perdóname, hijo , gritaba la madre abrazando el cajón blando de su criatura.  Déjenme a su lado , imploraba mientras abrazaba el pequeño ataúd. Comentarios de Facebook También te puede interesar Arequipa: Tragedia en Arequipa: bus interprovincial cae a un abismo y deja 37 muertos y 14 heridos Una nueva tragedia enluta las carreteras del sur",2025-11-16T22:38:52.363631,2025-11-16T22:38:52.431157,2025-11-16T22:38:52.431160,Sin Fronteras,10625,"https://diariosinfronteras.com.pe/wp-content/uploads/2025/07/2.-PERDONAME-HIJO-FOTON-660x330.jpg, https://diariosinfronteras.com.pe/wp-content/uploads/2020/06/dxt-nav.png",282,"Último adiós a Jeyco Ángel. Entre gritos de dolor y pedidos de perdón, Julia Torres Guizado (45), despidió a su pequeño hijo, Jeyco Ángel, de solo 3 años, quien murió calcinado la mañana del domingo tras un incendio en su habitación alquilada, ubicada en el jirón Obelisco.",,"Puno: Última despedida:  Perdóname, hijo",https://diariosinfronteras.com.pe/2025/07/08/puno-ultima-despedida-perdoname-hijo/
Desconocido,1511,General,"Inicio DEPORTES Conoce los nominados para los premios de la Liga1 2024 Conoce los nominados para los premios de la Liga1 2024 Por Diario Sin Fronteras - 29 diciembre, 2024 - En DEPORTES 799 Gol de Bernardo Cuesta está nominado al mejor del año. Luego de terminar la temporada 2024, la Liga1 ha dado a conocer a los nominados para los premios para el mejor jugador, mejor arquero, jugador revelación, entrenador del año y mejor gol. Entre los nominados figuran los rojinegros Matías Lazo (jugador revelación) y Bernardo Cuesta (mejor gol del año). El tanto de  Berni  fue el convertido a Unión Comercio. Las votaciones para escoger a los mejores de la temporada están disponibles desde el 27 de diciembre hasta el 2 de enero a través de la página web de la Liga 1. NOMINADOS PREMIOS LIGA1 2024 Mejor jugador: Andy Polo, Martín Pérez Guedes, Martín Cauteruccio. Mejor arquero: Sebastián Britos, Diego Melián, Patricio Álvarez. Jugador revelación: Maxloren Castro, Matías Lazo, Catriel Cabellos. Entrenador del año: Fabián Bustos, Miguel Rondelli, Ángel Comizzo. Mejor gol: Josué Estrada (Cienciano vs. Sporting Cristal), Luis Ramos (Cusco FC vs. Alianza Lima), Álex Valera (Universitario vs. Sport Huancayo), Sebastián Gonzáles Zela (Comerciantes Unidos vs. ADT), Bernardo Cuesta (Melgar vs. Unión Comercio). Comentarios de Facebook También te puede interesar Puno: Intervienen al director de Energía y Minas por presunto uso indebido de camioneta en reunión privada El director regional de Energía y Minas, Edwin",2025-11-16T22:38:52.363631,2025-11-16T22:38:52.430674,2025-11-16T22:38:52.430676,Sin Fronteras,10624,"https://diariosinfronteras.com.pe/wp-content/uploads/2024/12/Mel-660x330.jpg, https://diariosinfronteras.com.pe/wp-content/uploads/2020/06/dxt-nav.png",239,"Luego de terminar la temporada 2024, la Liga1 ha dado a conocer a los nominados para los premios para el mejor jugador, mejor arquero, jugador revelación, entrenador del año y mejor gol.",,Conoce los nominados para los premios de la Liga1 2024,https://diariosinfronteras.com.pe/2024/12/29/conoce-los-nominados-para-los-premios-de-la-liga1-2024/
Desconocido,1447,General,"Inicio NACIONAL López Aliaga respalda a Santiváñez y critica al MTC López Aliaga respalda a Santiváñez y critica al MTC Por Diario Sin Fronteras - 24 agosto, 2025 - En NACIONAL 652 Respaldó decisión. El alcalde de Lima, Rafael López Aliaga, respaldó la designación de Juan José Santiváñez como ministro de Justicia. Lo hizo durante una actividad oficial de la comuna. López Aliaga recordó que Santiváñez lo apoyó cuando fue ministro del Interior. Dijo que espera coordinar con él temas pendientes como el penal de Ica. La presidenta Dina Boluarte nombró a Santiváñez en el Minjus tras cambios en el Gabinete. El exministro fue censurado en marzo por el Congreso por su incapacidad en seguridad ciudadana. Pese a ello, se mantuvo cerca del Ejecutivo con cargos en Palacio de Gobierno. El burgomaestre también criticó la permanencia de César Sandoval en Transportes. Señaló que obstaculiza el proyecto del tren Lima-Chosica.  Si quiere un enfrentamiento político, lo va a tener , advirtió López Aliaga. También acusó al Gobierno de repartija de ministerios y de priorizar intereses partidarios sobre las necesidades de Lima. El alcalde insistió en que defenderá la continuidad del proyecto ferroviario. Aseguró que no permitirá que el MTC frene la llegada de trenes ya adquiridos. Comentarios de Facebook También te puede interesar Cientos de jóvenes puneños rinden examen de preselección para Beca 18 Aspirantes de toda la región participaron en la",2025-11-16T22:38:52.363631,2025-11-16T22:38:52.430112,2025-11-16T22:38:52.430114,Sin Fronteras,10623,"https://diariosinfronteras.com.pe/wp-content/uploads/2025/08/551055_1784448-2.jpg, https://diariosinfronteras.com.pe/wp-content/uploads/2020/06/dxt-nav.png",231,Rafael López Aliaga apoyó a Juan José Santiváñez como nuevo ministro de Justicia y lanzó críticas al MTC por trabas al tren Lima-Chosica.,,López Aliaga respalda a Santiváñez y critica al MTC,https://diariosinfronteras.com.pe/2025/08/24/lopez-aliaga-respalda-a-santivanez-y-arremete-contra-el-ministro-del-mtc/
Desconocido,1132,General,"Inicio POLICIALES Termina muerto por querer asaltar a policía Termina muerto por querer asaltar a policía Por Diario Sin Fronteras - 23 mayo, 2021 - En POLICIALES 655 Efectivo usó su arma de reglamento en defensa propia. Un ladrón fue abatido la noche del último viernes por un efectivo encubierto de la Policía Nacional cuando el primero intentó asaltarlo. El hecho se registró en el cruce de la avenida Benavides con el jirón Ayacucho, en el distrito limeño de Surco. Según detalló el comandante general de la PNP, César Cervantes, fueron dos los hombres quienes, a bordo de una motocicleta con una placa clonada y provistos de un arma de fuego, pretendieron asaltar al agente que iba vestido de civil. Los malhechores esperaron que el semáforo cambie a rojo para acercarse al vehículo en el que iba el policía y apuntarle con el revólver. El efectivo se defendió y disparó. El cuerpo del malhechor quedó tendido en la pista. Comentarios de Facebook También te puede interesar Puno: Intervienen al director de Energía y Minas por presunto uso indebido de camioneta en reunión privada El director regional de Energía y Minas, Edwin",2025-11-16T22:38:52.363631,2025-11-16T22:38:52.429473,2025-11-16T22:38:52.429476,Sin Fronteras,10622,"https://diariosinfronteras.com.pe/wp-content/uploads/2021/05/531253_1098227.jpg, https://diariosinfronteras.com.pe/wp-content/uploads/2020/06/dxt-nav.png",191,,,Termina muerto por querer asaltar a policía,https://diariosinfronteras.com.pe/2021/05/23/termina-muerto-por-querer-asaltar-a-policia/
Desconocido,1487,General,"Inicio POLITICA Rafael López Aliaga en un posible Gobierno:  Vamos a reducir todo a seis ministerios  Rafael López Aliaga en un posible Gobierno:  Vamos a reducir todo a seis ministerios  Por Diario Sin Fronteras - 12 julio, 2025 - En POLITICA 992 Rafael López Aliaga. Aunque no ha comunicado oficialmente si será candidato a la presidencia en las elecciones generales de 2026, el alcalde de Lima, Rafael López Aliaga, anunció que el 12 de octubre dejará el cargo para evaluar una postulación a Palacio de Gobierno el próximo año. En una entrevista para la Revista Cosas, el burgomaestre de la capital compartió una serie de ideas que le gustaría implementar en un posible mandato. Además, destacó que realizará una serie de cambios en diversas entidades del Perú.  Hay que dar una ley donde haya ratios de eficiencia para ministerios. Dentro del plan de gobierno en el que estoy participando estamos incluyendo una reducción del Estado brutal, nunca antes vista. Ni en Argentina. Vamos a reducir todo a seis ministerios, nada más , dijo. A mediados de abril, la encuestadora Ipsos compartió un sondeo previo a las elecciones generales del próximo año. La nómina era liderada por Keiko Fujimori con el 11  de las preferencias seguida por Rafael López Aliaga y Carlos Álvarez con 6 . Comentarios de Facebook También te puede interesar Puno: Intervienen al director de Energía y Minas por presunto uso indebido de camioneta en reunión privada El director regional de Energía y Minas, Edwin",2025-11-16T22:38:52.363631,2025-11-16T22:38:52.428282,2025-11-16T22:38:52.428285,Sin Fronteras,10621,"https://diariosinfronteras.com.pe/wp-content/uploads/2024/11/orig-1731375113914-660x330.jpg, https://diariosinfronteras.com.pe/wp-content/uploads/2020/06/dxt-nav.png",247,,,Rafael López Aliaga en un posible Gobierno:  Vamos a reducir todo a seis ministerios,https://diariosinfronteras.com.pe/2025/07/12/rafael-lopez-aliaga-en-un-posible-gobierno-vamos-a-reducir-todo-a-seis-ministerios/
Desconocido,1726,General,"Inicio PUNO Puno: Refacción del puente Pucachupa de Azángaro inicia con nuevo presupuesto Puno: Refacción del puente Pucachupa de Azángaro inicia con nuevo presupuesto Por Diario Sin Fronteras - 31 julio, 2024 - En PUNO 766 2 millones 700 mil para el puente de Azángaro. Tras varios años de espera y problemas derivados de una obra deficiente inaugurada en 2010 durante el gobierno de Hernán Fuentes, el icónico Puente Pucachupa de Azángaro finalmente será refaccionado. La esperada mejora dio inicio hoy con la llegada del gobernador regional de Puno, Richard Hanco Soncco, quien supervisó el comienzo de los trabajos de rehabilitación. La ceremonia de inicio de obra se llevó a cabo en presencia de autoridades locales y vecinos de Azángaro, quienes recibieron con entusiasmo la noticia de la pronta renovación de esta infraestructura vital para la región. La refacción del puente cuenta con un presupuesto de más de 2 millones 700 mil soles y está programada para completarse en un plazo de tres meses a partir de hoy. La obra original, inaugurada en 2010, fue ampliamente criticada debido a problemas de construcción que comprometieron la seguridad y funcionalidad del puente. La intervención actual busca corregir estos defectos y garantizar una estructura segura y duradera para el beneficio de los ciudadanos. La refacción del Puente Pucachupa no solo mejorará la seguridad vial, sino que también fortalecerá la infraestructura de transporte en la región, facilitando el acceso y conectividad para los habitantes de Azángaro y las áreas circundantes. Comentarios de Facebook También te puede interesar Cientos de jóvenes puneños rinden examen de preselección para Beca 18 Aspirantes de toda la región participaron en la",2025-11-16T22:38:52.363631,2025-11-16T22:38:52.427799,2025-11-16T22:38:52.427802,Sin Fronteras,10620,"https://diariosinfronteras.com.pe/wp-content/uploads/2024/07/0bff7a1b-0f06-4cf1-affd-6336c104e7ea-660x330.jpeg, https://diariosinfronteras.com.pe/wp-content/uploads/2020/06/dxt-nav.png",272,Puno: Refacción del puente Pucachupa de Azángaro inicia con nuevo presupuesto,,Puno: Refacción del puente Pucachupa de Azángaro inicia con nuevo presupuesto,https://diariosinfronteras.com.pe/2024/07/31/puno-refaccion-del-puente-pucachupa-de-azangaro-inicia-con-nuevo-presupuesto/
Desconocido,1414,General,"Inicio PUNO Sandia: Dictan 09 meses de prisión preventiva en contra de sujeto acusado de parricidio Sandia: Dictan 09 meses de prisión preventiva en contra de sujeto acusado de parricidio Por Redacción Diario Sin Fronteras - 2 junio, 2025 - En PUNO 756 La Fiscalía Provincial Penal de Sandia, logró que se dicte prisión preventiva por 09 meses en contra de Lucio Humpiri Mamani, investigado por el presunto delito de parricidio en agravio de su hijo quien en vida fue, D.A.H.M. de 06 meses de edad. El fiscal responsable del caso, Cino Ali Chino Quenta, dio a conocer que los hechos habrían ocurrido el pasado 02 de setiembre de 2024, cuando el imputado habría golpeado y asfixiado hasta quitarle la vida a su hijo menor de edad. Cabe detallar que, cuando llegó la madre de la víctima, el imputado intentaría hacer pasar el delito como un accidente; hechos que habrían ocurrido en el interior de su domicilio ubicado en el centro poblado de Untuca, distrito de Quiaca, Sandia. Posteriormente el investigado se daría a la fuga; luego de algunos meses de búsqueda fue detenido el 31 de mayo del presente. El sujeto se encontraba con orden de captura por tener en su contra la medida restrictiva de prisión preventiva. Comentarios de Facebook También te puede interesar Arequipa: Tragedia en Arequipa: bus interprovincial cae a un abismo y deja 37 muertos y 14 heridos Una nueva tragedia enluta las carreteras del sur",2025-11-16T22:38:52.363631,2025-11-16T22:38:52.427493,2025-11-16T22:38:52.427495,Sin Fronteras,10619,"https://diariosinfronteras.com.pe/wp-content/uploads/2025/06/IMG-20250602-WA0025-660x330.jpg, https://diariosinfronteras.com.pe/wp-content/uploads/2020/06/dxt-nav.png",241,Sandia: Dictan 09 meses de prisión preventiva en contra de sujeto acusado de parricidio,,Sandia: Dictan 09 meses de prisión preventiva en contra de sujeto acusado de parricidio,https://diariosinfronteras.com.pe/2025/06/02/sandia-dictan-09-meses-de-prision-preventiva-en-contra-de-sujeto-acusado-de-parricidio/
Desconocido,1766,General,"Inicio AREQUIPA Arequipa: capturan a presunto autor intelectual de atentado contra llantería Arequipa: capturan a presunto autor intelectual de atentado contra llantería Por Diario Sin Fronteras - 11 septiembre, 2025 - En AREQUIPA 581 La Policía capturó a A. M. C. (32), acusado de ser el autor intelectual del ataque contra la llantería  Kevin , en Miraflores. Los agentes del área de Secuestros de la Divincri lo señalaron como pieza clave en una organización que estaría detrás de extorsiones a comerciantes de la Ciudad Blanca. La jueza del Juzgado de Investigación Preparatoria de Mariano Melgar ordenó su detención preliminar por 72 horas, mientras la Policía continúa recopilando pruebas en su contra. El investigado fue intervenido la madrugada del 7 de setiembre en la avenida Independencia (Socabaya), cuando conducía un vehículo. En ese momento se descubrió que tenía una requisitoria vigente por omisión de asistencia familiar. Aunque inicialmente fue dejado en libertad, la Policía volvió a detenerlo el 9 de setiembre al confirmarse su presunta vinculación con el incendio de la llantería. No es la primera vez que enfrenta a la justicia: en octubre de 2023 ya había sido intervenido en Madre de Dios a bordo de un auto reportado como robado. En esa ocasión habría intentado hacerse pasar por policía de inteligencia. Las investigaciones también señalan que otro implicado, un ciudadano extranjero, habría confesado su participación en el atentado. Con ambas detenciones, la PNP busca desbaratar la red criminal que estaría detrás de estos hechos. Comentarios de Facebook También te puede interesar Puno: Intervienen al director de Energía y Minas por presunto uso indebido de camioneta en reunión privada El director regional de Energía y Minas, Edwin",2025-11-16T22:38:52.363631,2025-11-16T22:38:52.426104,2025-11-16T22:38:52.426106,Sin Fronteras,10618,"https://diariosinfronteras.com.pe/wp-content/uploads/2025/09/IMG_20250911_082152_800_x_533_pixel-660x330.jpg, https://diariosinfronteras.com.pe/wp-content/uploads/2020/06/dxt-nav.png",277,,,Arequipa: capturan a presunto autor intelectual de atentado contra llantería,https://diariosinfronteras.com.pe/2025/09/11/arequipa-capturan-a-presunto-autor-intelectual-de-atentado-contra-llanteria/
Desconocido,1441,General,"Inicio NACIONAL Congreso pide citar a presidenta Dina Boluarte para que responda por incremento salarial Congreso pide citar a presidenta Dina Boluarte para que responda por incremento salarial Por Diario Sin Fronteras - 5 julio, 2025 - En NACIONAL 692 La Comisión de Fiscalización del Congreso aprobó solicitar al titular del Parlamento Nacional, Eduardo Salhuana, que cite a la mandataria Dina Boluarte Zegarra ante el pleno, para que responda por el incremento del sueldo presidencial. También aprobaron presentar una iniciativa para interpelar al premier Eduardo Arana y el ministro de Economía y Finanzas Raúl Pérez-Reyes, además de una propuesta para derogar el decreto que oficializó el aumento de sueldo de la jefa de Estado. Tras la sesión de dicho grupo parlamentario, su titular, Juan Burgos, dijo que, con el aumento de sueldo, la mandataria  se está burlando del Perú  y que en las próximas horas, formalizarán las propuestas aprobadas por la comisión de Fiscalización. Pese a las múltiples críticas, el Poder Ejecutivo publicó hoy el Decreto Supremo N.º 136-2025-EF, mediante el cual se aprueba el aumento de sueldo de la mandataria Dina Boluarte, quien de recibir 15 600 soles pasará a ganar ahora 35,568 soles mensuales. Comentarios de Facebook También te puede interesar Puno: Intervienen al director de Energía y Minas por presunto uso indebido de camioneta en reunión privada El director regional de Energía y Minas, Edwin",2025-11-16T22:38:52.363631,2025-11-16T22:38:52.425678,2025-11-16T22:38:52.425681,Sin Fronteras,10617,"https://diariosinfronteras.com.pe/wp-content/uploads/2025/07/orig-1751653308464-660x330.jpg, https://diariosinfronteras.com.pe/wp-content/uploads/2020/06/dxt-nav.png",228,,,Congreso pide citar a presidenta Dina Boluarte para que responda por incremento salarial,https://diariosinfronteras.com.pe/2025/07/05/congreso-pide-citar-a-presidenta-dina-boluarte-para-que-responda-por-incremento-salarial/
Desconocido,867,General,"Inicio POLICIALES Puno: Accidente en la vía Umanasa-Cangalli deja sin vida a conductor de tráiler Puno: Accidente en la vía Umanasa-Cangalli deja sin vida a conductor de tráiler Por Diario Sin Fronteras - 5 enero, 2025 - En POLICIALES, PUNO 2054 Puno: Accidente en la vía Umanasa-Cangalli deja sin vida a conductor La mañana de este domingo, el tráiler de placa BZR-814 se despistó en la vía Umanasa-Cangalli y quedó volcado en una curva. El conductor de la unidad fue encontrado sin signos vitales. Al parecer, el exceso de carga y la pista mojada serían las causas del accidente. No obstante, serán las investigaciones policiales las que determinarán las verdaderas causas. Noticia en desarrollo  Comentarios de Facebook También te puede interesar Cientos de jóvenes puneños rinden examen de preselección para Beca 18 Aspirantes de toda la región participaron en la",2025-11-16T22:38:52.363631,2025-11-16T22:38:52.425179,2025-11-16T22:38:52.425181,Sin Fronteras,10616,"https://diariosinfronteras.com.pe/wp-content/uploads/2025/01/puno-accidente-triler-660x330.jpg, https://diariosinfronteras.com.pe/wp-content/uploads/2020/06/dxt-nav.png",140,"La mañana de este domingo, el tráiler de placa BZR-814 se despistó en la vía Umanasa-Cangalli y quedó volcado en una curva. El conductor de la unidad fue encontrado sin signos vitales.",,Puno: Accidente en la vía Umanasa-Cangalli deja sin vida a conductor de tráiler,https://diariosinfronteras.com.pe/2025/01/05/puno-accidente-en-la-via-umanasa-cangalli-deja-sin-vida-a-conductor-de-trailer/
Desconocido,1323,General,"Inicio POLITICA Se reanuda audiencia de prisión preventiva contra Martín Vizcarra Se reanuda audiencia de prisión preventiva contra Martín Vizcarra Por Diario Sin Fronteras - 27 junio, 2025 - En POLITICA 792 Hoy a las 9.00 a.m., se reanudó la audiencia de prisión preventiva contra el exmandatario Martín Vizcarra, quien deberá asistir de manera presencial. En la sesión se le concederá la palabra a su defensa. El Ministerio Público pide seis meses de prisión preventiva contra el expresidente de la República por el presunto delito de cohecho pasivo propio, en el marco del proceso por los casos  Lomas de Ilo y Hospital Regional de Moquegua . Durante la audiencia de ayer, Vizcarra Cornejo, calificó de  forzados  los argumentos presentados por el fiscal German Juárez y negó de forma categórica tener intención de fugarse, como sostuvo el representante del Ministerio Público. El exjefe de Estado dijo también que el documento de Inteligencia que advierte un presunto peligro de fuga, se originó a partir de una afirmación del fiscal, y no corresponde a un informe elaborado por los agentes de la Policía Nacional. Comentarios de Facebook También te puede interesar Puno: Intervienen al director de Energía y Minas por presunto uso indebido de camioneta en reunión privada El director regional de Energía y Minas, Edwin",2025-11-16T22:38:52.363631,2025-11-16T22:38:52.423596,2025-11-16T22:38:52.423599,Sin Fronteras,10615,"https://diariosinfronteras.com.pe/wp-content/uploads/2025/06/orig-1751029379740-660x330.jpg, https://diariosinfronteras.com.pe/wp-content/uploads/2020/06/dxt-nav.png",213,,,Se reanuda audiencia de prisión preventiva contra Martín Vizcarra,https://diariosinfronteras.com.pe/2025/06/27/se-reanuda-audiencia-de-prision-preventiva-contra-martin-vizcarra/
Desconocido,1439,General,"Inicio NACIONAL Mujer se salvó de milagro al ir al baño minutos antes del colapso en Real Plaza Trujillo Mujer se salvó de milagro al ir al baño minutos antes del colapso en Real Plaza Trujillo Por Diario Sin Fronteras - 22 febrero, 2025 - En NACIONAL 1235 Tragedia en Real Plaza. Un testimonio impactante ha salido a la luz tras la tragedia en el Real Plaza Trujillo. Una mujer que se encontraba en el patio de comidas logró salvarse al decidir ir al baño apenas dos minutos antes del derrumbe del techo. El caso fue compartido por Samuel Suárez, creador de Instarándula, quien difundió el mensaje de la afectada.  Dos minutos antes de que todo suceda, mi Ivannita me dice para ir al baño. No sé si fue una señal, pero definitivamente es mi ángel , expresó la mujer. Este relato ha generado conmoción en redes sociales, donde usuarios han comentado sobre el impacto del destino y la fortuna en momentos críticos. Mientras tanto, las autoridades continúan investigando las causas del colapso y evaluando las medidas de seguridad del establecimiento. El accidente en el Real Plaza Trujillo ha dejado múltiples heridos y al menos ocho fallecidos, lo que ha generado preocupación sobre las condiciones estructurales del centro comercial. Comentarios de Facebook También te puede interesar Puno: Intervienen al director de Energía y Minas por presunto uso indebido de camioneta en reunión privada El director regional de Energía y Minas, Edwin",2025-11-16T22:38:52.363631,2025-11-16T22:38:52.423273,2025-11-16T22:38:52.423277,Sin Fronteras,10614,"https://diariosinfronteras.com.pe/wp-content/uploads/2025/02/image-94-660x330.png, https://diariosinfronteras.com.pe/wp-content/uploads/2020/06/dxt-nav.png",241,,,Mujer se salvó de milagro al ir al baño minutos antes del colapso en Real Plaza Trujillo,https://diariosinfronteras.com.pe/2025/02/22/mujer-se-salvo-de-milagro-al-ir-al-bano-minutos-antes-del-colapso-en-real-plaza-trujillo/
Desconocido,2097,General,"Inicio POLICIALES Detienen a conocido ladrón por asalto a mujer Detienen a conocido ladrón por asalto a mujer Por Diario Sin Fronteras - 27 julio, 2021 - En POLICIALES 786 Maicoll Castañeda Herrera presenta antecedentes del año 2019. Tacna. Un sujeto con amplios antecedentes policiales fue intervenido por tener una requisitoria y al ser trasladado a una comisaría una mujer lo denunció por robo. Maicoll Stuart Castañera Herrera (39) quedó intervenido la noche del domingo en la asociación de vivienda Verdaderos Hijos de Leguía por transitar en actitud sospechosa. Presentaba una requisitoria de impedimento de salida del país por el delito de tráfico ilícito de drogas emitida por un juzgado de Comas (Lima), por lo que fue conducido a la comisaría Augusto B. Leguía. En la dependencia policial la ciudadana Rosario Mamani (52) lo reconoció, acusándolo del robo de una tablet esa mañana. La agraviada indicó que lo reconocía plenamente por su rostro y tatuajes tras verlo huyendo con su dispositivo a las 09:00 horas. Castañeda permaneció detenido por delito contra el patrimonio, en la modalidad de hurto, con conocimiento de la fiscal Ana Gamarra Peña. En las diligencias posteriores se conoció que el investigado fue capturado también en marzo de 2019 por integrar la presunta banda  Los Lanzas del Cono Sur . Junto con tres cómplices habría asaltado a dos adolescentes de 17 y 15 años que caminaban por la asociación de vivienda Los Fresnos. Asimismo, en diciembre del mismo año fue capturado por pobladores de la junta vecinal Leoncio Prado luego de asaltar a un estudiante de 28 años en la intersección de las calles San Camilo y Alfonso Ugarte. Se conoce que el sujeto podría salir bien librado, como ocurrió en los casos anteriores, por el monto menor del robo; sin embargo, la Fiscalía podría considerar la reincidencia. Hasta la tarde de este lunes continuaba detenido en la comisaría del centro poblado Augusto B. Leguía. Comentarios de Facebook También te puede interesar CD Moquegua asciende a Liga1 tras vencer 3-2 a César Vallejo CD Moquegua volvió a Primera División después de",2025-11-16T22:38:52.363631,2025-11-16T22:38:52.422617,2025-11-16T22:38:52.422620,Sin Fronteras,10613,"https://diariosinfronteras.com.pe/wp-content/uploads/2021/07/conocido-ladron-cae-por-robo-de-tablet.jpg, https://diariosinfronteras.com.pe/wp-content/uploads/2020/06/dxt-nav.png",344,,,Detienen a conocido ladrón por asalto a mujer,https://diariosinfronteras.com.pe/2021/07/27/detienen-a-conocido-ladron-por-asalto-a-mujer/
Desconocido,1310,General,"Inicio AREQUIPA Estas son las regiones con  nivel rojo  de peligro por posible activación de quebradas Estas son las regiones con  nivel rojo  de peligro por posible activación de quebradas Por Diario Sin Fronteras - 2 enero, 2025 - En AREQUIPA, NACIONAL 797 Estas son las regiones con  nivel rojo  de peligro por posible activación de quebradas Referencial De acuerdo al pronóstico del Servicio Nacional de Meteorología e Hidrología del Perú (Senamhi), diez regiones tiene un  nivel rojo  de peligro por la posible activación de quebradas como consecuencia de la caída de lluvias intensas. Las regiones que podrían verse afectadas son Áncash, Arequipa, Cajamarca, Cusco, Huánuco, Junín, Lima, Pasco, Piura y Ucayali. Las provincia de Arequipa incluidas en este reporte son Caylloma y Condesuyos, mientras que en Lima la alerta máxima se activó en las provincias de Cajatambo, Canta, Huaral, Huarochirí, Huaura, Oyón y Yauyos. En Cusco, podrían activarse quebradas de Chumbivilcas y Espinar; en Huánuco, las quebradas de Lauricocha y en Junín, las de Jauja y Yauli. El aviso del Senamhi está vigente hasta las 13 horas del jueves 2 de enero. Comentarios de Facebook También te puede interesar Cientos de jóvenes puneños rinden examen de preselección para Beca 18 Aspirantes de toda la región participaron en la",2025-11-16T22:38:52.363631,2025-11-16T22:38:52.421753,2025-11-16T22:38:52.421756,Sin Fronteras,10612,"https://diariosinfronteras.com.pe/wp-content/uploads/2025/01/quebrada-referencial.jpg, https://diariosinfronteras.com.pe/wp-content/uploads/2020/06/dxt-nav.png",209,"De acuerdo al pronóstico del Servicio Nacional de Meteorología e Hidrología del Perú (Senamhi), diez regiones tiene un  nivel rojo  de peligro por la posible activación de quebradas como consecuencia de la caída de lluvias intensas.",,Estas son las regiones con  nivel rojo  de peligro por posible activación de quebradas,https://diariosinfronteras.com.pe/2025/01/02/estas-son-las-regiones-con-nivel-rojo-de-peligro-por-posible-activacion-de-quebradas/
Desconocido,1199,General,"Inicio NACIONAL Junín: Poblador lanza fluido corporal al alcalde durante audiencia de rendición de cuentas Junín: Poblador lanza fluido corporal al alcalde durante audiencia de rendición de cuentas Por Diario Sin Fronteras - 29 mayo, 2025 - En NACIONAL 567 Un poblador de Junín lanzó un balde con orina al alcalde Julio Cotera durante la Audiencia de Rendición de Cuentas 2025, evidenciando el descontento por las promesas incumplidas en el distrito de Andamarca. Los asistentes, que aplaudieron el acto, exigían claridad en el manejo de recursos, ya que la exposición municipal omitió datos clave sobre obras públicas. El incidente, que forzó la suspensión de la audiencia, refleja la crisis de confianza en las autoridades locales. Cotera y los regidores abandonaron el lugar sin responder, mientras vecinos aseguran que la gestión deficiente los llevó a tomar medidas extremas. Asimismo, se reveló que minutos antes del incidente, el alcalde ya había tenido inconvenientes con los presentes. Comentarios de Facebook También te puede interesar Puno: Intervienen al director de Energía y Minas por presunto uso indebido de camioneta en reunión privada El director regional de Energía y Minas, Edwin",2025-11-16T22:38:52.363631,2025-11-16T22:38:52.421286,2025-11-16T22:38:52.421288,Sin Fronteras,10611,"https://diariosinfronteras.com.pe/wp-content/uploads/2025/05/orina-alcalde-800x533-1-660x330.jpg, https://diariosinfronteras.com.pe/wp-content/uploads/2020/06/dxt-nav.png",186,,,Junín: Poblador lanza fluido corporal al alcalde durante audiencia de rendición de cuentas,https://diariosinfronteras.com.pe/2025/05/29/junin-poblador-lanza-fluido-corporal-al-alcalde-durante-audiencia-de-rendicion-de-cuentas/
Desconocido,3323,General,"Inicio PUNO Calmet instruyó en uso de armas a venezolanos para la toma del Colegio Politécnico Huáscar Calmet instruyó en uso de armas a venezolanos para la toma del Colegio Politécnico Huáscar Por Diario Sin Fronteras - 1 diciembre, 2024 - En PUNO 1919 Calmet instruyó en uso de armas a venezolanos para la toma del Colegio Politécnico Huáscar El 26 de noviembre de 2024, se cumplieron tres años en que Enrique Calmet Choque y matones, en su mayoría venezolanos, ingresaron al Colegio Politécnico Huáscar para intentar tomar más de 12 mil metros cuadrados que reclama como suyos. Sin Fronteras accedió a varios audios y videos que prueban que aquella toma fue planificada previamente. Las grabaciones corresponden a setiembre y octubre de 2021, meses antes de la asonada. Los extranjeros fueron preparados en el quinto piso de las Galerías Plaza, de propiedad de Enrique Calmet y su esposa. En las imágenes se observa y oye al polémico abogado, preparando solo el uso de las armas conocidas como  Paintball  que disparan perdigones de goma y pintura. Las filmaciones ponen en evidencia que él, antes que perpetren la intentona en el Politécnico Huáscar, no solo instruía sino también se ufanaba del poder que las armas impondrían. Y es que ellas, dependiendo de la distancia, podrían dejar gravemente herido o matar. EL PATRÓN  Uno de los extranjeros le dice:  Espérate, qué cantidad  de balas se carga  patrón. No tengo idea de que cantidad más o menos , y Calmet le responde:  Hasta que esté lleno.  ininteligible  No cargues todas! . ARMA NOCIVA El abogado admite del daño que estas armas producen.  Con esto se abre y con esta se dispara y esto cae;  Pummmm!, te deja un moretón así. Mira. Ta, ta, ta, ta. Cada una de estas me cuesta mil soles , se jacta. ARSENAL En otro momento, cuenta abiertamente la cantidad de armas que tiene.  Tengo en la otra oficina, te voy a mostrar esta foto, que está acá al lado, mira el artesanal que tengo de armas; treinta; uno, dos, tres, cuatro, cinco, seis, siete, ocho, nueve, diez, veinte dos, veinte tres, veinticuatro, veinte cinco, más cinco más. Uniformes, botas, armas, todo  , expresa entusiasmado. CORREGIR ERRORES Indica que entraría a Huáscar con un centenar de matones.  Acá está una foto. Es que tengo que tengo que ir  Ya sé que van a venir cien personas. Ya sé dónde cometí el error. Y acá está. Todo eso está acá. Sino que ahorita no tengo la llave porque la tiene mi  , añade. POLICÍAS CÓMPLICES Recordemos que el entonces jefe de la X Macrepol, general PNP Marco Lara, dijo que los policías que aquel día daban seguridad en el colegio, estuvieron de pasada porque se iban a Paucarcolla. En el video se oye a Calmet, delatar el contubernio con esos policías acomedidos.  Voy a ir con perros pitbull, con la policía, con las armas, treinta hombres , enfatiza. Desafortunadamente para él, se frustró la toma porque el allanamiento solo le duró unas seis horas. La Policía y Fiscalía intervinieron y tras el asedio de la población, requisaron las armas  paintball . De manera alarmante, los venezolanos indocumentados que las portaban fueron liberados y el arsenal incautado fue devuelto a los días. Comentarios de Facebook También te puede interesar Cientos de jóvenes puneños rinden examen de preselección para Beca 18 Aspirantes de toda la región participaron en la",2025-11-16T22:38:52.363631,2025-11-16T22:38:52.419682,2025-11-16T22:38:52.419684,Sin Fronteras,10610,"https://diariosinfronteras.com.pe/wp-content/uploads/2024/12/abridoraaaaaaaaaaaaaaaa-660x330.jpg, https://diariosinfronteras.com.pe/wp-content/uploads/2020/06/dxt-nav.png",566,"El 26 de noviembre de 2024, se cumplieron tres años en que Enrique Calmet Choque y matones, en su mayoría venezolanos, ingresaron al Colegio Politécnico Huáscar para intentar tomar más de 12 mil metros cuadrados que reclama como suyos.",,Calmet instruyó en uso de armas a venezolanos para la toma del Colegio Politécnico Huáscar,https://diariosinfronteras.com.pe/2024/12/01/calmet-instruyo-en-uso-de-armas-a-venezolanos-para-la-toma-del-colegio-politecnico-huascar/
Desconocido,1200,General,"Inicio AREQUIPA Ofertan 5.000 becas para alumnos Ofertan 5.000 becas para alumnos Por Diario Sin Fronteras - 9 noviembre, 2020 - En AREQUIPA 505 Estado subsidiará los costos de los estudios superiores. El Programa Nacional Becas y Crédito Educativo (Pronabec) lanzó 5 mil becas para cursar estudios superiores en universidades e institutos. Está dirigido a los estudiantes de 5to grado de secundaria o egresados con buen rendimiento escolar y de bajos recursos económicos. Desde hoy inician las inscripciones consultando al enlace de www.pronabec.gob.pe beca-18-2021. No hay un costo y es de manera virtual. El Pronabec señaló que habrá un proceso de preselección de los postulantes que se realizará de noviembre a diciembre del 2020. Luego se publicará la relación de preseleccionados para que postulen a la beca en 2021. De ser uno de los seleccionados de Beca 18, el Estado cubrirá el costo de las matrículas, pensión, útiles de escritorio, movilidad, acompañamiento, entre otros beneficios.  Comentarios de Facebook También te puede interesar Puno: Intervienen al director de Energía y Minas por presunto uso indebido de camioneta en reunión privada El director regional de Energía y Minas, Edwin",2025-11-16T22:38:52.363631,2025-11-16T22:38:52.413093,2025-11-16T22:38:52.413096,Sin Fronteras,10609,"https://diariosinfronteras.com.pe/wp-content/uploads/2020/11/BECAS.jpg, https://diariosinfronteras.com.pe/wp-content/uploads/2020/06/dxt-nav.png",187,,,Ofertan 5.000 becas para alumnos,https://diariosinfronteras.com.pe/2020/11/09/ofertan-5-000-becas-para-alumnos/
Desconocido,1458,General,"Inicio NACIONAL Fuego está a solo 300 metros de alcanzar centro poblado Llancay en Huaral Fuego está a solo 300 metros de alcanzar centro poblado Llancay en Huaral Por Diario Sin Fronteras - 16 septiembre, 2024 - En NACIONAL 696 Alcalde pidió apoyo inmediato a las autoridades. Armando Espinoza, alcalde de Sumbilca, en Huaral, señaló que el incendio forestal reportado el fin de semana cerca del centro poblado Llancay avanza amenazante y ya está a solo 300 metros de la zona urbana, lo que pone en peligro a los vecinos. La autoridad edil indicó también que la falta de iluminación en la zona no permite seguir con las intensas labores para tratar de controlar el avance de las llamas, espera que más moradores se unan para sofocar en siniestro, informa Correo.  Es muy difícil trabajar en estas condiciones. Sin luz no se puede avanzar, y el equipo de Defensa Civil está enfocado únicamente en mantener a la población alejada del peligro , sostuvo el burgomaestre en breve entrevista para La Razón. Reveló que no es la primera vez que ocurre un hecho de estas características, recientemente dos personas murieron al intentar extinguir las llamas de sus cultivos. Pidió apoyo del gobierno regional y nacional para enfrentar esta preocupante situación. Comentarios de Facebook También te puede interesar Puno: Intervienen al director de Energía y Minas por presunto uso indebido de camioneta en reunión privada El director regional de Energía y Minas, Edwin",2025-11-16T22:38:52.363631,2025-11-16T22:38:52.406465,2025-11-16T22:38:52.406467,Sin Fronteras,10608,"https://diariosinfronteras.com.pe/wp-content/uploads/2024/09/orig-1726523384998-660x330.jpg, https://diariosinfronteras.com.pe/wp-content/uploads/2020/06/dxt-nav.png",241,Fuego está a solo 300 metros de alcanzar centro poblado Llancay en Huaral,,Fuego está a solo 300 metros de alcanzar centro poblado Llancay en Huaral,https://diariosinfronteras.com.pe/2024/09/16/fuego-esta-a-solo-300-metros-de-alcanzar-centro-poblado-llancay-en-huaral/
Desconocido,1763,General,"Inicio TACNA Tacna: Cae inspector de tránsito con 21 kg de droga en auto Tacna: Cae inspector de tránsito con 21 kg de droga en auto Por Diario Sin Fronteras - 1 día atrás - En TACNA 253 Un inspector de tránsito de la Municipalidad Provincial de Tacna (MPT) y otro ciudadano peruano fueron detenidos en el control fronterizo chileno de Chacalluta a bordo de un auto donde se halló 21 kilogramos de clorhidrato de cocaína escondidos en el tanque de combustible, según la Policía de Investigaciones (PDI) de Chile. El vehículo era un taxi de placa peruana que tras burlar los controles nacionales ingresó al complejo del vecino país, donde fue detectado por canes antidrogas. Dentro del tanque de combustible se halló 20 paquetes de tipo ladrillo plastificados con 21.05 kilos de clorhidrato de cocaína, equivalentes a más de 42 mil dosis y valorizados en el mercado ilegal en Chile en 455 mil dólares. La droga quedó incautada, así como el vehículo, tres celulares y billetes en pesos y soles que portaban los dos detenidos. Un chaleco con la inscripción  Municipalidad Provincial de Tacna, Inspector Transportes  fue exhibido por la policía chilena junto con la carga ilegal de droga. El jefe de la Brigada Antinarcóticos de la PDI en Arica, José Vergara, dio a conocer este viernes que la detención ocurrió durante un operativo para acreditar la existencia de una estructura criminal que ingresaba droga a Chile a través de vehículos acondicionados y enfatizó que descubrieron que uno de los detenidos era inspector de tránsito de la municipalidad de Tacna. Comentarios de Facebook También te puede interesar Puno: Intervienen al director de Energía y Minas por presunto uso indebido de camioneta en reunión privada El director regional de Energía y Minas, Edwin",2025-11-16T22:38:52.363631,2025-11-16T22:38:52.403702,2025-11-16T22:38:52.403704,Sin Fronteras,10607,"https://diariosinfronteras.com.pe/wp-content/uploads/2025/11/abri-alterna-2-660x330.jpg, https://diariosinfronteras.com.pe/wp-content/uploads/2020/06/dxt-nav.png",293,,,Tacna: Cae inspector de tránsito con 21 kg de droga en auto,https://diariosinfronteras.com.pe/2025/11/15/tacna-cae-inspector-de-transito-con-21-kg-de-droga-en-auto/
Desconocido,1519,General,"Inicio AREQUIPA Reponen en el cargo a alcalde de Mariano Nicolás Valcárcel Reponen en el cargo a alcalde de Mariano Nicolás Valcárcel Por Diario Sin Fronteras - 30 marzo, 2025 - En AREQUIPA 697 Vuelve al cargo luego de conseguir una medida cautelar en el Poder Judicial. Camaná. El Jurado Nacional de Elecciones (JNE), mediante la resolución N.  0119-2025, restituyó al alcalde del distrito de Mariano Nicolás Valcárcel, Wilian Alvarado Sánchez, en el cargo. Esto luego de que el Poder Judicial le concediera una medida cautelar, el pasado 10 de marzo, por haber sido suspendido sin el debido derecho a defensa y otros. La autoridad edil fue alejada del cargo de manera temporal por el JNE, el año pasado, debido a sus dos sentencias por el delito de falsificación de documentos, y esto aplicaba hasta que no tenga una resolución favorable o negativa de las apelaciones de estas dos sentencias. El sábado, Alvarado Sánchez recibió el respaldo de un grupo de pobladores. La autoridad tendrá que investigar las denuncias de compras y pagos presuntamente irregulares que hizo la regidora Doris Valencia, quien asumió la alcaldía temporalmente y deberá retornar a su labor de fiscalización. Las credenciales de Valencia y la regidora convocada Nadia Soncco quedaron sin efecto. La autoridad edil atenderá desde mañana. Comentarios de Facebook También te puede interesar Puno: Intervienen al director de Energía y Minas por presunto uso indebido de camioneta en reunión privada El director regional de Energía y Minas, Edwin",2025-11-16T22:38:52.363631,2025-11-16T22:38:52.400358,2025-11-16T22:38:52.400361,Sin Fronteras,10606,"https://diariosinfronteras.com.pe/wp-content/uploads/2025/03/Alca-Se-660x330.jpg, https://diariosinfronteras.com.pe/wp-content/uploads/2020/06/dxt-nav.png",245,"Camaná. El Jurado Nacional de Elecciones (JNE), mediante la resolución N.  0119-2025, restituyó al alcalde del distrito de Mariano Nicolás Valcárcel, Wilian Alvarado Sánchez, en el cargo. Esto luego de que el Poder Judicial le concediera una medida cautelar, el pasado 10 de marzo, por haber sido suspendido sin el debido derecho a defensa y otros.",,Reponen en el cargo a alcalde de Mariano Nicolás Valcárcel,https://diariosinfronteras.com.pe/2025/03/30/reponen-en-el-cargo-a-alcalde-de-mariano-nicolas-valcarcel/
Desconocido,1474,General,"Inicio AREQUIPA Chofer que arrolló a ciclista estaba ebrio Chofer que arrolló a ciclista estaba ebrio Por Diario Sin Fronteras - 31 enero, 2022 - En AREQUIPA 1080 Será internado en el penal de Socabaya, mientras se realiza el proceso. Islay. Rolando Aruquipa Mamani conducía en estado de ebriedad cuando atropelló y mató a la joven ciclista Andrea López de Romaña en la vía Costanera, localidad de Mejía. Esto fue confirmado con la prueba cualitativa de alcoholemia que se le realizó al chofer de nacionalidad boliviana, tras el accidente suscitado el último martes 25 de enero. Esta fue una de las pruebas consideradas en la audiencia que llevó a cabo el Poder Judicial de Mollendo. Luego de más de 3 horas, la jueza a cargo del caso decidió dictar 6 meses de prisión preventiva contra el investigado, mientras se cumplan las diligencias. La joven de 22 años perdió la vida cuando, junto a un grupo de ciclistas, se trasladaba por la concurrida carretera. En esas circunstancias el chofer Aruquipa Mamani habría realizado una mala maniobra e invadido el carril de la deportista, causándole una muerte instantánea. Los familiares, amigos y la comunidad de ciclistas de Andrea piden que el responsable de su muerte reciba una larga condena por su accionar irresponsable. Comentarios de Facebook También te puede interesar Puno: Intervienen al director de Energía y Minas por presunto uso indebido de camioneta en reunión privada El director regional de Energía y Minas, Edwin",2025-11-16T22:38:52.363631,2025-11-16T22:38:52.396903,2025-11-16T22:38:52.396905,Sin Fronteras,10605,"https://diariosinfronteras.com.pe/wp-content/uploads/2022/01/9-A-13.jpg, https://diariosinfronteras.com.pe/wp-content/uploads/2020/06/dxt-nav.png",243,,,Chofer que arrolló a ciclista estaba ebrio,https://diariosinfronteras.com.pe/2022/01/31/chofer-que-arrollo-a-ciclista-estaba-ebrio/
Desconocido,1811,General,"Inicio AREQUIPA Los restos del niño de 6 años, víctima de parricidio, serán repatriados a Venezuela Los restos del niño de 6 años, víctima de parricidio, serán repatriados a Venezuela Por Diario Sin Fronteras - 19 diciembre, 2024 - En AREQUIPA 679 Los restos del niño de 6 años, víctima de parricidio, serán repatriados a Venezuela Imagen referencial Silvana de los Ángeles, presidente de la fundación Sembrando Sonrisas, contó que los restos del niño de seis años que falleció luego de ser agredido brutalmente, presuntamente, por su progenitor Jesús Silva Nelo serán repatriados a Venezuela. Para ello, llegó hasta Arequipa el tío del menor, quien radica en Lima. Según se dio a conocer, el cuerpo del menor, primero será velado y cremado para poder trasladar sus cenizas a Venezuela, donde radican los abuelos. Silvana de los Ángeles también señaló que el hermano del presunto parricida realizará los trámites para hacerse cargo del hermano de la víctima, de 4 años, quien fue llevado a un albergue luego que se diera a conocer la tragedia. No se descarta que, más adelante, el menor también vaya a vivir con sus abuelos. Investigación La Fiscalía presentó el requerimiento de prisión preventiva contra el extranjero por la muerte de su hijo, por 9 meses, por los presuntos delitos de parricidio y violación sexual. El juez del 7mo juzgado de Investigación Preparatoria del Módulo de Sanción Penal para Delitos Asociados a la Violencia contra la Mujer e Integrantes del Grupo Familiar de la Corte Superior de Justicia de Arequipa, Ramiro Lorotupa Cáceres, realizará hoy 19 de diciembre a las 14:00 horas la audiencia de prisión preventiva. Comentarios de Facebook También te puede interesar Cientos de jóvenes puneños rinden examen de preselección para Beca 18 Aspirantes de toda la región participaron en la",2025-11-16T22:38:52.363631,2025-11-16T22:38:52.396430,2025-11-16T22:38:52.396432,Sin Fronteras,10604,"https://diariosinfronteras.com.pe/wp-content/uploads/2024/12/morgue-referencial-660x330.jpg, https://diariosinfronteras.com.pe/wp-content/uploads/2020/06/dxt-nav.png",296,"Silvana de los Ángeles, presidente de la fundación Sembrando Sonrisas, contó que los restos del niño de seis años que falleció luego de ser agredido brutalmente, presuntamente, por su progenitor Jesús Silva Nelo serán repatriados a Venezuela.",,"Los restos del niño de 6 años, víctima de parricidio, serán repatriados a Venezuela",https://diariosinfronteras.com.pe/2024/12/19/los-restos-del-nino-de-6-anos-victima-de-parricidio-seran-repatriados-a-venezuela/
Desconocido,1868,General,"Inicio DiarioSF MTC justifica multa a Lima por Vía Expresa Sur MTC justifica multa a Lima por Vía Expresa Sur Por Diario Sin Fronteras - 10 agosto, 2025 - En DiarioSF 731 El Ministerio de Transportes y Comunicaciones (MTC) respondió a la Municipalidad Metropolitana de Lima (MML) y justificó el proceso sancionador contra el proyecto Vía Expresa Sur por la falta de certificación ambiental. La comuna acusó al MTC de  acoso político  tras conocer que la multa propuesta supera los 160 millones de soles. El MTC precisó que el 31 de octubre de 2024 advirtió a la municipalidad sobre la ausencia del certificado requerido. Pese a la advertencia, las obras continuaron. La entidad afirma que se trató de una intervención irregular. Por su parte, la MML rechazó la sanción. Argumentó que solicitó la aprobación del Reglamento de Adecuación Ambiental para proyectos en curso, pero no recibió respuesta. Invocó la Ordenanza N.º 2660, que declaró en emergencia y de interés metropolitano la ampliación de la vía. Según el municipio, recuperar espacios públicos no constituye un inicio de obras ni requiere certificación ambiental. Sostuvo que estas acciones son esperadas por la ciudadanía desde hace más de 50 años. Calificó la multa como  desmedida  y  carente de sentido . En otro pronunciamiento, la MML señaló que la ley no exige certificado ambiental para liberar espacios en vías metropolitanas. Cuestionó que el MTC sancione pese a la colaboración previa en obras como la ampliación del Metropolitano y otros tramos de la Vía Expresa Sur. El caso mantiene un cruce de acusaciones. El MTC defiende que se cumpla el marco legal. La MML afirma que se busca frenar un proyecto de impacto metropolitano. Comentarios de Facebook También te puede interesar Cientos de jóvenes puneños rinden examen de preselección para Beca 18 Aspirantes de toda la región participaron en la",2025-11-16T22:38:52.363631,2025-11-16T22:38:52.395720,2025-11-16T22:38:52.395723,Sin Fronteras,10603,"https://diariosinfronteras.com.pe/wp-content/uploads/2025/08/360436_1779096-1-1.jpg, https://diariosinfronteras.com.pe/wp-content/uploads/2020/06/dxt-nav.png",304,mtc-justifica-multa-municipalidad-lima-falta-certificado-ambiental,,MTC justifica multa a Lima por Vía Expresa Sur,https://diariosinfronteras.com.pe/2025/08/10/mtc-justifica-multa-municipalidad-lima-falta-certificado-ambiental/
Desconocido,2150,General,"Inicio PUNO Puno: Censo 2025 es utilizado para reafirmar invasión en Coasa Puno: Censo 2025 es utilizado para reafirmar invasión en Coasa Por Diario Sin Fronteras - 1 día atrás - En PUNO 321 El Censo Nacional, diseñado para recopilar información estadística, estaría siendo utilizado como herramienta para consolidar una presunta invasión territorial en la selva de Coasa. Así lo denunció la Comunidad Campesina de Huanacuri, cuyos dirigentes alertaron que grupos provenientes del distrito de Limbani (Sandia) se hicieron censar este 13 de noviembre en zonas que ocupan ilegalmente, con el objetivo de hacer creer a los empadronadores que son pobladores legítimos del área. Estos mineros ilegales habrían despojado a comuneros de Sahuana, Alto La Luna, Anexo Huayruruni y Anexo Machiri a través de acciones violentas que incluyen balazos y granadas lanzadas mediante drones. El presidente de Huanacuri señaló que los invasores buscan aprovechar la falta de delimitación oficial entre Coasa y Limbani para legitimarse a través del censo, pese a la existencia de documentos ancestrales que certificarían la posesión histórica. Las autoridades comunales también advierten que muchos de los invasores podrían no ser ni siquiera pobladores reales de Limbani. El conflicto se sustenta en que la Ley 956, que creó el distrito de Limbani en 1908, no establece límites precisos en la cartografía oficial del Instituto Geográfico Nacional. Esta imprecisión ha permitido que grupos expansionistas intenten justificar su presencia con maniobras como el empadronamiento irregular. MESA DE TRABAJO Ante la creciente tensión, el pasado 10 de noviembre se realizó una reunión en el GRP, con presencia de autoridades de Coasa, la PNP, la Defensoría, prefecta y representantes del GRP. Entre los acuerdos adoptados destacan: Descartar la delimitación por vía excepcional. Y Proceder únicamente por la vía regular, basándose en documentos ancestrales e históricos. Comentarios de Facebook También te puede interesar Puno: Intervienen al director de Energía y Minas por presunto uso indebido de camioneta en reunión privada El director regional de Energía y Minas, Edwin",2025-11-16T22:38:52.363631,2025-11-16T22:38:52.394089,2025-11-16T22:38:52.394092,Sin Fronteras,10602,"https://diariosinfronteras.com.pe/wp-content/uploads/2025/11/Censo-es-utilizado-pa-invasion-660x330.jpg, https://diariosinfronteras.com.pe/wp-content/uploads/2020/06/dxt-nav.png",326,,,Puno: Censo 2025 es utilizado para reafirmar invasión en Coasa,https://diariosinfronteras.com.pe/2025/11/15/puno-censo-2025-es-utilizado-para-reafirmar-invasion-en-coasa/
Desconocido,1454,General,"Inicio NACIONAL Senamhi emite alerta roja por huaicos en Lima y cinco regiones del país Senamhi emite alerta roja por huaicos en Lima y cinco regiones del país Por Diario Sin Fronteras - 7 febrero, 2025 - En NACIONAL 816 Senamhi emitió alerta roja. El Servicio Nacional de Meteorología e Hidrología del Perú (Senamhi) emitió una alerta roja en respuesta a la posibilidad de activación de quebradas, como consecuencia de las intensas lluvias que se prevén en Lima y en varias regiones de la sierra central y sur del país. El aviso meteorológico de corto plazo emitido por el Senamhi advierte que las precipitaciones se extenderán por 24 horas y ha señalado que Lima y 5 regiones están bajo alerta roja debido al alto riesgo de activación de quebradas. Estas regiones son Áncash, Ayacucho, Huancavelica, Junín y Pasco, con varias provincias afectadas en cada una de ellas. Este fenómeno climático podría afectar a 91.329 personas, así como impactar a 460 instituciones educativas y 102 centros de salud en las zonas más vulnerables. El informe también señala una alerta naranja debido a la activación de quebradas provocada por intensas lluvias en diversas regiones del país, incluyendo Cajamarca, Cusco, Huánuco, Ica, La Libertad, Loreto, San Martín. Comentarios de Facebook También te puede interesar Puno: Intervienen al director de Energía y Minas por presunto uso indebido de camioneta en reunión privada El director regional de Energía y Minas, Edwin",2025-11-16T22:38:52.363631,2025-11-16T22:38:52.392541,2025-11-16T22:38:52.392544,Sin Fronteras,10601,"https://diariosinfronteras.com.pe/wp-content/uploads/2025/02/gcvnfnwwcaaheym-660x330.png, https://diariosinfronteras.com.pe/wp-content/uploads/2020/06/dxt-nav.png",236,,,Senamhi emite alerta roja por huaicos en Lima y cinco regiones del país,https://diariosinfronteras.com.pe/2025/02/07/senamhi-emite-alerta-roja-por-huaicos-en-lima-y-cinco-regiones-del-pais/
Desconocido,1409,General,"Inicio PUNO Puno: Un detenido por presunto feminicidio Puno: Un detenido por presunto feminicidio Por Diario Sin Fronteras - 25 julio, 2025 - En PUNO 2237 Un caso de presunto feminicidio sacude Desaguadero. UN DETENIDO La Policía Nacional detuvo en flagrancia a Clever Quiñónez Calderón (34), acusado del delito de homicidio en agravio de su esposa Brenda Fidelia Vilcarana Capia, cuyo cuerpo fue hallado sin vida la mañana del jueves en su vivienda del jirón Independencia 241. HERMANA DENUNCIA La alerta fue dada por la hermana de la víctima, Brigida Vilcarana (28), quien informó del deceso. Al llegar al lugar, los agentes ingresaron, con autorización del padre del detenido y dueño del inmueble, encontraron el cadáver en una habitación del segundo piso, con signos de sangrado en nariz y boca, y signos cadavéricos. CONFESÓ PELEA Quiñónez, de forma espontánea, confesó que la noche anterior discutió con su esposa tras ingerir alcohol, llegando a agredirla físicamente. Alegó que al despertar ya no la encontró en su habitación, hallándola muerta en otro cuarto. El fiscal Eliot Albarran Burgos y la Policía de Juli asumieron el caso, disponiendo diligencias urgentes y el aislamiento de la escena. Comentarios de Facebook También te puede interesar Puno: Intervienen al director de Energía y Minas por presunto uso indebido de camioneta en reunión privada El director regional de Energía y Minas, Edwin",2025-11-16T22:38:52.363631,2025-11-16T22:38:52.390281,2025-11-16T22:38:52.390284,Sin Fronteras,10600,"https://diariosinfronteras.com.pe/wp-content/uploads/2025/07/hhhhhh-660x330.jpg, https://diariosinfronteras.com.pe/wp-content/uploads/2020/06/dxt-nav.png",225,,,Puno: Un detenido por presunto feminicidio,https://diariosinfronteras.com.pe/2025/07/25/puno-un-detenido-por-presunto-feminicidio/
Desconocido,1344,General,"Inicio PUNO Puno: Nevada azota el pueblo de Macusani Puno: Nevada azota el pueblo de Macusani Por Diario Sin Fronteras - 17 julio, 2025 - En PUNO 812 Tal como lo había anticipado el Servicio Nacional de Meteorología e Hidrología (SENAMHI), una intensa nevada cubrió la ciudad de Macusani en las primeras horas de la mañana, tiñendo de blanco las calles y techos de la localidad. El fenómeno meteorológico, que comenzó desde la madrugada, ha generado dificultades en la transitabilidad vehicular y reducción de la visibilidad. Ante esto, las autoridades recomiendan a los transportistas extremar precauciones, conducir a baja velocidad y mantener distancia entre vehículos para evitar accidentes. El Senamhi mantiene la alerta por nevadas en la zona, pronosticando que las precipitaciones continuarán durante el día. Se insta a la población a mantenerse informada a través de los canales oficiales y seguir las recomendaciones de las autoridades para garantizar su seguridad. Esta nevada, aunque esperada, ha llamado la atención por su intensidad, recordando las condiciones climáticas extremas que afectan a las zonas altoandinas del país. Comentarios de Facebook También te puede interesar Puno: Intervienen al director de Energía y Minas por presunto uso indebido de camioneta en reunión privada El director regional de Energía y Minas, Edwin",2025-11-16T22:38:52.363631,2025-11-16T22:38:52.388601,2025-11-16T22:38:52.388604,Sin Fronteras,10599,"https://diariosinfronteras.com.pe/wp-content/uploads/2025/07/IMG_20250717_101641_800_x_533_pixel-660x330.jpg, https://diariosinfronteras.com.pe/wp-content/uploads/2020/06/dxt-nav.png",207,,,Puno: Nevada azota el pueblo de Macusani,https://diariosinfronteras.com.pe/2025/07/17/puno-nevada-azota-el-pueblo-de-macusani/
Desconocido,2395,General,"Inicio POLICIALES Atrapan y pasean a ladrón Atrapan y pasean a ladrón Por Diario Sin Fronteras - 24 noviembre, 2021 - En POLICIALES 1729 Sujeto se salvó de morir linchado por los vecinos. Juliaca.  Pasean a ladrón! Un presunto delincuente que pertenecería a la banda delincuencial conocida como  Los Robacasas , ayer a las 4:30 p.m. fue capturado infraganti y paseado por los vecinos de la urbanización Néstor Cáceres Velásquez del tercer sector, de la localidad de Juliaca. El ladrón que se llamaría René Donato Luque Gonzales (36), fue rodeado por la turba quienes le quitaron su ropa, lo castigaron y maniataron para pasearlo desnudo hasta el óvalo de la salida a Puno. Luego le hicieron regresar por la vía Juliaca   Puno, hasta la vivienda de la agraviada ubicada en el pasaje San Antonio, donde quiso robar pertenencias junto a siete cómplices que lograron escapar, según la turba, en una camioneta blanca y otra camioneta cerrada de color negro marca Tucson.  ROBACASAS  Al parecer, el individuo junto a sus secuaces habrían estado  cateando  los movimientos de los habitantes de la casa y esperaron a que todos se fueran, pues minutos antes la dueña del domicilio salió para ir al colegio de su hijo. Es ahí que  Los robacasas  aprovechan para violentar la chapa de seguridad de la puerta calle e ingresan para llevarse objetos de valor. CAPTURA No obstante, un vecino notó los movimientos sospechosos dentro de la casa, por lo que rápidamente alertó a otros vecinos que salieron de sus casas para rodear a los delincuentes. Los ocho sujetos salieron despavoridos de la vivienda y subieron a su carros para escapar, pero René Donato no pudo subir a tiempo y fue abandonado por sus cómplices. VIOLENTO RESCATE La enardecida turba no quiso liberar al supuesto  robacasas  porque pedían que delate y diga los nombres de sus cómplices. Asimismo, la dueña junto a la Policía constaron si los rateros se llevaron algunas de sus pertenencias, indicando que afortunadamente no le robaron nada. El rescate no fue fácil, pues la Policía y Serenazgo tuvieron que calmar y convencer a los más de 100 pobladores para que no lo linchen. Finalmente, en medio de insultos y golpes fue salvado y conducido a la Comisaría Santa Bárbara. Comentarios de Facebook También te puede interesar Cientos de jóvenes puneños rinden examen de preselección para Beca 18 Aspirantes de toda la región participaron en la",2025-11-16T22:38:52.363631,2025-11-16T22:38:52.387651,2025-11-16T22:38:52.387655,Sin Fronteras,10598,"https://diariosinfronteras.com.pe/wp-content/uploads/2021/11/DETENIDO-1.jpg, https://diariosinfronteras.com.pe/wp-content/uploads/2020/06/dxt-nav.png",400,,,Atrapan y pasean a ladrón,https://diariosinfronteras.com.pe/2021/11/24/atrapan-y-pasean-a-ladron/
Desconocido,2279,General,"Inicio AREQUIPA Arequipa: Regidoras denuncian trabas para vacar a Víctor Rivera Arequipa: Regidoras denuncian trabas para vacar a Víctor Rivera Por Diario Sin Fronteras - 3 abril, 2025 - En AREQUIPA 734 Concejo Municipal deberá reunirse para votación por caso de mascota Flechita. En sesión extraordinaria del Concejo Municipal de Arequipa, el próximo jueves 10 de abril, desde las 08:30 horas, se debatirá la vacancia en contra del alcalde provincial, Víctor Hugo Rivera Chávez, tramitada ante el Jurado Nacional de Elecciones (JNE) por los ciudadanos Claudia Orihuela y Jorge Gallegos debido al caso de la mascota Flechita. Sin embargo, cuatro regidoras, en oficio dirigido al gerente municipal, Pablo Salinas, afirmaron que la Secretaría General de la comuna de Arequipa no procedió con la notificación domiciliaria, como ordenó el JNE, así como tampoco entregó la agenda de la sesión, ni ningún otro documento concerniente al expediente de solicitud de vacancia. Por lo tanto, solicitan a Salinas que disponga que la Secretaría General cumpla con sus funciones y no obstaculice su labor de análisis como regidoras, ya que deben votar a favor o en contra de la vacancia del alcalde. Las concejales Rucy Oscco, Rocío Mango, Mayra Sumari y Carmen Zamata enfatizan que el cumplimiento de las funciones de la secretaria es crucial para evitar nulidades que puedan ser observadas por el JNE. En caso de que la situación no se rectifique, las regidoras han solicitado que se remitan copias a la Secretaría Técnica para que se le inicie un proceso disciplinario por incumplimiento de funciones y al Ministerio Público para que se le investigue por el delito de omisión de funciones. Como se recuerda, el 13 de febrero de 2025, el JNE anuló el acuerdo que rechazaba la vacancia del alcalde, obligando al concejo a debatir nuevamente el caso. La decisión se tomó tras detectar irregularidades en el proceso, como la falta de justificación del voto de los regidores, lo que llevó a la regidora Mayra Sumari a considerar que dichas irregularidades pudieron haber sido intencionales. Comentarios de Facebook También te puede interesar Puno: Intervienen al director de Energía y Minas por presunto uso indebido de camioneta en reunión privada El director regional de Energía y Minas, Edwin",2025-11-16T22:38:52.363631,2025-11-16T22:38:52.377106,2025-11-16T22:38:52.377111,Sin Fronteras,10597,"https://diariosinfronteras.com.pe/wp-content/uploads/2025/04/Nueva-7A-660x330.jpg, https://diariosinfronteras.com.pe/wp-content/uploads/2020/06/dxt-nav.png",367,,,Arequipa: Regidoras denuncian trabas para vacar a Víctor Rivera,https://diariosinfronteras.com.pe/2025/04/03/arequipa-regidoras-denuncian-trabas-para-vacar-a-victor-rivera/
Desconocido,1770,General,"Inicio NACIONAL Ladrón es obligado a cargar refrigerador que intentó robar: víctima lo perdona y le ofrece trabajo Ladrón es obligado a cargar refrigerador que intentó robar: víctima lo perdona y le ofrece trabajo Por Diario Sin Fronteras - 30 enero, 2025 - En NACIONAL 807 Castigan a ladrón. Un hombre fue sorprendido en pleno intento de robo la tarde del pasado martes en el centro poblado de Miluchaca, en Huancayo. El sujeto ingresó a una vivienda con la intención de llevarse un refrigerador, pero fue capturado. Al percatarse del robo, los vecinos actuaron con rapidez, lo despojaron de su ropa, lo golpearon y lo obligaron a cargar el electrodoméstico por aproximadamente cinco cuadras antes de entregarlo a la Policía Nacional del Perú (PNP). El insólito castigo quedó registrado en video y se viralizó rápidamente en redes sociales, generando un intenso debate sobre la justicia popular. Algunos usuarios aplaudieron la acción de los pobladores, mientras que otros cuestionaron el uso de la violencia. Víctima le da segunda oportunidad Yino Turco, dueño de la vivienda asaltada, reveló que su hogar había sido víctima de robos en cuatro ocasiones anteriores, lo que lo llevó a vivir en constante zozobra. Sin embargo, decidió no presentar una denuncia formal contra el ladrón. Turco optó por darle una oportunidad al ladrón en lugar de enviarlo a prisión.  Le voy a generar un puesto de trabajo acá en la fundación para que nos pueda apoyar. Esto es parte del cambio que nosotros los seres humanos necesitamos, creer en la otra persona , dijo a América Tv. Comentarios de Facebook También te puede interesar Puno: Intervienen al director de Energía y Minas por presunto uso indebido de camioneta en reunión privada El director regional de Energía y Minas, Edwin",2025-11-16T22:38:52.363631,2025-11-16T22:38:52.370619,2025-11-16T22:38:52.370629,Sin Fronteras,10596,"https://diariosinfronteras.com.pe/wp-content/uploads/2025/01/WhatsApp-Image-2025-01-30-at-3.15.16-PM-660x330.jpeg, https://diariosinfronteras.com.pe/wp-content/uploads/2020/06/dxt-nav.png",292,,,Ladrón es obligado a cargar refrigerador que intentó robar: víctima lo perdona y le ofrece trabajo,https://diariosinfronteras.com.pe/2025/01/30/ladron-es-obligado-a-cargar-refrigerador-que-intento-robar-victima-lo-perdona-y-le-ofrece-trabajo/
