autor,caracteres_contenido,categoria,contenido,created_at,fecha,fecha_extraccion,fuente,id,imagenes,palabras_contenido,resumen,tags,titulo,url
Desconocido,1822,General,"Inicio PUNO Puno: Frustran intento de ingreso de droga al penal: Mujer escondía sustancias ilícitas en chuño blanco Puno: Frustran intento de ingreso de droga al penal: Mujer escondía sustancias ilícitas en chuño blanco Por Redacción Diario Sin Fronteras - 3 marzo, 2025 - En PUNO 1315 Frustran intento de ingreso de droga al penal de Puno: mujer escondía sustancias ilícitas en chuño blanco Una mujer fue detenida por la Policía tras descubrir que pretendía ingresar droga oculta dentro de tunta al penal de Yanamayo. NERVIOS LA DELATARON Al promediar las 5:00 p.m., personal policial del establecimiento penitenciario de Puno (ex Yanamayo), intervino a la mujer identificada como Noemí Flora Calcina Soncco (45), quien pretendía ingresar como visita para el interno Aureliano Álvarez Ticona (procesado por el delito de homicidio culposo). Los agentes notaron el nerviosismo de la mujer ya que llevaba una bolsa de plástico conteniendo tunta, tras ser llevada al área de prevención para realizar un registro de sus pertenencias, se buscó en la bolsa que contenía 32 unidades de tunta. DROGA CAMUFLADA Al partir las tuntas, hallaron que 5 unidades tenían en su interior una bolsa plástica conteniendo al parecer pasta básica de cocaína (PBC), 3 bolones de tunta contenían una bolsita igual con clorhidrato de cocaína y otras 12 tuntas contenían las mismas bolsitas pero con marihuana. Tras ello la mujer fue detenida y se comunicó del hallazgo a la fiscal Kelly Aguilar Huanca para las diligencias y las pruebas de campo que dieron positivo. Las autoridades investigan a la mujer y sus probables cómplices. Comentarios de Facebook También te puede interesar La  cárcel dorada  de Betssy Chávez: así vive sus días la expremier en lujosa residencia diplomática en San Isidro La residencia diplomática mexicana, ubicada en el",2025-11-17T08:37:51.679389,2025-11-17T08:37:52.247424,2025-11-17T08:37:52.247431,Sin Fronteras,11092,"https://diariosinfronteras.com.pe/wp-content/uploads/2025/03/WhatsApp-Image-2025-03-03-at-07.29.50-1-660x330.jpeg, https://diariosinfronteras.com.pe/wp-content/uploads/2020/06/dxt-nav.png",292,"Una mujer identificada como Flora Calcina Soncco (45) fue detenida al intentar ingresar droga al penal de Puno, camuflándola en chuño blanco. La intervención ocurrió durante un control de rutina a visitantes del centro penitenciario.",,Puno: Frustran intento de ingreso de droga al penal: Mujer escondía sustancias ilícitas en chuño blanco,https://diariosinfronteras.com.pe/2025/03/03/puno-frustran-intento-de-ingreso-de-droga-al-penal-mujer-escondia-sustancias-ilicitas-en-chuno-blanco/
Desconocido,1544,General,"Inicio PUNO Puno: Abandonan a varón luego de ser quemado Puno: Abandonan a varón luego de ser quemado Por Redacción Diario Sin Fronteras - 25 diciembre, 2024 - En PUNO 727 Abandonan a varón luego de una tortura Un alarmante incidente ocurrió en la mañana de ayer frente a la escuela Perú Birf, ubicada en la ciudad de Ilave. Personal de Seguridad Ciudadana, al realizar su recorrido habitual, encontró a una persona amarrada de manos y con los ojos vendados en un espacio cercano a la institución educativa. Tras ser rescatada, se percataron de que la víctima presentaba claros signos de maltrato, incluyendo quemaduras visibles en su cuerpo, principalmente en el brazo derecho, lo que revela un ensañamiento contra la persona. Tras el hallazgo, se dio aviso inmediato a las autoridades correspondientes. Efectivos de la Policía Nacional se trasladaron al lugar para tomar el control de la situación y dar inicio a las investigaciones. Posteriormente, la víctima fue trasladada hasta el hospital de Ilave, donde los galenos constataron quemaduras en el brazo, espalda, rostro y otras partes del cuerpo. En primera instancia, la víctima, quien fue estabilizada, no habría querido brindar detalles de lo sucedido por un presunto temor a represalias de sus agresores. La Policía no descarta que se trataría de un ajuste de cuentas. Comentarios de Facebook También te puede interesar La  cárcel dorada  de Betssy Chávez: así vive sus días la expremier en lujosa residencia diplomática en San Isidro La residencia diplomática mexicana, ubicada en el",2025-11-17T08:37:51.679389,2025-11-17T08:37:52.240309,2025-11-17T08:37:52.240314,Sin Fronteras,11091,"https://diariosinfronteras.com.pe/wp-content/uploads/2024/12/WhatsApp-Image-2024-12-25-at-09.27.27-400x330.jpeg, https://diariosinfronteras.com.pe/wp-content/uploads/2020/06/dxt-nav.png",249,Abandonan a varón luego de ser quemado,,Puno: Abandonan a varón luego de ser quemado,https://diariosinfronteras.com.pe/2024/12/25/puno-abandonan-a-varon-luego-de-ser-quemado/
Desconocido,1957,General,"Inicio AREQUIPA Exigen clases presenciales en el Colegio Arequipa, porque enseñanza virtual afecta a estudiantes Exigen clases presenciales en el Colegio Arequipa, porque enseñanza virtual afecta a estudiantes Por Diario Sin Fronteras - 22 noviembre, 2024 - En AREQUIPA 673 Exigen clases presenciales en el Colegio Arequipa, porque enseñanza virtual afecta a estudiantes Los padres de familia de la institución educativa Arequipa (Cercado) exigieron a los funcionarios de la Gerencia Regional de Educación (GREA) que sus menores hijas retornen a las aulas y realicen sus labores escolares de manera presencial. Dicho reclamo se dio debido a que varias alumnas tendrían problemas de conexión o no contarían con los equipos tecnológicos que se requieren para realizar las clases a través de la virtualidad. Y es que, desde hace un mes, la GREA dispuso esta modalidad de enseñanza de manera excepcional en el referido colegio, debido a que se iniciarían los trabajos de reconstrucción de su infraestructura educativa a fines de este año. Asimismo, los progenitores señalaron que no se cumplió el compromiso de parte de las autoridades del Gobierno Regional de Arequipa (GRA), de dotar de las herramientas tecnológicas a las estudiantes de escasos recursos económicos para realizar las clases virtuales. Además, señalaron que no todos los profesores se estarían conectando para el dictado de clases a través de las plataformas digitales, debido a que fueron designados a otras labores dentro de la institución educativa, ante el inicio de las obras.  Hay una comisión para el inventario, en la que están incluidos los docentes. Ahora, quién se va encargar de las clases virtuales , refirió la presidenta de la Asociación de Padres de Familia (Apafa) de la I.E. Arequipa, Lucero Vilca Condori. Comentarios de Facebook También te puede interesar Cientos de jóvenes puneños rinden examen de preselección para Beca 18 Aspirantes de toda la región participaron en la",2025-11-17T08:37:51.679389,2025-11-17T08:37:52.238203,2025-11-17T08:37:52.238213,Sin Fronteras,11090,"https://diariosinfronteras.com.pe/wp-content/uploads/2024/11/A-45-660x330.jpeg, https://diariosinfronteras.com.pe/wp-content/uploads/2020/06/dxt-nav.png",307,Los padres de familia de la institución educativa Arequipa (Cercado) exigieron a los funcionarios de la Gerencia Regional de Educación (GREA) que sus menores hijas retornen a las aulas y realicen sus labores escolares de manera presencial.,,"Exigen clases presenciales en el Colegio Arequipa, porque enseñanza virtual afecta a estudiantes",https://diariosinfronteras.com.pe/2024/11/22/exigen-clases-presenciales-en-el-colegio-arequipa-porque-ensenanza-virtual-afecta-a-estudiantes/
Desconocido,3155,General,"Inicio NACIONAL La  cárcel dorada  de Betssy Chávez: así vive sus días la expremier en lujosa residencia diplomática en San Isidro La  cárcel dorada  de Betssy Chávez: así vive sus días la expremier en lujosa residencia diplomática en San Isidro Por Redacción Diario Sin Fronteras - 6 mins atrás - En NACIONAL 11 La residencia diplomática mexicana, ubicada en el exclusivo distrito limeño de San Isidro, se ha convertido en el centro de atención tras el ingreso de la expremier Betssy Chávez, quien solicitó asilo político en medio de un proceso judicial por su presunta participación como coautora en el golpe de Estado del 7 de diciembre de 2022. La expremier reside desde hace casi dos semanas en una vivienda de 752 metros cuadrados, recibiendo un trato privilegiado por parte del gobierno de Claudia Sheinbaum, declarada persona non grata por el Congreso peruano. De acuerdo con los registros, la propiedad pertenece a Williams Kouri Bumachar, hermano del sentenciado exalcalde del Callao Álex Kouri, y Patricia Zacarías Gery, afiliada en los partidos Trabajando Juntos por San Isidro y Cambio Radical. Así es la  cárcel dorada  de Betssy Chávez La residencia, que anteriormente sirvió de hogar al embajador mexicano Pablo Monroy Conesa, presenta una infraestructura amplia y dotada de comodidades. La edificación incluye un sótano y garaje en la planta baja, así como varias áreas destinadas al descanso y recreación. El primer piso alberga una sala, un dormitorio con doble clóset, baño completo con acceso al jardín, medio baño, cocina, lavandería, escritorio, un hall de recibo y una terraza con puertas corredizas. El segundo nivel está reservado para un dormitorio principal con terraza privada y cuarto de vestir, un dormitorio adicional, dos cuartos de servicio, cuarto de costura, baños completos y un patio de tendido. Según el medio citado, la construcción de la propiedad demandó una inversión de 825.000 soles peruanos, reflejando el alto valor y nivel de confort del entorno. Debido al retorno de Karla Ornelas, la encargada de la sede diplomática en Perú, la expremier solo tiene contacto con dos trabajadoras: una cocinera y una empleada de limpieza, quienes asumen las labores domésticas y gestionan las compras semanales en un vehículo diplomático. El inmueble es vigilado por hasta cinco agentes de la Policía Nacional del Perú, y todos los gastos derivados de su estadía son asumidos por el gobierno mexicano hasta que se resuelva su situación. Raúl Noblecilla, quien ejercía su defensa, declaró que  nadie ha podido ir a visitar a Betssy Chávez; son las condiciones que ha puesto el mismo Estado asilante. Imagino que por temas de seguridad . El investigado por falsedad genérica e ideológica, dada la presentación de un dudoso certificado médico, manifestó preocupación porque la expremier de Pedro Castillo no cuenta con los suplementos médicos necesarios y enfrenta dificultades para comunicarse incluso con familiares. Comentarios de Facebook También te puede interesar Reciclaje en partido de Keiko Fujimori: El 40  de candidatos al Senado por Fuerza Popular son de la vieja guardia En la lista la acompañarán Luis Galarreta",2025-11-17T08:37:51.679389,2025-11-17T08:37:52.236551,2025-11-17T08:37:52.236556,Sin Fronteras,11089,"https://diariosinfronteras.com.pe/wp-content/uploads/2025/11/YT2R3UHD7JFZRMEQGESOF65JLI-660x330.jpg, https://diariosinfronteras.com.pe/wp-content/uploads/2020/06/dxt-nav.png",502,La  cárcel dorada  de Betssy Chávez: así vive sus días la expremier en lujosa residencia diplomática en San Isidro,,La  cárcel dorada  de Betssy Chávez: así vive sus días la expremier en lujosa residencia diplomática en San Isidro,https://diariosinfronteras.com.pe/2025/11/16/la-carcel-dorada-de-betssy-chavez-asi-vive-sus-dias-la-expremier-en-lujosa-residencia-diplomatica-en-san-isidro/
Desconocido,1966,General,"Inicio PUNO Puno: Choca con poste y deja sin luz a vecinos Puno: Choca con poste y deja sin luz a vecinos Por Redacción Diario Sin Fronteras - 25 diciembre, 2024 - En PUNO 897 Choca con poste y deja sin luz a vecinos La noche del lunes un accidente de tránsito ocurrió en la zona sur de la ciudad que dejó serios daños materiales y además un corte del servicio de energía eléctrica en gran parte del barrio Santa Rosa. APARATOSO CHOQUE El hecho ocurrió al promediar las 8:00 p.m. en la esquina de la avenida 4 de Noviembre y el jirón Francisco Paredes en el barrio Santa Rosa, el auto de color dorado, de marca Hyundai, modelo I10 con placa de rodaje V2P-658, chocó a gran velocidad contra un poste de energía eléctrica ocasionando que la estructura quede a punto de caer, sostenida solo por cables eléctricos. Según algunos testigos habrían visto a una mujer al volante en presunto estado de ebriedad, Fue tal la fuerza del impacto que el poste quedó colgado peligrosamente ocasionando un corte del servicio de energía eléctrica en toda la zona, en otras calles aledañas se produjo una fluctuación en la electricidad que duró varias horas. INVESTIGAN Al lugar acudieron personal de salud del SAMU y luego la Policía para hacerse cargo de las investigaciones.  Dijeron que una mujer conducía y estamos identificando al conductor, la prioridad es evacuar a algún herido , señaló uno de los agentes.  Oímos un gran estruendo, salimos a ver qué pasaba y se cortó la luz en la calle, pensamos que había explotado algún tranformador pero luego vimos el auto estrellado con el poste , indicó una de las vecinas. La Policía investiga las circunstancias del hecho y hasta el cierre de la edición no confirmaron la identidad del chofer causante del accidente. Comentarios de Facebook También te puede interesar La  cárcel dorada  de Betssy Chávez: así vive sus días la expremier en lujosa residencia diplomática en San Isidro La residencia diplomática mexicana, ubicada en el",2025-11-17T08:37:51.679389,2025-11-17T08:37:52.232946,2025-11-17T08:37:52.233003,Sin Fronteras,11088,"https://diariosinfronteras.com.pe/wp-content/uploads/2024/12/abridoraaaaaaaaaa-6-660x330.jpeg, https://diariosinfronteras.com.pe/wp-content/uploads/2020/06/dxt-nav.png",339,La noche del lunes un accidente de tránsito ocurrió en la zona sur de la ciudad que dejó serios daños materiales y además un corte del servicio de energía eléctrica en gran parte del barrio Santa Rosa.,,Puno: Choca con poste y deja sin luz a vecinos,https://diariosinfronteras.com.pe/2024/12/25/puno-choca-con-poste-y-deja-sin-luz-a-vecinos/
Desconocido,2338,General,"Inicio NACIONAL Hermano de Martín Vizcarra apunta postular al Congreso Hermano de Martín Vizcarra apunta postular al Congreso Por Redacción Diario Sin Fronteras - 15 agosto, 2025 - En NACIONAL 511 Mario Vizcarra, hermano mayor del expresidente Martín Vizcarra, confirmó a Perú21 que  no descarta  postular al Congreso en las elecciones generales de 2026, ya sea a la Cámara de Diputados o al Senado, por el partido Perú Primero, fundado por el exmandatario. En febrero, un informe de este diario indicó que su eventual postulación formaría parte del  Plan B  de la agrupación para disputar la Presidencia. Sin embargo, Mario Vizcarra rechazó esa versión y aseguró que el candidato será su hermano, algo que en la práctica resulta poco probable.  El hecho que Martín no puea postular es una opinión que rechazo porque, si bien es cierto, ahora ha sido privada su libertad, nosotros confiamos de que en breve plazo la justicia se va a imponer y Martín saldrá en libertad. Hay plazo suficiente para que Martín pueda postular liderando nuestro gran partido Perú Primero , declaró. Martín Vizcarra cumple una orden de prisión preventiva de cinco meses por los casos Lomas de Ilo y Hospital de Moquegua, en los que la Fiscalía lo acusa de recibir sobornos por S  2,3 millones. A pesar de estar inhabilitado por diez años para ejercer cargos públicos y de haber perdido su militancia en Perú Primero por decisión del Jurado Nacional de Elecciones (JNE) en abril pasado, Mario sostiene que existen vías legales para su retorno. Según el mayor de los Vizcarra, es un tema que en este momento quedaría en manos de la Corte Interamericana y un amparo. No descarta lanzarse al Congreso Sobre su propia postulación, no fue tajante:   No descarta postular al Congreso?  le preguntamos.  De ninguna manera , respondió.   Podría ser a la Cámara de Diputados o Senadores?  insistimos.  La democracia se va a imponer y vamos a ir con los mejores cuadros que tenemos , señaló, dejando claro que la decisión será del partido. Consultado sobre si otro familiar del expresidente podría tentar un escaño, señaló:  Bueno, no se sabe  no se sabe . Comentarios de Facebook También te puede interesar La  cárcel dorada  de Betssy Chávez: así vive sus días la expremier en lujosa residencia diplomática en San Isidro La residencia diplomática mexicana, ubicada en el",2025-11-17T08:37:51.679389,2025-11-17T08:37:52.224028,2025-11-17T08:37:52.224034,Sin Fronteras,11087,"https://diariosinfronteras.com.pe/wp-content/uploads/2025/08/candidato-mario-vizcarra-cornejo--660x330.jpg, https://diariosinfronteras.com.pe/wp-content/uploads/2020/06/dxt-nav.png",389,Hermano de Martín Vizcarra apunta postular al Congreso,,Hermano de Martín Vizcarra apunta postular al Congreso,https://diariosinfronteras.com.pe/2025/08/15/hermano-de-martin-vizcarra-apunta-postular-al-congreso/
Desconocido,2059,General,"Inicio AREQUIPA Multas de más de S  2.600 a comerciantes por adulterar balanzas Multas de más de S  2.600 a comerciantes por adulterar balanzas Por Diario Sin Fronteras - 27 abril, 2025 - En AREQUIPA 631 Operativos en el Avelino Cáceres. La Municipalidad Distrital de José Luis Bustamante y Rivero advirtió a los negociantes de los diversos mercados de la plataforma comercial Andrés Avelino Cáceres que impondrá multas superiores a 2.600 soles a quienes alteren balanzas para perjudicar en el peso a los compradores. Durante los últimos operativos realizados por la Gerencia de Fiscalización y Sanciones de la comuna distrital, se decomisaron más de 30 balanzas adulteradas en distintos centros de abastos. Según el personal municipal, se detectaron irregularidades principalmente en las secciones de carnes y frutas, donde algunos comerciantes manipulaban el peso real de los productos, generando un perjuicio económico para cientos de usuarios. Las inspecciones revelaron que el margen de error en las balanzas intervenidas oscilaba entre 200 y 300 gramos por cada kilogramo, afectando directamente el bolsillo de las familias arequipeñas. Frente a estos hallazgos, las autoridades advirtieron que, en caso de reincidencia, además del decomiso de las balanzas, se aplicarán sanciones equivalentes al 50  de la Unidad Impositiva Tributaria (UIT). Al respecto, el alcalde Fredy Zegarra Black hizo un llamado a los comerciantes de la plataforma Avelino Cáceres para que respeten las normativas municipales y utilicen balanzas debidamente certificadas. En tanto, a la población le recomendó verificar el peso de sus productos en las balanzas municipales que están disponibles en diferentes mercados de la plataforma; de encontrar adulterado el gramaje de sus productos, pidió denunciar los hechos para que el municipio realice las intervenciones del caso. Comentarios de Facebook También te puede interesar Puno: Intervienen al director de Energía y Minas por presunto uso indebido de camioneta en reunión privada El director regional de Energía y Minas, Edwin",2025-11-17T08:37:51.679389,2025-11-17T08:37:52.221832,2025-11-17T08:37:52.221839,Sin Fronteras,11086,"https://diariosinfronteras.com.pe/wp-content/uploads/2025/04/ef900fd7-b8f9-4dfe-8231-6e8b64f21d22-660x330.jpeg, https://diariosinfronteras.com.pe/wp-content/uploads/2020/06/dxt-nav.png",312,La Municipalidad Distrital de José Luis Bustamante y Rivero advirtió a los negociantes de los diversos mercados de la plataforma comercial Andrés Avelino Cáceres que impondrá multas superiores a 2.600 soles a quienes alteren balanzas para perjudicar en el peso a los compradores.,,Multas de más de S  2.600 a comerciantes por adulterar balanzas,https://diariosinfronteras.com.pe/2025/04/27/multas-de-mas-de-s-2-600-a-comerciantes-por-adulterar-balanzas/
Desconocido,914,General,"Inicio MOQUEGUA Moquegua: Combi de ruta 31 choca violentamente contra poste Moquegua: Combi de ruta 31 choca violentamente contra poste Por Redacción Diario Sin Fronteras - 21 octubre, 2024 - En MOQUEGUA 781 combi de ruta 31 choca violentamente contra poste en moquegua Un aparatoso accidente de tránsito ocurrió en la intersección de las calles Tacna y Siglo, en la ciudad de Moquegua, cuando una combi de la ruta 31 colisionó con fuerza contra un poste de alumbrado público. El impacto dejó serios daños tanto en el vehículo como en la estructura del poste. Afortunadamente, no se reportaron víctimas fatales a pesar de la magnitud del choque. Las autoridades investigan las causas del accidente. Comentarios de Facebook También te puede interesar La  cárcel dorada  de Betssy Chávez: así vive sus días la expremier en lujosa residencia diplomática en San Isidro La residencia diplomática mexicana, ubicada en el",2025-11-17T08:37:51.679389,2025-11-17T08:37:52.216022,2025-11-17T08:37:52.216026,Sin Fronteras,11085,"https://diariosinfronteras.com.pe/wp-content/uploads/2024/10/464107371_1076130737851463_4106055173865035352_n-639x330.jpg, https://diariosinfronteras.com.pe/wp-content/uploads/2020/06/dxt-nav.png",147,"Un aparatoso accidente de tránsito ocurrió en la intersección de las calles Tacna y Siglo, en la ciudad de Moquegua, cuando una combi de la ruta 31 colisionó con fuerza contra un poste de alumbrado público.",,Moquegua: Combi de ruta 31 choca violentamente contra poste,https://diariosinfronteras.com.pe/2024/10/21/moquegua-combi-de-ruta-31-choca-violentamente-contra-poste/
Desconocido,2241,General,"Inicio NACIONAL Desde mañana cobran adicional Desde mañana cobran adicional Por Diario Sin Fronteras - 14 agosto, 2022 - En NACIONAL 927 Más de 1 millón de afiliados a Juntos, Pensión 65 y Contigo recibirán pago doble. El Ministerio de Desarrollo e Inclusión Social (Midis) inicia, desde este 15 de agosto, el pago de la subvención adicional extraordinaria para usuarias y usuarios de los programas sociales Juntos, Pensión 65 y Contigo, que suman más de un millón de personas, con lo cual se da cumplimiento a la Ley N  31538 que financia dicha subvención para que puedan superar los efectos del incremento de precios en la canasta básica de alimentos. De esta forma, los 643.157 hogares en situación de vulnerabilidad del programa Juntos, las 577.043 personas adultas mayores en situación de pobreza del programa Pensión 65, y las 77.063 personas en situación de discapacidad del programa Contigo, recibirán este apoyo económico dispuesto por el Gobierno. Los hogares del programa Juntos recibirán S 200, los adultos mayores del programa Pensión 65 contarán con S 250, y las personas con discapacidad del programa Contigo recibirán S 300; para el pago, el Midis cuenta con el financiamiento de S 301 millones 922.476. A través del aplicativo Mi Juntos, los hogares del programa Juntos pueden conocer la fecha de abono y el lugar de cobro; los usuarios del programa Contigo pueden verificarlo en www.contigo.gob.pe y cobrarlo en cualquier agencia del Banco de la Nación, cajero automático o agente autorizado Multired. De igual forma, mediante el aplicativo móvil Yachaq, los adultos mayores de Pensión 65 pueden saber si cobrarán la subvención adicional extraordinaria junto al abono de julio-agosto. El Midis recordó que esta es la segunda subvención extraordinaria que recibirán los usuarios de los tres programas sociales, dado que la primera se efectuó a fines de abril, junto al pago de las subvenciones de estos programas correspondientes al bimestre marzo-abril, con el mismo objetivo: afrontar el alza de precios de alimentos. Comentarios de Facebook También te puede interesar Puno: Intervienen al director de Energía y Minas por presunto uso indebido de camioneta en reunión privada El director regional de Energía y Minas, Edwin",2025-11-17T08:37:51.679389,2025-11-17T08:37:52.214385,2025-11-17T08:37:52.214390,Sin Fronteras,11084,"https://diariosinfronteras.com.pe/wp-content/uploads/2022/08/MIDIS-1.jpg, https://diariosinfronteras.com.pe/wp-content/uploads/2020/06/dxt-nav.png",358,,,Desde mañana cobran adicional,https://diariosinfronteras.com.pe/2022/08/14/desde-manana-cobran-adicional/
Desconocido,2153,General,"Inicio AREQUIPA Arequipa: Alcalde pide arm4s de fuego ante inseguridad Arequipa: Alcalde pide arm4s de fuego ante inseguridad Por Diario Sin Fronteras - 21 febrero, 2025 - En AREQUIPA 431 Burgomaestre señaló que serenos deben protegerse para frenar delincuencia. Tras la balacera ocurrida en la puerta del cementerio La Apacheta, que dejó un saldo de un muerto y un herido de bala, el alcalde de José Luis Bustamante y Rivero, Freddy Zegarra, declaró que es necesario que los agentes de serenazgo puedan portar armas de fuego para enfrentar la creciente inseguridad. Según el burgomaestre, cuando ocurren este tipo de casos, los serenos no pueden hacer nada, ya que los delincuentes portan armas letales. Asimismo, insistió en su propuesta de prohibir que dos personas viajen en una moto, ya que esta es la modalidad utilizada por sicarios y ladrones para cometer delitos. También, Zegarra afirmó que la construcción de nuevos penales a nivel nacional podría ayudar a reducir la inseguridad, pues todos los delincuentes que se captura, si corresponde tras el debido proceso, serían internados en estos penales para que cumplan sus penas. Además, precisó que esta iniciativa debe estar acompañada de normas condenatorias más estrictas en contra de violadores, asesinos, delincuentes y organizaciones criminales. Finalmente, Zegarra también aseguró que se debería imitar la iniciativa del presidente de EE. UU., Donald Trump, y deportar a los indocumentados e ilegales del territorio nacional.  Se debe deportar a todos los delincuentes extranjeros que han ingresado de forma ilegal. Debemos aplicar la norma y ser más enérgicos porque necesitamos mejorar la seguridad a favor de la ciudadanía . ACCIÓN INMEDIATA Sobre las acciones que se ejecutarán de inmediato en Bustamante y Rivero tras el asesinato ocurrido la noche del miércoles, Zegarra anunció que continuarán trabajando en operativos preventivos diarios en conjunto con la policía nacional. Comentarios de Facebook También te puede interesar Puno: Intervienen al director de Energía y Minas por presunto uso indebido de camioneta en reunión privada El director regional de Energía y Minas, Edwin",2025-11-17T08:37:51.679389,2025-11-17T08:37:52.213853,2025-11-17T08:37:52.213861,Sin Fronteras,11083,"https://diariosinfronteras.com.pe/wp-content/uploads/2025/02/a-41-660x330.jpeg, https://diariosinfronteras.com.pe/wp-content/uploads/2020/06/dxt-nav.png",333,,,Arequipa: Alcalde pide arm4s de fuego ante inseguridad,https://diariosinfronteras.com.pe/2025/02/21/arequipa-alcalde-pide-arm4s-de-fuego-ante-inseguridad/
Desconocido,2061,General,"Inicio NACIONAL El año 2025 habrá nuevo incremento salarial para docentes El año 2025 habrá nuevo incremento salarial para docentes Por Diario Sin Fronteras - 29 septiembre, 2024 - En NACIONAL 561 Incremento para profesores será en dos tramos. Más de 400.000 docentes de instituciones educativas públicas a nivel nacional recibieron un aumento de 500 soles en su salario mensual en el 2023. Para el próximo año, se prevé un nuevo incremento salarial, con el objetivo de mejorar las condiciones económicas del magisterio, informó Eloy Cantoral, director general de Desarrollo Docente del Ministerio de Educación (Minedu). Tanto los docentes contratados como los nombrados recibirán esta importante actualización salarial como parte de los esfuerzos que realiza el Gobierno para mejorar la situación de los maestros y fortalecer al sector educativo. En esa línea, Cantoral señaló que los aumentos de sueldo otorgados a los docentes desde el 2019 suman más de 1.000 soles, de los cuales 500 soles corresponden a la gestión actual.  En 2023, aproximadamente 423.000 profesores nombrados y contratados a nivel nacional recibieron un incremento de 500 soles en su remuneración mensual, pasando de 2.600 a 3.100 soles mensuales el piso salarial de la primera escala (jornada de 30 horas) , comentó. De acuerdo con el director general de Desarrollo Docente del Minedu, para el año 2025 los profesores tendrán un incremento de 200 soles mensuales. Esto elevaría el actual salario a 3.300 soles para los docentes contratados y nombrados en la primera escala magisterial, y a 6.711 soles en la octava escala.  Esta medida se ha incorporado en el Proyecto de Ley del Presupuesto Público del año 2025 y representa una inversión anual de 800 millones de soles para incrementar la remuneración de nuestros docentes en el piso salarial a nivel nacional , precisó Cantoral. Comentarios de Facebook También te puede interesar Puno: Intervienen al director de Energía y Minas por presunto uso indebido de camioneta en reunión privada El director regional de Energía y Minas, Edwin",2025-11-17T08:37:51.679389,2025-11-17T08:37:52.198590,2025-11-17T08:37:52.198600,Sin Fronteras,11082,"https://diariosinfronteras.com.pe/wp-content/uploads/2024/09/000432555W-660x330.jpg, https://diariosinfronteras.com.pe/wp-content/uploads/2020/06/dxt-nav.png",328,"Más de 400.000 docentes de instituciones educativas públicas a nivel nacional recibieron un aumento de 500 soles en su salario mensual en el 2023. Para el próximo año, se prevé un nuevo incremento salarial, con el objetivo de mejorar las condiciones económicas del magisterio, informó Eloy Cantoral, director general de Desarrollo Docente del Ministerio de Educación (Minedu).",,El año 2025 habrá nuevo incremento salarial para docentes,https://diariosinfronteras.com.pe/2024/09/29/el-ano-2025-habra-nuevo-incremento-salarial-para-docentes/
Desconocido,1349,General,"Inicio NACIONAL Retiro de AFP 2024: Conoce tu saldo acumulado en el fondo de pensiones Retiro de AFP 2024: Conoce tu saldo acumulado en el fondo de pensiones Por Diario Sin Fronteras - 18 abril, 2024 - En NACIONAL 2887 Afiliados podrán retirar dinero en cuatro armadas. El Retiro de la AFP ya es una realidad para los peruanos, pues desde el Ejecutivo se aprobó el séptimo retiro de los fondos de pensiones de hasta 4 UIT, que es un equivalente a S 20.600. Solo es cuestión que la Superintendencia de Banca, Seguros y AFP (SBS) publique cuál es el procedimiento para proceder con el desembolso de los fondos. Mientras tanto, AQUÍ te contamos cómo puedes revisar cuál es paso a paso para verificar el monto acumulado en tu cuenta. Para revisar el saldo del fondo de pensiones, debes tener en cuenta a qué aseguradora perteneces. De acuerdo con ello, deberás ingresar a la página oficial e ingresar los datos que te pidan y verificar: Para ingresar a tu cuenta AFP Integra: Ingresar AQUÍ Para ingresar a tu cuenta Prima AFP: Ingresar AQUÍ Para ingresar a tu cuenta AFP Habitat: Ingresar AQUÍ Para ingresar a tu cuenta Profuturo AFP: Ingresar AQUÍ Comentarios de Facebook También te puede interesar Puno: Intervienen al director de Energía y Minas por presunto uso indebido de camioneta en reunión privada El director regional de Energía y Minas, Edwin",2025-11-17T08:37:51.679389,2025-11-17T08:37:52.197665,2025-11-17T08:37:52.197671,Sin Fronteras,11081,"https://diariosinfronteras.com.pe/wp-content/uploads/2024/04/CBB6FFA13C1412C0674F62FEF7A6DB06_1697550448_original.jpg, https://diariosinfronteras.com.pe/wp-content/uploads/2020/06/dxt-nav.png",233,,,Retiro de AFP 2024: Conoce tu saldo acumulado en el fondo de pensiones,https://diariosinfronteras.com.pe/2024/04/18/retiro-de-afp-2024-conoce-tu-saldo-acumulado-en-el-fondo-de-pensiones/
Desconocido,1171,General,"Inicio POLICIALES Arequipa: Quiso ingresar droga en sus partes íntimas Arequipa: Quiso ingresar droga en sus partes íntimas Por Redacción Diario Sin Fronteras - 10 marzo, 2025 - En POLICIALES 779 Quiso ingresar droga en sus partes íntimas Yesenia del Carmen Quispe Chacón (41), integrante de la banda criminal  La Muñeca de Quequeña , fue detenida la tarde de ayer en el control de visitas del penal de varones de Socabaya, tras intentar ingresar 300 gramos de droga ocultos en sus partes íntimas. Durante la revisión, las autoridades encontraron un paquete en forma de cápsula que contenía pasta básica de cocaína, además de cuatro billetes de 100 soles. En un primer momento, la mencionada mujer negó portar sustancias ilícitas, pero, durante el interrogatorio, terminó confesando que había ocultado la droga en su cuerpo. Yesenia Quispe fue trasladada al Área Antidrogas para determinar si su caso está vinculado a una red de tráfico ilícito de drogas. Comentarios de Facebook También te puede interesar La  cárcel dorada  de Betssy Chávez: así vive sus días la expremier en lujosa residencia diplomática en San Isidro La residencia diplomática mexicana, ubicada en el",2025-11-17T08:37:51.679389,2025-11-17T08:37:52.196561,2025-11-17T08:37:52.196566,Sin Fronteras,11080,"https://diariosinfronteras.com.pe/wp-content/uploads/2025/03/b-9-660x330.jpeg, https://diariosinfronteras.com.pe/wp-content/uploads/2020/06/dxt-nav.png",188,"Yesenia del Carmen Quispe Chacón (41), integrante de la banda criminal  La Muñeca de Quequeña , fue detenida la tarde de ayer en el control de visitas del penal de varones de Socabaya, tras intentar ingresar 300 gramos de droga ocultos en sus partes íntimas.",,Arequipa: Quiso ingresar droga en sus partes íntimas,https://diariosinfronteras.com.pe/2025/03/10/arequipa-quiso-ingresar-droga-en-sus-partes-intimas/
Desconocido,967,General,"Inicio PUNO Puno: poste de alumbrado fue impactado por vehículo y representa un peligro Puno: poste de alumbrado fue impactado por vehículo y representa un peligro Por Diario Sin Fronteras - 2 junio, 2024 - En PUNO 846 Vecinos temen que poste se caiga en cualquier momento. Un poste de alumbrado público que fue colocado recientemente en la avenida Panamericana Sur, cerca al desvío hacia el centro poblado de Salcedo en Puno, representa ahora un peligro luego de que fuera impactado por un vehículo. El poste se encuentra a punto de caer y solo lo sostienen unos cables. Los vecinos de la zona han pedido a Electro Puno que remedie esta situación porque temen que caiga en cualquier momento. Este poste habría sido chocado por un vehículo que luego fugó del lugar dejándolo a punto de desplomarse. Comentarios de Facebook También te puede interesar Cientos de jóvenes puneños rinden examen de preselección para Beca 18 Aspirantes de toda la región participaron en la",2025-11-17T08:37:51.679389,2025-11-17T08:37:52.194203,2025-11-17T08:37:52.194208,Sin Fronteras,11079,"https://diariosinfronteras.com.pe/wp-content/uploads/2024/06/poste-alumbrado-publico-caer-puno-660x330.jpg, https://diariosinfronteras.com.pe/wp-content/uploads/2020/06/dxt-nav.png",163,,,Puno: poste de alumbrado fue impactado por vehículo y representa un peligro,https://diariosinfronteras.com.pe/2024/06/02/puno-poste-de-alumbrado-fue-impactado-por-vehiculo-y-representa-un-peligro/
Desconocido,2335,General,"Inicio NACIONAL Martín Vizcarra reaparece en TikTok tras prisión preventiva:  Me meten preso sin sentencia ni condena  Martín Vizcarra reaparece en TikTok tras prisión preventiva:  Me meten preso sin sentencia ni condena  Por Diario Sin Fronteras - 13 agosto, 2025 - En NACIONAL 921 El Poder Judicial dictó este miércoles 13 de agosto cinco meses de prisión preventiva contra el expresidente Martín Vizcarra, en el marco de las investigaciones por presunto cohecho en los casos  Lomas de Ilo  y  Hospital Regional de Moquegua . Tras conocer la decisión del juez, el exmandatario compartió un video en su cuenta de TikTok dirigido a sus seguidores. En la grabación, alertó sobre lo que considera un ataque político en su contra. Vizcarra aseguró que conocía la resolución desde hace dos días, ya que contaba con un documento firmado que anticipaba el resultado.  Esto ya no se trata de justicia, se trata de política , afirmó, denunciando un  pacto mafioso  que, según él, controla las instituciones del Estado. El expresidente sostuvo que la medida refleja un intento de copar todos los poderes del país. El exjefe de Estado recordó su vacancia en 2020, tres inhabitaciones y la expulsión del partido que fundó, Perú Primero. Señaló que la prisión preventiva se dictó sin sentencia ni condena, lo que, a su juicio, evidencia una estrategia para limitar a quienes buscan cambios en la gestión pública.  Ahora, en el colmo me meten preso sin tener sentencia ni tener condena, porque ahora ya no se trata de Martín Vizcarra, ahora también se trata del peligro de que este pacto corrupto mafioso se adueñe de todo nuestro país , afirmó. En su mensaje, el expresidente también se dirigió a los ciudadanos peruanos y a la comunidad internacional, especialmente a las nuevas generaciones. Instó a la unidad y participación activa para proteger la democracia y las instituciones.  Es momento de levantar la voz y luchar juntos para conducir al país hacia el progreso y desarrollo que todos merecemos , expresó Vizcarra.  Ya basta de este pacto mafioso y corrupto que nos está gobernando y que se está adueñando de todo el Perú , finalizó. Comentarios de Facebook También te puede interesar Puno: Intervienen al director de Energía y Minas por presunto uso indebido de camioneta en reunión privada El director regional de Energía y Minas, Edwin",2025-11-17T08:37:51.679389,2025-11-17T08:37:52.190034,2025-11-17T08:37:52.190043,Sin Fronteras,11078,"https://diariosinfronteras.com.pe/wp-content/uploads/2025/08/orig-1755137301900-660x330.jpeg, https://diariosinfronteras.com.pe/wp-content/uploads/2020/06/dxt-nav.png",386,,,Martín Vizcarra reaparece en TikTok tras prisión preventiva:  Me meten preso sin sentencia ni condena,https://diariosinfronteras.com.pe/2025/08/13/martin-vizcarra-reaparece-en-tiktok-tras-prision-preventiva-me-meten-preso-sin-sentencia-ni-condena/
Desconocido,1214,General,"Inicio PUNO Edson de Amat Apaza asume sorpresivamente la Dirección Regional de Educación Puno Edson de Amat Apaza asume sorpresivamente la Dirección Regional de Educación Puno Por Diario Sin Fronteras - 16 mayo, 2024 - En PUNO 1036 Edson de Amat fue candidato y ahora asumió dirección regional de Educación de Puno. Con resolución 109-2024-GGR-GR PUNO, el gerente general del Gobierno Regional de Puno, Oscar Macedo, designó a Edson de Amat Apaza Apaza como nuevo director regional de Educación. De Amat Apaza ha sido candidato a alcalde provincial de Carabaya Macusani por el movimiento RH , el mismo movimiento político por el cuál fue elegido Richard Hancco como gobernador. El novísimo funcionario asumió el cargo, comprometiéndose a seguir fortaleciendo la educación en la región de Puno y de trabajar en conjunto con la comunidad educativa para alcanzar los objetivos planteados. Previamente, mediante resolución 108-2024, se concluyó el cargo de Equicio Rufino Paxi Coaquira como titular de la Dirección Regional de Educación Puno (DREP). Comentarios de Facebook También te puede interesar Cientos de jóvenes puneños rinden examen de preselección para Beca 18 Aspirantes de toda la región participaron en la",2025-11-17T08:37:51.679389,2025-11-17T08:37:52.184622,2025-11-17T08:37:52.184634,Sin Fronteras,11077,"https://diariosinfronteras.com.pe/wp-content/uploads/2024/05/edon-amat-apaza-director-educacion-puno-660x330.jpg, https://diariosinfronteras.com.pe/wp-content/uploads/2020/06/dxt-nav.png",189,,,Edson de Amat Apaza asume sorpresivamente la Dirección Regional de Educación Puno,https://diariosinfronteras.com.pe/2024/05/16/edson-de-amat-apaza-asume-sorpresivamente-la-direccion-regional-de-educacion-puno/
Desconocido,1381,General,"Inicio AREQUIPA Arequipa: Poste colgando pone en riesgo a transeúntes en plena Av. Colón, en José Luis Bustamante y Rivero Arequipa: Poste colgando pone en riesgo a transeúntes en plena Av. Colón, en José Luis Bustamante y Rivero Por Diario Sin Fronteras - 21 abril, 2025 - En AREQUIPA 743 Poste a punto de caer. Un poste de telecomunicaciones colgando peligrosamente en plena avenida Colón mantiene en alerta a vecinos del distrito de José Luis Bustamante y Rivero, en Arequipa. El accidente ocurrió el domingo a las 6 a.m., cuando un vehículo impactó contra el poste, dejándolo parcialmente desprendido y apoyado sobre la fachada del local  A Fuego Lento Eventos . A pesar del evidente riesgo, ninguna entidad ha asumido la responsabilidad del retiro. La señora Narda, una vecina afectada denunció que tras el siniestro, ni SEAL, ni Movistar ni la municipalidad han tomado acciones concretas, y las instituciones continúan  tirándose la pelota  sobre quién debe retirar el poste dañado. Los cables colgantes obstaculizan el tránsito peatonal y podrían causar una tragedia. Mientras tanto, los vecinos claman por intervención inmediata antes de que ocurra un accidente mayor. Comentarios de Facebook También te puede interesar Puno: Intervienen al director de Energía y Minas por presunto uso indebido de camioneta en reunión privada El director regional de Energía y Minas, Edwin",2025-11-17T08:37:51.679389,2025-11-17T08:37:52.179778,2025-11-17T08:37:52.179782,Sin Fronteras,11076,"https://diariosinfronteras.com.pe/wp-content/uploads/2025/04/WhatsApp-Image-2025-04-21-at-9.08.16-AM-660x330.jpeg, https://diariosinfronteras.com.pe/wp-content/uploads/2020/06/dxt-nav.png",219,,,"Arequipa: Poste colgando pone en riesgo a transeúntes en plena Av. Colón, en José Luis Bustamante y Rivero",https://diariosinfronteras.com.pe/2025/04/21/arequipa-poste-colgando-pone-en-riesgo-a-transeuntes-en-plena-av-colon-en-jose-luis-bustamante-y-rivero/
Desconocido,1559,General,"Inicio NACIONAL Reciclaje en partido de Keiko Fujimori: El 40  de candidatos al Senado por Fuerza Popular son de la vieja guardia Reciclaje en partido de Keiko Fujimori: El 40  de candidatos al Senado por Fuerza Popular son de la vieja guardia Por Redacción Diario Sin Fronteras - 8 mins atrás - En NACIONAL 15 En la lista la acompañarán Luis Galarreta y Miguel Torres en la primera y segunda vicepresidencia, dos fujimoristas de la vieja guardia que han permanecido a su lado en todos estos años. Y todo indica que la lideresa naranja no confía en personas fuera del entorno de la organización y apuesta por reciclar a personajes que ya representaron al partido. Entre los 72 nombres asignados que presentaron como precandidatos al Senado, 29 de ellos ejercieron el cargo de representantes del Congreso con la camiseta naranja, es decir, el 40  fue o es un actual parlamentario (ver infografía). REGRESAN Son en total 18 los excongresistas de Fuerza Popular que tentarán un escaño para formar parte de la Cámara de Senadores. Entre los nombres más recordados están Miguel Torres, Martha Chávez, Carlos Tubino, Segundo Tapia, Marco Miyashiro, Milagros Salazar, Mario Mantilla, Karla Schaefer y Juan Carlos Del Águila. Elard Melgar Valdez, el congresista fujimorista más votado de Lima Provincias en 2016, intenta repetir el plato en el Senado. Comentarios de Facebook También te puede interesar La  cárcel dorada  de Betssy Chávez: así vive sus días la expremier en lujosa residencia diplomática en San Isidro La residencia diplomática mexicana, ubicada en el",2025-11-17T08:37:51.679389,2025-11-17T08:37:52.177107,2025-11-17T08:37:52.177115,Sin Fronteras,11075,"https://diariosinfronteras.com.pe/wp-content/uploads/2025/11/GTLLDOKZCJGKJL7D7QF4KLJFFY-600x330.webp, https://diariosinfronteras.com.pe/wp-content/uploads/2020/06/dxt-nav.png",254,Reciclaje en partido de Keiko Fujimori: El 40  de candidatos al Senado por Fuerza Popular son de la vieja guardia,,Reciclaje en partido de Keiko Fujimori: El 40  de candidatos al Senado por Fuerza Popular son de la vieja guardia,https://diariosinfronteras.com.pe/2025/11/16/reciclaje-en-partido-de-keiko-fujimori-el-40-de-candidatos-al-senado-por-fuerza-popular-son-de-la-vieja-guardia/
Desconocido,2730,General,"Inicio DEPORTES Tacna: Educación autoriza funcionamiento de colegios  fantasma  Tacna: Educación autoriza funcionamiento de colegios  fantasma  Por Diario Sin Fronteras - 20 junio, 2024 - En DEPORTES 782 El consejero regional Aldo Ticona Apaza manifestó que como docente se siente indignado por que colegas que asumen funciones en la Dirección Regional de Educación de Tacna (DRET) emitan resoluciones para instituciones educativas privadas que no existen, que se dé ampliación educativa con aulas que no existen, con aforo que no corresponde o que funcionen a un costado de un bar. Cuestionó que el sector Educación emita autorizaciones cuando los colegios privados incumplen requisitos mínimos de calidad, ya que de seis resoluciones emitidas, cuatro muestran irregularidades, tal como lo comprobaron el 18 de abril cuando visitaron la I. E. P. Santa Genoveva, que no existe.  Nos dimos cuenta por la dirección, en el lugar consignado no está el nombre del colegio, no había nada, ni estudiantes. Encontramos a otro señor que remodelaba para otra empresa y nos dijo que el inmueble lo ocupan desde febrero, por eso investigamos el contrato notarial del 2 de febrero, que precisa que el plazo es de siete años a partir del 8 de febrero , indicó.  Quiere decir que ya había otra persona en el predio cuando le dieron la resolución que se emitió el 6 de marzo , indicó el consejero a la vez de mencionar que probablemente sea un caso de falsedad genérica y una negligencia del desempeño de funciones de la dirección de Educación. En otro caso, dijo que presentaron un contrato simple en lugar de uno suscrito y con las formalidades de ley, y que no debe ser menor de cinco años, pero solo tiene tres años y con un letrero  se vende esta propiedad . El consejero señaló que en la institución educativa inicial Los Pequeños Exploradores se dio aforo a un aula que no existe, ya que solicitó para primer y segundo grado de primaria, pero no tiene el segundo. Manifestó que la primaria es la cocina de la casa, porque se ven los mesones, las aulas no tienen puertas y la infraestructura no es la adecuada. Anotó que por eso se citó al director de Educación, Aldo Espinoza Rodríguez, quien habría argumentado la emisión de las resoluciones en que le presentan los expedientes con la opinión favorable de las áreas correspondientes y solo para firmar.  Pero debió verificar, más si tiene a la funcionaria Sandra Valles con denuncias , criticó Ticona luego de indicar que como funcionarios se debe designar a personas idóneas y no a los que no les interesa la educación. Comentarios de Facebook También te puede interesar Hernán Quispe es elegido nuevo decano de los periodistas en Puno Hernán Rolando Quispe Chambi fue elegido decano del",2025-11-17T08:37:51.679389,2025-11-17T08:37:52.174582,2025-11-17T08:37:52.174586,Sin Fronteras,11074,"https://diariosinfronteras.com.pe/wp-content/uploads/2024/06/4-A-4-660x330.jpeg, https://diariosinfronteras.com.pe/wp-content/uploads/2020/06/dxt-nav.png",460,Tacna: Educación autoriza funcionamiento de colegios  fantasma,,Tacna: Educación autoriza funcionamiento de colegios  fantasma,https://diariosinfronteras.com.pe/2024/06/20/tacna-educacion-autoriza-funcionamiento-de-colegios-fantasma/
Desconocido,1391,General,"Inicio PUNO Hernán Quispe es elegido nuevo decano de los periodistas en Puno Hernán Quispe es elegido nuevo decano de los periodistas en Puno Por Diario Sin Fronteras - 35 mins atrás - En PUNO 164 Hernán Rolando Quispe Chambi fue elegido decano del Colegio de Periodistas del Perú, Consejo Regional Puno, para el período 2025 2027. La Lista 2 ganó con 158 votos frente a los 115 obtenidos por la Lista 1, liderada por Romel Montesinos. El Comité Electoral informó que también se registró un voto en blanco y 20 nulos. En total, 294 periodistas participaron en la jornada. Cerca de 300 colegiados acudieron a las urnas. La ONPE supervisó el proceso. La Policía Nacional brindó seguridad externa. Ambas instituciones garantizaron la transparencia del acto electoral. Quispe Chambi encabezará la nueva directiva junto a los vicedecanos Maritza Garnica y Mario García. También integran el equipo Carlos Chambi, Mónica Pari, Jaime Calapuja, Percy Gómez, Digma Escobar, Anabelén Huahualuque y Karin Chacón. El nuevo decano propone consolidar la institución como referente académico e institucional. Su plan de trabajo está orientado al fortalecimiento profesional y a impulsar una participación activa del gremio en la vida pública regional. Comentarios de Facebook También te puede interesar Más de 11 mil adultos mayores reciben lentes con apoyo de Pensión 65 Más de 11 mil adultos mayores de la",2025-11-17T08:37:51.679389,2025-11-17T08:37:52.171867,2025-11-17T08:37:52.171894,Sin Fronteras,11073,"https://diariosinfronteras.com.pe/wp-content/uploads/2025/11/IMG-20251116-WA0090-660x330.jpg, https://diariosinfronteras.com.pe/wp-content/uploads/2020/06/dxt-nav.png",223,Hernán Quispe fue elegido decano del Colegio de Periodistas de Puno para el periodo 2025 2027. La Lista 2 ganó con 158 votos. ONPE supervisó el proceso.,,Hernán Quispe es elegido nuevo decano de los periodistas en Puno,https://diariosinfronteras.com.pe/2025/11/16/hernan-quispe-nuevo-decano-colegio-de-periodistas-puno-2025-2027/
Desconocido,2134,General,"Inicio TACNA Tacna: Autos derriban postes y generan cortes de luz Tacna: Autos derriban postes y generan cortes de luz Por Redacción Diario Sin Fronteras - 28 agosto, 2024 - En TACNA 404 Autos derriban postes y generan cortes de luz Un taxi derribó un poste de alumbrado público, generando una explosión eléctrica, mientras que otro vehículo también tumbó un poste, pero se dio a la fuga. El taxi de placa BRP-716 de la empresa Guillermo despistó en la prolongación de la avenida Pinto, frente al parque de la Familia del distrito Alto de la Alianza, cerca de las 21:45 horas del lunes y colisionó frontalmente con un poste de luz. El poste de concreto fue desprendido de su base y quedó inclinado sobre otros cables eléctricos con su lámpara aún encendida, hasta que se produjo una explosión que dejó sin energía eléctrica a varias viviendas de la cuadra. Agentes de Seguridad Ciudadana de Alto de la Alianza acudieron a la emergencia y ubicaron al conductor, el taxista Marco Condori Vélez (44), quien señaló que no había consumido bebidas alcohólicas y despistó su vehículo al dormirse por el cansancio a causa de trabajar muchas horas seguidas. Pese a la versión del taxista, este quedó intervenido y fue trasladado a la comisaría en un patrullero para pasar el dosaje etílico. Trabajadores de la empresa Electrosur llegaron al lugar para reponer el fluido eléctrico en la zona. El taxi quedó con el parachoques frontal destrozado y abolladuras en la parte frontal, siendo trasladado a la comisaría del sector para el resto de diligencias. Por otro lado, un poste de mediana tensión fue tumbado el lunes en inmediaciones del mercado zonal de Ciudad Nueva, pero no se encontró al vehículo responsable del accidente. El poste cayó sobre el muro de un hospedaje a un metro de la ventana de una habitación. Personal de Electrosur cumplió con los trabajos correspondientes para reponer el servicio eléctrico en la zona. Comentarios de Facebook También te puede interesar La  cárcel dorada  de Betssy Chávez: así vive sus días la expremier en lujosa residencia diplomática en San Isidro La residencia diplomática mexicana, ubicada en el",2025-11-17T08:37:51.679389,2025-11-17T08:37:52.170252,2025-11-17T08:37:52.170280,Sin Fronteras,11072,"https://diariosinfronteras.com.pe/wp-content/uploads/2024/08/abridora-unir1-4-660x330.jpg, https://diariosinfronteras.com.pe/wp-content/uploads/2020/06/dxt-nav.png",357,"Un taxi derribó un poste de alumbrado público, generando una explosión eléctrica, mientras que otro vehículo también tumbó un poste, pero se dio a la fuga.",,Tacna: Autos derriban postes y generan cortes de luz,https://diariosinfronteras.com.pe/2024/08/28/tacna-autos-derriban-postes-y-generan-cortes-de-luz/
Desconocido,3572,General,"Inicio PUNO Puno: Droga iba ser enviada a Europa Puno: Droga iba ser enviada a Europa Por Redacción Diario Sin Fronteras - 26 febrero, 2025 - En PUNO 730 Droga iba ser enviada a Europa  Golpe al  narco ! Tras un exitoso operativo, los efectivos de la Dirección Antidrogas de la Policía Nacional (Dirandro) de Juliaca, asestaron un duro golpe contra el narcotráfico tras incautar 28 paquetes de droga con la marca de un delfín y una estrella en la parte superior. DROGA Y SU DESTINO Los estupefacientes de alta pureza estaban siendo enviados como encomienda, presuntamente desde el Valle del Vraem,con destino a Bolivia, para posteriormente ser trasladados a países europeos. En el mercado internacional los paquetes de clorhidrato de cocaína están valorizados en aproximadamente 1 millón 400 mil dólares. EL OPERATIVO El coronel PNP Rolando Ayala Carrasco, jefe de la División de Maniobras Contra el Tráfico Ilícito de Drogas (TID) Sur Oriente Puno, informó que la intervención fue clave gracias a la participación del equipo de élite Orión de la Dirandro. A través de acciones de inteligencia del equipo especial, se identificó que los paquetes de droga eran transportados como encomienda en una de las empresas de carga de Juliaca. MODUS OPERANDI El jefe policial precisó que la encomienda fue enviada desde Lima con destino a Juliaca, en dos sacos de rafia. La persona que envió la droga fue la misma que la recogió en esta ciudad. Asimismo, los narcotraficantes emplearon un método ingenioso para camuflar los estupefacientes. Ocultaron la droga en pequeñas cajas de madera acondicionadas y cubiertas con cucharones de madera; en cada saco se colocaron 14 paquetes de clorhidrato de cocaína. LOS DETENIDOS La Policía informó sobre la detención de dos varones. Uno de ellos fue quien envió y recogió la droga por encomienda, mientras que el otro tenía la responsabilidad de trasladarla desde Juliaca hacia Bolivia. Los investigados, cuyos nombres no fueron revelados, fueron capturados en flagrancia cuando se disponían a partir con la droga a bordo de la camioneta con placa DAB-944, con destino al país boliviano. Las autoridades indicaron que los detenidos serían parte de la organización criminal de narcotraficantes denominada  Las Vegas . Ambos sujetos, se encuentran bajo detención preliminar por el delito de tráfico ilícito de drogas, mientras esperan la audiencia para su prisión preventiva. TÁCTICAS PARA EVADIR CONTROLES Un detalle que llamó la atención de las autoridades fue que los narcotraficantes aplicaron ungüento de Vick VapoRub a los paquetes de sustancia ilícita, para intentar evitar que los canes detectores pudieran olfatearlos. Tras las diligencias realizadas junto a la Fiscalía Antidrogas y el pesaje correspondiente, se confirmó que la droga incautada tiene un peso total de 28.870 kilogramos. VALOR EN EL MERCADO Se conoció que en la zona fronteriza, el kilo de clorhidrato de cocaína tiene un valor aproximado de mil 500 dólares. Sin embargo, en Europa su precio se multiplica, llegando a alcanzar hasta 50 mil dólares por kilo. BALANCE DE OPERATIVOS Finalmente, el coronel Ayala Carrasco informó que, desde que asumió su cargo en la Dirandro PNP de Juliaca, se han ejecutado once operativos antidrogas, logrando la incautación de un total de 150 kilogramos de droga hasta la fecha, los cuales están incautados y lacrados. Comentarios de Facebook También te puede interesar La  cárcel dorada  de Betssy Chávez: así vive sus días la expremier en lujosa residencia diplomática en San Isidro La residencia diplomática mexicana, ubicada en el",2025-11-17T08:37:51.679389,2025-11-17T08:37:52.162504,2025-11-17T08:37:52.162509,Sin Fronteras,11071,"https://diariosinfronteras.com.pe/wp-content/uploads/2025/02/1.-DROGA-EUROPA-FOTON-660x330.jpg, https://diariosinfronteras.com.pe/wp-content/uploads/2020/06/dxt-nav.png",570,"Golpe al  narco ! Tras un exitoso operativo, los efectivos de la Dirección Antidrogas de la Policía Nacional (Dirandro) de Juliaca, asestaron un duro golpe contra el narcotráfico tras incautar 28 paquetes de droga con la marca de un delfín y una estrella en la parte superior.",,Puno: Droga iba ser enviada a Europa,https://diariosinfronteras.com.pe/2025/02/26/puno-droga-iba-ser-enviada-a-europa/
Desconocido,3167,General,"Inicio NACIONAL Partido político de Martín Vizcarra sorprende al quintuplicar ingresos en solo un año:  qué explicación dieron? Partido político de Martín Vizcarra sorprende al quintuplicar ingresos en solo un año:  qué explicación dieron? Por Redacción Diario Sin Fronteras - 19 agosto, 2025 - En NACIONAL 575 El partido Perú Primero, liderado por el expresidente Martín Vizcarra, sorprendió en el escenario político al reportar un crecimiento económico sin precedentes. La organización, que en 2023 registró poco más de S 102 mil en ingresos, manifestó a la Oficina Nacional de Procesos Electorales (ONPE) que en 2024 sus recursos superaron los S 535 mil, un salto financiero que quintuplica sus cifras en apenas doce meses. La información figura en el portal Claridad, donde las agrupaciones políticas transparentan sus cuentas. Allí se evidencia que Perú Primero no solo incrementó sus ingresos, sino que también reconfiguró la versión inicial sobre el origen de sus fondos. En un primer momento, la agrupación atribuyó el repunte al financiamiento privado, pero días después corrigió el reporte y señaló que la mayor parte provino de actividades proselitistas, como mítines, cenas de recaudación y encuentros regionales. Los detalles muestran que las aportaciones en efectivo y en especie pasaron de S 18 mil en 2023 a más de S 125 mil en 2024, lo que representa un crecimiento de casi 578 . Asimismo, los eventos partidarios generaron más de S 410 mil, frente a los S 81 mil del año anterior. Con estas cifras, Perú Primero se colocó como la agrupación con mayor crecimiento económico en el territorio peruano. El auge financiero se refleja también en los gastos. La organización política declaró desembolsos que pasaron de S 88 mil en 2023 a S 469 mil en 2024, con erogaciones significativas en asesorías, consultorías y servicios de terceros. También destinó casi S 21 mil a su cena de aniversario. Entre los pagos resalta el sueldo de S 40 mil otorgado a Carlos Illanes, exjefe de la DINI durante el gobierno vizcarrista y actual gerente general del grupo político. Pese a los montos millonarios, el propio Martín Vizcarra solo aportó S 2,500 en cuatro entregas. El incremento patrimonial, en cambio, resultó más notorio: de apenas S 13 mil en 2023, la agrupación pasó a más de S 78 mil en 2024. Consultada sobre el repunte económico, la contadora del partido, Judith Pomachagua, explicó:  Cada miembro del CEN realiza un aporte mensual y se realizaron actividades de recaudación de fondos, todos debidamente informados a la ONPE en su oportunidad. Estos ingresos han cubierto los gastos fijos y variables, se ha incrementado el trabajo operativo, al haber logrado consolidar el Partido . El crecimiento económico de Perú Primero ocurre en un contexto complejo para Vizcarra. El exmandatario enfrenta prisión preventiva en el penal de Barbadillo mientras se desarrollan las investigaciones por presuntas coimas durante su gestión en Moquegua. Comentarios de Facebook También te puede interesar La  cárcel dorada  de Betssy Chávez: así vive sus días la expremier en lujosa residencia diplomática en San Isidro La residencia diplomática mexicana, ubicada en el",2025-11-17T08:37:51.679389,2025-11-17T08:37:52.161270,2025-11-17T08:37:52.161275,Sin Fronteras,11070,"https://diariosinfronteras.com.pe/wp-content/uploads/2025/08/Martin-Vizcarra-6666666-600x330.jpg, https://diariosinfronteras.com.pe/wp-content/uploads/2020/06/dxt-nav.png",507,Partido político de Martín Vizcarra sorprende al quintuplicar ingresos en solo un año:  qué explicación dieron?,,Partido político de Martín Vizcarra sorprende al quintuplicar ingresos en solo un año:  qué explicación dieron?,https://diariosinfronteras.com.pe/2025/08/19/partido-politico-de-martin-vizcarra-sorprende-al-quintuplicar-ingresos-en-solo-un-ano-que-explicacion-dieron/
Desconocido,1591,General,"Inicio PUNO Puno: Alcalde de Pilcuyo denuncia abandono del municipio provincial y el GRP Puno: Alcalde de Pilcuyo denuncia abandono del municipio provincial y el GRP Por Redacción Diario Sin Fronteras - 12 marzo, 2025 - En PUNO 388 Puno: Alcalde de Pilcuyo denuncia abandono del municipio provincial y el GRP Higor Maquera Mamani, alcalde distrital de Pilcuyo, denunció el abandono por parte de las autoridades provinciales y del Gobierno Regional de Puno (GRP) ante la emergencia que vive el distrito debido a los desbordes del río Zapatilla en cuatro puntos críticos y del río Ilave. Estas inundaciones han causado graves daños a la agricultura, con la pérdida de cultivos como papa, quinua y habas, afectando entre 30 hectáreas en zonas bajas y hasta 100 hectáreas en zonas altas. Maquera señaló que, pese a haber presentado una solicitud de materiales y maquinaria el pasado 18 de febrero para enfrentar la emergencia, hasta la fecha no han recibido respuesta ni apoyo alguno. Destacó que la falta de acción está agravando la crisis en la zona. Los pobladores de Pilcuyo enfrentan una situación crítica, con pérdidas económicas significativas y el riesgo de que la emergencia se profundice si no se toman medidas urgentes. El alcalde hizo un llamado a las autoridades para que atiendan de inmediato sus demandas y eviten mayores daños a la población y sus medios de vida. Comentarios de Facebook También te puede interesar La  cárcel dorada  de Betssy Chávez: así vive sus días la expremier en lujosa residencia diplomática en San Isidro La residencia diplomática mexicana, ubicada en el",2025-11-17T08:37:51.679389,2025-11-17T08:37:52.160620,2025-11-17T08:37:52.160625,Sin Fronteras,11069,"https://diariosinfronteras.com.pe/wp-content/uploads/2025/03/WhatsApp-Image-2025-03-12-at-12.02.52-660x330.jpeg, https://diariosinfronteras.com.pe/wp-content/uploads/2020/06/dxt-nav.png",261,Puno: Alcalde de Pilcuyo denuncia abandono del municipio provincial y el GRP,,Puno: Alcalde de Pilcuyo denuncia abandono del municipio provincial y el GRP,https://diariosinfronteras.com.pe/2025/03/12/puno-alcalde-de-pilcuyo-denuncia-abandono-del-municipio-provincial-y-el-grp/
Desconocido,3343,General,"Inicio TECNOLOGIAINNOVACIÓN PERUANA Los 10 Mandamientos de la Ciberseguridad en Empresas Los 10 Mandamientos de la Ciberseguridad en Empresas Por Felipe Zucchetti Galdos   Emprendedor - 17 noviembre, 2024 - En INNOVACIÓN PERUANA 419 Los 10 Mandamientos de la Ciberseguridad en Empresas La ciberseguridad es un aspecto crucial para cualquier empresa en la era digital. Los errores en ciberseguridad pueden comprometer la integridad de los datos de la empresa y tener consecuencias devastadoras. Por lo tanto, es esencial que todos los trabajadores y colaboradores sigan estos 10 mandamientos de la ciberseguridad: Conocerás tus activos: Identifica los datos y sistemas críticos de tu empresa. Saber qué necesitas proteger es el primer paso para una ciberseguridad efectiva. No usarás contraseñas débiles: Utiliza contraseñas fuertes y únicas para todas las cuentas. Cambia estas contraseñas regularmente y considera el uso de un administrador de contraseñas. No abrirás correos sospechosos: Los ataques de phishing son comunes y peligrosos. Si recibes un correo electrónico que parece sospechoso, no lo abras ni hagas clic en ningún enlace. Actualizarás tus sistemas regularmente: Las actualizaciones de software a menudo incluyen parches de seguridad. Mantén todos tus sistemas actualizados para protegerte contra las últimas amenazas. No compartirás información sensible sin verificar: Nunca compartas información sensible sin verificar la identidad de la persona que la solicita. Esto incluye información compartida por correo electrónico o por teléfono. Usarás la autenticación de dos factores: La autenticación de dos factores proporciona una capa adicional de seguridad. Actívala siempre que sea posible. No descargarás software de fuentes no confiables: El software de fuentes no confiables puede contener malware. Solo descarga software de fuentes que sepas que son seguras. Realizarás copias de seguridad regularmente: Las copias de seguridad pueden ser tu salvación en caso de un ataque cibernético. Realiza copias de seguridad de tus datos regularmente y asegúrate de que estén seguras. Estarás alerta a las últimas amenazas: El panorama de las amenazas cibernéticas está en constante cambio. Mantente informado sobre las últimas amenazas y cómo protegerte contra ellas. Promoverás una cultura de ciberseguridad: La ciberseguridad es responsabilidad de todos en la empresa. Fomenta una cultura de ciberseguridad y asegúrate de que todos los empleados estén informados y capacitados. Estos mandamientos son solo el comienzo. La ciberseguridad es un esfuerzo constante que requiere vigilancia y adaptación. Pero al seguir estos principios, puedes ayudar a proteger tu empresa contra las amenazas cibernéticas y asegurar la integridad de tus datos. Recuerda, en ciberseguridad, la prevención es siempre la mejor estrategia. Esta columna llega gracias a Sin Fronteras, Cuentic, Nut s   Co., Café orgánico Mishqui Huayo, Café sostenible Forest Coffee, chocolate orgánico Mahua, Tranzfer.me, Frezkito, Infobox, Cluster Disruptiva, Sal Amazónica de Pilluana, Pier Point Máncora y Vichayito Village. Hoy te recomiendo, para que acompañes esta lectura y puedas descargar la data, a Boris Brejcha feat. Ginger con su canción Spicy. Comentarios de Facebook También te puede interesar  El éxito o la felicidad? TÚ NO TE IMAGINAS que, al entrar a",2025-11-17T08:37:51.679389,2025-11-17T08:37:52.157481,2025-11-17T08:37:52.157501,Sin Fronteras,11068,"https://diariosinfronteras.com.pe/wp-content/uploads/2024/11/Los-10-Mandamientos-de-la-Ciberseguridad-en-Empresas-366x330.jpg, https://diariosinfronteras.com.pe/wp-content/uploads/2020/06/dxt-nav.png",490,Los 10 Mandamientos de la Ciberseguridad en Empresas,,Los 10 Mandamientos de la Ciberseguridad en Empresas,https://diariosinfronteras.com.pe/2024/11/17/los-10-mandamientos-de-la-ciberseguridad-en-empresas/
Desconocido,1942,General,"Inicio NACIONAL  Buscas trabajo? En el Portal Empleos podrás encontrar oportunidades laborales  Buscas trabajo? En el Portal Empleos podrás encontrar oportunidades laborales Por Diario Sin Fronteras - 18 abril, 2024 - En NACIONAL 1274 Las personas que buscan algún puesto de trabajo pueden acceder a oportunidades laborales en el portal Empleos Perú. Las personas que buscan un puesto de trabajo pueden acceder a oportunidades laborales en el portal Empleos Perú en la página web del Ministerio de Trabajo y Promoción del Empleo (MTPE). Las personas naturales que buscan trabajadores del hogar pueden registrarse con su RUC en el portal Empleos Perú (www.empleosperu.gob.pe) y publicar su oferta laboral. Los interesados en postular a estas oportunidades de trabajo pueden hacerlo previo registro en el portal completando su perfil con su DNI, carnet de extranjería (CE) o carnet de permiso temporal de permanencia (CPP). En dicha plataforma también se pueden usar los servicios gratuitos de generación del Certificado Único Laboral (antecedentes penales, policiales y judiciales) y CAPACÍTA-T, con más de 60 cursos de capacitación certificados. Estos servicios también están a disposición de manera presencial para el público usuario que visite los Centros de Empleo ubicados en cada región del país. En dichos centros podrán recibir además asesoría para la búsqueda de empleo, orientación vocacional, capacitación laboral, acercamiento empresarial (para empresas), entre otros servicios. Además, si requieren ayuda o soporte para utilizar estos servicios pueden comunicarse a la línea gratuita 0800 71 707 o usar los canales de atención: asesor en línea, asistente virtual y videollamada, ubicados dentro del mismo portal Empleos Perú. Comentarios de Facebook También te puede interesar Puno: Intervienen al director de Energía y Minas por presunto uso indebido de camioneta en reunión privada El director regional de Energía y Minas, Edwin",2025-11-17T08:37:51.679389,2025-11-17T08:37:52.155576,2025-11-17T08:37:52.155600,Sin Fronteras,11067,"https://diariosinfronteras.com.pe/wp-content/uploads/2024/04/65ad4b318a52cc135d4d275e.jpg, https://diariosinfronteras.com.pe/wp-content/uploads/2020/06/dxt-nav.png",291,,,Buscas trabajo? En el Portal Empleos podrás encontrar oportunidades laborales,https://diariosinfronteras.com.pe/2024/04/18/buscas-trabajo-en-el-portal-empleos-podras-encontrar-oportunidades-laborales/
Desconocido,1273,General,"Inicio PUNO Puno: despiden restos de menor de 5 años que falleció tras agresión de su madrastra Puno: despiden restos de menor de 5 años que falleció tras agresión de su madrastra Por Diario Sin Fronteras - 13 mayo, 2024 - En PUNO 4395 El pequeño falleció producto de la agresión que le propinó su madrastra. Familiares del pequeño Sebastián de 5 años despiden este lunes sus restos, luego que el falleciera producto de las agresiones que sufría por parte de su madrastra Erika Yenifer Condori Alarcón (26). Este lunes a las 1:00 p.m. se desarrolló la misa de cuerpo presente dónde participaron sus familiares y dónde estuvo presente su padre Yoel Bustincio, quién llegó desde la selva puneña donde labora como minero. En medio del dolor, el padre admitió que conocía de las heridas de su hijo, pero indicó que se había quemado con agua. Culpó a su pareja y pidió que le caiga todo el peso de la ley. El cuerpecito del menor fue trasladado primero a su jardín en Chejoña, dónde fue despedido por los padres de familia. Después será sepultado en el cementerio de Cancharani. Despiden a menor en su jardín. Comentarios de Facebook También te puede interesar Cientos de jóvenes puneños rinden examen de preselección para Beca 18 Aspirantes de toda la región participaron en la",2025-11-17T08:37:51.679389,2025-11-17T08:37:52.153462,2025-11-17T08:37:52.153472,Sin Fronteras,11066,"https://diariosinfronteras.com.pe/wp-content/uploads/2024/05/familiares-despiden-nino-agresion-madrastra-660x330.jpg, https://diariosinfronteras.com.pe/wp-content/uploads/2024/05/despiden-menor-agresion-madrastra-puno-500x333.jpg",221,,,Puno: despiden restos de menor de 5 años que falleció tras agresión de su madrastra,https://diariosinfronteras.com.pe/2024/05/13/puno-despiden-restos-de-menor-de-5-anos-que-fallecio-tras-agresion-de-su-madrastra/
Desconocido,1606,General,"Inicio POLICIALES Camión avanza sin chofer y choca con poste Camión avanza sin chofer y choca con poste Por Diario Sin Fronteras - 7 mayo, 2022 - En POLICIALES, TACNA 1138 Poste evitó que vehículo se empotre en inmueble con locales comerciales. Un camión recorrió un tramo de la avenida 200 Millas sin chofer hasta impactar contra un poste de alumbrado público la mañana de este viernes. Afortunadamente ningún transeúnte o vehículo se cruzó en el camino del pesado vehículo fuera de control. El trabajador Juan Medina Zavaleta (64) señaló a la Policía Nacional que dejó estacionado el camión de matrícula Z6F-882, de la empresa Genovesa, a las 10:00 horas mientras realizaba cobros y anotaba pedidos de locales comerciales. Fue entonces que la unidad avanzó y no pudo detenerla. El camión recorrió un tramo de la mencionada vía con dirección de norte a sur y despistó hacia una librería y restaurante, chocando contra un poste de luz que evitó que se empotrara en ambos locales de la manzana 21, lote 17 de la asociación de vivienda Cecoavi. Agentes policiales de la comisaría del centro poblado Augusto B. Leguía acudieron a la emergencia e intervinieron al conductor, trasladándolo con su vehículo a la dependencia policial para investigar si las causas del accidente fueron una negligencia o una falla mecánica. Durante la tarde vecinos de Cecoavi reportaron que el poste dañado estaba por caer en cualquier momento y no era retirado. Comentarios de Facebook También te puede interesar Hernán Quispe es elegido nuevo decano de los periodistas en Puno Hernán Rolando Quispe Chambi fue elegido decano del",2025-11-17T08:37:51.679389,2025-11-17T08:37:52.143743,2025-11-17T08:37:52.143807,Sin Fronteras,11065,"https://diariosinfronteras.com.pe/wp-content/uploads/2022/05/abidoraaa-unir.jpg, https://diariosinfronteras.com.pe/wp-content/uploads/2020/06/dxt-nav.png",265,,,Camión avanza sin chofer y choca con poste,https://diariosinfronteras.com.pe/2022/05/07/camion-avanza-sin-chofer-y-choca-con-poste/
Desconocido,1119,General,"Inicio AREQUIPA  Cómo llega Arequipa a su 484 aniversario en el sector educación?  Cómo llega Arequipa a su 484 aniversario en el sector educación? Por Diario Sin Fronteras - 15 agosto, 2024 - En AREQUIPA 458  Cómo llega Arequipa a su 484 aniversario en educación? Arequipa cumple 484 años de fundación, cómo está la educación actualmente. De acuerdo a la Encuesta Nacional de Hogares 2023, solo el 44.  de estudiantes de cuarto de primaria logró el nivel satisfactorio en comprensión lectora. En matemática, solo el 33.3  de los escolares logró este resultado. Según un informe del Instituto Nacional de Estadística e Informática (INEI), la tasa de analfabetismo en personas mayores de 15 años llega al 2.9  y, en promedio, la población de 15 años a más alcanza los 11.1 años de estudio en la región. Cabe precisar que el año pasado hubo 123 219 alumnos de 12 a 16 años de edad matriculados en el nivel secundario y 159 mil 698 en el nivel primario. Comentarios de Facebook También te puede interesar Cientos de jóvenes puneños rinden examen de preselección para Beca 18 Aspirantes de toda la región participaron en la",2025-11-17T08:37:51.679389,2025-11-17T08:37:52.133276,2025-11-17T08:37:52.133287,Sin Fronteras,11064,"https://diariosinfronteras.com.pe/wp-content/uploads/2024/08/412344273_671565815164882_3011605759530246809_n-660x330.jpg, https://diariosinfronteras.com.pe/wp-content/uploads/2020/06/dxt-nav.png",191,"Arequipa cumple 484 años de fundación, cómo está la educación actualmente. De acuerdo a la Encuesta Nacional de Hogares 2023, solo el 44.  de estudiantes de cuarto de primaria logró el nivel satisfactorio en comprensión lectora.",,Cómo llega Arequipa a su 484 aniversario en el sector educación?,https://diariosinfronteras.com.pe/2024/08/15/como-llega-arequipa-a-su-484-aniversario-en-el-sector-educacion/
Desconocido,1137,General,"Inicio PUNO Sigue racha de accidentes ocasionados por combis de una empresa de transportes Sigue racha de accidentes ocasionados por combis de una empresa de transportes Por Diario Sin Fronteras - 25 mayo, 2025 - En PUNO 1099 La Línea 16,  granate , en mala racha. Puno. Esta mañana, una combi de servicio urbano de la línea 16  granate  provocó un accidente de tránsito en la salida a Moquegua, a la altura de la institución educativa primaria Los Andes de Cancharani. Según los testigos, el vehículo de transporte urbano hacía  carreras  con otra combi para ganar pasajeros. En esas circunstancias, el chofer realizó una maniobra brusca e impactó su vehículo contra una motocicleta, cuyo conductor cayó al pavimento y sufrió múltiples golpes. Con este sería el tercer accidente que ocasiona esta empresa este fin de semana. Como se recuerda, el sábado otras dos combis de la línea 16 provocaron dos accidentes de tránsito también. Comentarios de Facebook También te puede interesar Puno: Intervienen al director de Energía y Minas por presunto uso indebido de camioneta en reunión privada El director regional de Energía y Minas, Edwin",2025-11-17T08:37:51.679389,2025-11-17T08:37:52.121904,2025-11-17T08:37:52.121923,Sin Fronteras,11063,"https://diariosinfronteras.com.pe/wp-content/uploads/2025/05/Combi-Acc-660x330.jpg, https://diariosinfronteras.com.pe/wp-content/uploads/2020/06/dxt-nav.png",186,"Puno. Esta mañana, una combi de servicio urbano de la línea 16  granate  provocó un accidente de tránsito en la salida a Moquegua, a la altura de la institución educativa primaria Los Andes de Cancharani.",,Sigue racha de accidentes ocasionados por combis de una empresa de transportes,https://diariosinfronteras.com.pe/2025/05/25/sigue-racha-de-accidentes-ocasionados-por-combis-de-una-empresa-de-transportes/
Desconocido,2224,General,"Inicio MUNDO María Corina Machado confía en que los militares están a  un paso de hacer lo correcto  María Corina Machado confía en que los militares están a  un paso de hacer lo correcto  Por Diario Sin Fronteras - 29 diciembre, 2024 - En MUNDO 287 Machado en contra de que Maduro jure otra vez como jefe de Estado. La líder opositora de Venezuela María Corina Machado dijo este sábado que confía en que los militares y policías están a  un solo paso de hacer lo correcto , ante la  voluntad de cambio  expresada en los comicios de hace cinco meses, en referencia al reclamado triunfo de Edmundo González Urrutia, pese a que el presidente, Nicolás Maduro, fue proclamado ganador.  Ciudadano militar, ciudadano policía, este mensaje es para ti. Ha llegado la hora de la definición y de derribar el último obstáculo que nos separa de la libertad. Venezuela confía en ti. Yo confío en la reserva moral de nuestros hombres de honor y de armas. Nos vemos pronto en las calles , escribió la exdiputada en X. A través de un audio publicado en esta red social, Machado dijo a los funcionarios de la Fuerza Armada Nacional Bolivariana (FANB) y de los cuerpos policiales que el pueblo  está unido en un solo clamor  y que  cada quien, en su fuero interno, ha tomado la decisión correcta y solo espera la resolución colectiva para actuar . En ese sentido, la opositora pidió a los militares y policías preguntarse  si el silencio  no los  hace cómplices de la tiranía actual  y  si la obediencia indebida  no los  pone al servicio de un puñado de criminales .  Revisa, en la intimidad de tu conciencia, si tus superiores no te están pidiendo a ti, precisamente a ti, que seas ese soldado a quien (el Libertador Simón) Bolívar maldijo por usar las armas contra su propio pueblo. ( ) Pregúntate si esas armas, cuyo uso exclusivo te confiere la nación, están hoy verdaderamente al servicio de la voluntad soberana de los venezolanos, de su Constitución y de sus leyes, o si solo sirven a un cogollo de corruptos y criminales , dijo. Comentarios de Facebook También te puede interesar Puno: Intervienen al director de Energía y Minas por presunto uso indebido de camioneta en reunión privada El director regional de Energía y Minas, Edwin",2025-11-17T08:37:51.679389,2025-11-17T08:37:52.118969,2025-11-17T08:37:52.118977,Sin Fronteras,11062,"https://diariosinfronteras.com.pe/wp-content/uploads/2024/12/cnne-1558282-analisis-de-la-inhabilitacion-electoral-de-maria-corina-machado-1-660x330.jpg, https://diariosinfronteras.com.pe/wp-content/uploads/2020/06/dxt-nav.png",390,,,María Corina Machado confía en que los militares están a  un paso de hacer lo correcto,https://diariosinfronteras.com.pe/2024/12/29/maria-corina-machado-confia-en-que-los-militares-estan-a-un-paso-de-hacer-lo-correcto/
Desconocido,2123,General,"Inicio NACIONAL princesa Leonor llega al Perú a bordo de buque español Juan Sebastián de Elcano princesa Leonor llega al Perú a bordo de buque español Juan Sebastián de Elcano Por Diario Sin Fronteras - 19 abril, 2025 - En NACIONAL 673 CREATOR: gd-jpeg v1.0 (using IJG JPEG v62), quality   70? El buque escuela Juan Sebastián de Elcano, perteneciente a la Armada de España, atracó este viernes en el puerto del Callao. Entre su tripulación se encuentra la princesa de Asturias, Leonor de Borbón (19 años), futura heredera al trono español. Se conoció que, al acercarse a la costa del Callao, el buque de instrucción realizó una salva de 21 cañonazos, recibiendo como respuesta una salva similar desde tierra peruana, como símbolo de bienvenida. Esta visita forma parte de un viaje de instrucción en el que se capacitan, además de la futura heredera, 76 estudiantes: 67 hombres y 9 mujeres. El barco de instrucción zarpó el 11 de enero desde el puerto de Cádiz. Su primera parada fue en Salvador de Bahía (Brasil), el pasado 14 de febrero, posteriormente fue Montevideo (Uruguay), Punta Arenas y Valparaíso (Chile). PÚBLICO PODRÁ VISITAR BUQUE ESPAÑOL Durante su travesía, el buque español cumple con dos misiones principales: La formación integral de los guardiamarinas (en lo marinero, militar, social y humano), como parte del tercer curso de sus cinco años de instrucción en la Escuela Naval Militar. El apoyo a la acción exterior del Estado español en los distintos puertos que visita. Luego de su paso por Perú, el Juan Sebastián de Elcano se dirigirá a Cartagena de Indias (Colombia), Panamá, Santo Domingo (República Dominicana) y Nueva York (Estados Unidos), antes de regresar a Europa. Durante su permanencia en el Callao, el buque tiene previsto recibir visitas del público en los siguientes horarios: Sábado 19 de abril de 14:00 a 18:00 horas. Domingo 20 de abril: de 09:30 a 13:00 y de 14:00 a 17:00 horas. Comentarios de Facebook También te puede interesar Puno: Intervienen al director de Energía y Minas por presunto uso indebido de camioneta en reunión privada El director regional de Energía y Minas, Edwin",2025-11-17T08:37:51.679389,2025-11-17T08:37:52.116316,2025-11-17T08:37:52.116346,Sin Fronteras,11061,"https://diariosinfronteras.com.pe/wp-content/uploads/2025/04/IMG_20250419_091912_800_x_533_pixel-660x330.jpg, https://diariosinfronteras.com.pe/wp-content/uploads/2020/06/dxt-nav.png",353,,,princesa Leonor llega al Perú a bordo de buque español Juan Sebastián de Elcano,https://diariosinfronteras.com.pe/2025/04/19/princesa-leonor-llega-al-peru-a-bordo-de-buque-espanol-juan-sebastian-de-elcano/
Desconocido,2371,General,"Inicio PUNO Juliaca: A bal4zos capturan a sujetos con media tonelada de droga Juliaca: A bal4zos capturan a sujetos con media tonelada de droga Por Diario Sin Fronteras - 6 marzo, 2025 - En PUNO 794 En conferencia presentan la droga y dieron detalles. En un exitoso operativo antidrogas desarrollado por agentes de la Dirección Antidrogas de la Policía Nacional del Perú y agentes del Departamento de Operaciones Tácticas Antidrogas Sur Oriente Puno lograron el decomiso de más de 500 kilogramos de clorhidrato de cocaína, la incautación de tres vehículos y dinero en moneda nacional y extranjera, además de la detención de seis personas vinculadas al tráfico ilícito de drogas. El operativo se ejecutó en el Centro Poblado de Cayco, distrito de Santa Lucía, Puno, donde los agentes intervinieron dos vehículos que transportaban 32 bultos de droga acondicionados con la suma de 411 paquetes tipo ladrillo forrados de color amarillo, previamente hubo disparos contra las camionetas que pretendían fugar, los impactos de bala estaban en el parabrisa. Entre los vehículos incautados figuran una Toyota Hilux de placa BMN-785 y una moto furgón, ambos procedentes del VRAEM con destino a Bolivia. Cabe resaltar que los paquetes de droga llevaban el símbolo del delfín, distintivo del VRAEM como zona de producción de estupefacientes. La rápida acción de los agentes permitió la captura de cuatro ciudadanos peruanos y dos extranjeros presuntamente vinculados a organizaciones criminales dedicadas al narcotráfico, así como la incautación de tres vehículos, siete equipos celulares y dinero en efectivo. Uno de los vehículos intentó darse a la fuga, pero fue interceptado oportunamente por las fuerzas del orden. La droga y los vehículos incautados fueron presentados mediante una conferencia de prensa encabezada por el general PNP Nilton Santos Villalta, director antidrogas, quien resaltó la labor policial, ya que, en lo que va del año se ha decomisado 833 kilos de droga. La droga incautada tiene un valor aproximado de 1 mil 500 dólares por kilo en la zona fronteriza y hasta 50 mil dólares en el mercado internacional, alcanzando un total de 25 millones de dólares. Comentarios de Facebook También te puede interesar Puno: Intervienen al director de Energía y Minas por presunto uso indebido de camioneta en reunión privada El director regional de Energía y Minas, Edwin",2025-11-17T08:37:51.679389,2025-11-17T08:37:52.110354,2025-11-17T08:37:52.110360,Sin Fronteras,11060,"https://diariosinfronteras.com.pe/wp-content/uploads/2025/03/droga-1-660x330.jpg, https://diariosinfronteras.com.pe/wp-content/uploads/2020/06/dxt-nav.png",377,,,Juliaca: A bal4zos capturan a sujetos con media tonelada de droga,https://diariosinfronteras.com.pe/2025/03/06/juliaca-a-bal4zos-capturan-a-sujetos-con-media-tonelada-de-droga/
Desconocido,1462,General,"Inicio TACNA Incautan lentes por un valor de S  48 mil en Tacna Incautan lentes por un valor de S  48 mil en Tacna Por Diario Sin Fronteras - 30 junio, 2024 - En TACNA 690 Vehículo fue trasladado a la Central Operativa de Investigación Criminal. Una incautación por un valor de 48 mil soles se registró el último viernes en el marco del operativo policial  Alto Impacto . Personal de la Policía Fiscal identificó en inmediaciones de la avenida Jorge Basadre con la calle Luis Banchero Rossi a un vehículo de marca Toyota y placa Z7G-414 que transitaba de manera sospechosa alrededor de las 21:30 horas. Al momento de la intervención los agentes notaron la existencia de cajas al interior de la unidad con 720 lentes de diversos colores, por lo que el conductor Juan Clever Tintaya Sancca (41) y su acompañante Yhenny Zela Ascencio (26) fueron trasladados al área de la Policía Fiscal (Arepofis). Tintaya Sancca, quien en un inicio no dio respuesta a los policías sobre la mercadería, afirmó que no contaba con la documentación que acredite la legalidad de los productos, por lo que quedaron incautados por el presunto delito de contrabando. El hecho fue comunicado a la fiscal Ivette Muguersa Casas, de la Fiscalía Especializada en Delitos Aduaneros y contra la Propiedad Intelectual de Tacna. Comentarios de Facebook También te puede interesar Cientos de jóvenes puneños rinden examen de preselección para Beca 18 Aspirantes de toda la región participaron en la",2025-11-17T08:37:51.679389,2025-11-17T08:37:52.108946,2025-11-17T08:37:52.108949,Sin Fronteras,11059,"https://diariosinfronteras.com.pe/wp-content/uploads/2024/06/incautacion-lentes-tacna-660x330.jpg, https://diariosinfronteras.com.pe/wp-content/uploads/2020/06/dxt-nav.png",246,,,Incautan lentes por un valor de S  48 mil en Tacna,https://diariosinfronteras.com.pe/2024/06/30/incautan-lentes-por-un-valor-de-s-48-mil-en-tacna/
Desconocido,1874,General,"Inicio PUNO Puno:   Cambiazo  de droga como tiza o polvo de carnaval? Puno:   Cambiazo  de droga como tiza o polvo de carnaval? Por Diario Sin Fronteras - 27 febrero, 2025 - En PUNO 2713 Involucrado. El 21 de febrero de 2025, el expolicía Elid Bladimir Mamani Blanco y Jaime Torres Condori, fueron capturados en la salida sur de Puno, con un cargamento que sería 20 kilos de clorhidrato de cocaína. El entorno más cercano del exmiembro de la Policía Nacional, entre los figuran sus parientes que trabajan en el Inpe, policías en actividad, y abogados, pretenderían darle y un giro de 190 grados al caso para que el resultados de los análisis enviados a Lima determinen que el contenido del cargamento tipo ladrillo termine siendo tiza o polvo de carnavales, según advirtieron fuentes fiscales y agentes policiales que desde hace tiempo venían siguiéndole los pasos a los detenidos. Los posibles resultados serían validados con el argumento que los detenidos más bien querrían venderles gato por liebre a los compradores, que sí serían los verdaderos narcotraficantes. Existe un dato que no debería pasar por alto. La Policía Nacional en Puno, emitió una nota de prensa pero en ninguna parte se dio cuenta que el contenido del cargamento fue sometido a reactivo químico de cobalto. Los resultados aún no se conocen pero el entorno más cercano Mamani Blanco ya saben cuáles será el resultado de las pericias. Cabe recordar que Bladimir Mamani, es hombre de confianza de César Antonio Flores Copa cabecilla de la estafa piramidal  Pro   Pro . Elid Bladimir Mamani Blanco (izquierda) (expolicía), era parte de su red de captadores y administrador de dicha empresa en Tacna. Comentarios de Facebook También te puede interesar Puno: Intervienen al director de Energía y Minas por presunto uso indebido de camioneta en reunión privada El director regional de Energía y Minas, Edwin",2025-11-17T08:37:51.679389,2025-11-17T08:37:52.107723,2025-11-17T08:37:52.107736,Sin Fronteras,11058,"https://diariosinfronteras.com.pe/wp-content/uploads/2025/02/IMG_20250227_115501_800_x_533_pixel-660x330.jpg, https://diariosinfronteras.com.pe/wp-content/uploads/2020/06/dxt-nav.png",309,,,Puno:   Cambiazo  de droga como tiza o polvo de carnaval?,https://diariosinfronteras.com.pe/2025/02/27/puno-cambiazo-de-droga-como-tiza-o-polvo-de-carnaval/
Desconocido,2575,General,"Inicio NACIONAL Suman 39 los partidos inscritos que podrán participar en comicios Suman 39 los partidos inscritos que podrán participar en comicios Por Diario Sin Fronteras - 29 diciembre, 2024 - En NACIONAL 651 Habrá sobreoferta electoral. A la fecha, 39 partidos políticos cuentan con inscripción vigente en el Registro de Organizaciones Políticas (ROP) del Jurado Nacional de Elecciones (JNE), por lo que están expeditos para participar en las próximas elecciones generales del 2026. Conforme se va a acercando la realización de las elecciones generales del 2026, se incrementa el número de agrupaciones políticas inscritas. Esta información, divulgada por el Jurado Nacional de Elecciones (JNE) en la plataforma X, es hasta el 3 de diciembre del presente año. La inscripción de un partido político o movimiento regional en el Registro de Organizaciones Políticas (ROP) obedece a una serie de requisitos, procedimientos y plazos establecidos en la Ley de Organizaciones Políticas y el Reglamento del ROP. De acuerdo con la información consignada en el ROP, las organizaciones políticas con inscripción vigente son: 1. Acción Popular 2. Ahora Nación 3. Alianza Nacional de Trabajadores Agricultores Universitarios, Reservistas y Obreros 4. Alianza para el Progreso 5. Avanza País-Partido de Integración Social 6. Fe en el Perú 7. Frente Popular Agrícola FÍA del Perú 8. Fuerza Popular 9. Juntos por el Perú 10. Libertad Popular 11. Nuevo Perú por el Buen Vivir 12. Partido Aprista Peruano 13. Partido Cívico Obras 14. Partido de los Trabajadores y Emprendedores PTE-Perú 15. Partido del Buen Gobierno 16. Partido Demócrata Unido Perú 17. Partido Demócrata Verde 18. Partido Democrático Somos Perú 19. Partido Frente de la Esperanza 2021 20. Partido Morado 21. Partido País para Todos 22. Partido Patriótico del Perú 23. Partido Político Cooperación Popular 24. Partido Político Fuerza Moderna 25. Partido Político Nacional Perú Libre 26. Partido Político Perú Acción 27. Partido Político Perú Primero 28. Partido Político Peruanos Unidos:  Somos Libres! 29. Partido Político Popular Voces del Pueblo 30. Partido Político PRIN 31. Partido Popular Cristiano-PPC 32. Partido Político SíCreo 33. Partido Unidad y Paz 34. Perú Moderno 35. Podemos Perú 36. Primero la Gente-Comunidad, Ecología, Libertad y Progreso 37. Progresemos 38. Renovación Popular 39. Salvemos al Perú Comentarios de Facebook También te puede interesar Puno: Intervienen al director de Energía y Minas por presunto uso indebido de camioneta en reunión privada El director regional de Energía y Minas, Edwin",2025-11-17T08:37:51.679389,2025-11-17T08:37:52.106137,2025-11-17T08:37:52.106147,Sin Fronteras,11057,"https://diariosinfronteras.com.pe/wp-content/uploads/2024/12/000350552W-1-660x330.jpg, https://diariosinfronteras.com.pe/wp-content/uploads/2020/06/dxt-nav.png",395,"A la fecha, 39 partidos políticos cuentan con inscripción vigente en el Registro de Organizaciones Políticas (ROP) del Jurado Nacional de Elecciones (JNE), por lo que están expeditos para participar en las próximas elecciones generales del 2026.",,Suman 39 los partidos inscritos que podrán participar en comicios,https://diariosinfronteras.com.pe/2024/12/29/suman-39-los-partidos-inscritos-que-podran-participar-en-comicios/
Desconocido,2168,General,"Inicio DiarioSF Martín Vizcarra critica al Gobierno de Dina Boluarte:  Yo diría que Santiváñez es el presidente actualmente  Martín Vizcarra critica al Gobierno de Dina Boluarte:  Yo diría que Santiváñez es el presidente actualmente  Por Redacción Diario Sin Fronteras - 7 septiembre, 2025 - En DiarioSF, NACIONAL 383 El expresidente de la República, Martín Vizcarra, viajó a Tacna luego de su excarcelación y desde el aeropuerto envió un mensaje al actual Gobierno. Según precisó el exmandatario, en el organigrama del Ejecutivo, Juan José Santiváñez, actual ministro de Justicia, estaría por encima del premier y de la propia presidenta Dina Boluarte. Santiváñez por encima del premier y de Dina Boluarte. Mediante declaraciones a los medios de comunicación desde el aeropuerto de Tacna, el exmandatario no dudó en brindar su punto de vista respecto al retorno de Santiváñez al Gabinete Ministerial. Además, calificó de  adorno  a la jefa de Estado, Dina Boluarte. De tal modo, Vizcarra Cornejo fue enfático al señalar su postura sobre el retorno de Juan José Santiváñez al Ejecutivo como nuevo titular del Ministerio de Justicia y Derechos Humanos (Minjusdh); ello luego de haber sido censurado por el Congreso de la República en marzo del 2025 por falta de idoneidad para desempeñar el cargo de ministro del Interior. En tal sentido, el exjefe de Estado consideró que Santiváñez es quien realmente toma las decisiones importantes del Gobierno, por lo que la mandataria Boluarte Zegarra solo sería el  adorno  que existe en el Ejecutivo. Además, señaló que el extitular del Mininter estaría por encima del premier Eduardo Arana. Sobre su excarcelación En otro momento, el expresidente se refirió a su excarcelación tras haber permanecido privado de su libertad en el penal de Barbadillo. Sobre ello, Vizcarra Cornejo indicó que los políticos actuales no deben temer por sus actos, sino por el  respaldo del pueblo .  El pueblo me respalda , enfatizó Comentarios de Facebook También te puede interesar La  cárcel dorada  de Betssy Chávez: así vive sus días la expremier en lujosa residencia diplomática en San Isidro La residencia diplomática mexicana, ubicada en el",2025-11-17T08:37:51.679389,2025-11-17T08:37:52.103363,2025-11-17T08:37:52.103370,Sin Fronteras,11056,"https://diariosinfronteras.com.pe/wp-content/uploads/2025/09/images-1-1-660x330.jpeg, https://diariosinfronteras.com.pe/wp-content/uploads/2020/06/dxt-nav.png",344,Martín Vizcarra critica al Gobierno de Dina Boluarte:  Yo diría que Santiváñez es el presidente actualmente,,Martín Vizcarra critica al Gobierno de Dina Boluarte:  Yo diría que Santiváñez es el presidente actualmente,https://diariosinfronteras.com.pe/2025/09/07/martin-vizcarra-critica-al-gobierno-de-dina-boluarte-yo-diria-que-santivanez-es-el-presidente-actualmente/
Desconocido,2057,General,"Inicio PUNO Puno contará con Universidad Nacional Intercultural Aimara de Ilave Puno contará con Universidad Nacional Intercultural Aimara de Ilave Por Diario Sin Fronteras - 1 diciembre, 2024 - En PUNO 1358 Ofrecerá nueve carreras profesionales. La Universidad Nacional Intercultural Aimara de Ilave será creada en el distrito de Ilave, provincia puneña de El Collao, como persona jurídica de derecho público interno, con autonomía académica, administrativa, económica y financiera, dedicada a la formación profesional superior, investigación científica y tecnológica, así como a la difusión cultural. Así lo establece la Ley Ley Nº 32175, aprobada por el Congreso de la República y promulgada por el Poder Ejecutivo. La disposición publicada en Boletín de Normas Legales del Diario El Peruano lleva las firmas de la presidenta de la República, Dina Boluarte, y del presidente del Consejo de Ministros, Gustavo Adrianzén. Se precisa que que la Universidad Nacional Intercultural Aimara de Ilave goza de los mismos derechos y está sujeta a las mismas obligaciones que las demás universidades públicas del país, en concordancia con lo dispuesto en la Ley 30220, Ley Universitaria. La citada casa de estudios superiores ofrece las siguientes carreras profesionales en función a las necesidades y prioridades regionales, sujetas a la aprobación del Consejo Universitario: Ingeniería Agronómica, Ingeniería Ambiental y Sanitaria, Veterinaria y Zootecnia, Ingeniería Civil, Contabilidad, Derecho, Educación Intercultural Bilingüe, Estudios Culturales y Lingüísticos Aimaras, y Gestión del Patrimonio Cultural. El Ministerio de Educación constituirá la comisión organizadora de la Universidad Nacional Intercultural Aimara de Ilave, integrada por tres académicos de reconocido prestigio, tal como lo dispone el artículo 29 de la Ley 30220, Ley Universitaria. Comentarios de Facebook También te puede interesar Puno: Intervienen al director de Energía y Minas por presunto uso indebido de camioneta en reunión privada El director regional de Energía y Minas, Edwin",2025-11-17T08:37:51.679389,2025-11-17T08:37:52.101971,2025-11-17T08:37:52.101986,Sin Fronteras,11055,"https://diariosinfronteras.com.pe/wp-content/uploads/2024/12/presidente-del-congreso-firma-autografa-para-universidad-de-ilave-81124-660x330.jpeg, https://diariosinfronteras.com.pe/wp-content/uploads/2020/06/dxt-nav.png",299,"La Universidad Nacional Intercultural Aimara de Ilave será creada en el distrito de Ilave, provincia puneña de El Collao, como persona jurídica de derecho público interno, con autonomía académica, administrativa, económica y financiera, dedicada a la formación profesional superior, investigación científica y tecnológica, así como a la difusión cultural.",,Puno contará con Universidad Nacional Intercultural Aimara de Ilave,https://diariosinfronteras.com.pe/2024/12/01/puno-contara-con-universidad-nacional-intercultural-aimara-de-ilave/
Desconocido,2755,General,"Inicio PUNO Puno: Cuenta regresiva para vacancia Puno: Cuenta regresiva para vacancia Por Redacción Diario Sin Fronteras - 26 febrero, 2025 - En PUNO 745 Cuenta regresiva para vacancia El Jurado Nacional de Elecciones (JNE), en la Resolución N  056-2025-JNE del 3 de febrero del presente, dispone un plazo de 15 días para que el Concejo Municipal de Azángaro se pronuncie sobre la vacancia del alcalde, Salvador Apaza, por la causal de nepotismo. CUESTIONAMIENTOS El Acuerdo de Concejo N  032-2024-CM MPA, del 9 de mayo de 2024, declaró improcedente el pedido de vacancia presentado, ya que en la sesión extraordinaria de concejo N  004-2024 del 9 de abril, dicho colegiado aprobó la vacancia del alcalde de la provincia de Azángaro, Salvador Apaza. El concejo municipal no podía pronunciarse nuevamente sobre el mismo hecho. Otro de los motivos fue que, posterior a la sesión de concejo del 9 de abril, el colegiado que conforma el Concejo Municipal integró nuevas pruebas respecto a la causal de nepotismo por la contratación del cuñado de Salvador Apaza, Dennis Félix Calsín. Asimismo, no se le habría permitido presidir dicha sesión de concejo, cuando esa es su facultad, y en cambio fue presidida por el exprimer regidor Teófilo Choquehuanca. Además, el JNE cuestiona la conformación de la Comisión Investigadora, que se habría acogido a una ordenanza que no fue publicada en el diario de mayor circulación. También, los miembros de dicho colegiado debieron abstenerse al emitir sus votos. Estos cuestionamientos y otros fueron debatidos por el JNE, que concluyó en declarar nulos los acuerdos de Concejo N  032-2024-CM-MPA, N  026-2024-CM-MPA y N  058-2024-CM-MPA. Además, dispone un plazo de 15 días hábiles para que el Concejo Municipal convoque a una nueva sesión extraordinaria para que se pronuncie sobre la vacancia de Salvador Apaza, bajo apercibimiento, ya que de lo contrario los regidores que no asistan podrían ser vacados. Este nuevo proceso deberá cumplir con el debido proceso que fue observado por el JNE. Cabe resaltar que dicho proceso se ha alargado por casi un año, mientras que la vacancia del regidor Choquehuanca se resolvió en pocos meses, lo que ha generado suspicacias en gran parte de la población debido a la lentitud con la que el JNE lleva el caso de Salvador Apaza que viene cumpliendo el rol de alcalde pese a los graves cuestionamientos que enfrenta. Actualmente, no se ha definido una fecha para la mencionada sesión de consejo, ya que, según fuentes, dicho documento no habría ingresado formalmente. Comentarios de Facebook También te puede interesar La  cárcel dorada  de Betssy Chávez: así vive sus días la expremier en lujosa residencia diplomática en San Isidro La residencia diplomática mexicana, ubicada en el",2025-11-17T08:37:51.679389,2025-11-17T08:37:52.099447,2025-11-17T08:37:52.099459,Sin Fronteras,11054,"https://diariosinfronteras.com.pe/wp-content/uploads/2025/02/Cuenta-regresiva-para-vacancia.jpeg, https://diariosinfronteras.com.pe/wp-content/uploads/2020/06/dxt-nav.png",446,"El Jurado Nacional de Elecciones (JNE), en la Resolución N  056-2025-JNE del 3 de febrero del presente, dispone un plazo de 15 días para que el Concejo Municipal de Azángaro se pronuncie sobre la vacancia del alcalde, Salvador Apaza, por la causal de nepotismo.",,Puno: Cuenta regresiva para vacancia,https://diariosinfronteras.com.pe/2025/02/26/puno-cuenta-regresiva-para-vacancia/
Desconocido,1735,General,"Inicio PUNO Reconocen a más de 1200 universitarios beneficiarios de Beca Permanencia Reconocen a más de 1200 universitarios beneficiarios de Beca Permanencia Por Diario Sin Fronteras - 5 diciembre, 2024 - En PUNO 619 Reconocen a más de 1200 universitarios beneficiarios de Beca Permanencia Puno es la segunda región a nivel nacional con el mayor número de beneficiarios de Beca Permanencia del Programa Nacional de Becas y Crédito Educativo (Pronabec), con más de 1200 jóvenes que vienen cursando estudios en diferentes universidades. La directora ejecutiva de Pronabec, Alexandra Ames, lideró la ceremonia de reconocimiento a los beneficiarios, resaltando que 50 jóvenes ya han egresado gracias al apoyo del programa.  Han sido estudiantes destacados en las diferentes carreras que han elegido , sostuvo, al tiempo de reconocer el talento de los universitarios que recibieron y reciben aún la subvención económica que entrega el programa, para garantizar la conclusión de sus estudios. Destacó que Puno es la región con más beneficiarios después de Lima; donde los estudiantes reciben además un acompañamiento socioemocional. Por su parte, el rector de la Universidad Nacional del Altiplano (UNA) de Puno, Paulino Machaca, resaltó que la Beca Permanencia cubre cada mes gastos de alimentación, transporte, material educativo y demás.  Es un apoyo valioso para los hijos del pueblo. La UNA garantiza una educación de calidad y esta Beca ayuda a los alumnos para que culminen sus estudios. Nuestros egresados contribuyen al desarrollo de la región y el país , señaló. Comentarios de Facebook También te puede interesar Cientos de jóvenes puneños rinden examen de preselección para Beca 18 Aspirantes de toda la región participaron en la",2025-11-17T08:37:51.679389,2025-11-17T08:37:52.080468,2025-11-17T08:37:52.080480,Sin Fronteras,11053,"https://diariosinfronteras.com.pe/wp-content/uploads/2024/12/reconocen-becarios-660x330.jpg, https://diariosinfronteras.com.pe/wp-content/uploads/2020/06/dxt-nav.png",269,"Puno es la segunda región a nivel nacional con el mayor número de beneficiarios de Beca Permanencia del Programa Nacional de Becas y Crédito Educativo (Pronabec), con más de 1200 jóvenes que vienen cursando estudios en diferentes universidades.",,Reconocen a más de 1200 universitarios beneficiarios de Beca Permanencia,https://diariosinfronteras.com.pe/2024/12/05/reconocen-a-mas-de-1200-universitarios-beneficiarios-de-beca-permanencia/
Desconocido,978,General,"Inicio PUNO Puno: Combi  loca  se clava contra una vivienda Puno: Combi  loca  se clava contra una vivienda Por Redacción Diario Sin Fronteras - 8 abril, 2025 - En PUNO 553 Combi  loca  se clava contra una vivienda De milagro se salvaron los ocupantes de una combi de la Línea 19, luego de que la unidad se despistara y terminara por empotrarse entre un poste de alumbrado público y la pared de una vivienda en el barrio Magisterial. Ocurrió la mañana de ayer en el cruce del jirón Ricardo Palma con Mariscal Castilla. Según algunos testigos, la unidad de servicio urbano, circulaba a excesiva velocidad y tras despistarse, se subió a la vereda y terminó por empotrarse contra la vivienda y el poste. Afortunadamente, solo hubo daños materiales de consideración. Comentarios de Facebook También te puede interesar La  cárcel dorada  de Betssy Chávez: así vive sus días la expremier en lujosa residencia diplomática en San Isidro La residencia diplomática mexicana, ubicada en el",2025-11-17T08:37:51.679389,2025-11-17T08:37:52.078807,2025-11-17T08:37:52.078816,Sin Fronteras,11052,"https://diariosinfronteras.com.pe/wp-content/uploads/2025/04/e2d55f59-b1a3-4251-84dd-b86a6682d8fe.jpg, https://diariosinfronteras.com.pe/wp-content/uploads/2020/06/dxt-nav.png",163,"De milagro se salvaron los ocupantes de una combi de la Línea 19, luego de que la unidad se despistara y terminara por empotrarse entre un poste de alumbrado público y la pared de una vivienda en el barrio Magisterial.",,Puno: Combi  loca  se clava contra una vivienda,https://diariosinfronteras.com.pe/2025/04/08/puno-combi-loca-se-clava-contra-una-vivienda/
Desconocido,1459,General,"Inicio NACIONAL Abogado de Martín Vizcarra señala que este jueves presentarán apelación de la prisión preventiva Abogado de Martín Vizcarra señala que este jueves presentarán apelación de la prisión preventiva Por Diario Sin Fronteras - 13 agosto, 2025 - En NACIONAL 722 El abogado de Martín Vizcarra confirmó que este jueves presentarán la apelación contra la medida de prisión preventiva dictada en su contra. El equipo legal argumenta que la decisión judicial responde a presiones mediáticas y políticas, más que a fundamentos jurídicos sólidos, según declaraciones ofrecidas a la prensa. El letrado enfatizó que Vizcarra ha mantenido una conducta colaborativa, viajando por el país sin indicios de intentar evadir la justicia, lo que descartaría el riesgo de fuga alegado por la fiscalía. La defensa sostiene que su cliente enfrenta el proceso con la convicción de su inocencia y lo califica como un caso de persecución política. Mientras preparan el recurso legal, el abogado señaló que impugnarán no solo por Vizcarra, sino para establecer un precedente sobre el uso de medidas restrictivas. El documento judicial se presentará formalmente ante las instancias correspondientes en las próximas 24 horas, según el cronograma anunciado por la defensa. Comentarios de Facebook También te puede interesar Puno: Intervienen al director de Energía y Minas por presunto uso indebido de camioneta en reunión privada El director regional de Energía y Minas, Edwin",2025-11-17T08:37:51.679389,2025-11-17T08:37:52.074059,2025-11-17T08:37:52.074087,Sin Fronteras,11051,"https://diariosinfronteras.com.pe/wp-content/uploads/2025/08/abogado-vizcarra-apelaran-prision-preventiva-800x533-1-660x330.jpg, https://diariosinfronteras.com.pe/wp-content/uploads/2020/06/dxt-nav.png",225,,,Abogado de Martín Vizcarra señala que este jueves presentarán apelación de la prisión preventiva,https://diariosinfronteras.com.pe/2025/08/13/abogado-de-martin-vizcarra-senala-que-este-jueves-presentaran-apelacion-de-la-prision-preventiva/
Desconocido,1972,General,"Inicio PUNO Vía crucis de Pensión 65 continúa en la región Vía crucis de Pensión 65 continúa en la región Por Diario Sin Fronteras - 27 febrero, 2023 - En PUNO 778 Largas colas para cobrar  Pensión 65 . Yanet Capacoila Grimaldo, representante del Programa Nacional de Asistencia Solidaria de Pensión 65, informó que ayer que el Banco de la Nación atendió a beneficiarios de 8 distritos de la provincia de Puno, a quienes también se les pagó la subvención extraordinaria de 250 soles que el Gobierno dispuso para diferentes programas sociales, entre ellos, Juntos y Contigo. La atención en dicha entidad bancaria se inició al promediar las 7:00 horas del día, en donde pobladores de los distritos de Puno, Tiquillaca, Vilque, Acora Platería, Paucarcolla y Atuncolla pudieron cobrar el dinero concerniente a sus beneficios, ya que no pudieron realizarlo desde hace 2 meses por la falta de liquidez.  Se debe implementar un mejor mecanismo, no es posible que personas enfermas y de avanzada edad estén esperando por mucho tiempo , expresó Miriam Mamani, familiar de una de las beneficiarias.  El Gobierno este año dio una subvención extraordinaria a los usuarios de los programas sociales, Pensión 65, Juntos y Contigo, esta subvención no fue pagada aquí en Puno, ya que el Banco de la Nación reportó una falta de liquidez. Ese dinero que corresponde a 250 soles en caso de pensión, también está en las cuentas de los usuarios , expresó, Capacoila Grimaldo. Por otro lado, informó que otros centros de pago como Desaguadero, Juli, Huancané, Cabanillas y San Juan del Oro, se encuentran a la espera de liquidez para que se pueda programar una actividad similar a la de ayer.  Si las demás agencias, entre ellas el banco de Cabanillas, ya cuentan con dinero, inmediatamente haremos la programación , expresó. Comentarios de Facebook También te puede interesar Cientos de jóvenes puneños rinden examen de preselección para Beca 18 Aspirantes de toda la región participaron en la",2025-11-17T08:37:51.679389,2025-11-17T08:37:52.069783,2025-11-17T08:37:52.069791,Sin Fronteras,11050,"https://diariosinfronteras.com.pe/wp-content/uploads/2023/02/NOTA-ABRIDORA-via-crusis-en-pension-65.jpg, https://diariosinfronteras.com.pe/wp-content/uploads/2020/06/dxt-nav.png",327,,,Vía crucis de Pensión 65 continúa en la región,https://diariosinfronteras.com.pe/2023/02/27/via-crucis-de-pension-65-continua-en-la-region/
Desconocido,1389,General,"Inicio PUNO Puno: Denuncian que niños del colegio de primaria de Pilcocota no tienen docente desde hace dos semanas Puno: Denuncian que niños del colegio de primaria de Pilcocota no tienen docente desde hace dos semanas Por Diario Sin Fronteras - 8 septiembre, 2024 - En PUNO 597 Puno: Denuncian que niños del colegio de primaria de Pilcocota no tienen docente desde hace dos semanas Nuñoa. En el abandono. La Institución Educativa Primaria de Pilcocota, ubicada en el distrito de Nuñoa, provincia de Melgar, según la denuncia de los padres de familia, atraviesa una grave crisis educativa. LA DENUNCIA Los denunciantes reportaron que, desde hace aproximadamente dos semanas, los estudiantes se encuentran sin docente a cargo debido a un cambio de personal dispuesto por la UGEL Melgar. Según denuncias de la comunidad, el profesor anterior fue trasladado a laborar en la misma UGEL, sin que se haya designado un reemplazo inmediato. PREOCUPACIÓN Esta situación de abandono educativo, generó una profunda preocupación, ya que según argumentaron, los niños y niñas de Pilcocota se ven privados de su derecho a una educación continua y de calidad, por lo que solicitan a las autoridades de educación, resolver el problema. Comentarios de Facebook También te puede interesar Cientos de jóvenes puneños rinden examen de preselección para Beca 18 Aspirantes de toda la región participaron en la",2025-11-17T08:37:51.679389,2025-11-17T08:37:52.063013,2025-11-17T08:37:52.063017,Sin Fronteras,11049,"https://diariosinfronteras.com.pe/wp-content/uploads/2024/09/1.-ABANDONADOS-SIN-DOCENTE-660x330.jpg, https://diariosinfronteras.com.pe/wp-content/uploads/2020/06/dxt-nav.png",222,,,Puno: Denuncian que niños del colegio de primaria de Pilcocota no tienen docente desde hace dos semanas,https://diariosinfronteras.com.pe/2024/09/08/puno-denuncian-que-ninos-del-colegio-de-primaria-de-pilcocota-no-tienen-docente-desde-hace-dos-semanas/
Desconocido,2235,General,"Inicio PUNO Puno: Cae cargamento de droga y un  narco  Puno: Cae cargamento de droga y un  narco  Por Redacción Diario Sin Fronteras - 5 marzo, 2025 - En PUNO 1027 Cae cargamento de droga y un  narco   Otro golpe! En un nuevo operativo contra el narcotráfico, efectivos de la Dirección Antidrogas (Dirandro) PNP de Juliaca, incautaron 32 paquetes de droga y un cargamento de insumos químicos utilizados para la producción de estupefacientes. Además, se detuvo a un sospechoso que trasladaba el clorhidrato de cocaína, cuya identidad se mantiene en reserva por motivos de investigación. 1RA INTERVENCIÓN El coronel PNP Rolando Ayala Carrasco, jefe de la División de Maniobras Contra el Tráfico Ilícito de Drogas (TID) Sur Oriente Puno, informó que la primera intervención ocurrió en la vía Juliaca-Paucarcolla. En este lugar, agentes policiales interceptaron un camión de carga que transportaba permanganato de potasio, un químico utilizado para mejorar la calidad de la droga. La sustancia estaba oculta en sacos rotulados como  comida para camarones  con la intención de despistar a las autoridades. Según la investigación, su destino final sería la selva puneña. LA DROGA ESCONDIDA EN  CALETAS  Por otro lado, durante la madrugada del lunes, se incautaron 32 paquetes de alcaloide de cocaína en la camioneta con placa W5Y-832, que había sido modificada con compartimentos ocultos en sus puertas y en la tapa de la tolva. LOGO DEL DELFÍN La droga, marcada con el sello de un delfín y un círculo en la parte inferior, fue incautada en la carretera Lampa-Ocuviri, donde el conductor intentó evadir a la Policía Antidrogas y fugó refugiándose en el centro poblado de Vilcamarca, en donde fue detenido. TEORÍAS Las autoridades sospechan que la droga provenía del Vraem, tenía como destino Bolivia y posiblemente países europeos. La PNP advirtió que las organizaciones criminales están utilizando rutas alternas y caminos carrozables menos transitados para eludir los controles y continuar con el tráfico ilícito de drogas. Comentarios de Facebook También te puede interesar La  cárcel dorada  de Betssy Chávez: así vive sus días la expremier en lujosa residencia diplomática en San Isidro La residencia diplomática mexicana, ubicada en el",2025-11-17T08:37:51.679389,2025-11-17T08:37:52.061692,2025-11-17T08:37:52.061718,Sin Fronteras,11048,"https://diariosinfronteras.com.pe/wp-content/uploads/2025/03/5.-CAE-CARGAMENTO-DE-DROGA-FOTON-2-660x330.jpg, https://diariosinfronteras.com.pe/wp-content/uploads/2020/06/dxt-nav.png",353,"Otro golpe! En un nuevo operativo contra el narcotráfico, efectivos de la Dirección Antidrogas (Dirandro) PNP de Juliaca, incautaron 32 paquetes de droga y un cargamento de insumos químicos utilizados para la producción de estupefacientes.",,Puno: Cae cargamento de droga y un  narco,https://diariosinfronteras.com.pe/2025/03/05/puno-cae-cargamento-de-droga-y-un-narco/
Desconocido,1928,General,"Inicio TACNA Adultos mayores demuestran autonomía económica en encuentro Perú-Chile Adultos mayores demuestran autonomía económica en encuentro Perú-Chile Por Diario Sin Fronteras - 16 agosto, 2024 - En TACNA 423 Adultos mayores demuestran autonomía económica en encuentro Perú-Chile Durante el I Encuentro Binacional de Saberes Productivos Perú-Chile 2024, organizado por el programa Pensión 65, el XII Comité de Integración y Desarrollo Fronterizo, y el municipio de Gregorio Albarracín, 700 adultos mayores demostraron sus conocimientos y habilidades en diversas actividades económicas y juegos lúdicos. Este evento subrayó la importancia de integrar a los adultos mayores en la sociedad, permitiéndoles generar su propia sostenibilidad económica.  Como adultos mayores, antes no teníamos muchas oportunidades, pero ahora podemos autosostenernos, ya que para nosotros no hay trabajo. En cada evento y feria podemos exhibir nuestro trabajo y generar ingresos. Estas actividades promovidas por la municipalidad nos ayudan bastante , expresó Elena Ordoñez Marca, una de las beneficiarias. Asimismo, Ordoñez destacó la necesidad de que los adultos mayores reciban más capacitación en actividades como tejido y artesanías, para poder trabajar y generar ingresos de manera independiente. Subrayó que, dado que los adultos mayores tienen dificultades para acceder a empleos, es crucial fortalecer programas como Pensión 65, de los cuales no todos los adultos mayores vulnerables pueden beneficiarse.  Sería bueno seguir aprendiendo, porque muchos no saben hacer estas cosas. Además, es urgente mejorar el acceso a Pensión 65, un recurso que no llega a todos los que realmente lo necesitan , concluyó la representante de los adultos mayores de Gregorio Albarracín. Comentarios de Facebook También te puede interesar Cientos de jóvenes puneños rinden examen de preselección para Beca 18 Aspirantes de toda la región participaron en la",2025-11-17T08:37:51.679389,2025-11-17T08:37:52.058155,2025-11-17T08:37:52.058160,Sin Fronteras,11047,"https://diariosinfronteras.com.pe/wp-content/uploads/2024/08/6adf5dc9-ed70-47f2-b61e-5e3c2fd6736e-660x330.jpg, https://diariosinfronteras.com.pe/wp-content/uploads/2020/06/dxt-nav.png",280,"Durante el I Encuentro Binacional de Saberes Productivos Perú-Chile 2024, organizado por el programa Pensión 65, el XII Comité de Integración y Desarrollo Fronterizo, y el municipio de Gregorio Albarracín, 700 adultos mayores demostraron sus conocimientos y habilidades en diversas actividades económicas y juegos lúdicos.",,Adultos mayores demuestran autonomía económica en encuentro Perú-Chile,https://diariosinfronteras.com.pe/2024/08/16/adultos-mayores-demuestran-autonomia-economica-en-encuentro-peru-chile/
Desconocido,1597,General,"Inicio TACNA Tacna: Despista y derriba poste en óvalo Cristo Rey Tacna: Despista y derriba poste en óvalo Cristo Rey Por Diario Sin Fronteras - 26 junio, 2025 - En TACNA 766 El accidente de un camión de carga menor pudo terminar en tragedia. Este miércoles el conductor Juan Carlos Nazario Callata Paco derribó con el vehículo un poste de alumbrado público y terminó sobre el óvalo Cristo Rey en sentido de oeste a este. De forma irresponsable el chofer de la unidad de placa chilena RK-SY22 intentó darse a la fuga. Serenos de la Municipalidad Provincial de Tacna y miembros del Grupo de Intervención Rápida de Auxilio al Ciudadano (Girac) lo hallaron caminando desorientado en inmediaciones del parque del Niño bajo los efectos del alcohol, por lo que lo llevaron nuevamente a la zona del accidente y comunicaron lo ocurrido a la Policía Nacional. El estado del conductor, de 55 años, fue ratificado tras la prueba de dosaje etílico en la Sanidad de la Policía Nacional. Previamente fue trasladado a la comisaría de Leguía. Cabe resaltar que el accidente se produjo cerca de las 06:30 horas. A pocas cuadras se encuentra un colegio, por lo que la zona es muy transitada por la mañana. Afortunadamente el accidente no ocurrió cerca de la hora de ingreso de estudiantes al plantel. Callata Paco quedó detenido por presunto delito contra la seguridad pública, en la modalidad de peligro común. Comentarios de Facebook También te puede interesar Puno: Intervienen al director de Energía y Minas por presunto uso indebido de camioneta en reunión privada El director regional de Energía y Minas, Edwin",2025-11-17T08:37:51.679389,2025-11-17T08:37:52.057204,2025-11-17T08:37:52.057211,Sin Fronteras,11046,"https://diariosinfronteras.com.pe/wp-content/uploads/2025/06/6-A-660x330.jpg, https://diariosinfronteras.com.pe/wp-content/uploads/2020/06/dxt-nav.png",269,,,Tacna: Despista y derriba poste en óvalo Cristo Rey,https://diariosinfronteras.com.pe/2025/06/26/tacna-despista-y-derriba-poste-en-ovalo-cristo-rey/
Desconocido,1323,General,"Inicio NACIONAL Pensión 65 sube a S  350 bimensuales desde junio, confirma titular del Midis Pensión 65 sube a S  350 bimensuales desde junio, confirma titular del Midis Por Diario Sin Fronteras - 25 mayo, 2025 - En NACIONAL 2119 Benefician a pobladores de bajos recursos. A partir de junio, más de 820,000 beneficiarios del programa Pensión 65 recibirán una subvención bimensual de 350 soles, lo que representa un aumento de 100 soles, confirmó hoy la ministra de Desarrollo e Inclusión Social, Leslie Urteaga.  Vamos a pasar, después de 13 años, de 250 soles a 350 soles Es la primera vez que se incrementa esta pensión para más de 820,000 personas adultas mayores , destacó. Este incremento, que forma parte de un reajuste presupuestal aprobado para el año 2025, responde al compromiso del Gobierno con los adultos mayores en situación de pobreza extrema, a fin de garantizar una vida más digna y con mayor seguridad alimentaria. El programa Pensión 65, presente en las 25 regiones del país, cuenta con una red amplia de distribución de pagos a través del Banco de la Nación, agentes comerciales y cajeros MultiRed. Comentarios de Facebook También te puede interesar Puno: Intervienen al director de Energía y Minas por presunto uso indebido de camioneta en reunión privada El director regional de Energía y Minas, Edwin",2025-11-17T08:37:51.679389,2025-11-17T08:37:52.052924,2025-11-17T08:37:52.052959,Sin Fronteras,11045,"https://diariosinfronteras.com.pe/wp-content/uploads/2025/05/001039671W-660x330.jpg, https://diariosinfronteras.com.pe/wp-content/uploads/2020/06/dxt-nav.png",220,"A partir de junio, más de 820,000 beneficiarios del programa Pensión 65 recibirán una subvención bimensual de 350 soles, lo que representa un aumento de 100 soles, confirmó hoy la ministra de Desarrollo e Inclusión Social, Leslie Urteaga.",,"Pensión 65 sube a S  350 bimensuales desde junio, confirma titular del Midis",https://diariosinfronteras.com.pe/2025/05/25/pension-65-sube-a-s-350-bimensuales-desde-junio-confirma-titular-del-midis/
Desconocido,1962,General,"Inicio NACIONAL Ipsos: López Aliaga y Fujimori encabezan intención de voto Ipsos: López Aliaga y Fujimori encabezan intención de voto Por Redacción Diario Sin Fronteras - 12 mins atrás - En NACIONAL 20 La más reciente encuesta nacional de Ipsos, realizada los días 6 y 7 de noviembre para el diario Perú 21, muestra que, si las Elecciones 2026 fueran hoy, ningún candidato superaría el 10  de intención de voto. El estudio revela que Rafael López Aliaga obtiene el 9 , seguido por Keiko Fujimori con 8 , Mario Vizcarra con 7 , y Carlos Álvarez con 4 . De acuerdo con Ipsos, Fujimori sube un punto respecto a octubre, mientras que los demás candidatos mantienen los mismos niveles. Preferencias por regiones y nivel socioeconómico López Aliaga, de Renovación Popular, alcanza el 16  en Lima, pero baja al 5  en el interior del país. Fujimori, por su parte, tiene 10  en Lima y 6  en regiones. Vizcarra, del partido Perú Primero, invierte esa lógica: alcanza 8  fuera de la capital y solo 5  dentro. Carlos Álvarez presenta un respaldo uniforme de 4  tanto en Lima como en el interior. Por regiones, López Aliaga lidera en el norte con 8 , Fujimori en el oriente con 9 , Vizcarra en el centro con 10  y Álvarez en el sur con 6 . Voto nulo y panorama general El porcentaje de ciudadanos que optaría por votar en blanco, viciado o ninguno cayó de 39  a 30 . Otro 12  no precisa por quién votaría. La encuesta se basó en una muestra de 1,210 entrevistados, con un margen de error de  2.8  y un nivel de confianza del 95 . Candidatos con menor respaldo En el quinto lugar aparecen César Acuña y Alfonso López Chau con 3  cada uno. George Forsyth, Carlos Espá, Alfredo Barnechea, Phillip Butters, Rafael Belaunde y Javier Velásquez Quesquén obtienen 2 . Comentarios de Facebook También te puede interesar La  cárcel dorada  de Betssy Chávez: así vive sus días la expremier en lujosa residencia diplomática en San Isidro La residencia diplomática mexicana, ubicada en el",2025-11-17T08:37:51.679389,2025-11-17T08:37:52.049908,2025-11-17T08:37:52.049916,Sin Fronteras,11044,"https://diariosinfronteras.com.pe/wp-content/uploads/2025/11/HUONPASDCRDCPMZ7F6BCTOYSFE-660x330.jpg, https://diariosinfronteras.com.pe/wp-content/uploads/2020/06/dxt-nav.png",346,Ipsos: López Aliaga y Fujimori encabezan intención de voto,,Ipsos: López Aliaga y Fujimori encabezan intención de voto,https://diariosinfronteras.com.pe/2025/11/16/ipsos-lopez-aliaga-y-fujimori-encabezan-intencion-de-voto/
Desconocido,1943,General,"Inicio NACIONAL Ministerio de Educación separó a 150 docentes por delitos hasta de secuestro Ministerio de Educación separó a 150 docentes por delitos hasta de secuestro Por Diario Sin Fronteras - 28 mayo, 2024 - En NACIONAL 525 Minedu separó a maestros. El Ministerio de Educación (Minedu) ha separado de las aulas a 150 docentes y auxiliares que tienen sentencias por delitos graves, como terrorismo, violación, secuestro y otros , afirmó el titular del sector, Morgan Quero. Por otro lado, Quero también señaló que su institución busca fortalecer la educación cívica en los centros educativos a nivel nacional a fin de promover el amor y respeto a la patria, así como incorporar la educación financiera en los textos escolares.  Queremos fortalecer la educación cívica y el amor a la patria; queremos poner los puntos sobre las íes en relación a lo que ha significado la lucha contra el terrorismo, que nos ha permitido salir adelante y al mismo tiempo erradicar la violencia en nuestro país en la que todos debemos participar , puntualizó. Asimismo, Morgan Quero reiteró que su sector no ha censurado 22 textos escolares por contener palabras sensibles para los educandos.  No hay ninguna censura; lo que existe es una revisión sistemática que se da todos los años y que conlleva a una actualización. Al mismo tiempo tenemos que modernizar el programa curricular nacional para incorporar la educación financiera , precisó. En otro momento, afirmó sentirse sorprendido por los recientes resultados de la encuesta del Instituto de Estudios Peruanos (IEP), la cual arrojó solo un 5   de aprobación a la gestión de la presidenta Dina Boluarte, así como una desaprobación del 90  .  Donde yo voy, soy bien recibido. Me sorprenden esos resultados en estas encuestas , comentó. Comentarios de Facebook También te puede interesar Cientos de jóvenes puneños rinden examen de preselección para Beca 18 Aspirantes de toda la región participaron en la",2025-11-17T08:37:51.679389,2025-11-17T08:37:52.048881,2025-11-17T08:37:52.048893,Sin Fronteras,11043,"https://diariosinfronteras.com.pe/wp-content/uploads/2023/08/A-17.jpg, https://diariosinfronteras.com.pe/wp-content/uploads/2020/06/dxt-nav.png",316,,,Ministerio de Educación separó a 150 docentes por delitos hasta de secuestro,https://diariosinfronteras.com.pe/2024/05/28/ministerio-de-educacion-separo-a-150-docentes-por-delitos-hasta-de-secuestro/
Desconocido,899,General,"Inicio PUNO Puno: Trágica muerte de alcalde del CP de Lajje de Unicachi Puno: Trágica muerte de alcalde del CP de Lajje de Unicachi Por Redacción Diario Sin Fronteras - 11 febrero, 2025 - En PUNO 1319 Trágica muerte de alcalde del CP de Lajje de Unicachi El alcalde del CP Lajje, Unicachi, Alfredo Mamani Lerma (49), falleció trágicamente en un accidente ocurrido en la víspera en Aychuyo Pampa, ruta de Tinicachi. Mientras transportaba un colchón, este cayó a la vía, y al intentar recuperarlo, Mamani sufrió una caída que le provocó un fuerte golpe en la cabeza. Aunque fue trasladado al Hospital, falleció antes de llegar a su destino. La comunidad de Lajje Unicachi está de luto. Comentarios de Facebook También te puede interesar La  cárcel dorada  de Betssy Chávez: así vive sus días la expremier en lujosa residencia diplomática en San Isidro La residencia diplomática mexicana, ubicada en el",2025-11-17T08:37:51.679389,2025-11-17T08:37:52.041507,2025-11-17T08:37:52.041512,Sin Fronteras,11042,"https://diariosinfronteras.com.pe/wp-content/uploads/2025/02/muere-alcalde-distrital-de-umachiri-397x330.jpg, https://diariosinfronteras.com.pe/wp-content/uploads/2020/06/dxt-nav.png",151,"El alcalde del CP Lajje, Unicachi, Alfredo Mamani Lerma (49), falleció trágicamente en un accidente ocurrido en la víspera en Aychuyo Pampa, ruta de Tinicachi.",,Puno: Trágica muerte de alcalde del CP de Lajje de Unicachi,https://diariosinfronteras.com.pe/2025/02/11/puno-tragica-muerte-de-alcalde-del-cp-de-lajje-de-unicachi/
Desconocido,4334,General,"Inicio PUNO Puno: Alcalde de Huacullani deberá responder a su pueblo Puno: Alcalde de Huacullani deberá responder a su pueblo Por Diario Sin Fronteras - 14 marzo, 2025 - En PUNO 1285 Al ser autoridad, está sujeto a una conducta moral y ética. Luego de grabarse a sí mismo bebiendo en un cuarto de hotel junto a una trabajadora municipal, el alcalde de la Municipalidad Distrital de Huacullani (Chucuito), Magno Tito Apaza Mamani, podría afrontar una suspensión de hasta 90 días. La autoridad deberá dar explicaciones en una asamblea general que los tenientes gobernadores, ronderos y autoridades del distrito han programado para este martes 18 de marzo. SE DEFIENDE Apaza Mamani alegó que su celular fue hackeado con la única intención de perjudicarlo, pues sería uno de los candidatos favoritos para ocupar el sillón municipal de la provincia de Chucuito en los próximos comicios.  Hay personas que están detrás de mí, porque yo estoy como favorito en la provincia. Varias veces han creado cuentas falsas. Tuve que venir hasta Puno para formatear mi celular y borrar esos videos , sostuvo. Dijo que el video donde se le ve con su trabajadora municipal corresponde a agosto de 2024, tras una reunión de alcaldes en Lima. Alega que estuvieron varias personas en ese cuarto de hotel. Mientras que, el otro video, donde se le ve con otra señorita, quien está comiendo, sería de 2022, en plena campaña electoral. Sostiene que todo ocurrió fuera del horario de trabajo y que se trata de su vida privada. En un pronunciamiento público pidió disculpas y reiteró que los dos videos no demuestran nada comprometedor. FALTA GRAVE El abogado laboralista Tirso Vargas fue claro al señalar que el alcalde Magno Apaza incurrió en una falta y esta debe ser tratada de acuerdo al Reglamento Interno del Concejo (RIC), que establece sanciones respecto al comportamiento ético de sus miembros.  Así sea en acciones fuera del horario de trabajo o fuera de su labor como alcalde, ha incurrido en falta. Uno de los regidores debe de pedir su suspensión, como máximo por 90 días , explicó. Además, si el alcalde viajó con fondos públicos y utilizó los viáticos de la municipalidad, cambiaría la figura a una denuncia penal por peculado de uso. Se deberá comprobar el informe presentado por la autoridad y si las boletas coinciden con el hotel donde se grabó el video. Pero, al margen de ello, al confirmarse que una de las protagonistas del video es una trabajadora municipal, la falta es grave. Ahora, si en el RIC del Concejo Municipal no se contempla una suspensión por dichas faltas, los regidores pueden recurrir al Código de Ética de la Función Pública, que prevé sanciones en este tipo de casos, aunque no establece plazos. Eso ya será decisión de los regidores. NO TIENE  VIDA PRIVADA  El abogado fue enfático al señalar que en el tema laboral y cuando se trata de un funcionario de elección popular, así sea en su casa o fuera del horario de trabajo, este está sujeto a una conducta dada su condición de funcionario, por tanto, no puede justificar su acción indicando que se trata de  su vida privada . RESPONDERÁ EL 18 El consejero regional por la provincia de Chucuito, Basilio Mendoza, confirmó que la población en su conjunto a citado al alcalde este martes 18 para que responda en la plaza del distrito por su actuar. Allí se decidirán las acciones a tomar. El presidente de las rondas campesinas de la provincia de Chucuito, Abraham Anquise, lamentó el actuar de Apaza Mamani, y lo exhortó a dejar el cargo por ética moral. Denunció que estaría siendo víctima de represalias y amenazas por dicha autoridad. ANTECEDENTES Magno Apaza tendría antecedentes por agresión. Según lo denunciado, habría agredido a un profesor y a un poblador del distrito de Pomata. QUIERE SER ALCALDE PROVINCIAL Apaza Mamani confirmó sus intenciones políticas para 2026. Actualmente está afiliado en el partido político Salvemos al Perú, desde el 7 de octubre de 2024, cuyo presidente es Guillermo Suárez Flores, siendo uno de los favoritos para postular a la presidencia del Perú, el exministro del Interior en el gobierno de Pedro Castillo, Mariano Gonzales. Comentarios de Facebook También te puede interesar Puno: Intervienen al director de Energía y Minas por presunto uso indebido de camioneta en reunión privada El director regional de Energía y Minas, Edwin",2025-11-17T08:37:51.679389,2025-11-17T08:37:52.040198,2025-11-17T08:37:52.040214,Sin Fronteras,11041,"https://diariosinfronteras.com.pe/wp-content/uploads/2025/03/foto-silueta-alcalde-debera-responder-660x330.jpeg, https://diariosinfronteras.com.pe/wp-content/uploads/2020/06/dxt-nav.png",728,,,Puno: Alcalde de Huacullani deberá responder a su pueblo,https://diariosinfronteras.com.pe/2025/03/14/puno-alcalde-de-huacullani-debera-responder-a-su-pueblo/
Desconocido,3847,General,"Inicio DiarioSF Pocos lo saben: este es beneficio económico para los adultos mayores que pueden cobrar cada dos meses Pocos lo saben: este es beneficio económico para los adultos mayores que pueden cobrar cada dos meses Por Diario Sin Fronteras - 27 mayo, 2025 - En DiarioSF 481 El Ministerio de Desarrollo e Inclusión Social (Midis) ha informado recientemente un ajuste en el calendario de desembolsos del programa Pensión 65. Contrario a lo programado inicialmente, los beneficiarios ya no recibirán su subvención el miércoles 4 de junio, sino dos días antes, el lunes 2 de junio. Esta modificación aplica para el nuevo ciclo de pagos correspondiente a los meses restantes del año 2025.  Quiénes pueden acceder al beneficio y por qué? El programa Pensión 65 está orientado a personas adultas mayores que enfrenten una pérdida funcional, producto del envejecimiento o de accidentes, siempre que puedan expresar su voluntad. Asimismo, incluye a ciudadanos con discapacidad, quienes por su condición no pueden desplazarse con facilidad a los centros de pago. Una de las novedades más importantes anunciadas por el Midis es el aumento del monto económico entregado a los usuarios del programa. A partir de esta fecha, el subsidio pasará de S 250 a S 350, lo cual representa un incremento de S 100 por persona. Los pagos podrán realizarse directamente en las agencias del Banco de la Nación, y quienes cuenten con tarjeta de débito también podrán usar cajeros Multired o agentes autorizados en todo el país. Consulta si eres beneficiario de Pensión 65: guía paso a paso El Programa Nacional de Asistencia Solidaria ofrece una plataforma digital para que los ciudadanos verifiquen si están afiliados y aptos para recibir el apoyo. El procedimiento es sencillo: Ingresar al sitio web oficial: www.pension65.gob.pe. Introducir el número de DNI. Ingresar los cuatro dígitos de seguridad visualizados en pantalla. Hacer clic en  Buscar . Además, si necesitas cambiar tu lugar de cobro, puedes escribir a: atencionalusuario pension65.gob.pe, indicando tu DNI, teléfono de contacto y nueva dirección.  Otra persona puede cobrar en tu lugar? Sí, con estos documentos En situaciones donde el beneficiario no pueda acudir por motivos de salud o discapacidad física, un familiar u otra persona autorizada sí puede realizar el cobro del subsidio, siempre que cumpla con los requisitos legales. Se deben presentar dos documentos indispensables: Una solicitud de autorización Una declaración jurada. Ambos formularios están disponibles para descarga en el sitio oficial del programa. Canales oficiales de contacto y recomendaciones de seguridad Para evitar estafas o información falsa, se recomienda utilizar exclusivamente los canales oficiales de Pensión 65. Estas son las vías seguras para hacer consultas: WhatsApp y llamadas: 942 962 116 Correo electrónico: atencionalusuario pension65.gob.pe mesadepartes pension65.gob.pe La institución también recuerda que todos los trámites son completamente gratuitos y deben realizarse únicamente a través de los medios formales habilitados.  Qué es Pensión 65 en Perú? El programa Pensión 65, impulsado por el Estado peruano, tiene como finalidad ofrecer un subsidio económico a personas adultas mayores que viven en condiciones de pobreza extrema. Este beneficio no contributivo está destinado exclusivamente a ciudadanos peruanos de 65 años a más que no perciben ingresos por pensión, ya sea de entidades públicas o privadas. Además, los solicitantes deben estar registrados en el Sistema de Focalización de Hogares (SISFOH), que identifica a la población en situación de mayor vulnerabilidad social y económica. Comentarios de Facebook También te puede interesar Puno: Intervienen al director de Energía y Minas por presunto uso indebido de camioneta en reunión privada El director regional de Energía y Minas, Edwin",2025-11-17T08:37:51.679389,2025-11-17T08:37:52.037665,2025-11-17T08:37:52.037671,Sin Fronteras,11040,"https://diariosinfronteras.com.pe/wp-content/uploads/2025/05/IMG_20250527_222301_800_x_533_pixel-660x330.jpg, https://diariosinfronteras.com.pe/wp-content/uploads/2020/06/dxt-nav.png",589,,,Pocos lo saben: este es beneficio económico para los adultos mayores que pueden cobrar cada dos meses,https://diariosinfronteras.com.pe/2025/05/27/pocos-lo-saben-este-es-beneficio-economico-para-los-adultos-mayores-que-pueden-cobrar-cada-dos-meses/
Desconocido,2048,General,"Inicio NACIONAL Gobierno dispone teletrabajo y clases virtuales durante los días de desarrollo de APEC 2024 Gobierno dispone teletrabajo y clases virtuales durante los días de desarrollo de APEC 2024 Por Diario Sin Fronteras - 8 noviembre, 2024 - En NACIONAL 524 Gobierno dispone teletrabajo y clases virtuales durante los días de desarrollo de APEC 2024 ANDINA A través del decreto supremo 123-2024, el Poder Ejecutivo aprobó una serie de disposiciones que implica la suspensión de labores escolares durante los días que se desarrollará el Foro de Cooperación Asia-Pacífico (APEC), del 10 al 16 de noviembre. Del 11 al 13 de noviembre, se dispuso que las instituciones educativas públicas y privadas, ubicadas en Lima Metropolitana, la provincia de Huaral y la provincia Constitucional del Callao, implementen la educación virtual, en todos sus niveles, etapas y modalidades. Además, de manera obligatoria, las entidades del sector público, de las mismas provincias y durante las fechas mencionadas, deberán realizar sus labores bajo la modalidad de teletrabajo. En tanto, las entidades y empresas del sector privado están autorizadas a implementar el teletrabajo, siempre que exista un acuerdo entre empleador y trabajador, conforme a la normativa vigente. En la norma también se establece que el 14, 15 y 16 de noviembre son declarados días no laborables para los trabajadores del sector público y privado. Pero para fines tributarios, el 14 y 15 de noviembre serán considerados como días hábiles. Las actividades como la pesca, los terrapuertos, hoteles y hospedajes, restaurantes y empresas del sistema financiero están incluidas dentro de las actividades esenciales, por lo que podrán operar regularmente. Recordemos que el Gobierno y otras autoridades también pidieron que no se realicen protestas, las mismas que se convocaron en contra de la delincuencia y criminalidad. Comentarios de Facebook También te puede interesar Cientos de jóvenes puneños rinden examen de preselección para Beca 18 Aspirantes de toda la región participaron en la",2025-11-17T08:37:51.679389,2025-11-17T08:37:52.035282,2025-11-17T08:37:52.035288,Sin Fronteras,11039,"https://diariosinfronteras.com.pe/wp-content/uploads/2024/11/encierro-apec-ANDINA-660x330.jpg, https://diariosinfronteras.com.pe/wp-content/uploads/2020/06/dxt-nav.png",315,"A través del decreto supremo 123-2024, el Poder Ejecutivo aprobó una serie de disposiciones que implica la suspensión de labores escolares durante los días que se desarrollará el Foro de Cooperación Asia-Pacífico (APEC), del 10 al 16 de noviembre.",,Gobierno dispone teletrabajo y clases virtuales durante los días de desarrollo de APEC 2024,https://diariosinfronteras.com.pe/2024/11/08/gobierno-dispone-teletrabajo-y-clases-virtuales-durante-los-dias-de-desarrollo-de-apec-2024/
Desconocido,1569,General,"Inicio PUNO Puno:  Ni se alegren tanto por prisión de M. Vizcarra  Puno:  Ni se alegren tanto por prisión de M. Vizcarra  Por Diario Sin Fronteras - 14 agosto, 2025 - En PUNO 1356 Los cinco meses de prisión preventiva que se dispuso contra el expresidente Martín Vizcarra, por los casos Lomas de Ilo y Hospital de Moquegua, cuando Vizcarra era presidente regional de esa región en el período 2011   2014, obedecen a una persecución política de los grupos de derecha que creen que con ello seguirán ostentando el poder.  Los que odian a Vizcarra lo hacen por razones concretas: porque se atrevió a cerrar el Congreso en 2018 y no se sometió a Keiko Fujimori. Ahora, no le aceptaban su participación en las elecciones generales de 2026 y a través del Congreso lo inhabilitaron hasta tres veces, luego lo sacaron de la contienda electoral , cuestionó el precandidato al Gobierno Regional de Puno por el partido Perú Primero, Hugo Supo. CASO EN LA CIDH  Ni se alegren tanto, ni tengan pena tanto , agregó Supo, recordando que por ahora la derecha podrá estar  saltando de una patita , porque temen que pueda participar en las elecciones generales de 2026; sin embargo, el caso ya está en la Corte Interamericana de Derechos Humanos (CIDH), ente que tiene antecedentes en este tipo de procesos con fallos a favor y donde tranquilamente Vizcarra podría salir victorioso. Comentarios de Facebook También te puede interesar Puno: Intervienen al director de Energía y Minas por presunto uso indebido de camioneta en reunión privada El director regional de Energía y Minas, Edwin",2025-11-17T08:37:51.679389,2025-11-17T08:37:52.032685,2025-11-17T08:37:52.032703,Sin Fronteras,11038,"https://diariosinfronteras.com.pe/wp-content/uploads/2025/08/vizcarra-martin-800x533-1-660x330.jpg, https://diariosinfronteras.com.pe/wp-content/uploads/2020/06/dxt-nav.png",266,,,Puno:  Ni se alegren tanto por prisión de M. Vizcarra,https://diariosinfronteras.com.pe/2025/08/14/puno-ni-se-alegren-tanto-por-prision-de-m-vizcarra/
Desconocido,1776,General,"Inicio AREQUIPA Concierto gratuito en Arequipa por el Día Internacional del Jazz Concierto gratuito en Arequipa por el Día Internacional del Jazz Por Diario Sin Fronteras - 28 abril, 2025 - En AREQUIPA 813 Se presentarán grupos nacionales e internacionales. El Centro de las Artes de la Universidad Católica San Pablo (UCSP) se une a las celebraciones por el Día Internacional del Jazz, por ello invita al público arequipeño al concierto que se realizará en su sede ubicada en la calle Palacio Viejo 414, Cercado, este martes 29 de abril, como parte del noveno festival organizado por esta importante fecha. El concierto iniciará a las 19:00 horas y es de ingreso libre hasta completar aforo. Contará con las presentaciones en vivo de agrupaciones nacionales e internacionales como Motel Kaiju de Italia, Jan Türkoglu de Turquía, y de Arequipa, la reconocida banda La Mantequilla Big Band.  Este evento tiene por objetivo sensibilizar al público sobre las virtudes de la música jazz como una herramienta que fomenta la inclusión, el diálogo y la unidad. Por ello, el jazz ha sido declarado Patrimonio Cultural Inmaterial de la Humanidad , indicaron desde el Centro de las Artes de la UCSP. Otro de los objetivos del festival esrá brindar nuevos espacios a las nuevas generaciones de artistas y bandas locales que cultivan el jazz. Es preciso indicar que este noveno festival es una iniciativa del productor y músico Marcos Manrique, y como en anteriores ocasiones, esta presentación es coorganizada por la productora Punto Música y el Centro de las Artes de la San Pablo. Comentarios de Facebook También te puede interesar Puno: Intervienen al director de Energía y Minas por presunto uso indebido de camioneta en reunión privada El director regional de Energía y Minas, Edwin",2025-11-17T08:37:51.679389,2025-11-17T08:37:52.029381,2025-11-17T08:37:52.029385,Sin Fronteras,11037,"https://diariosinfronteras.com.pe/wp-content/uploads/2025/04/01ff5866-2bfd-4cef-b97d-70a6dd43381e-660x330.jpeg, https://diariosinfronteras.com.pe/wp-content/uploads/2020/06/dxt-nav.png",291,"El Centro de las Artes de la Universidad Católica San Pablo (UCSP) se une a las celebraciones por el Día Internacional del Jazz, por ello invita al público arequipeño al concierto que se realizará en su sede ubicada en la calle Palacio Viejo 414, Cercado, este martes 29 de abril, como parte del noveno festival organizado por esta importante fecha.",,Concierto gratuito en Arequipa por el Día Internacional del Jazz,https://diariosinfronteras.com.pe/2025/04/28/concierto-gratuito-en-arequipa-por-el-dia-internacional-del-jazz/
Desconocido,2612,General,"Inicio NACIONAL Martín Vizcarra irá a prisión preventiva por cinco meses porque  existe peligro de fuga  Martín Vizcarra irá a prisión preventiva por cinco meses porque  existe peligro de fuga  Por Diario Sin Fronteras - 13 agosto, 2025 - En NACIONAL 787 El juez Jorge Chávez Tamariz, de la Corte Superior Nacional, ordenó cinco meses de prisión preventiva para el expresidente Martín Vizcarra, acusado de haber recibido pagos ilícitos de constructoras cuando se desempeñaba como gobernador regional de Moquegua entre 2011 y 2014. La decisión se dio tras siete horas de audiencia, reduciendo en un mes el plazo solicitado por la Fiscalía, que había pedido seis meses. En su resolución, el magistrado sostuvo que el imputado no demostró arraigo laboral ni familiar suficiente. Indicó que las empresas para las que trabaja son de origen familiar y que los ingresos que percibe no son constantes. Además, sus hijos son mayores de edad y residen en distintas ciudades, lo que refuerza el riesgo de que pueda sustraerse de la justicia.  La presunción de inocencia sigue, pero puede ser condicionada , precisó Chávez Tamariz. La Fiscalía, representada por el fiscal Germán Juárez Atoche, atribuye a Vizcarra el haber recibido S  1 millón de la empresa Obrainsa en dos entregas, entre enero y abril de 2014, por la obra Lomas de Ilo; así como S  1.3 millones de ICCGSA entre 2014 y 2016, por la construcción del Hospital de Moquegua. Los pagos, según la acusación, se efectuaron a cambio de favorecer a las compañías en los procesos de licitación. Durante la audiencia, Vizcarra rechazó los cargos y reafirmó su confianza en el sistema judicial.  Hemos cumplido completamente todo lo que corresponde, señor juez, esperando que se cumpla la justicia. Yo sigo confiando en el Poder Judicial , declaró antes de conocer el fallo. Su abogado, Erwin Siccha, anunció que apelará la medida. El proceso se desarrolla en el marco de un juicio oral que podría derivar en una condena de hasta 15 años de prisión. La acusación contra el exmandatario se sustenta en testimonios de colaboradores eficaces y en registros de transferencias bancarias vinculadas a las obras mencionadas. Tras la lectura de la resolución, personal de la Policía Judicial condujo a Vizcarra a un penal donde cumplirá la medida cautelar, mientras se continúa con las audiencias programadas por el Cuarto Juzgado Colegiado de la Corte Superior Nacional. Comentarios de Facebook También te puede interesar Puno: Intervienen al director de Energía y Minas por presunto uso indebido de camioneta en reunión privada El director regional de Energía y Minas, Edwin",2025-11-17T08:37:51.679389,2025-11-17T08:37:52.028361,2025-11-17T08:37:52.028377,Sin Fronteras,11036,"https://diariosinfronteras.com.pe/wp-content/uploads/2025/08/IMG_20250813_161547_800_x_533_pixel-660x330.jpg, https://diariosinfronteras.com.pe/wp-content/uploads/2020/06/dxt-nav.png",425,,,Martín Vizcarra irá a prisión preventiva por cinco meses porque  existe peligro de fuga,https://diariosinfronteras.com.pe/2025/08/13/martin-vizcarra-ira-a-prision-preventiva-por-cinco-meses-porque-existe-peligro-de-fuga/
Desconocido,1360,General,"Inicio NACIONAL Partido de Martín Vizcarra afirma que expresidente dejará Barbadillo este jueves Partido de Martín Vizcarra afirma que expresidente dejará Barbadillo este jueves Por Diario Sin Fronteras - 4 septiembre, 2025 - En NACIONAL 391 El partido Perú Primero confirmó que Martín Vizcarra dejará el penal de Barbadillo este jueves, luego de que la Tercera Sala Penal Nacional de la Corte Superior de Justicia ordenara su liberación inmediata al conceder su apelación, la cual fue fundamentada en una reevaluación de su arraigo laboral y familiar. La medida, que se ejecutará a las 9:00 a.m. según informaron militantes del expresidente congregados en el exterior del establecimiento penitenciario, se produce tras tres semanas de reclusión y no implica la finalización del proceso en su contra, pues los cargos por los que fue investigado permanecen vigentes. El tribunal revocó la prisión preventiva al considerar que Vizcarra cumple con las condiciones de no fuga y conducta, un requisito procesal que modifica su situación legal pero no absuelve las acusaciones, manteniéndose la investigación bajo estricto cumplimiento de las reglas cautelares. Comentarios de Facebook También te puede interesar Puno: Intervienen al director de Energía y Minas por presunto uso indebido de camioneta en reunión privada El director regional de Energía y Minas, Edwin",2025-11-17T08:37:51.679389,2025-11-17T08:37:52.026675,2025-11-17T08:37:52.026683,Sin Fronteras,11035,"https://diariosinfronteras.com.pe/wp-content/uploads/2025/09/WhatsApp-Image-2025-09-03-at-8.09.26-PM-660x330.jpeg, https://diariosinfronteras.com.pe/wp-content/uploads/2020/06/dxt-nav.png",208,,,Partido de Martín Vizcarra afirma que expresidente dejará Barbadillo este jueves,https://diariosinfronteras.com.pe/2025/09/04/partido-de-martin-vizcarra-afirma-que-expresidente-dejara-barbadillo-este-jueves/
Desconocido,1354,General,"Inicio NACIONAL Martín Vizcarra tras su exclusión de encuestas:  Estoy en el corazón del pueblo  Martín Vizcarra tras su exclusión de encuestas:  Estoy en el corazón del pueblo  Por Diario Sin Fronteras - 9 agosto, 2025 - En NACIONAL 867 El expresidente Martín Vizcarra reaccionó a la orden del Jurado Electoral Especial (JEE) de Lima Centro 1 que prohíbe a las encuestadoras incluirlo en mediciones de intención de voto por estar inhabilitado para ejercer cargos públicos. A pesar de esta restricción, Vizcarra sostuvo que su vínculo con la ciudadanía permanece intacto.  Si quieren me ponen o no en las encuestas. Pero lo que sí, yo estoy seguro: podré no estar en las encuestas, pero estoy en el corazón de la población peruana , declaró. Además, insistió en que su inhabilitación no limita su rol como ciudadano ni su libertad de expresión. La disposición del JEE se emitió luego de que el nombre de Vizcarra apareciera en un sondeo de la encuestadora CPI. Aunque el órgano electoral no abrió un procedimiento sancionador contra la empresa, advirtió que estos casos podrían inducir a error al electorado rumbo a las elecciones generales de 2026. Comentarios de Facebook También te puede interesar Puno: Intervienen al director de Energía y Minas por presunto uso indebido de camioneta en reunión privada El director regional de Energía y Minas, Edwin",2025-11-17T08:37:51.679389,2025-11-17T08:37:52.023170,2025-11-17T08:37:52.023175,Sin Fronteras,11034,"https://diariosinfronteras.com.pe/wp-content/uploads/2025/08/vizcarra-martin-800x533-1-660x330.jpg, https://diariosinfronteras.com.pe/wp-content/uploads/2020/06/dxt-nav.png",223,,,Martín Vizcarra tras su exclusión de encuestas:  Estoy en el corazón del pueblo,https://diariosinfronteras.com.pe/2025/08/09/martin-vizcarra-tras-su-exclusion-de-encuestas-estoy-en-el-corazon-del-pueblo/
Desconocido,1593,General,"Inicio NACIONAL PJ rechaza archivar segunda acusación contra Martín Vizcarra por presunto delito de colusión PJ rechaza archivar segunda acusación contra Martín Vizcarra por presunto delito de colusión Por Diario Sin Fronteras - 16 agosto, 2025 - En NACIONAL 707 El Poder Judicial (PJ) declaró infundado el recurso presentado por la defensa de Martín Vizcarra para archivar la acusación por colusión, relacionada a presuntos sobornos recibidos cuando fue gobernador regional de Moquegua. Así, el expresidente, quien cumple cinco meses de prisión preventiva por presunto delito de cohecho en el penal de Barbadillo, ubicado en el distrito de Ate, continuará procesado por este segundo supuesto delito, colusión. Según la Fiscalía, Vizcarra Cornejo habría pactado con delegados de Obrainsa e ICCGSA favorecerlos con obras a cambio de coimas. La defensa alegó que el exgobernador no tenía competencia en los procesos de contratación. El juez sostuvo que el exgobernador si bien no tenía que ver con las licitaciones, sí estaba en la facultad de desaprobar los otorgamientos de la buena pro, que al final no lo hizo. Por lo que el proceso por colusión sigue. La próxima audiencia de control de acusación por esta segunda acusación se realizará el lunes 25 de agosto, mientras que el martes 19 seguirá el juicio que enfrenta por cohecho pasivo, delito por el que se le pide 15 años de prisión. Comentarios de Facebook También te puede interesar Puno: Intervienen al director de Energía y Minas por presunto uso indebido de camioneta en reunión privada El director regional de Energía y Minas, Edwin",2025-11-17T08:37:51.679389,2025-11-17T08:37:52.020697,2025-11-17T08:37:52.020700,Sin Fronteras,11033,"https://diariosinfronteras.com.pe/wp-content/uploads/2025/08/orig-1755373942906-660x330.jpg, https://diariosinfronteras.com.pe/wp-content/uploads/2020/06/dxt-nav.png",256,,,PJ rechaza archivar segunda acusación contra Martín Vizcarra por presunto delito de colusión,https://diariosinfronteras.com.pe/2025/08/16/pj-rechaza-archivar-segunda-acusacion-contra-martin-vizcarra-por-presunto-delito-de-colusion/
Desconocido,1850,General,"Inicio NACIONAL Martín Vizcarra y Ollanta Humala, vecinos de celda en penal de Barbadillo: comparten área común Martín Vizcarra y Ollanta Humala, vecinos de celda en penal de Barbadillo: comparten área común Por Redacción Diario Sin Fronteras - 19 agosto, 2025 - En NACIONAL 414 Mario Vizcarra, hermano del expresidente Martín Vizcarra, brindó detalles sobre la situación carcelaria que atraviesa el exmandatario en el penal de Barbadillo, en Ate. En entrevista en Exitosa, reveló que Vizcarra comparte un área común con el también expresidente Ollanta Humala.  Él comparte un área común con el expresidente (Ollanta) Humala.  Conversa con él? No hay mucho con quién conversar. Aún no ha visto a Castillo, es muy difícil, no creo que vaya a verlo. Además, el periodo va a ser muy corto, no creo que tenga tiempo de ubicarlos , señaló Mario Vizcarra. El hermano del exjefe de Estado también indicó que, según su percepción, Martín Vizcarra  pronto saldrá en libertad , por lo que considera que no tendrá tiempo para establecer contacto con otros exmandatarios recluidos en el penal, como Pedro Castillo y Alejandro Toledo. Asimismo, recordó su experiencia al visitarlo en el primer día de reclusión, destacando la serenidad con la que lo encontró pese a la prisión preventiva dictada en su contra.  No es la primera vez que recibe golpes tan duros. Él mantenía una serenidad que quiso contagiar a sus familiares , relató. El penal de Barbadillo, administrado por el INPE, alberga actualmente a varios expresidentes del Perú procesados o condenados por casos de corrupción, entre ellos Ollanta Humala, Alejandro Toledo y Pedro Castillo. Comentarios de Facebook También te puede interesar La  cárcel dorada  de Betssy Chávez: así vive sus días la expremier en lujosa residencia diplomática en San Isidro La residencia diplomática mexicana, ubicada en el",2025-11-17T08:37:51.679389,2025-11-17T08:37:52.019945,2025-11-17T08:37:52.019952,Sin Fronteras,11032,"https://diariosinfronteras.com.pe/wp-content/uploads/2025/08/VIZCARRA-Y-HUMALA-SON-VECINOS-DE-CELDA-600x330.jpg, https://diariosinfronteras.com.pe/wp-content/uploads/2020/06/dxt-nav.png",297,,,"Martín Vizcarra y Ollanta Humala, vecinos de celda en penal de Barbadillo: comparten área común",https://diariosinfronteras.com.pe/2025/08/19/martin-vizcarra-y-ollanta-humala-vecinos-de-celda-en-penal-de-barbadillo-comparten-area-comun/
Desconocido,2045,General,"Inicio NACIONAL Ley asegura destitución automática de docentes condenados por delitos graves Ley asegura destitución automática de docentes condenados por delitos graves Por Diario Sin Fronteras - 12 enero, 2025 - En NACIONAL 602 Ayer se publicó la nueva norma. El Congreso de la República publicó ayer una norma que establece la destitución automática y permanente inhabilitación de directores, profesores, auxiliares y personal administrativo de instituciones educativas, tanto públicas como privadas, que sean condenados por delitos graves. La Ley 32242, publicada en el cuadernillo de Normas Legales del Diario Oficial El Peruano, modifica el artículo 49 de la Ley 29944, Ley de Reforma Magisterial, en las que se detalla las faltas que ameritan una destitución sin necesidad de un proceso administrativo. Entre los delitos que incluyen la destitución automática están las condenas por delitos dolosos, especialmente aquellos relacionados con crímenes contra la libertad sexual, terrorismo, tráfico ilícito de drogas y otros delitos graves estipulados en el Código Penal. Además, la ley refuerza las medidas disciplinarias para docentes que incurran en actos de violencia o maltrato hacia los estudiantes, hostigamiento sexual, inasistencia injustificada, y otras conductas que vulneren los derechos fundamentales dentro del ámbito educativo. El artículo modificado también precisa que la destitución será de oficio y no requerirá proceso administrativo para aquellos que hayan sido condenados por los delitos mencionados. De esta manera, los infractores quedarán inhabilitados de manera permanente para ingresar o reingresar a la Carrera Pública Magisterial y podrán ser apartados de sus funciones con carácter inmediato. Asimismo, se establece un plazo de 60 días para adecuar el Reglamento de la Ley 29944 a las nuevas disposiciones. Comentarios de Facebook También te puede interesar Puno: Intervienen al director de Energía y Minas por presunto uso indebido de camioneta en reunión privada El director regional de Energía y Minas, Edwin",2025-11-17T08:37:51.679389,2025-11-17T08:37:52.012609,2025-11-17T08:37:52.012613,Sin Fronteras,11031,"https://diariosinfronteras.com.pe/wp-content/uploads/2025/01/001133714W-1-660x330.jpg, https://diariosinfronteras.com.pe/wp-content/uploads/2020/06/dxt-nav.png",301,"El Congreso de la República publicó ayer una norma que establece la destitución automática y permanente inhabilitación de directores, profesores, auxiliares y personal administrativo de instituciones educativas, tanto públicas como privadas, que sean condenados por delitos graves.",,Ley asegura destitución automática de docentes condenados por delitos graves,https://diariosinfronteras.com.pe/2025/01/12/ley-asegura-destitucion-automatica-de-docentes-condenados-por-delitos-graves/
Desconocido,1687,General,"Inicio AREQUIPA Arequipa: Entregan más de 150 lentes de lectura a adultos mayores de Socabaya Arequipa: Entregan más de 150 lentes de lectura a adultos mayores de Socabaya Por Redacción Diario Sin Fronteras - 12 marzo, 2025 - En AREQUIPA 475 Entregan más de 150 lentes de lectura a adultos mayores de Socabaya La Municipalidad Distrital de Socabaya y el Programa Nacional de Asistencia Solidaria Pensión 65 desarrollaron en la plaza principal de la jurisdicción,la Campaña de Entrega de Lentes de Lectura a los Adultos Mayores del distrito, potenciales usuarios de Pensión 65, habiéndose entregado más de 150 anteojos. Para la entrega de lentes, los adultos mayores fueron evaluados ocularmente para determinar la medida de las gafas que usarán y que les permitirán una mejor lectura, visión y entretenimiento. En esta acción de apoyo social estuvieron presentes el alcalde de Socabaya, Roberto Muñoz Pinto, el jefe de Operaciones a nivel nacional del Programa Pensión 65, Gustavo Olivos, y el jefe de la Unidad Territorial de Arequipa, Marlon Candia Huarachi. Por su parte, la autoridad municipal dijo que se viene trabajando por la salud y el bienestar de los adultos mayores, refiriendo que en el distrito son 345 adultos mayores los beneficiarios del programa Pensión 65. Cabe indicar que, de acuerdo al programa Pensión 65, a partir del mes de junio de este año la subvención económica se incrementará de 250 soles a 350 soles. La entrega de la pensión es bimestral. Comentarios de Facebook También te puede interesar La  cárcel dorada  de Betssy Chávez: así vive sus días la expremier en lujosa residencia diplomática en San Isidro La residencia diplomática mexicana, ubicada en el",2025-11-17T08:37:51.679389,2025-11-17T08:37:52.011804,2025-11-17T08:37:52.011834,Sin Fronteras,11030,"https://diariosinfronteras.com.pe/wp-content/uploads/2025/03/WhatsApp-Image-2025-03-12-at-08.50.13-660x330.jpeg, https://diariosinfronteras.com.pe/wp-content/uploads/2020/06/dxt-nav.png",274,"La Municipalidad Distrital de Socabaya y el Programa Nacional de Asistencia Solidaria Pensión 65 desarrollaron en la plaza principal de la jurisdicción,la Campaña de Entrega de Lentes de Lectura a los Adultos Mayores del distrito, potenciales usuarios de Pensión 65, habiéndose entregado más de 150 anteojos.",,Arequipa: Entregan más de 150 lentes de lectura a adultos mayores de Socabaya,https://diariosinfronteras.com.pe/2025/03/12/arequipa-entregan-mas-de-150-lentes-de-lectura-a-adultos-mayores-de-socabaya/
Desconocido,1063,General,"Inicio PUNO Juliaca: Anciano pide ser parte del programa Pensión 65 Juliaca: Anciano pide ser parte del programa Pensión 65 Por Diario Sin Fronteras - 14 junio, 2025 - En PUNO 519 Jesús Mamani Mollinedo. Jesús Mamani Mollinedo, un varón de la tercera edad de 78 años, salió ante los medios de comunicación para denunciar que a pesar de cumplir los requisitos para ser beneficiarios de Pensión 65 a la fecha no sería considerado en este programa social.  Me he empadronado en el 2021, me hicieron firmar una declaración jurada, la firme en el 2022, y no me dan mi pensión, no está mi nombre, he ido a SISFOH y me dicen que converse con un licenciado que lo he encontrado en el Banco de la Nación y me dice que pensión 65 es solo para la zona rural, y que tengo que ir al concejo, peor no me dan solución, estoy desde el 2021 y no me dan una solución , señaló. Comentarios de Facebook También te puede interesar Puno: Intervienen al director de Energía y Minas por presunto uso indebido de camioneta en reunión privada El director regional de Energía y Minas, Edwin",2025-11-17T08:37:51.679389,2025-11-17T08:37:52.005538,2025-11-17T08:37:52.005542,Sin Fronteras,11029,"https://diariosinfronteras.com.pe/wp-content/uploads/2025/06/abuelito-660x330.jpg, https://diariosinfronteras.com.pe/wp-content/uploads/2020/06/dxt-nav.png",195,,,Juliaca: Anciano pide ser parte del programa Pensión 65,https://diariosinfronteras.com.pe/2025/06/14/juliaca-anciano-pide-ser-parte-del-programa-pension-65/
Desconocido,1559,General,"Inicio TACNA Tacna: Ladrón roba camioneta edil y cae en la Panamericana Tacna: Ladrón roba camioneta edil y cae en la Panamericana Por Redacción Diario Sin Fronteras - 17 marzo, 2025 - En TACNA 1179 Ladrón roba camioneta edil y cae en la Panamericana Un ladrón hurtó una camioneta del municipio Alto de la Alianza estacionada en la plaza Quiñones y una hora después la Policía Nacional lo capturó cuando salía de la ciudad manejando el vehículo edil. El subgerente de Gestión Ambiental Jorge Luis Arenas Parisuaña había dejado estacionada la camioneta municipal de placa EGG-906 con la llave de contacto al interior, en la plaza Quiñones a las 8:00 horas del domingo. Al retornar diez minutos después el funcionario no halló la camioneta y puso la denuncia en la Unidad de Prevención e Investigación de Robos Vehiculares (UPIRV). Efectivos policiales de la Unidad de Carreteras de Camiara también recibieron la alerta y a las 9:20 horas capturaron la camioneta municipal en el km 1268, a la altura del distrito de Sama, cuando circulaba en dirección al norte. El chofer fue identificado como Rolando Jorge Galván Céspedes (27), natural de Lima, y domiciliado en el distrito de Chorrillos de la capital de la República. El hombre quedó detenido por el delito de hurto agravado y fue derivado con el vehículo a la UPIRV para las investigaciones. Comentarios de Facebook También te puede interesar La  cárcel dorada  de Betssy Chávez: así vive sus días la expremier en lujosa residencia diplomática en San Isidro La residencia diplomática mexicana, ubicada en el",2025-11-17T08:37:51.679389,2025-11-17T08:37:52.003263,2025-11-17T08:37:52.003271,Sin Fronteras,11028,"https://diariosinfronteras.com.pe/wp-content/uploads/2025/03/abri-alternativaaaa-660x330.jpg, https://diariosinfronteras.com.pe/wp-content/uploads/2020/06/dxt-nav.png",259,Un ladrón hurtó una camioneta del municipio Alto de la Alianza estacionada en la plaza Quiñones y una hora después la Policía Nacional lo capturó cuando salía de la ciudad manejando el vehículo edil.,,Tacna: Ladrón roba camioneta edil y cae en la Panamericana,https://diariosinfronteras.com.pe/2025/03/17/tacna-ladron-roba-camioneta-edil-y-cae-en-la-panamericana/
Desconocido,1368,General,"Inicio NACIONAL Hermano de Martín Vizcarra sobre su posible traslado a Lurigancho:  Una vez más buscan hacerle daño  Hermano de Martín Vizcarra sobre su posible traslado a Lurigancho:  Una vez más buscan hacerle daño  Por Diario Sin Fronteras - 21 agosto, 2025 - En NACIONAL 884 El hermano de Martín Vizcarra se pronunció sobre su posible traslado a Lurigancho y asegura que se intenta perjudicar al expresidente con decisiones apresuradas, pues la reciente resolución del INPE crea una nueva comisión clasificadora que anula la previa. Este cambio, según Mario Vizcarra, no solo sorprende a la familia, sino que también alimenta la percepción de un trato diferenciado frente a otros exmandatarios que permanecieron en Barbadillo sin cuestionamientos. El hermano del exjefe de Estado expresó su rechazo porque considera que la medida es un agravio innecesario, ya que trasladarlo a un penal común pondría en riesgo su seguridad. Aunque admite que la incertidumbre afecta emocionalmente a la familia, señaló que es el propio Martín Vizcarra quien los tranquiliza, lo que refleja, a su juicio, la fortaleza y serenidad con la que enfrenta esta nueva etapa judicial. Comentarios de Facebook También te puede interesar Puno: Intervienen al director de Energía y Minas por presunto uso indebido de camioneta en reunión privada El director regional de Energía y Minas, Edwin",2025-11-17T08:37:51.679389,2025-11-17T08:37:52.001359,2025-11-17T08:37:52.001364,Sin Fronteras,11027,"https://diariosinfronteras.com.pe/wp-content/uploads/2025/08/httpswww.vtv_.com_.hningreso-usuario-2025-08-21T135644.958-800x450-1-660x330.jpg, https://diariosinfronteras.com.pe/wp-content/uploads/2020/06/dxt-nav.png",216,,,Hermano de Martín Vizcarra sobre su posible traslado a Lurigancho:  Una vez más buscan hacerle daño,https://diariosinfronteras.com.pe/2025/08/21/hermano-de-martin-vizcarra-sobre-su-posible-traslado-a-lurigancho-una-vez-mas-buscan-hacerle-dano/
Desconocido,1514,General,"Inicio NACIONAL El salario de los docentes de educación superior tecnológica subirán entre S  400 y S  1040 El salario de los docentes de educación superior tecnológica subirán entre S  400 y S  1040 Por Diario Sin Fronteras - 15 septiembre, 2024 - En NACIONAL 540 El salario de los docentes de educación superior tecnológica subirán entre S  400 y S  1040 El Ejecutivo propone incrementar la Remuneración Íntegra Mensual Superior (RIMS) de los docentes de educación superior tecnológica entre S 4 400 y S  1040, de acuerdo a la categoría. De acuerdo al proyecto de ley, el aumento se daría desde noviembre y alcanzaría a 14 841 educadores. Los de primera categoría ganarían S  3174 y los de categoría 5, S  8254. En tanto, el sueldo de los docentes de educación superior pedagógica será nivelada al 160  de la RIMS, por lo que tanto nombrados como contratados ganarían S  5399. Dentro de la propuesta legislativa también se incluirán a los docentes de los institutos de los ministerios de Defensa, Comercio Exterior y Turismo, la Universidad Nacional de Música, de la Universidad Nacional de Arte Diego Quispe Tito del Cusco y de la Universidad Nacional Daniel Alomía Robles. El ministro de Educación Morgan Quero dio a conocer que esta medida demandará una inversión de 28 millones de soles para el 2024 y 16804 millones de soles para el 2025. Comentarios de Facebook También te puede interesar Cientos de jóvenes puneños rinden examen de preselección para Beca 18 Aspirantes de toda la región participaron en la",2025-11-17T08:37:51.679389,2025-11-17T08:37:51.994330,2025-11-17T08:37:51.994334,Sin Fronteras,11026,"https://diariosinfronteras.com.pe/wp-content/uploads/2024/09/000807849M-500x330.jpg, https://diariosinfronteras.com.pe/wp-content/uploads/2020/06/dxt-nav.png",255,"El Ejecutivo propone incrementar la Remuneración Íntegra Mensual Superior (RIMS) de los docentes de educación superior tecnológica entre S 4 400 y S  1040, de acuerdo a la categoría.",,El salario de los docentes de educación superior tecnológica subirán entre S  400 y S  1040,https://diariosinfronteras.com.pe/2024/09/15/el-salario-de-los-docentes-de-educacion-superior-tecnologica-subiran-entre-s-400-y-s-1040/
Desconocido,2140,General,"Inicio TACNA Evalúan suspensión de clases por bajas temperaturas Evalúan suspensión de clases por bajas temperaturas Por Diario Sin Fronteras - 12 julio, 2024 - En TACNA 652 Evalúan suspensión temporal de clases por bajas temperaturas El director regional de Educación de Tacna, Aldo Espinoza Rodríguez, adelantó que evaluarán la suspensión temporal de clases si se registrara un fuerte descenso de temperaturas en las zonas altas ubicadas por encima de los 3 metros sobre el nivel del mar, donde hay cerca de 65 colegios. Serían alrededor de 1200 estudiantes y 80 profesores los afectados en colegios que se sitúan en sectores como Palca, Alto Perú, Kallapuma y otros.  Los niños se trasladan de un lugar lejano a otro, y cuando hay bajas temperaturas se registra el incremento de nieve, lo que no permite un libre desplazamiento. Mientras haya un descenso de temperatura excesivo se priorizará una suspensión temporal, que dependerá del tiempo que dure la helada para que los menores se resguarden en sus hogares , anotó. Asimismo, el funcionario señaló que por las vacaciones escolares de medio año, que se iniciarán el 19 de julio, los menores de edad tendrán quince días de descanso y se espera que en ese tiempo las condiciones climáticas mejoren. Anotó que se dispone de un plan de contingencia por el que se conformó cuatro espacios de monitorización y seguimiento en cada UGEL de la región, los cuales a la fecha no han identificado ningún reporte de estudiantes con problemas de salud por la temporada de frío. COMPETITIVIDAD Más adelante el director regional de Educación señaló que de los siete indicadores que evaluó el Índice de Competitividad Regional (Incore) en lo que corresponde a competitividad en educación Tacna perdió posiciones en los relacionados a asistencia y permanencia de los estudiantes a causa de la migración de escolares de origen extranjero que abandonaron los servicios educativos de la región, lo que los dejó en calidad de desertores Comentarios de Facebook También te puede interesar Cientos de jóvenes puneños rinden examen de preselección para Beca 18 Aspirantes de toda la región participaron en la",2025-11-17T08:37:51.679389,2025-11-17T08:37:51.992089,2025-11-17T08:37:51.992109,Sin Fronteras,11025,"https://diariosinfronteras.com.pe/wp-content/uploads/2024/07/3-A-3-660x330.jpeg, https://diariosinfronteras.com.pe/wp-content/uploads/2020/06/dxt-nav.png",348,"El director regional de Educación de Tacna, Aldo Espinoza Rodríguez, adelantó que si se registrara un fuerte descenso de temperaturas en las zonas altas ubicadas por encima de los 3 metros sobre el nivel del mar, donde hay cerca de 65 colegios, se evaluará tomar como primera medida la suspensión temporal de clases.",,Evalúan suspensión de clases por bajas temperaturas,https://diariosinfronteras.com.pe/2024/07/12/clases/
Desconocido,3490,General,"Inicio TECNOLOGIAINNOVACIÓN PERUANA Me han hackeado: Desnudando el secreto bancario Me han hackeado: Desnudando el secreto bancario Por Felipe Zucchetti Galdos   Emprendedor - 11 noviembre, 2024 - En INNOVACIÓN PERUANA 329 Me han hackeado desnudando el secreto bancario El reciente caso peruano de Interbank, presuntamente, ha permitido DESNUDAR el secreto bancario de miles de clientes de este banco. Pero esto recién empieza para todos. En la actualidad, el término  hacker  es muy conocido, pero a menudo malinterpretado. Un hacker es una persona que tiene habilidades avanzadas en informática y programación. Estas habilidades les permiten entender y manipular sistemas informáticos y redes. Sin embargo, no todos los hackers tienen las mismas intenciones. Es crucial conocer los diferentes tipos de hackers y sus motivaciones. 1. Hackers Éticos (White Hat) Los hackers éticos son los  buenos  en el mundo de la ciberseguridad. Utilizan sus habilidades para ayudar a las empresas y organizaciones a protegerse contra ataques cibernéticos. Identifican vulnerabilidades en sistemas y redes, y trabajan para corregirlas. 2. Hackers Maliciosos (Black Hat) Por otro lado, los hackers maliciosos, conocidos como  black hats , son aquellos que utilizan sus conocimientos para causar daño o robar información. Realizan actividades ilegales, como el robo de datos personales, el fraude financiero y ataques a sistemas críticos. 3. Hackers de Sombrero Gris (Gray Hat) Los hackers de sombrero gris se encuentran en una zona intermedia. A veces, pueden explorar sistemas sin permiso, pero generalmente lo hacen con la intención de ayudar a la organización, informando sobre las vulnerabilidades que descubren. Aunque sus acciones pueden ser cuestionables desde el punto de vista legal, su objetivo suele ser positivo. Pero hay que reconocerles la chamba    . 4. Script Kiddies Este término se refiere a personas que no tienen mucha experiencia técnica pero que utilizan herramientas y scripts creados por otros hackers para realizar ataques. A menudo, actúan sin comprender completamente lo que están haciendo. En América Latina, la accesibilidad a estas herramientas ha crecido, lo que ha llevado a un aumento en la actividad de los script kiddies, quienes pueden causar problemas aunque no sean hackers expertos. 5. Hackers Sociales (Social Engineers) Los hackers sociales se especializan en manipular a las personas para obtener información confidencial. Utilizan tácticas de engaño, como el phishing, donde envían correos electrónicos falsos que parecen legítimos para que las personas revelen contraseñas o datos sensibles. Y ya que hoy estamos hablando de desnudos, tengo el gusto de felicitar a Factum Producciones, por siempre estar innovando en el teatro. Esta vez llega con su tragicomedia NUDISTA  Pieles . Felicito a los directores y productores Kike Torres y Javier Solórzano por su excelente trabajo. A Karen Galindo, a Brigitt Paz y a Yuri Frias que hackearon el corazón de todos los asistentes. Y esta semana voy a sortear un par de entradas para que dos suertud s puedan asistir a la última fecha disponible este 18 de noviembre en el Teatro Auditorio de Miraflores en Lima. Escribe un correo hasta el viernes 15 de noviembre a academiasingularidad gmail.com con el asunto: PIELES, indicando qué es lo que más te gusta de la innovación peruana y participa en el sorteo. Comentarios de Facebook También te puede interesar  El éxito o la felicidad? TÚ NO TE IMAGINAS que, al entrar a",2025-11-17T08:37:51.679389,2025-11-17T08:37:51.990584,2025-11-17T08:37:51.990606,Sin Fronteras,11024,"https://diariosinfronteras.com.pe/wp-content/uploads/2024/11/Me-han-hackeado-desnudando-el-secreto-bancario.jpg, https://diariosinfronteras.com.pe/wp-content/uploads/2020/06/dxt-nav.png",542,Me han hackeado: Desnudando el secreto bancario,,Me han hackeado: Desnudando el secreto bancario,https://diariosinfronteras.com.pe/2024/11/11/me-han-hackeado-desnudando-el-secreto-bancario/
Desconocido,2706,General,"Inicio AREQUIPA Arequipa: Alcalde solicitará que inicio de año escolar sea aplazado Arequipa: Alcalde solicitará que inicio de año escolar sea aplazado Por Redacción Diario Sin Fronteras - 25 febrero, 2025 - En AREQUIPA 764 Alcalde solicitará que inicio de año escolar sea aplazado El alcalde de Arequipa, Víctor Hugo Rivera Chávez, solicitará una reunión con la Gerencia Regional de Educación para evaluar el retraso del inicio de clases escolares, previsto para colegios públicos el 17 de marzo. La medida responde a las malas condiciones en las que se encuentran varias instituciones educativas del Cercado, afectadas por las intensas lluvias registradas en las últimas semanas. Así lo informó Diego Ayca, subgerente de Riesgos y Desastres de la Municipalidad Provincial de Arequipa (MPA). El funcionario municipal informó que esto responde a las situaciones evidenciadas en las inspecciones realizadas a distintos colegios, donde se detectaron daños significativos como goteras, paredes humedecidas y riesgos eléctricos, lo que pone en peligro la seguridad de los estudiantes y el personal docente. Frente a esta situación y teniendo en cuenta que los mantenimientos no se podrán realizar todavía en unas semanas debido a que, para hacerlos, se requieren al menos quince días para que los techos sequen, así como las paredes y otras infraestructuras, y ello no ocurrirá porque las lluvias continuarán hasta marzo, según pronósticos de Senamhi, el alcalde Rivera propondrá iniciar clases de manera virtual. Mientras sucede ello, los directores deben disponer labores de mantenimiento en los colegios, y una vez finalizados ya los estudiantes podrían integrarse de manera presencial. Con esta alternativa, se busca garantizar la continuidad educativa sin exponer a los alumnos a instalaciones inseguras. DAÑOS EN COLEGIOS Es importante mencionar que en inspecciones realizadas por la municipalidad de Arequipa se detectó que en el Colegio Independencia Americana hay filtraciones en techos y paredes, conexiones eléctricas deterioradas y falta de equipos de seguridad, como extintores y sistemas contra incendios. En tanto, en la I.E. 40015 Vallecito, la humedad acumulada ha deteriorado las conexiones eléctricas y provocado rajaduras en los techos. En el Colegio de Señoritas Juana Cervantes, además de filtraciones y problemas eléctricos, se detectaron desprendimientos de losetas de drywall en el auditorio y grietas en varios pabellones, por lo que hay el riesgo de que se desplomen. Comentarios de Facebook También te puede interesar La  cárcel dorada  de Betssy Chávez: así vive sus días la expremier en lujosa residencia diplomática en San Isidro La residencia diplomática mexicana, ubicada en el",2025-11-17T08:37:51.679389,2025-11-17T08:37:51.985355,2025-11-17T08:37:51.985360,Sin Fronteras,11023,"https://diariosinfronteras.com.pe/wp-content/uploads/2025/02/a-48-660x330.jpeg, https://diariosinfronteras.com.pe/wp-content/uploads/2020/06/dxt-nav.png",409,"El alcalde de Arequipa, Víctor Hugo Rivera Chávez, solicitará una reunión con la Gerencia Regional de Educación para evaluar el retraso del inicio de clases escolares, previsto para colegios públicos el 17 de marzo.",,Arequipa: Alcalde solicitará que inicio de año escolar sea aplazado,https://diariosinfronteras.com.pe/2025/02/25/arequipa-alcalde-solicitara-que-inicio-de-ano-escolar-sea-aplazado/
Desconocido,2385,General,"Inicio AREQUIPA Solo el 29.7  de alumnos de secundaria en Arequipa entienden lo leído Solo el 29.7  de alumnos de secundaria en Arequipa entienden lo leído Por Diario Sin Fronteras - 19 mayo, 2024 - En AREQUIPA 887 Las cosas se complicaron aún más para los alumnos luego de la pandemia de la covid-19. Los aprendizajes en la región Arequipa continúan por debajo de niveles alcanzados antes de la pandemia de la covid-19, así lo demuestran los resultados de la Evaluación Censal de Estudiantes (ECE) del año 2023. Esta situación, que en la actualidad parece inofensiva, ocasionaría que en un futuro dichos estudiantes obtengan un 12  menos de ingresos, señaló Patricio Lewis, investigador de la Red de Estudios para el Desarrollo (REDES). De acuerdo a la evaluación censal, en el área de Matemática, solo el 33  de estudiantes del cuarto grado de primaria evidenció un aprendizaje satisfactorio. En tanto, en el nivel secundario, solo el 20.7  lo hizo. Es decir, más del 50  de estudiantes no comprende ni resuelve los ejercicios numéricos asignados por sus docentes. En el área de Comprensión Lectora, la situación no es mejor, pues solo el 44  de los alumnos del cuarto grado de primaria obtuvo niveles satisfactorios. Mientras que en secundaria, solo el 29.7  de estudiantes del segundo año consiguió niveles satisfactorios. Según Lewis, los resultados revelan que solo 3 de cada diez jóvenes de secundaria comprenden lo que leen, lo cual es preocupante, pues están a pocos años de ingresar a la universidad. Sin embargo, con los problemas de aprendizaje que arrastran solo se puede augurar que las brechas de pobreza crecerán, pues estos profesionales tendrán menor productividad, por lo que recibirán también menores salarios. Se calcula que podrían percibir hasta un 12  menos del sueldo actual. El director de Gestión Pedagógica de la Gerencia Regional de Educación, Wílver Gómez, señaló que esta situación solo se puede revertir si se cambian algunas cosas, por ejemplo, que el Ministerio de Educación transfiera un mayor presupuesto a los colegios para contratar a docentes que se encarguen de nivelar a los estudiantes en horarios fuera de clases. Otro problema es que el 26  de estudiantes también trabaja. Comentarios de Facebook También te puede interesar Cientos de jóvenes puneños rinden examen de preselección para Beca 18 Aspirantes de toda la región participaron en la",2025-11-17T08:37:51.679389,2025-11-17T08:37:51.981059,2025-11-17T08:37:51.981064,Sin Fronteras,11022,"https://diariosinfronteras.com.pe/wp-content/uploads/2024/05/000445317W-660x330.jpg, https://diariosinfronteras.com.pe/wp-content/uploads/2020/06/dxt-nav.png",386,,,Solo el 29.7  de alumnos de secundaria en Arequipa entienden lo leído,https://diariosinfronteras.com.pe/2024/05/19/solo-el-29-7-de-alumnos-de-secundaria-en-arequipa-entienden-lo-leido/
Desconocido,2168,General,"Inicio NACIONAL Movilizaciones contra el gobierno de José Jerí continuarán en Puno Movilizaciones contra el gobierno de José Jerí continuarán en Puno Por Redacción Diario Sin Fronteras - 19 mins atrás - En NACIONAL, PUNO 17 Dirigentes de gremios y organizaciones no cesarán las movilizaciones contra el gobierno de José Jerí. El rechazo contra el mandatario se debe a que fue él quien sustentó el informe que archiva la denuncia constitucional por las muertes en protesta durante el 2022 y 2023. Las dos marchas convocadas para el 14 y 15 de octubre no tuvieron la acogida esperada en el altiplano, porque los quechuas, quechuas y aymaras están en periodo de siembra. No obstante, se declararon en reunión permanente ante la llegada de cualquier político de derecha y el arribo de Jerí al altiplano puneño. Jean Villanueva, miembro de una de las facciones de la Generación Z, señaló que Puno es una región pujante que, siempre que sea posible, vendrán desde la capital a apoyar toda manifestación de reivindicación por justicia por todas aquellas personas que perdieron la vida en el 2023. Ana María Coaquira, dirigente quechua de Azángaro, aseguró que, pese a que la movilización no fue masiva en las calles, alegó que la resistencia continua porque Puno no ha cambiado su posición contra el gobierno.  Desde el campo seguimos en protesta. En este momento todos estamos trabajando la tierra porque es época de siembra hasta el ocho de diciembre. Pero eso de ningún modo implica que retrocedamos. No queremos a nadie de Lima. Nos rechazamos. No olvidamos todo lo que nos maltrataron , dijo. Para este sábado se programó movilización en Juliaca. Tampoco hubo convocatoria. Pero al final se aprobaron nuevas acciones en coordinación con los deudos de las 18 víctimas del 09 de enero de 2021. Raúl Samillan, presidente de la asociación de víctimas, indicó que estarán presentes en todas las acciones que ayuden a encontrar justicia por sus seres queridos. Comentarios de Facebook También te puede interesar La  cárcel dorada  de Betssy Chávez: así vive sus días la expremier en lujosa residencia diplomática en San Isidro La residencia diplomática mexicana, ubicada en el",2025-11-17T08:37:51.679389,2025-11-17T08:37:51.978213,2025-11-17T08:37:51.978219,Sin Fronteras,11021,"https://diariosinfronteras.com.pe/wp-content/uploads/2025/11/6918f445f7f13d03680b61ac-660x330.webp, https://diariosinfronteras.com.pe/wp-content/uploads/2020/06/dxt-nav.png",356,Movilizaciones contra el gobierno de José Jerí continuarán en Puno,,Movilizaciones contra el gobierno de José Jerí continuarán en Puno,https://diariosinfronteras.com.pe/2025/11/16/movilizaciones-contra-el-gobierno-de-jose-jeri-continuaran-en-puno/
Desconocido,2745,General,"Inicio PUNO Puno: Alcalde de Chucuito en la  cuerda floja  Puno: Alcalde de Chucuito en la  cuerda floja  Por Redacción Diario Sin Fronteras - 10 marzo, 2025 - En PUNO 1526 Alcalde de Chucuito en la  cuerda floja  El alcalde distrital de Chucuito, Yuri Arce Zea, enfrenta una delicada situación tras la decisión del Jurado Nacional de Elecciones (JNE) de emitir un apercibimiento en su contra y la de los regidores por presuntas irregularidades en el proceso de vacancia por delito doloso. El JNE exige que las autoridades informen a la Fiscalía sobre sus actuados y cumplan con las disposiciones legales, bajo advertencia de acciones legales. En un escrito del 21 de febrero. el JNE cuestionó severamente al Consejo Regional por la suspensión de la sesión del 19 de diciembre de 2024, en la que los regidores Lolo Flores Puma y Marleny Rojas Velásquez no asistieron, generando sospechas. Al respecto, el JNE aclara que sí se cumplió con el quórum necesario (mitad más uno) para la sesión, según normativas y que no debió ser suspendida. Además, se señala el incumplimiento de la solicitud del JNE del 29 de noviembre, que exigía convocar a sesión de concejo en un plazo de tres días hábiles, lo cual no se llevó a cabo. Ante estos hechos, el JNE dispuso un apercibimiento contra el alcalde y los regidores, ordenándoles informar sobre el proceso de vacancia a la Presidencia de la Junta de Fiscales Superiores de Puno. Asimismo, la Procuraduría del JNE evaluará las acciones legales correspondientes. Otra disposición clave es que en un plazo de tres días hábiles, las autoridades deben convocar una nueva sesión de concejo para tratar el caso de vacancia. De no cumplir, deberán informar a la Fiscalía. En respuesta, la Municipalidad Distrital de Chucuito presentó el 7 de marzo el Oficio N 114-2025 al JNE, negando lo evidente y alegando que no habrían sido notificados y que no tenían conocimiento de la documentación requerida. También argumentaron que no contaban con la documentación en físico, solo en formato digital, a pesar de que las normativas avalan este procedimiento. Cabe recordar que el 11 de febrero, el Concejo Distrital de Chucuito declaró improcedente la vacancia contra Yuri Arce por delito doloso con pena privativa de la libertad, decisión que fue observada por el JNE. Además, se debió convocar a una nueva sesión de concejo. Se espera la respuesta del JNE tras los actuados de la Fiscalía y la Procuraduría del JNE, mientras que el alcalde y los regidores cuestionados, tratan que salvarse como pueden. Comentarios de Facebook También te puede interesar La  cárcel dorada  de Betssy Chávez: así vive sus días la expremier en lujosa residencia diplomática en San Isidro La residencia diplomática mexicana, ubicada en el",2025-11-17T08:37:51.679389,2025-11-17T08:37:51.971619,2025-11-17T08:37:51.971625,Sin Fronteras,11020,"https://diariosinfronteras.com.pe/wp-content/uploads/2025/03/Alcalde-de-Chucuito-en-la-cuerda-floja-660x330.jpg, https://diariosinfronteras.com.pe/wp-content/uploads/2020/06/dxt-nav.png",455,"El alcalde distrital de Chucuito, Yuri Arce Zea, enfrenta una delicada situación tras la decisión del Jurado Nacional de Elecciones (JNE) de emitir un apercibimiento en su contra y la de los regidores por presuntas irregularidades en el proceso de vacancia por delito doloso. El JNE exige que las autoridades informen a la Fiscalía sobre sus actuados y cumplan con las disposiciones legales, bajo advertencia de acciones legales.",,Puno: Alcalde de Chucuito en la  cuerda floja,https://diariosinfronteras.com.pe/2025/03/10/puno-alcalde-de-chucuito-en-la-cuerda-floja/
Desconocido,1335,General,"Inicio NACIONAL Pobladores y docentes de Manseriche toman la estación 5 del Oleoducto Norperuano Pobladores y docentes de Manseriche toman la estación 5 del Oleoducto Norperuano Por Diario Sin Fronteras - 12 septiembre, 2024 - En NACIONAL 589 Pobladores y docentes de Manseriche toman la estación 5 del Oleoducto Norperuano Los profesores y pobladores de la localidad de Manseriche amenazaron con radicalizar sus protestas, por el momento mantienen tomada la estación 5 del Oleoducto Norperuano, ubicado en Datem del Marañón, Loreto. Así lo dio a conocer la empresa Petroperú, que indicó que los manifestantes piden al Estado atender sus demandas relacionadas a la educación. Los ciudadanos habrían advertido que bloquearán las vías y tomarán otras acciones si las autoridades no los escuchan y atienden sus pedidos. La empresa señala que esta situación pone en riesgo la vida de los trabajadores, de las comunidades cercanas y de los mismos manifestantes. Se supo que prendieron fuego cerca de las instalaciones, lo que podría originar explosiones e incendios. Petroperú exhortó a la población acceder al diálogo y a las autoridades encontrar una solución pacífica. Comentarios de Facebook También te puede interesar Cientos de jóvenes puneños rinden examen de preselección para Beca 18 Aspirantes de toda la región participaron en la",2025-11-17T08:37:51.679389,2025-11-17T08:37:51.968124,2025-11-17T08:37:51.968130,Sin Fronteras,11019,"https://diariosinfronteras.com.pe/wp-content/uploads/2024/09/001099403W-660x330.jpg, https://diariosinfronteras.com.pe/wp-content/uploads/2020/06/dxt-nav.png",207,"Los profesores y pobladores de la localidad de Manseriche amenazaron con radicalizar sus protestas, por el momento mantienen tomada la estación 5 del Oleoducto Norperuano, ubicado en Datem del Marañón, Loreto.",,Pobladores y docentes de Manseriche toman la estación 5 del Oleoducto Norperuano,https://diariosinfronteras.com.pe/2024/09/12/pobladores-y-docentes-de-manseriche-toman-la-estacion-5-del-oleoducto-norperuano/
Desconocido,2241,General,"Inicio TACNA Asociación por Tacna cuestiona perforación de pozo en Viñani Asociación por Tacna cuestiona perforación de pozo en Viñani Por Diario Sin Fronteras - 13 mayo, 2024 - En TACNA 854 Pozo perforado por el gobierno regional no tiene autorización de la ANA. Tras las duras palabras del gobernador regional Luis Torres Robledo al criticar a  tacneños que se sienten felices  porque la Autoridad Nacional del Agua (ANA) ordenó el cierre del pozo PV8 de Viñani por no contar con autorización para abastecer de agua a la ciudad, la Asociación Civil por Tacna y para Tacna emitió un pronunciamiento cuestionando la operación de dicho pozo. Señala que con la resolución N.  0369, la ANA responsabilizó al Proyecto Especial de Tacna (PET) y le impuso una multa de 5 unidades impositivas tributarias, equivalente a 25.750 soles, además ordenó la demolición de  las obras indebidamente construidas  por cometer una infracción a la Ley de Recursos Hídricos. Añade que al perforar un pozo de agua sin la autorización de la ANA, afecta a otros pozos vecinos de la EPS Tacna del sector Viñani y demás pozos autorizados que abastecen a la población con agua potable. Precisa que así se agudiza la sobreexplotación del acuífero del valle de Caplina, la intrusión marina hacia el continente, a la agricultura y otros.  La ANA responsabiliza al PET por el proceder irregular al afectar el abastecimiento de los pobladores y agudiza el grave desbalance hídrico en las reservas subterráneas , señala el documento a la vez de advertir que se debe desterrar la ejecución de proyectos y obras sin el procedimiento técnico legal. Asimismo, a pesar de que el gobernador Luis Torres no dio nombre de los tacneños que provocaron el cierre del pozo, la asociación rechaza sus palabras, a las cuales califica de injuriosas, porque la perforación ilegal del pozo es una responsabilidad del PET.y  Con insultos y agravios no se soluciona el problema hídrico , apunta la asociación al tiempo de demandar a las autoridades que expongan y hagan un debate sobre el problema integral del agua en Tacna. Comentarios de Facebook También te puede interesar Hernán Quispe es elegido nuevo decano de los periodistas en Puno Hernán Rolando Quispe Chambi fue elegido decano del",2025-11-17T08:37:51.679389,2025-11-17T08:37:51.960846,2025-11-17T08:37:51.960851,Sin Fronteras,11018,"https://diariosinfronteras.com.pe/wp-content/uploads/2024/05/3-a-3-660x330.jpg, https://diariosinfronteras.com.pe/wp-content/uploads/2020/06/dxt-nav.png",371,Asociación por Tacna cuestiona perforación de pozo en Viñani,,Asociación por Tacna cuestiona perforación de pozo en Viñani,https://diariosinfronteras.com.pe/2024/05/13/asociacion-por-tacna-cuestiona-perforacion-de-pozo-en-vinani/
Desconocido,1526,General,"Inicio PUNO Más de 11 mil adultos mayores reciben lentes con apoyo de Pensión 65 Más de 11 mil adultos mayores reciben lentes con apoyo de Pensión 65 Por Diario Sin Fronteras - 55 mins atrás - En PUNO 46 Más de 11 mil adultos mayores de la región Puno accedieron a lentes para visión cercana y protección UV. Fue posible gracias a la articulación entre el programa Pensión 65 del Midis y los gobiernos locales. La estrategia  Para verte mejor  continúa ampliándose en la región. Incluye mediciones gratuitas de vista y la entrega de lentes como parte de los servicios complementarios del sector. La meta es enfrentar la presbicia. También facilitar tareas básicas en la vida diaria de los usuarios. El último viernes se realizó una campaña en el Parque del Niño. La actividad fue organizada por la Municipalidad Provincial de Puno. Centenares de beneficiarios recibieron atención médica y lentes adaptados a su medida. En total se entregaron 352 lentes para visión cercana y 376 con filtro UV. La demanda superó las expectativas iniciales. Muchos adultos mayores destacaron la importancia del apoyo para reducir gastos y mejorar su autonomía. La institución señaló que estas campañas continuarán en otras provincias. El programa busca garantizar que los usuarios cuenten con herramientas que faciliten su movilidad, lectura y actividades principales del día. Comentarios de Facebook También te puede interesar Hernán Quispe es elegido nuevo decano de los periodistas en Puno Hernán Rolando Quispe Chambi fue elegido decano del",2025-11-17T08:37:51.679389,2025-11-17T08:37:51.960265,2025-11-17T08:37:51.960269,Sin Fronteras,11017,"https://diariosinfronteras.com.pe/wp-content/uploads/2025/11/IMG-20251116-WA0079-660x330.jpg, https://diariosinfronteras.com.pe/wp-content/uploads/2020/06/dxt-nav.png",246,Más de 11 mil adultos mayores de Puno recibieron lentes para visión cercana y UV gracias a Pensión 65 y municipios. Campaña atendió a cientos en Puno.,,Más de 11 mil adultos mayores reciben lentes con apoyo de Pensión 65,https://diariosinfronteras.com.pe/2025/11/16/pension-65-entrega-lentes-a-mas-de-11-mil-adultos-mayores-puno/
Desconocido,2566,General,"Inicio AREQUIPA Arequipa: Padres de I.E. Bouroncle protestaron porque quieren desalojar a sus hijos Arequipa: Padres de I.E. Bouroncle protestaron porque quieren desalojar a sus hijos Por Diario Sin Fronteras - 3 octubre, 2024 - En AREQUIPA 632 Arequipa: Padres de I.E. Bouroncle protestaron porque quieren desalojar a sus hijos Los padres de familia de la institución educativa (I.E.) Luis H. Bouroncle realizaron una protesta el último miércoles debido a que les comunicaron que sus hijos deben desalojar las instalaciones del colegio Arequipa, donde vienen realizando clases mientras terminan de construir su plantel, en quince días. De acuerdo a una madre de familia, todo comenzó con la carta que llegó al colegio Arequipa, donde les indican que deben desalojar el establecimiento para que se dé inicio a los trabajos de intervención que se realizará en dicho plantel. Como consecuencia de ello, les informaron a los padres de los estudiantes del Luis H. Bouroncle que debían desocupar los espacios donde los albergaron casi dos años. Según la señora María, los estudiantes serían enviados a dos planteles. El primero es el colegio República de Venezuela, en calle Rivero, y el segundo sería Al Aire Libre, el cual está ubicado en inmediaciones del estadio Melgar, en el Cercado de Arequipa. En este último, las labores se realizarían en el horario de la tarde, es decir cuando los estudiantes de la mañana desocupen las instalaciones. Sin embargo, esta situación generó rechazo en los padres de familia, pues consideran que el lugar donde está ubicado este colegio es zona roja. A ello se suma que el dictado de clases sería por la tarde, lo que aumenta la inseguridad, pues aseguran que en la zona hay constantemente personas bebiendo licor. Frente a esta situación, los padres de familia culparon al alcalde Víctor Hugo Rivera Chávez, pues no cumplió su palabra y no entregó la construcción del nuevo colegio en los plazos acordados. Como se recuerda, este colegio iba a entregarse en marzo del año pasado, pero se prolongó por varias veces debido al mal expediente técnico de la obra y recién será culminado el primer trimestre del próximo año. Los padres solicitan que se les deje a sus hijos acabar el año escolar en las instalaciones del colegio Arequipa, pues argumentan que ya solo quedan dos meses y a muchos la nueva designación a otras instituciones educativas no les queda cerca. Comentarios de Facebook También te puede interesar Cientos de jóvenes puneños rinden examen de preselección para Beca 18 Aspirantes de toda la región participaron en la",2025-11-17T08:37:51.679389,2025-11-17T08:37:51.958885,2025-11-17T08:37:51.958891,Sin Fronteras,11016,"https://diariosinfronteras.com.pe/wp-content/uploads/2024/10/a-8-660x330.jpeg, https://diariosinfronteras.com.pe/wp-content/uploads/2020/06/dxt-nav.png",421,"Los padres de familia de la institución educativa (I.E.) Luis H. Bouroncle realizaron una protesta el último miércoles debido a que les comunicaron que sus hijos deben desalojar las instalaciones del colegio Arequipa, donde vienen realizando clases mientras terminan de construir su plantel, en quince días.",,Arequipa: Padres de I.E. Bouroncle protestaron porque quieren desalojar a sus hijos,https://diariosinfronteras.com.pe/2024/10/03/arequipa-padres-de-i-e-bouroncle-protestaron-porque-quieren-desalojar-a-sus-hijos/
Desconocido,1138,General,"Inicio PUNO Policía incauta más de 14 paquetes de presunta cocaína en Sandia Policía incauta más de 14 paquetes de presunta cocaína en Sandia Por Diario Sin Fronteras - 2 marzo, 2025 - En PUNO 693 Sujeto se puso nervioso y abandonó la dorga. Sandia. En un operativo de patrullaje preventivo, efectivos de la Comisaría Sectorial de Sandia incautaron 14 paquetes tipo ladrillo y una bolsa transparente con presunto alcaloide de cocaína en el puente Azalaya, a 50 minutos de la provincia de Sandia. El hecho ocurrió aproximadamente a las 07:00 a.m., cuando una motocicleta negra y verde, sin placa, se aproximó a la zona. Al notar la presencia policial, el conductor abandonó el vehículo y huyó hacia el río Inambari. En el lugar se halló un costal blanco con los paquetes de droga. La evidencia fue trasladada a la comisaría y se informó al Ministerio Público para las diligencias correspondientes. La búsqueda del sospechoso continúa. Comentarios de Facebook También te puede interesar Puno: Intervienen al director de Energía y Minas por presunto uso indebido de camioneta en reunión privada El director regional de Energía y Minas, Edwin",2025-11-17T08:37:51.679389,2025-11-17T08:37:51.952007,2025-11-17T08:37:51.952012,Sin Fronteras,11015,"https://diariosinfronteras.com.pe/wp-content/uploads/2025/03/Droga-660x330.jpg, https://diariosinfronteras.com.pe/wp-content/uploads/2020/06/dxt-nav.png",188,"Sandia. En un operativo de patrullaje preventivo, efectivos de la Comisaría Sectorial de Sandia incautaron 14 paquetes tipo ladrillo y una bolsa transparente con presunto alcaloide de cocaína en el puente Azalaya, a 50 minutos de la provincia de Sandia.",,Policía incauta más de 14 paquetes de presunta cocaína en Sandia,https://diariosinfronteras.com.pe/2025/03/02/policia-incauta-mas-de-14-paquetes-de-presunta-cocaina-en-sandia/
Desconocido,3150,General,"Inicio PUNO Puno: Estafa piramidal y vínculo con la droga Puno: Estafa piramidal y vínculo con la droga Por Redacción Diario Sin Fronteras - 24 febrero, 2025 - En PUNO 1501 Policía en actividad y su cómplice caen con 20 paquetes de droga en Puno Elid Bladimir Mamani Blanco, policía que fue dado de baja en 2015, el fin de semana cayó con un cargamento de droga, en la salida sur de la ciudad de Puno. Conducía la camioneta Toyota Hilux BAL- 782, que en una caleta transportaba 20 paquetes de clorhidrato de cocaína que tenían como destino Bolivia. Esta captura sería un refrito, de no ser porque ese sujeto ha sido socio de las seudofinancieras  Pro   Pro  ,  C40  y Cooperativa de Servicios Múltiples Emprendamos , tres de las estafas piramidales más sonadas en Puno y regiones vecinas. Resulta que él fue hombre de confianza de César Antonio Flores Copa, quien el 16 de junio de 2020 montó la red piramidal bajo la fachada de  Inversiones Inmobiliarias Pro   Pro . A través de esta organización captó dinero de cientos de personas bajo la promesa de pagarles el 10  de interés mensual. Se estima que acumuló más de S  70 millones y se fugó a México. Flores Copa, Elid Mamani Blanco, y otras 65 personas de Pro   Pro y C40, son investigadas por la Fiscalía de Crimen organizado en el expediente 916-2024 a cargo del fiscal Julio César Mamani Chura.  Brazo  en tacna La tesis fiscal es que Elid Mamani, fue  captador, administrador y testaferro de la organización delictiva  Ha ejercido el cargo de administrador en la empresa criminal de Inversiones Inmobiliarias Pro   Pro, en la ciudad de Tacna  Ha realizado la captación de inversionistas conjuntamente con otros investigados invitando a los agraviados a participar en las actividades o eventos realizados por la organización delictiva . El documento fiscal detalla que  ha cobrado  ha firmado contratos de inversión, y ha sido miembro secretario del comité electoral de la C40 la misma que se constituyó para continuar con la captación ilegal de dinero evitando la fiscalización por la SBS . Agentes INPE Volviendo al tema de la intervención, Elid Mamani, transportaba la droga en una camioneta a nombre de Dyna Abigael Sosa Flores, trabajadora del INPE. La organización piramidal tenía como jaladores a trabajadores penitenciarios. Violación Elid Mamani fue denunciado por violación en agravió de una menor de 17 años junto a su colega Marco Antonio Choquehuanca Parillo, ahora expolicía, y Leonardo Arenas Escobar. El vejamen se produjo el 14 de mayo de 2014. En aquel entonces, Choquehuanca Parillo trabajaba en la unidad de Antidrogas de Puno y purgó cárcel en el penal de Yanamayo. Curiosamente, diez años después, su colega Elid Mamani, cayó transportando 20 kilos de droga.  CÁRTEL MEXICANO? Para variar, su jefe, César Flores fugó a México, considerado  mata  del narcotráfico. Se especula que la droga incautada el viernes, haría escala en Bolivia hacia el país azteca. Comentarios de Facebook También te puede interesar La  cárcel dorada  de Betssy Chávez: así vive sus días la expremier en lujosa residencia diplomática en San Isidro La residencia diplomática mexicana, ubicada en el",2025-11-17T08:37:51.679389,2025-11-17T08:37:51.944257,2025-11-17T08:37:51.944262,Sin Fronteras,11014,"https://diariosinfronteras.com.pe/wp-content/uploads/2025/02/481468651_1161918455937963_8946848920064040931_n-660x330.jpg, https://diariosinfronteras.com.pe/wp-content/uploads/2020/06/dxt-nav.png",522,"En un operativo realizado por agentes del Área de Investigación Criminal (AREINCRI) de la PNP en Puno, se logró intervenir una camioneta Toyota Hilux de placa BAL-782, en la carretera Panamericana Sur, frente al hospedaje  Brisas del Titicaca .",,Puno: Estafa piramidal y vínculo con la droga,https://diariosinfronteras.com.pe/2025/02/24/puno-policia-en-actividad-y-su-complice-caen-con-20-paquetes-de-droga/
Desconocido,1310,General,"Inicio NACIONAL Martín Vizcarra culpa a Dina Boluarte de traslado al Penal de Ancón II:  Es una decisión de asunto político  Martín Vizcarra culpa a Dina Boluarte de traslado al Penal de Ancón II:  Es una decisión de asunto político  Por Diario Sin Fronteras - 22 agosto, 2025 - En NACIONAL 1018 Martín Vizcarra culpa a Dina Boluarte de su traslado al Penal de Ancón II, afirmando que se trata de  una decisión de asunto político  orquestada desde el Ministerio de Justicia, el cual depende directamente de la Presidencia de la República. El expresidente reveló que una segunda junta de clasificación penitenciaria, que lo evaluó el miércoles, había confirmado que su perfil correspondía al penal de Barbadillo, donde convive con otros exmandatarios. Sin embargo, una determinación posterior revirtió ese fallo, lo que según Vizcarra evidencia una intervención externa y ajena a criterios técnicos. Su defensa legal y familiares han anunciado que impugnarán la medida, argumentando que no solo carece de sustento jurídico, sino que además expone su seguridad integridad física en el nuevo establecimiento. Comentarios de Facebook También te puede interesar Puno: Intervienen al director de Energía y Minas por presunto uso indebido de camioneta en reunión privada El director regional de Energía y Minas, Edwin",2025-11-17T08:37:51.679389,2025-11-17T08:37:51.939224,2025-11-17T08:37:51.939229,Sin Fronteras,11013,"https://diariosinfronteras.com.pe/wp-content/uploads/2025/08/martin-vizcarra-culpa-dina-boluarte-penal-ancon-800x533-1-660x330.jpg, https://diariosinfronteras.com.pe/wp-content/uploads/2020/06/dxt-nav.png",206,,,Martín Vizcarra culpa a Dina Boluarte de traslado al Penal de Ancón II:  Es una decisión de asunto político,https://diariosinfronteras.com.pe/2025/08/22/martin-vizcarra-culpa-a-dina-boluarte-de-traslado-al-penal-de-ancon-ii-es-una-decision-de-asunto-politico/
Desconocido,1267,General,"Inicio NACIONAL Susana Villarán: Juicio oral por caso Rutas de Lima iniciará en mayo Susana Villarán: Juicio oral por caso Rutas de Lima iniciará en mayo Por Diario Sin Fronteras - 18 abril, 2025 - En NACIONAL 482 Susana Villarán. La Tercera Sala Penal de Apelaciones Nacional resolvió que el juicio oral contra la exalcaldesa de Lima, Susana Villarán, dará inicio en el mes de mayo, en el marco del caso Rutas de Lima, el cual lleva años de investigación. Como se recuerda, la exburgomaestre enfrenta cargos por presuntas coimas en el proceso de concesión de la viabilidad, de acuerdo a la tesis del Ministerio Público y que deberá ser sustentada en esta etapa definitiva. Como parte del proceso, el Tribunal ordenó a la Fiscalía subsanar la acusación contra el exfuncionario Domingo Arzubialde y la empresa Walter Thompson Peruana, en un plazo de 5 días naturales. De esta forma, se estima que el juicio oral podría iniciarse en un plazo mínimo de 15 días, no obstante, ello podría extenderse dependiendo de las apelaciones o decisiones judiciales posteriores. Comentarios de Facebook También te puede interesar Puno: Intervienen al director de Energía y Minas por presunto uso indebido de camioneta en reunión privada El director regional de Energía y Minas, Edwin",2025-11-17T08:37:51.679389,2025-11-17T08:37:51.930726,2025-11-17T08:37:51.930731,Sin Fronteras,11012,"https://diariosinfronteras.com.pe/wp-content/uploads/2025/04/WhatsApp-Image-2025-04-17-at-10.19.47-PM-660x330.jpeg, https://diariosinfronteras.com.pe/wp-content/uploads/2020/06/dxt-nav.png",209,,,Susana Villarán: Juicio oral por caso Rutas de Lima iniciará en mayo,https://diariosinfronteras.com.pe/2025/04/18/susana-villaran-juicio-oral-por-caso-rutas-de-lima-iniciara-en-mayo/
Desconocido,1105,General,"Inicio AREQUIPA Auto se estrella contra poste en Arequipa y conductor huye del lugar Auto se estrella contra poste en Arequipa y conductor huye del lugar Por Diario Sin Fronteras - 6 febrero, 2025 - En AREQUIPA 669 El impacto afectó el sistema de cámaras de seguridad. Un vehículo Kia Picanto blanco se estrelló esta madrugada contra un poste de videovigilancia en el puente San Isidro. El impacto derribó la estructura, afectando el sistema de cámaras de seguridad de la Municipalidad Provincial de Arequipa (MPA). Testigos indicaron que el conductor, quien aparentemente iba a alta velocidad y en estado de ebriedad, abandonó el auto y huyó. Personal de Serenazgo llegó al lugar para regular el tránsito, mientras equipos municipales trabajan en la restitución del servicio de videovigilancia. El incidente ocurrió alrededor de las 5:15 a. m., y la policía ya investiga para dar con el responsable. Comentarios de Facebook También te puede interesar Puno: Intervienen al director de Energía y Minas por presunto uso indebido de camioneta en reunión privada El director regional de Energía y Minas, Edwin",2025-11-17T08:37:51.679389,2025-11-17T08:37:51.927058,2025-11-17T08:37:51.927062,Sin Fronteras,11011,"https://diariosinfronteras.com.pe/wp-content/uploads/2025/02/IMG_20250206_080112_800_x_533_pixel-660x330.jpg, https://diariosinfronteras.com.pe/wp-content/uploads/2020/06/dxt-nav.png",178,,,Auto se estrella contra poste en Arequipa y conductor huye del lugar,https://diariosinfronteras.com.pe/2025/02/06/auto-se-estrella-contra-poste-en-arequipa-y-conductor-huye-del-lugar/
Desconocido,1501,General,"Inicio AREQUIPA En lo que va del año se incautó 10 millones de dólares en mercadería ilegal en Arequipa En lo que va del año se incautó 10 millones de dólares en mercadería ilegal en Arequipa Por Diario Sin Fronteras - 29 septiembre, 2024 - En AREQUIPA 369 Realizan operativos en carreteras. El superintendente de Aduanas, Fernando Núñez, informó que en lo que va del año, en Arequipa se ha decomisado cerca de 10 millones de dólares en mercadería de contrabando. En tanto que a nivel nacional ya son más de 270 millones de dólares en incautaciones de mercadería ilegal, lo que perjudica no solo al Estado, sino también a los comerciantes formales. El último operativo se realizó en el kilómetro 48, cerca a La Joya, en la Panamericana Sur. Participaron agentes de la Sunat   Aduanas, efectivos de la Policía e integrantes del Ministerio Público. En la acción se incautó gran cantidad de mercadería de contrabando, que era trasladada en diversos vehículos. El superintendente indicó que cuando se hacen operativos, se revisa todos los vehículos, es decir camiones, buses, autos y otros. Con ello se busca que los conductores y propietarios de mercadería cumplan las formalidades de ley y no evadan tributos, así como que no trasladen insumos prohibidos o que tengan que ver con la minería ilegal. Comentarios de Facebook También te puede interesar Puno: Intervienen al director de Energía y Minas por presunto uso indebido de camioneta en reunión privada El director regional de Energía y Minas, Edwin",2025-11-17T08:37:51.679389,2025-11-17T08:37:51.925810,2025-11-17T08:37:51.925813,Sin Fronteras,11010,"https://diariosinfronteras.com.pe/wp-content/uploads/2024/09/76704002-75de-40f4-9da0-fa768602f3cf-660x330.jpeg, https://diariosinfronteras.com.pe/wp-content/uploads/2020/06/dxt-nav.png",250,"El superintendente de Aduanas, Fernando Núñez, informó que en lo que va del año, en Arequipa se ha decomisado cerca de 10 millones de dólares en mercadería de contrabando.",,En lo que va del año se incautó 10 millones de dólares en mercadería ilegal en Arequipa,https://diariosinfronteras.com.pe/2024/09/29/en-lo-que-va-del-ano-se-incauto-10-millones-de-dolares-en-mercaderia-ilegal-en-arequipa/
Desconocido,1373,General,"Inicio PUNO Puno: Desarrollan el octavo Encuentro de Saberes Productivos Puno: Desarrollan el octavo Encuentro de Saberes Productivos Por Diario Sin Fronteras - 25 abril, 2024 - En PUNO 1342 En el marco de las celebraciones por el 170  aniversario del distrito de Conima, los adultos mayores participaron en el octavo Encuentro de Saberes Productivos del Programa Nacional de Asistencia Solidaria Pensión 65. La actividad estuvo a cargo de la coordinadora del Centro integral de Adulto Mayor (CIAM), Mayomi Huayhua Poma, de la Municipalidad Distrital de Conima. El evento se desarrolló en la playa Atani de Conima, en las orillas del lago Titicaca. Los adultos mayores participaron de las diferentes actividades enmarcadas a la revaloración de la cultura, costumbres y conocimientos ancestrales. Además, presentaron sus trabajos artesanales, gastronómicos, danzas, entre otros. El encuentro se desarrolló con la presencia del alcalde de Conima, Abraham Apaza Apaza, entre otras autoridades que buscan contribuir al bienestar de los adultos mayores, que son los portadores de saberes locales y productivos. También se espera promover el turismo en la playa Atani, ubicada en las orillas del lago Titicaca. Comentarios de Facebook También te puede interesar Cientos de jóvenes puneños rinden examen de preselección para Beca 18 Aspirantes de toda la región participaron en la",2025-11-17T08:37:51.679389,2025-11-17T08:37:51.924997,2025-11-17T08:37:51.925001,Sin Fronteras,11009,"https://diariosinfronteras.com.pe/wp-content/uploads/2024/04/WhatsApp-Image-2024-04-25-at-3.14.36-PM.jpeg, https://diariosinfronteras.com.pe/wp-content/uploads/2020/06/dxt-nav.png",209,,,Puno: Desarrollan el octavo Encuentro de Saberes Productivos,https://diariosinfronteras.com.pe/2024/04/25/puno-desarrollan-el-octavo-encuentro-de-saberes-productivos/
Desconocido,1395,General,"Inicio PUNO Poste queda a punto de caer tras choque en la avenida Circunvalación Poste queda a punto de caer tras choque en la avenida Circunvalación Por Diario Sin Fronteras - 1 hora atrás - En PUNO 83 Un poste de alumbrado público quedó a punto de colapsar en la avenida Circunvalación, en el barrio Azoguini. Ocurrió esta tarde tras el impacto de un Toyota Yaris azul, placa V4U-468. El vehículo se estrelló de forma frontal. El golpe dobló la base del poste. La estructura quedó inclinada y sostenida apenas por el cableado. Era un riesgo evidente para peatones y vehículos. Las primeras versiones indican que el conductor se habría quedado dormido. No hubo heridos de gravedad. Solo daños materiales. Serenazgo llegó primero. Acordonó la zona para evitar el paso de curiosos. El peligro de caída era inminente. Vecinos dijeron haber escuchado un fuerte estruendo. Minutos después se esperó la llegada del personal de Electro Puno. Los técnicos debían evaluar si el poste podía ser asegurado o debía ser reemplazado. La vía quedó parcialmente restringida hasta nueva disposición. El accidente volvió a evidenciar la vulnerabilidad del cableado urbano en áreas residenciales y la falta de señalización preventiva en la zona. Comentarios de Facebook También te puede interesar Hernán Quispe es elegido nuevo decano de los periodistas en Puno Hernán Rolando Quispe Chambi fue elegido decano del",2025-11-17T08:37:51.679389,2025-11-17T08:37:51.921442,2025-11-17T08:37:51.921454,Sin Fronteras,11008,"https://diariosinfronteras.com.pe/wp-content/uploads/2025/11/IMG-20251116-WA0078-660x330.jpg, https://diariosinfronteras.com.pe/wp-content/uploads/2020/06/dxt-nav.png",226,Un auto chocó contra un poste en la Av. Circunvalación en Puno. La estructura quedó a punto de caer y la zona fue acordonada por seguridad.,,Poste queda a punto de caer tras choque en la avenida Circunvalación,https://diariosinfronteras.com.pe/2025/11/16/poste-a-punto-de-caer-tras-choque-en-avenida-circunvalacion-puno/
Desconocido,1590,General,"Inicio TACNA Tacna: En penal de Pocollay hallan cocaína y marihuana Tacna: En penal de Pocollay hallan cocaína y marihuana Por Diario Sin Fronteras - 13 marzo, 2025 - En TACNA 516 Cientos de  ketes  con diversos tipos de droga fueron incautados por policías. Drogas y artículos prohibidos fueron hallados durante un operativo de revisión extraordinario en el penal de Pocollay. En los pabellones B y C del establecimiento penitenciario, donde están recluidos 434 internos, se encontró 777  microketes  de alcaloide de cocaína, 15  ketes  de pasta básica de cocaína, 150  microketes  de marihuana, dos envoltorios en forma de ovoide de marihuana y 30  ketes  de tabaco. Además se incautó dos audífonos, un cargador de color blanco, 13 pipas artesanales, 20 cuchillos y otros objetos no permitidos. La droga incautada fue puesta a disposición del área Antidrogas de la Policía Nacional como parte de las diligencias de ley. La acción coordinada entre el Instituto Nacional Penitenciario, Ministerio Público y la Policía Nacional se realizó el último martes a partir de las 21:50 horas. La intervención contó con la participación de 25 agentes de seguridad del INPE a cargo del director Juan Layme Paredes, 39 agentes de la Policía Nacional a cargo del mayor PNP Leoncio Saldaña Meneses y el fiscal de prevención del delito Hugo Manzanares Rojas como representante del Ministerio Público. Comentarios de Facebook También te puede interesar Puno: Intervienen al director de Energía y Minas por presunto uso indebido de camioneta en reunión privada El director regional de Energía y Minas, Edwin",2025-11-17T08:37:51.679389,2025-11-17T08:37:51.919601,2025-11-17T08:37:51.919605,Sin Fronteras,11007,"https://diariosinfronteras.com.pe/wp-content/uploads/2025/03/6-A-2-660x330.jpeg, https://diariosinfronteras.com.pe/wp-content/uploads/2020/06/dxt-nav.png",254,,,Tacna: En penal de Pocollay hallan cocaína y marihuana,https://diariosinfronteras.com.pe/2025/03/13/tacna-en-penal-de-pocollay-hallan-cocaina-y-marihuana/
Desconocido,826,General,"Inicio PUNO Puno: Auto choca contra poste en Salcedo y deja varios heridos Puno: Auto choca contra poste en Salcedo y deja varios heridos Por Diario Sin Fronteras - 22 marzo, 2025 - En PUNO 1556 Violento choque. Un auto negro, marca Subaru y de placa A6Z-332, impactó contra un poste en la avenida El Estudiante, en el centro poblado de Salcedo, Puno. El choque dejó el vehículo destrozado y derribó la estructura. Tras la fuerte colisión, se reportaron varias personas heridas. Equipos de emergencia llegaron al lugar para atender a los afectados y evaluar los daños. Las autoridades investigan las causas del accidente. Comentarios de Facebook También te puede interesar Puno: Intervienen al director de Energía y Minas por presunto uso indebido de camioneta en reunión privada El director regional de Energía y Minas, Edwin",2025-11-17T08:37:51.679389,2025-11-17T08:37:51.914424,2025-11-17T08:37:51.914435,Sin Fronteras,11006,"https://diariosinfronteras.com.pe/wp-content/uploads/2025/03/SELLO-SF-01-9-660x330.jpg, https://diariosinfronteras.com.pe/wp-content/uploads/2020/06/dxt-nav.png",136,,,Puno: Auto choca contra poste en Salcedo y deja varios heridos,https://diariosinfronteras.com.pe/2025/03/22/puno-auto-choca-contra-poste-en-salcedo-y-deja-varios-heridos/
Desconocido,2212,General,"Inicio POLICIALES Arequipa: Detienen a alcalde y 3 mujeres durante viaje Arequipa: Detienen a alcalde y 3 mujeres durante viaje Por Redacción Diario Sin Fronteras - 26 febrero, 2025 - En POLICIALES 512 Detienen a alcalde y 3 mujeres durante viaje El alcalde del distrito de Punta de Bombón, en la provincia de Islay, José Miguel Ramos Carrera, fue detenido junto a tres mujeres mientras viajaba a bordo de una camioneta contratada por la municipalidad para el traslado de personal de una obra actualmente paralizada. Tras la intervención, el burgomaestre afirmó que se dirigía a una capacitación en Cusco. La detención ocurrió ayer, alrededor de las 13:30 horas, cuando efectivos de la Dirección contra la Corrupción (Dircocor) intervinieron la camioneta, de placa VCE-776, en el kilómetro 12 de la Antigua Panamericana Sur, frente al Escuadrón de Caballería. El vehículo era conducido por el propio alcalde, quien viajaba acompañado de Judy Mendoza, Claudia Izquierdo y Karen Fonseca. Las mujeres aseguraron ser trabajadoras de la Municipalidad Distrital de Punta de Bombón, señalando que se encontraban en Arequipa de paso, con destino a Cusco para participar en una capacitación. Durante la intervención, José Ramos admitió que la camioneta tenía un vínculo contractual con la comuna, aunque dijo desconocer a qué gerencia estaba asignada. Sin embargo, no contaba con ningún documento que acreditara que estaba en comisión de servicio. Por este motivo, tanto él como sus acompañantes fueron trasladados a la sede de la Dircocor, acusados del presunto delito de peculado. Además, se supo que la autoridad edil habría propuesto el viaje, pero este no fue aprobado por el concejo municipal. Según la regidora Paola Tejada Zegarra, la camioneta pertenece a la empresa RPG SAC, contratada por la municipalidad punteña para el traslado de personal. Cabe recordar que el pasado 8 de marzo de 2024 José Ramos fue denunciado por el uso de la misma camioneta para viajar a Moquegua con fines personales. Comentarios de Facebook También te puede interesar La  cárcel dorada  de Betssy Chávez: así vive sus días la expremier en lujosa residencia diplomática en San Isidro La residencia diplomática mexicana, ubicada en el",2025-11-17T08:37:51.679389,2025-11-17T08:37:51.912791,2025-11-17T08:37:51.912795,Sin Fronteras,11005,"https://diariosinfronteras.com.pe/wp-content/uploads/2025/02/A-53-660x330.jpeg, https://diariosinfronteras.com.pe/wp-content/uploads/2020/06/dxt-nav.png",352,"El alcalde del distrito de Punta de Bombón, en la provincia de Islay, José Miguel Ramos Carrera, fue detenido junto a tres mujeres mientras viajaba a bordo de una camioneta contratada por la municipalidad para el traslado de personal de una obra actualmente paralizada. Tras la intervención, el burgomaestre afirmó que se dirigía a una capacitación en Cusco.",,Arequipa: Detienen a alcalde y 3 mujeres durante viaje,https://diariosinfronteras.com.pe/2025/02/26/arequipa-detienen-a-alcalde-y-3-mujeres-durante-viaje/
Desconocido,1490,General,"Inicio AREQUIPA Diario Sin Fronteras te regala entradas para el concierto de Los Iracundos, Los Doltons y Los Pasteles Verdes Diario Sin Fronteras te regala entradas para el concierto de Los Iracundos, Los Doltons y Los Pasteles Verdes Por Diario Sin Fronteras - 27 abril, 2025 - En AREQUIPA 728 Banda uruguaya se presentará el 2 de mayo en Arequipa. El espectáculo  Con amor para mamá  llega al Teatro Fénix para deleitar a los amantes de la nueva ola con las mejores canciones de las tres bandas más grandes y representativas de este género musical en el Perú: Los Doltons, Los Pasteles Verdes y Los Iracundos, que llega desde Uruguay. El concierto será este viernes 2 de mayo, desde las 20:00 horas, con motivo del Día de la Madre. Diario Sin Fronteras te lleva gratis a este conciertazo, pues este martes 29 de abril sorteará 9 entradas para la zona Mezzanine. Para participar solo tienes que recortar el cupón que aparece en la contratapa de las ediciones impresas, escribir los datos que se piden y depositarlo en las ánforas autorizadas, ubicadas en calle César Vallejo 300, Umacollo   Yanahuara, y en calle Sucre 201, Cercado de Arequipa. El concierto será un espectáculo de primera, lleno de recuerdos y emociones intensas, con la mejor música que marcó una época inolvidable. Comentarios de Facebook También te puede interesar Puno: Intervienen al director de Energía y Minas por presunto uso indebido de camioneta en reunión privada El director regional de Energía y Minas, Edwin",2025-11-17T08:37:51.679389,2025-11-17T08:37:51.911509,2025-11-17T08:37:51.911513,Sin Fronteras,11004,"https://diariosinfronteras.com.pe/wp-content/uploads/2025/04/Los-Ira-660x330.jpg, https://diariosinfronteras.com.pe/wp-content/uploads/2020/06/dxt-nav.png",250,"El espectáculo  Con amor para mamá  llega al Teatro Fénix para deleitar a los amantes de la nueva ola con las mejores canciones de las tres bandas más grandes y representativas de este género musical en el Perú: Los Doltons, Los Pasteles Verdes y Los Iracundos, que llega desde Uruguay.",,"Diario Sin Fronteras te regala entradas para el concierto de Los Iracundos, Los Doltons y Los Pasteles Verdes",https://diariosinfronteras.com.pe/2025/04/27/diario-sin-fronteras-te-regala-entradas-para-el-concierto-de-los-iracundos-los-doltons-y-los-pasteles-verdes/
Desconocido,3192,General,"Inicio NACIONAL Martín Vizcarra sobre posible encarcelación de Dina Boluarte:  Va a estar cómoda  Martín Vizcarra sobre posible encarcelación de Dina Boluarte:  Va a estar cómoda  Por Redacción Diario Sin Fronteras - 15 septiembre, 2025 - En NACIONAL 357 En una entrevista con Víctor Caballero, más conocido como  Curwen , el expresidente de la República, Martín Vizcarra se refirió a la posible encarcelación de la actual presidenta Dina Boluarte y le aconsejó que se vaya familiarizando con las instalaciones del Penal de Barbadillo, para que esté cómoda.  Hay un patio grande, va a estar cómoda. Que se vaya preparando y que no le agarre de sorpresa. (Que lleve) una frazada para el frío, que se acostumbre a los espacios pequeños , dijo Vizcarra Cornejo. Asimismo, reveló que el menú dentro del penal tiene el precio de S 8, por lo que le costaría un ahorro de dos soles a la mandataria, quien dijo anteriormente que con S 10 se podía cocinar al día.  Ella decía que se podía comer con diez solcitos,  no? Yo pregunté cuanto está el menú. Ocho soles. Va a tener vuelto , expresó. Martín Vizcarra revela que Ollanta Humala le cedió su crédito para llamar desde Barbadillo Mediante un video de TikTok subido por el propio Vizcarra, reveló que durante los días que estuvo en el penal de Barbadillo recibió un gesto de solidaridad por parte del expresidente Ollanta Humala.  Ollanta sale y me dice  no te preocupes, Martín . Entonces, agarra el teléfono, marca su DNI, pone su código y pum sale crédito, o sea el crédito que él tenía. Y me dio el teléfono y me dijo  usa mi crédito, lo que quieras, llama a quien quieras . Y ahí comencé a todos los números que tenía en el papelito que me dio mi abogado, estaban los números de mi esposa, de mi hermano Mario y por lo menos eso me daba alivio , contó. Como se recuerda, el 14 de agosto de 2025, el juez Jorge Chávez Tamariz dictó cinco meses de prisión preventiva para el expresidente Martín Vizcarra, quien está acusado de recibir sobornos relacionados con los proyectos Lomas de Ilo y el Hospital Regional de Moquegua, cuando se desempeñaba como gobernador. En esa misma fecha, Vizcarra fue trasladado al penal de Barbadillo, ubicado en Ate. En su testimonio, Vizcarra relató que durante su paso por la carceleta de La Victoria tuvo que dormir en el suelo, soportando las bajas temperaturas, y posteriormente fue llevado al penal de Piedras Gordas, donde compartió espacio con internos que padecían VIH y tuberculosis. Después de este período, fue reubicado en Barbadillo, aunque semanas más tarde el INPE decidió trasladarlo a Ancón II por razones de seguridad penitenciaria. Durante su breve estancia en Barbadillo, Vizcarra también tuvo contacto con otros exmandatarios recluidos. En relación a Alejandro Toledo, mencionó que su interacción fue mínima, mientras que con Pedro Castillo destacó la cercanía y amabilidad del expresidente, quien desde el principio mostró gestos amables, como invitarlo a compartir una fruta. Comentarios de Facebook También te puede interesar La  cárcel dorada  de Betssy Chávez: así vive sus días la expremier en lujosa residencia diplomática en San Isidro La residencia diplomática mexicana, ubicada en el",2025-11-17T08:37:51.679389,2025-11-17T08:37:51.907689,2025-11-17T08:37:51.907703,Sin Fronteras,11003,"https://diariosinfronteras.com.pe/wp-content/uploads/2025/09/IMG-20250915-WA0000-640x330.jpg, https://diariosinfronteras.com.pe/wp-content/uploads/2020/06/dxt-nav.png",535,Martín Vizcarra sobre posible encarcelación de Dina Boluarte:  Va a estar cómoda,,Martín Vizcarra sobre posible encarcelación de Dina Boluarte:  Va a estar cómoda,https://diariosinfronteras.com.pe/2025/09/15/martin-vizcarra-sobre-posible-encarcelacion-de-dina-boluarte-va-a-estar-comoda/
Desconocido,1518,General,"Inicio PUNO Polémica en Puno por libertad a acusada de atacar a niña Polémica en Puno por libertad a acusada de atacar a niña Por Diario Sin Fronteras - 2 horas atrás - En PUNO 109 La decisión judicial de liberar a Perla Leticia Ramos Vilca, acusada de tentativa de homicidio contra una niña de 6 años, generó rechazo inmediato. El caso estremeció a la región por la forma del ataque. Una hoja de afeitar. Un corte directo. Una agresión que pudo terminar en tragedia. El juez Máximo Tacuri Robles, del Tercer Juzgado de Investigación Preparatoria, explicó en audiencia las razones de la medida. Señaló que la ley exige que la pena probable supere los cinco años para dictar prisión preventiva. Indicó que, con beneficios como la conclusión anticipada, la sanción proyectada no llega a ese umbral. Recordó que el Congreso elevó ese límite. Antes era cuatro años. Ahora es cinco. Y ese cambio impacta en casos como este. Por eso descartó la prisión preventiva. Dispuso comparecencia con restricciones. Ordenó reglas de conducta estrictas. Prohibió a la imputada acercarse a la niña o a los familiares. Fijó además una caución de 1,300 soles. El magistrado advirtió que cualquier incumplimiento permitirá a la Fiscalía solicitar la revocatoria de la medida. La familia exige justicia. La población pide sanción firme. El caso seguirá bajo investigación. Comentarios de Facebook También te puede interesar Hernán Quispe es elegido nuevo decano de los periodistas en Puno Hernán Rolando Quispe Chambi fue elegido decano del",2025-11-17T08:37:51.679389,2025-11-17T08:37:51.903125,2025-11-17T08:37:51.903130,Sin Fronteras,11002,"https://diariosinfronteras.com.pe/wp-content/uploads/2025/11/IMG-20251116-WA0077-660x330.jpg, https://diariosinfronteras.com.pe/wp-content/uploads/2020/06/dxt-nav.png",249,Indignación en Puno por la libertad de una mujer acusada de tentativa de homicidio contra una niña. Juez dictó comparecencia por cambios legales en la pena mínima.,,Polémica en Puno por libertad a acusada de atacar a niña,https://diariosinfronteras.com.pe/2025/11/16/polemica-puno-libertad-acusada-ataque-nina-decision-judicial/
Desconocido,2047,General,"Inicio NACIONAL Martín Vizcarra cumplirá prisión preventiva en el penal Ancón II Martín Vizcarra cumplirá prisión preventiva en el penal Ancón II Por Diario Sin Fronteras - 22 agosto, 2025 - En NACIONAL 948 El Instituto Nacional Penitenciario (INPE) determinó que el expresidente Martín Vizcarra cumpla los cinco meses de prisión preventiva en el penal Ancón II, pese a que inicialmente había sido ubicado en el penal de Barbadillo, en Ate. La medida responde a razones de seguridad penitenciaria y a la necesidad de salvaguardar la integridad del exmandatario. La decisión se da en el marco de los procesos judiciales que enfrenta Vizcarra por los casos  Lomas de Ilo  y  Hospital Regional de Moquegua , por los cuales se le dictó prisión preventiva el pasado 14 de agosto. En un comunicado, el INPE señaló que la Junta Técnica de Clasificación había dispuesto que Vizcarra fuera recluido en Lurigancho, pero por razones de seguridad, finalmente se optó por Ancón II. El organismo resaltó que el ambiente en Ancón II cuenta con las condiciones necesarias para la permanencia del exjefe de Estado y garantiza la seguridad correspondiente. Cabe recordar que días atrás el INPE dejó sin efecto la decisión de recluirlo en el penal de Barbadillo, argumentando irregularidades en la Junta Técnica que determinó su ubicación inicial. Según el jefe del INPE, Iván Paredes, en la evaluación técnica el exmandatario obtuvo un puntaje de 10 en la escala del régimen cerrado ordinario, lo que correspondía recluirlo en otro penal. De acuerdo con la normativa, el puntaje entre 4 y 7 puntos corresponde al penal Ancón II; de 8 a 11 puntos, a Lurigancho; y de 12 a 13 puntos, a Castro Castro. Aunque Vizcarra se ubicaba dentro del rango de Lurigancho, la entidad decidió finalmente enviarlo a Ancón II, priorizando las medidas de seguridad penitenciaria. Comentarios de Facebook También te puede interesar Puno: Intervienen al director de Energía y Minas por presunto uso indebido de camioneta en reunión privada El director regional de Energía y Minas, Edwin",2025-11-17T08:37:51.679389,2025-11-17T08:37:51.897823,2025-11-17T08:37:51.897826,Sin Fronteras,11001,"https://diariosinfronteras.com.pe/wp-content/uploads/2025/08/WhatsApp-Image-2025-08-22-at-5.41.51-PM-660x330.jpeg, https://diariosinfronteras.com.pe/wp-content/uploads/2020/06/dxt-nav.png",335,,,Martín Vizcarra cumplirá prisión preventiva en el penal Ancón II,https://diariosinfronteras.com.pe/2025/08/22/martin-vizcarra-cumplira-prision-preventiva-en-el-penal-ancon-ii/
Desconocido,1644,General,"Inicio NACIONAL 20 mil podrán acceder a una de las plazas que ofrece la convocatoria 2025 de Beca 18 20 mil podrán acceder a una de las plazas que ofrece la convocatoria 2025 de Beca 18 Por Diario Sin Fronteras - 13 octubre, 2024 - En NACIONAL 321 20 mil podrán acceder a una de las plazas que ofrece la convocatoria 2025 de Beca 18 La convocatoria 2025 de Beca 18 se lanzó ayer y se anunció que habrá 20 000 plazas para los estudiantes de escasos recursos que desean realizar sus estudios superiores y culminar una carrera profesional con todos los gastos pagados. El ministro de Educación, Morgan Quero, indicó que esta cifra es el doble de las plazas que se habilitaron este año. Hace dos años, el programa otorgaba 5 mil becas y el Gobierno se comprometió a entregar 50 mil para el 2026. Actualmente, el programa Beca 18 tiene ocho modalidades de postulación: la ordinaria dirigida a jóvenes menores de 22 años que estén en pobreza o extrema pobreza; protección, para menores de 22 que hayan estado bajo tutela estatal o de terceros; comunidad nativa amazónica o comunidad afroperuana, para jóvenes que estén registrados en el Ministerio de Cultura. Además, hay las modalidades Fuerzas Armadas, Huallaga, Repared, Vraem y educación cultural bilingüe. Este lanzamiento se dio en el Primer Encuentro de Becarios organizado por Pronabec, el cual busca reconocer el talento de los ganadores, desarrollado el sábado 12 en el coliseo Dibós Dammert, en el distrito de San Borja. Comentarios de Facebook También te puede interesar Cientos de jóvenes puneños rinden examen de preselección para Beca 18 Aspirantes de toda la región participaron en la",2025-11-17T08:37:51.679389,2025-11-17T08:37:51.896972,2025-11-17T08:37:51.896977,Sin Fronteras,11000,"https://diariosinfronteras.com.pe/wp-content/uploads/2024/10/becarios-beca-18-500x330.jpg, https://diariosinfronteras.com.pe/wp-content/uploads/2020/06/dxt-nav.png",278,La convocatoria 2025 de Beca 18 se lanzó ayer y se anunció que habrá 20 000 plazas para los estudiantes de escasos recursos que desean realizar sus estudios superiores y culminar una carrera profesional con todos los gastos pagados.,,20 mil podrán acceder a una de las plazas que ofrece la convocatoria 2025 de Beca 18,https://diariosinfronteras.com.pe/2024/10/13/20-mil-podran-acceder-a-una-de-las-plazas-que-ofrece-la-convocatoria-2025-de-beca-18/
Desconocido,1219,General,"Inicio NACIONAL Martín Vizcarra es trasladado al penal de Barbadillo para cumplir prisión preventiva Martín Vizcarra es trasladado al penal de Barbadillo para cumplir prisión preventiva Por Diario Sin Fronteras - 14 agosto, 2025 - En NACIONAL 588 El expresidente Martín Vizcarra fue trasladado esta mañana al penal de Barbadillo, en Ate, para cumplir cinco meses de prisión preventiva, medida dictada en el proceso que enfrenta por presuntas irregularidades en las obras Lomas de Ilo y el Hospital de Moquegua. La disposición fue ejecutada por el Instituto Nacional Penitenciario (INPE), que confirmó que se respetarán sus derechos conforme a ley. Vizcarra, quien pasó la noche en la carceleta del Poder Judicial, fue trasladado en una camioneta del INPE con resguardo policial. En Barbadillo se encuentran recluidos también los exmandatarios Alejandro Toledo, Ollanta Humala y Pedro Castillo. Su abogado, Erwin Siccha, anunció que apelará la decisión judicial, al considerar que se trata de una medida arbitraria. Comentarios de Facebook También te puede interesar Puno: Intervienen al director de Energía y Minas por presunto uso indebido de camioneta en reunión privada El director regional de Energía y Minas, Edwin",2025-11-17T08:37:51.679389,2025-11-17T08:37:51.894755,2025-11-17T08:37:51.894770,Sin Fronteras,10999,"https://diariosinfronteras.com.pe/wp-content/uploads/2025/06/vizcarra-400-660x330.jpg, https://diariosinfronteras.com.pe/wp-content/uploads/2020/06/dxt-nav.png",187,,,Martín Vizcarra es trasladado al penal de Barbadillo para cumplir prisión preventiva,https://diariosinfronteras.com.pe/2025/08/14/martin-vizcarra-es-trasladado-al-penal-de-barbadillo-para-cumplir-prision-preventiva/
Desconocido,2790,General,"Inicio AREQUIPA Clausuran local de eventos que funcionaba sin permiso en Bustamante y Rivero Clausuran local de eventos que funcionaba sin permiso en Bustamante y Rivero Por Diario Sin Fronteras - 10 agosto, 2025 - En AREQUIPA 1487 Vecinos se quejaban por el exceso de bulla. Continuando con las acciones emprendidas por la Municipalidad de José Luis Bustamante y Rivero, hoy, domingo 10 de agosto, durante un operativo de madrugada, se intervino tres locales por incumplir las normas municipales. Asimismo, se clausuró uno de ellos por hacer mal uso de su giro comercial. De acuerdo al Acta de Constatación N 015595, realizada por la Gerencia de Fiscalización Municipal, el primer local en ser intervenido alrededor de las 00:40 h fue el restaurante  La Senquita de Huayrapampa , ubicado en la Av. Caracas 208, en el sector de Simón Bolívar. De acuerdo al documento, dentro del local se pudo constatar la presencia de más de un centenar de personas libando licor acompañados de una orquesta musical. En la central de Serenazgo se recibieron muchas quejas de este local, debido a la bulla que generaba hasta altas horas de la madrugada y escándalos provocados por las personas ebrias, en su mayoría jóvenes. Este local funcionaba como local de eventos, haciendo mal uso de su giro comercial permitido, afectando la tranquilidad entre los vecinos de la zona. Por este motivo se ha procedido a clausurar temporalmente sus puertas de ingreso con un bloque de concreto y el pago de una multa, aplicando la O.M. N 006-2024 y ley N 31914, así lo informó el gerente de Fiscalización Municipal, Ing. Raúl Medina. Asimismo, el acta de intervención manifiesta que la administradora indicó tener el Certificado ITSE (Inspección Técnica de Seguridad en Edificaciones), pero no pudo mostrarlo. De igual forma, el local no contaba con botiquín de primeros auxilios y su extintor de fuego estaba vencido. Cabe destacar que, al momento de la clausura, algunos vecinos salieron de sus viviendas para felicitar la labor de la municipalidad. CONTROL HORARIO Posteriormente, continuando con las acciones de control, los fiscalizadores intervinieron la discoteca  Secret  y la licorería  Mishda , ubicados en la Av. Dolores, por incumplir el horario de atención permitida, procediendo a levantar actas para iniciar los procesos sancionadores correspondientes. El gerente de Fiscalización Municipal explicó, además, que desde el 2023 se han realizado más de un centenar de clausuras temporales de locales por incumplir normas municipales. Además, se han revocado una decena de licencias de forma definitiva. Comentarios de Facebook También te puede interesar Puno: Intervienen al director de Energía y Minas por presunto uso indebido de camioneta en reunión privada El director regional de Energía y Minas, Edwin",2025-11-17T08:37:51.679389,2025-11-17T08:37:51.884971,2025-11-17T08:37:51.884975,Sin Fronteras,10998,"https://diariosinfronteras.com.pe/wp-content/uploads/2025/08/27d62bc4-2d80-4206-a7fc-1b84bd91cfff-660x330.jpeg, https://diariosinfronteras.com.pe/wp-content/uploads/2020/06/dxt-nav.png",444,"Continuando con las acciones emprendidas por la Municipalidad de José Luis Bustamante y Rivero, hoy, domingo 10 de agosto, durante un operativo de madrugada, se intervino tres locales por incumplir las normas municipales. Asimismo, se clausuró uno de ellos por hacer mal uso de su giro comercial.",,Clausuran local de eventos que funcionaba sin permiso en Bustamante y Rivero,https://diariosinfronteras.com.pe/2025/08/10/clausuran-local-de-eventos-que-funcionaba-sin-permiso-en-bustamante-y-rivero/
Desconocido,1406,General,"Inicio AREQUIPA Camaná tendrá su propia universidad Camaná tendrá su propia universidad Por Diario Sin Fronteras - 15 diciembre, 2024 - En AREQUIPA 980 Ahora solo falta contar con el presupuesto que implica ejecutar el proyecto. El proyecto de ley N  7982 2023-CR, que crea la Universidad Nacional Autónoma de Camaná en el distrito de Samuel Pastor, presentado por el congresista por Arequipa Esdras Medina Minaya, fue aprobado por el pleno del Congreso de la República la noche del último viernes. En junio pasado, el alcalde de Samuel Pastor, Jonathan Machado Rivera, junto al parlamentario, recorrió los terrenos que se entregarían para ejecutar el proyecto educativo que beneficiará a los jóvenes de la provincia y otras cercanas. El terreno elegido es de una extensión de más de 70 mil metros cuadrados en La Pampa. Con la publicación de la ley, se espera que se inicie el proyecto. Junto a la universidad de Camaná se dispuso la creación de otras 21 más en Amazonas, Ayacucho, Cusco, Huancavelica, Ica, Junín, Lambayeque, Lima, Moquegua, Puno, San Martín, La Libertad y Ucayaly. Lo que no se ha asegurado es si se contará con el presupuesto para ejecutar estos proyectos en favor de la juventud. Comentarios de Facebook También te puede interesar Puno: Intervienen al director de Energía y Minas por presunto uso indebido de camioneta en reunión privada El director regional de Energía y Minas, Edwin",2025-11-17T08:37:51.679389,2025-11-17T08:37:51.883571,2025-11-17T08:37:51.883580,Sin Fronteras,10997,"https://diariosinfronteras.com.pe/wp-content/uploads/2024/12/Plaza-de-Armas-de-Camana-660x330.jpg, https://diariosinfronteras.com.pe/wp-content/uploads/2020/06/dxt-nav.png",232,"El proyecto de ley N  7982 2023-CR, que crea la Universidad Nacional Autónoma de Camaná en el distrito de Samuel Pastor, presentado por el congresista por Arequipa Esdras Medina Minaya, fue aprobado por el pleno del Congreso de la República la noche del último viernes.",,Camaná tendrá su propia universidad,https://diariosinfronteras.com.pe/2024/12/15/camana-tendra-su-propia-universidad/
Desconocido,3390,General,"Inicio NACIONAL Organizaciones sociales denunciaron bloqueos de sus líneas telefónicas previo a las marchas Organizaciones sociales denunciaron bloqueos de sus líneas telefónicas previo a las marchas Por Redacción Diario Sin Fronteras - 21 septiembre, 2025 - En NACIONAL 543 Organizaciones sociales denuncian bloqueos de sus líneas telefónicas previo a las marchas A pocas horas del inicio de las movilizaciones contra el gobierno de Dina Boluarte y el Congreso, diversas organizaciones de sociedad civil denunciaron el bloqueo de sus líneas telefónicas. Tanto Coraly Escobar, dirigente de la Federación de estudiantes de la PUCP (Fepuc), como Milagros Samillán, representante de la Asociación de familiares de las víctimas asesinadas en Juliaca, indicaron a La República que, desde el día anterior, no podían realizar llamadas.  No pude contestar llamadas porque me bloquearon mi equipo desde ayer. Puede que haya sido una forma de meter miedo de parte del Gobierno por la marcha de hoy , sostuvo Samillán, hermana de Marco Antonio Samillán, quien perdió la vida el 9 de enero del 2023 producto de la represión policial en Juliaca. De la misma forma, Coraly Escobar corroboró que afrontaba la misma situación y compartió su extrañeza. Como se recordó, la marcha de este sábado 20 de septiembre fue convocada por la Generación Z, un movimiento juvenil que utilizó símbolos de rebeldía y que levantó su voz de protesta contra la reforma de pensiones gestada por el Congreso, la corrupción y la inseguridad ciudadana que campeaba en el país. A la movilización se sumaron otros colectivos como  Jóvenes Líderes para el Perú  y  KeikoNoVa , al igual que gremios sindicales, de aportantes y transportistas. Por ejemplo, desde la CGTP consideraron que la Ley de Modernización Previsional, respaldada por el Congreso, el Ejecutivo y los grupos de poder económico, debía derogarse. El reglamento de esta reforma no fue más que la aplicación operativa de una ley promovida por el fujimorismo y respaldada por las bancadas de derecha y el gobierno, favoreciendo a intereses empresariales a costa del futuro de los aportantes. En consecuencia, la única salida real era su derogatoria , indicó la central sindical. De igual forma, el colectivo Voz Ciudadana dejó en claro que la marcha ciudadana buscaba frenar los abusos cometidos por el Congreso y la injusticia que afectaba a la población. En ese sentido, invocaron a todos los peruanos a unirse a esta causa y recomendaron a los comercios suspender sus actividades, con el fin de evitar afectaciones a sus negocios. Otro sector que participó en la movilización fueron los transportistas. De acuerdo con Julio Campos, vicepresidente de la Alianza Nacional de Transportistas, este tipo de jornadas reflejaban el malestar generalizado contra la ineficacia del gobierno para enfrentar la inseguridad ciudadana y asegurar un mejor funcionamiento del sistema previsional. Nos sumamos y respaldamos esta marcha en contra del gobierno y las mafias que estaban instaladas en él. Fue justo y necesario que todas las jornadas fueran a favor del pueblo para recuperar nuestra soberanía y la dignidad que habíamos perdido los ciudadanos , anotó. Comentarios de Facebook También te puede interesar La  cárcel dorada  de Betssy Chávez: así vive sus días la expremier en lujosa residencia diplomática en San Isidro La residencia diplomática mexicana, ubicada en el",2025-11-17T08:37:51.679389,2025-11-17T08:37:51.875567,2025-11-17T08:37:51.875574,Sin Fronteras,10996,"https://diariosinfronteras.com.pe/wp-content/uploads/2025/09/68cf11620b47df0461059eb5-640x330.webp, https://diariosinfronteras.com.pe/wp-content/uploads/2020/06/dxt-nav.png",534,"A pocas horas del inicio de las movilizaciones contra el gobierno de Dina Boluarte y el Congreso, diversas organizaciones de sociedad civil denunciaron el bloqueo de sus líneas telefónicas. Tanto Coraly Escobar, dirigente de la Federación de estudiantes de la PUCP (Fepuc), como Milagros Samillán, representante de la Asociación de familiares de las víctimas asesinadas en Juliaca, indicaron a La República que, desde el día anterior, no podían realizar llamadas.",,Organizaciones sociales denunciaron bloqueos de sus líneas telefónicas previo a las marchas,https://diariosinfronteras.com.pe/2025/09/21/organizaciones-sociales-denunciaron-bloqueos-de-sus-lineas-telefonicas-previo-a-las-marchas/
Desconocido,4395,General,"Inicio NACIONAL Martín Vizcarra sobre su hermano:  Mario es completamente diferente a mí  Martín Vizcarra sobre su hermano:  Mario es completamente diferente a mí  Por Redacción Diario Sin Fronteras - 30 septiembre, 2025 - En NACIONAL 324 El expresidente de Perú, Martín Vizcarra, se refirió a la posición de su hermano Mario Vizcarra en las encuestas de intención de voto de cara a las elecciones generales de 2026, luego de que este apareciera en el tercer lugar de las preferencias ciudadanas. En declaraciones a Panamericana, Vizcarra afirmó que la ubicación de su hermano no resulta de una confusión entre sus identidades, sino de la asociación que la ciudadanía realiza entre el partido Perú Primero y el liderazgo político que él representa. Según la cobertura de Panamericana, Martín Vizcarra desestimó que el resultado fuera consecuencia de un error en el reconocimiento de candidatos.  Puede ser que relacionen, no que confundan. Mario mide 1.70 metros, Mario es completamente diferente a mí , sostuvo el exmandatario, inhabilitado para ejercer cargos públicos, en entrevista transmitida el último fin de semana. La encuesta en cuestión indica que Mario Vizcarra figura como el tercero preferido entre los consultados, aunque un porcentaje significativo de quienes indicaron su nombre reconoció haberlo hecho pensando en el expresidente, según la ficha técnica. Pese a los datos de encuestadoras que sugieren una asociación directa entre ambos nombres, Martín Vizcarra insistió en que los resultados reflejan un respaldo significativo hacia el partido Perú Primero a nivel nacional, más allá de la figura puntual del postulante.  Sea Mario o Martín ya está en los primeros lugares de la intención de voto en todo el país , declaró ante el medio local. Panamericana destacó que el fundador de Perú Primero mantiene influencia pública incluso después de su inhabilitación. La aparición de Mario Vizcarra en los primeros lugares responde en parte a la estructura orgánica de la agrupación y a la recordación del apellido Vizcarra. Datos de la encuesta citada muestran que, aunque Mario Vizcarra no ha realizado una campaña nacional visible, su posicionamiento creció en las últimas mediciones tras su inclusión en las listas oficiales del partido. Estas cifras confirman un escenario político marcado por la presencia de figuras vinculadas al reciente pasado presidencial. Empate técnico El ingeniero Mario Vizcarra, hermano del expresidente Martín Vizcarra, alcanzó el mismo nivel de intención de voto que Keiko Fujimori, lideresa de Fuerza Popular, con un 7   cada uno, según la última encuesta presidencial de Ipsos difundida este domingo por Cuarto Poder de América TV. El sondeo, que analiza dos mediciones del mes de septiembre, posiciona en primer lugar al alcalde de Lima, Rafael López Aliaga, quien suma un 10   en la preferencia ciudadana con miras a las elecciones generales de 2026. Según el reporte divulgado por Infobae, la primera evaluación del mes ubicaba a Fujimori con un 8   y a Mario Vizcarra con un 5  . Posteriormente, ambos empatan en 7  , reflejando un avance del hermano del exmandatario, quien enfrenta cargos judiciales por supuestos actos de corrupción. Actualmente, Martín Vizcarra afronta un pedido fiscal de quince años de prisión y la acusación de haber recibido 2,4 millones de soles en sobornos relacionados con obras públicas. Otros posibles candidatos registrados en la encuesta incluyen al comediante Carlos Álvarez, con un 4  , al presentador Phillip Butters, con un 3  , y al líder de Alianza para el Progreso, César Acuña, con un 2  . Ipsos subraya además que el 62   de los ciudadanos podría modificar su voto antes de las elecciones, mientras que un 11   prefirió no responder. Aunque Martín Vizcarra permanece inhabilitado, su nombre sigue presente en las encuestas, lo que motivó a las autoridades electorales a solicitar su exclusión de futuros sondeos. Por su parte, Mario Vizcarra ha incrementado su notoriedad, aunque un 71   de quienes lo mencionaron afirmaron estar pensando en el expresidente, según detalló Ipsos. El contexto legal y político de los hermanos Vizcarra sigue influyendo en el escenario electoral peruano. Comentarios de Facebook También te puede interesar La  cárcel dorada  de Betssy Chávez: así vive sus días la expremier en lujosa residencia diplomática en San Isidro La residencia diplomática mexicana, ubicada en el",2025-11-17T08:37:51.679389,2025-11-17T08:37:51.867911,2025-11-17T08:37:51.867920,Sin Fronteras,10995,"https://diariosinfronteras.com.pe/wp-content/uploads/2025/09/IMG-20250930-WA0180-660x330.jpg, https://diariosinfronteras.com.pe/wp-content/uploads/2020/06/dxt-nav.png",691,Martín Vizcarra sobre su hermano:  Mario es completamente diferente a mí,,Martín Vizcarra sobre su hermano:  Mario es completamente diferente a mí,https://diariosinfronteras.com.pe/2025/09/30/martin-vizcarra-sobre-su-hermano-mario-es-completamente-diferente-a-mi/
Desconocido,1415,General,"Inicio NACIONAL Martín Vizcarra será liberado hoy y simpatizantes lo esperan afuera del penal:  Continúan maltratando sus derechos  Martín Vizcarra será liberado hoy y simpatizantes lo esperan afuera del penal:  Continúan maltratando sus derechos  Por Diario Sin Fronteras - 4 septiembre, 2025 - En NACIONAL 691 Martín Vizcarra recuperará su libertad este jueves 4 de septiembre desde el penal de Barbadillo, tras cumplir 20 días de prisión preventiva dictada por el presunto cobro de coimas durante su gestión como gobernador de Moquegua. Decenas de simpatizantes, quienes portaban banderas del partido Perú Primero y coreaban consignas con megáfonos, se congregaron desde primeras horas en los exteriores, donde un mínimo contingente policial resguarda el lugar, creando un ambiente de expectativa. Su abogado defensor confirmó que el excautelado saldría antes del mediodía, lo que intensificó la concentración que incluyó incluso la presencia de la mascota del partido y músicos. La liberación del expresidente pone fin a este breve período de reclusión mientras la investigación fiscal en su contra continúa su curso, atrayendo la atención nacional sobre este caso que mantiene dividida la opinión pública. Comentarios de Facebook También te puede interesar Puno: Intervienen al director de Energía y Minas por presunto uso indebido de camioneta en reunión privada El director regional de Energía y Minas, Edwin",2025-11-17T08:37:51.679389,2025-11-17T08:37:51.821848,2025-11-17T08:37:51.821856,Sin Fronteras,10994,"https://diariosinfronteras.com.pe/wp-content/uploads/2025/09/simpatizantes-vizcarra-1-800x533-1-660x330.jpg, https://diariosinfronteras.com.pe/wp-content/uploads/2020/06/dxt-nav.png",213,,,Martín Vizcarra será liberado hoy y simpatizantes lo esperan afuera del penal:  Continúan maltratando sus derechos,https://diariosinfronteras.com.pe/2025/09/04/martin-vizcarra-sera-liberado-hoy-y-simpatizantes-lo-esperan-afuera-del-penal-continuan-maltratando-sus-derechos/
Desconocido,3194,General,"Inicio NACIONAL Martín Vizcarra: esta es la ruta del dinero que habría cobrado por Lomas de Ilo y Hospital de Moquegua, según la Fiscalía Martín Vizcarra: esta es la ruta del dinero que habría cobrado por Lomas de Ilo y Hospital de Moquegua, según la Fiscalía Por Redacción Diario Sin Fronteras - 15 mins atrás - En NACIONAL 25 La ruta del dinero atribuida por la Fiscalía a Martín Vizcarra en los casos Lomas de Ilo y Hospital de Moquegua se sostiene en una secuencia de llamadas, encuentros, reajustes contractuales y movimientos contables registrados entre fines de 2013 y 2014. La hipótesis fiscal indica que el exgobernador habría recibido montos ilegales de Obrainsa e ICCGSA a cambio de favorecer procesos de adjudicación. Las coordinaciones atribuidas al expresidente incluyen a múltiples representantes de constructoras: Elard Tejeda, gerente de Obrainsa; Rafael Granados Cueto, exdirectivo de ICCGSA; José Manuel Hernández, entonces consultor vinculado al sector; José Javier Jordán y Jorge Armando Iturrizaga, quienes aparecen en la cadena de contactos sobre el Hospital de Moquegua. También figuran trabajadores administrativos como Diego Agurto Albán, María Inés García Arias, Tobías Puertas Gutiérrez y Rosa Carmen Ríos Quinteros, que gestionaron salidas de dinero. La acusación incorpora además los documentos enviados por UNOPS, la firma de contratos, las fechas de la buena pro y los reajustes económicos que  según la fiscalía  se alinearon con los periodos de negociación ilícita. Toda la reconstrucción se basa en colaboraciones eficaces, reportes contables y actas institucionales. Lomas de Ilo: llamadas, reajustes y pagos que reconstruye la Fiscalía El caso Lomas de Ilo inicia el 4 de noviembre de 2013, cuando UNOPS pide un reajuste a la propuesta económica del consorcio liderado por Obrainsa. Al día siguiente, según la Fiscalía, Martín Vizcarra se comunica con Elard Tejeda, gerente de la constructora, para concertar una reunión en la que se habría solicitado un beneficio ilícito. La respuesta de UNOPS llegó el 7 de noviembre, fijando un nuevo monto de S  80,9 millones, cifra que luego fue recomendada y aprobada por la región. En diciembre, Vizcarra y Tejeda sostuvieron nuevas comunicaciones vinculadas al alquiler de una avioneta y a la firma del contrato, que se concretó el 6 de diciembre de 2013. Para la Fiscalía, este periodo fue clave porque permitió coordinar los pagos posteriores que, según los colaboradores eficaces, se entregarían en efectivo semanas más tarde. El 24 de enero de 2014, la Fiscalía registra llamadas en las que Vizcarra pide el  saldo pendiente . Ese mismo día, Tejeda coordinó internamente las gestiones para obtener dinero de caja chica. La investigación señala que empleados administrativos como Diego Agurto Albán y María Inés García Arias procesaron las salidas de efectivo con apoyo de Tobías Puertas. Una asistente, Rosa Ríos Quinteros, declaró haber visto al entonces gobernador en las oficinas de Obrainsa. Comentarios de Facebook También te puede interesar La  cárcel dorada  de Betssy Chávez: así vive sus días la expremier en lujosa residencia diplomática en San Isidro La residencia diplomática mexicana, ubicada en el",2025-11-17T08:37:51.679389,2025-11-17T08:37:51.811374,2025-11-17T08:37:51.811383,Sin Fronteras,10993,"https://diariosinfronteras.com.pe/wp-content/uploads/2025/11/691958994c8f0509b90c5222-660x330.webp, https://diariosinfronteras.com.pe/wp-content/uploads/2020/06/dxt-nav.png",499,"Martín Vizcarra: esta es la ruta del dinero que habría cobrado por Lomas de Ilo y Hospital de Moquegua, según la Fiscalía",,"Martín Vizcarra: esta es la ruta del dinero que habría cobrado por Lomas de Ilo y Hospital de Moquegua, según la Fiscalía",https://diariosinfronteras.com.pe/2025/11/16/martin-vizcarra-esta-es-la-ruta-del-dinero-que-habria-cobrado-por-lomas-de-ilo-y-hospital-de-moquegua-segun-la-fiscalia/
Desconocido,2347,General,"Inicio NACIONAL Perú Primero dice que Martín Vizcarra seguirá como candidato presidencial porque reemplazarlo sería  traición  Perú Primero dice que Martín Vizcarra seguirá como candidato presidencial porque reemplazarlo sería  traición  Por Redacción Diario Sin Fronteras - 18 agosto, 2025 - En NACIONAL 764 El partido Perú Primero confirmó que mantendrá a Martín Vizcarra como su candidato presidencial, a pesar de que el exmandatario cumple cinco meses de prisión preventiva en el penal de Barbadillo. La dirección política de la organización considera que apartarlo en este momento sería una traición a su liderazgo. César Figueredo, secretario general de la agrupación, aseguró que el plan electoral no contempla reemplazos.  Nuestro plan es Martín Vizcarra. No hemos previsto ninguna alternativa , declaró en una entrevista televisiva. Añadió que la estrategia se centra en revertir la inhabilitación política del exjefe de Estado. El dirigente explicó que cualquier debate interno sobre un sustituto afectaría la cohesión partidaria.  Ponerse a hablar de quién lo va a reemplazar cuando él está en una circunstancia tan complicada sería absolutamente desleal , afirmó. Figueredo insistió en que el objetivo inmediato del grupo político es lograr que Vizcarra recupere su derecho a participar en las elecciones, sin abrir escenarios que, según dijo, aún no existen. La postura de Perú Primero se mantiene firme incluso cuando el proceso judicial contra Vizcarra avanza en sus últimas etapas. Acusación contra Martín Vizcarra El expresidente afronta acusaciones de haber recibido sobornos durante su gestión como gobernador de Moquegua entre 2011 y 2014, vinculadas a los proyectos Lomas de Ilo y la ampliación del Hospital Regional de Moquegua. El juez Jorge Chávez Tamariz ordenó su traslado a Barbadillo y dispuso prisión preventiva por cinco meses, en atención a un pedido de la Fiscalía liderada por Germán Juárez Atoche. El Ministerio Público solicitó una condena de 25 años de prisión y una reparación civil de S 4.6 millones. En la última audiencia, el magistrado leyó una presunción de sentencia de 15 años de cárcel. Comentarios de Facebook También te puede interesar La  cárcel dorada  de Betssy Chávez: así vive sus días la expremier en lujosa residencia diplomática en San Isidro La residencia diplomática mexicana, ubicada en el",2025-11-17T08:37:51.679389,2025-11-17T08:37:51.810098,2025-11-17T08:37:51.810106,Sin Fronteras,10992,"https://diariosinfronteras.com.pe/wp-content/uploads/2025/08/Martin-Vizcarra-88-600x330.jpg, https://diariosinfronteras.com.pe/wp-content/uploads/2020/06/dxt-nav.png",361,Perú Primero dice que Martín Vizcarra seguirá como candidato presidencial porque reemplazarlo sería  traición,,Perú Primero dice que Martín Vizcarra seguirá como candidato presidencial porque reemplazarlo sería  traición,https://diariosinfronteras.com.pe/2025/08/18/peru-primero-dice-que-martin-vizcarra-seguira-como-candidato-presidencial-porque-reemplazarlo-seria-traicion/
Desconocido,2344,General,"Inicio TACNA Pensión 65 entrega tarjetas a beneficiarios Pensión 65 entrega tarjetas a beneficiarios Por Diario Sin Fronteras - 18 marzo, 2024 - En TACNA 830 Usuarios de programa estatal tendrán más facilidades para cobros. Durante la mañana de este domingo el programa social Pensión 65 del Ministerio de Desarrollo e Inclusión Social (MIDIS) inició una campaña de  tarjetización  en la región, que consiste en la entrega gratuita de tarjetas de débito del Banco de la Nación (BN) a sus beneficiarios con la finalidad de que tengan más facilidades para el cobro de sus pensiones. Juan Carlos Calisaya, jefe del programa en Tacna, indicó que ahora ya no tendrán que acudir necesariamente a las ventanillas del banco para hacer efectivos los cobros que correspondan y podrán efectuarlos en cualquiera de los 150 agentes Multirred del departamento.  El usuario ya no tendrá que trasladarse desde La Yarada, Sama, Inclán y otras localidades hasta la agencia municipal del cercado de Tacna, porque en los distritos ya existen agentes Multirred. Ahorrarán el pasaje y tiempo y evitarán el riesgo de algún accidente o percance lamentable , anotó el funcionario. La actividad de ayer tuvo como meta la entrega de 400 tarjetas a adultos mayores a través de la atención en trece ventanillas de la agencia del Banco de la Nación ubicada en el Paseo Cívico. Los beneficiarios del programa se mostraron satisfechos con el apoyo y la atención rápida que recibieron y algunos se animaron a realizar el cobro de su pensión en los cajeros de la entidad financiera. La campaña continuará hasta abril y persigue favorecer a 4 mil personas adultas mayores de 65 años. CONTINUACIÓN Se espera que en la agencia del Banco de la Nación de la Av. San Martín se entregue de forma diaria 50 tarjetas desde hoy y en las agencias de tipo III se haga entrega de ocho a quince por día en circunscripciones como Candarave, Tarata, Locumba, Alto de la Alianza, Pocollay y Gregorio Albarracín, entre otras.  El beneficiario podrá realizar sus cobros de manera descentralizada y el dinero que envía el Estado reactivará económicamente de alguna manera a los distritos porque se quedará allí , destacó Calisaya. Comentarios de Facebook También te puede interesar Hernán Quispe es elegido nuevo decano de los periodistas en Puno Hernán Rolando Quispe Chambi fue elegido decano del",2025-11-17T08:37:51.679389,2025-11-17T08:37:51.807949,2025-11-17T08:37:51.807959,Sin Fronteras,10991,"https://diariosinfronteras.com.pe/wp-content/uploads/2024/03/4-A-9.jpeg, https://diariosinfronteras.com.pe/wp-content/uploads/2020/06/dxt-nav.png",388,,,Pensión 65 entrega tarjetas a beneficiarios,https://diariosinfronteras.com.pe/2024/03/18/pension-65-entrega-tarjetas-a-beneficiarios/
Desconocido,1312,General,"Inicio NACIONAL Martín Vizcarra reaparece desde prisión y ofrece disculpas en audiencia Martín Vizcarra reaparece desde prisión y ofrece disculpas en audiencia Por Diario Sin Fronteras - 19 agosto, 2025 - En NACIONAL 824 Martín Vizcarra reapareció desde prisión y ofreció disculpas en audiencia tras la suspensión de la sesión anterior, asegurando que se trató de  factores externos  que espera revertir. El exmandatario participó en la primera audiencia de su juicio desde el penal de Barbadillo, donde cumple prisión preventiva hasta que se dicte sentencia, mientras recalcó que nunca faltó a una citación desde el inicio del proceso. Durante la audiencia, la jueza aceptó sus disculpas y destacó que la defensa del expresidente informó de manera oportuna sobre su situación en pleno traslado hacia el penal. Este reconocimiento judicial refuerza la continuidad del proceso, aunque también evidencia la tensión que rodea el caso. Vizcarra, con un discurso conciliador, intenta mantener la imagen de respeto al sistema, en un juicio que concentra la atención nacional por su relevancia política y judicial. Comentarios de Facebook También te puede interesar Puno: Intervienen al director de Energía y Minas por presunto uso indebido de camioneta en reunión privada El director regional de Energía y Minas, Edwin",2025-11-17T08:37:51.679389,2025-11-17T08:37:51.708390,2025-11-17T08:37:51.708401,Sin Fronteras,10990,"https://diariosinfronteras.com.pe/wp-content/uploads/2025/08/IMG_20250819_151412_800_x_533_pixel-660x330.jpg, https://diariosinfronteras.com.pe/wp-content/uploads/2020/06/dxt-nav.png",202,,,Martín Vizcarra reaparece desde prisión y ofrece disculpas en audiencia,https://diariosinfronteras.com.pe/2025/08/19/martin-vizcarra-reaparece-desde-prision-y-ofrece-disculpas-en-audiencia/
