autor,caracteres_contenido,categoria,contenido,created_at,fecha,fecha_extraccion,fuente,id,imagenes,palabras_contenido,resumen,tags,titulo,url
Diario los Andes,201,General,"Diario referente del sur del Perú, espacio de reflexión sobre el desarrollo humano y su relación con el medio ambiente, la sociedad y la economía © 2024 Diario los Andes. Todos los derechos reservados.",2025-11-09T17:06:45.191712,2025-08-07T00:00:00,2025-11-09T17:06:45.751393,Los Andes,8102,,34,"Diario referente del sur del Perú, espacio de reflexión sobre el desarrollo humano y su relación con el medio ambiente, la sociedad y la economía © 2024 Diario los Andes",,AREQUIPA: Diario Los Andes 07/08/2025,https://losandes.com.pe/arequipa-diario-los-andes-07-08-2025/?signup
Diario los Andes,201,General,"Diario referente del sur del Perú, espacio de reflexión sobre el desarrollo humano y su relación con el medio ambiente, la sociedad y la economía © 2024 Diario los Andes. Todos los derechos reservados.",2025-11-09T17:06:45.191712,2025-08-09T00:00:00,2025-11-09T17:06:45.740573,Los Andes,8101,,34,"Diario referente del sur del Perú, espacio de reflexión sobre el desarrollo humano y su relación con el medio ambiente, la sociedad y la economía © 2024 Diario los Andes",,PUNO: Diario Los Andes 09/08/2025,https://losandes.com.pe/puno-diario-los-andes-09-08-2025/?signup
Diario los Andes,301,General,"Guarda mi nombre, correo electrónico y sitio web en este navegador para la próxima vez que comente. Diario referente del sur del Perú, espacio de reflexión sobre el desarrollo humano y su relación con el medio ambiente, la sociedad y la economía © 2024 Diario los Andes. Todos los derechos reservados.",2025-11-09T17:06:45.191712,2025-10-28T00:00:00,2025-11-09T17:06:45.737597,Los Andes,8100,,51,"Guarda mi nombre, correo electrónico y sitio web en este navegador para la próxima vez que comente",,PUNO: Diario Los Andes 28/10/2025,https://losandes.com.pe/puno-diario-los-andes-28-10-2025/?signup
Diario los Andes,301,General,"Guarda mi nombre, correo electrónico y sitio web en este navegador para la próxima vez que comente. Diario referente del sur del Perú, espacio de reflexión sobre el desarrollo humano y su relación con el medio ambiente, la sociedad y la economía © 2024 Diario los Andes. Todos los derechos reservados.",2025-11-09T17:06:45.191712,2025-11-08T00:00:00,2025-11-09T17:06:45.728750,Los Andes,8099,,51,"Guarda mi nombre, correo electrónico y sitio web en este navegador para la próxima vez que comente",,PUNO: Diario Los Andes 09/11/2025,https://losandes.com.pe/puno-diario-los-andes-09-11-2025/?signup
Diario los Andes,1181,General,"El próximo jueves 22, el Jurado Nacional de Elecciones (JNE) desarrollará en Puno el Foro Referéndum Nacional – 2018, en el que ofrecerá a los ciudadanos, alcances acerca de la razón de esta consulta sobre las reformas constitucionales planteadas por el Ejecutivo, así como las implicancias del voto por el Sí o por el No. Esta acción educativa y de difusión se efectuará en el auditorio del Colegio de Abogados de Puno (Jr. Grau 310), entre las 17:00 y 20:00 horas. Los expositores serán destacados constitucionalistas y especialistas del JNE, quienes propiciarán un dinámico diálogo con los asistentes, apoyados con breves videos ilustrativos. El foro será un espacio para que el ciudadano conozca y propicie la reflexión y debate sobre los temas del referéndum y sus implicancias en la vida de la población peruana, en un contexto de alta desconfianza hacia los políticos. En tanto, Omar Rubio, Coordinador de Acciones Educativas (CAE) de la DNEF para la región, resaltó la importancia del foro para la comunidad, y pidió el apoyo de los medios de comunicación y de las instituciones participantes. Cabe precisar que similares foros se realizarán en las demás regiones del país.",2025-11-09T17:06:45.191712,2018-11-20T00:00:00,2025-11-09T17:06:45.727536,Los Andes,8098,,193,"El próximo jueves 22, el Jurado Nacional de Elecciones (JNE) desarrollará en Puno el Foro Referéndum Nacional – 2018, en el que ofrecerá a los ciudadanos, alcances acerca de la razón de esta consulta sobre las reformas constitucionales planteadas por el Ejecutivo, así como las implicancias del voto por el Sí o por el No. […]",,JNE realizará foro ciudadano sobre referéndum en Puno,https://losandes.com.pe/jne-realizara-foro-ciudadano-sobre-referendum-en-puno/?signup
Diario los Andes,2072,General,"La Contraloría General de la República (CGR) recuerda a las autoridades salientes y entrantes que la fecha para la entrega de los documentos de transferencia ya se están por vencer, por lo que deben utilizar el sistema de Transferencia de Gestión Administrativa de los Gobiernos Regionales y Gobiernos Locales de la CGR, como único medio para presentar el Informe Final, al cual podrán acceder a través del link: https://apps1.contraloria.gob. pe/RRCC/Login/. Asimismo, pone en conocimiento que deberán tramitar su usuario y contraseña a la brevedad posible e iniciar el llenado de los campos del aplicativo informático “Rendición de Cuentas de los Titulares y Transferencia de Gestión”, considerando que el 26 de diciembre de 2018 es el último día para consignar la información en el sistema. El Informe de Rendición de Cuentas y Transferencia (Anexo N° 4), comprende la información del periodo de gestión del pliego de las entidades adscritas al Gobierno Regional o Gobierno local, conteniendo el resumen ejecutivo, reporte de cumplimiento misional y reporte del estado situacional de los Sistemas administrativos, los cuales deben contar con el sustento correspondiente. Cabe resaltar que hasta el mes de noviembre, más de 25 entidades municipales no han cumplido con la consigna de la documentación que forma parte del proceso de transferencia; en ese marco, indicaron que la Municipalidad Provincial de Puno y la de San Román estaban incluidas, por lo que podrían ser denunciadas de acuerdo a la gravedad del caso. Por otro lado, dieron a conocer que el último fin de semana, dichas entidades habrían cumplido con la firma del acta de todo este proceso, el cual deberá ser acopiado por la página web de la Contraloría General de la República. Cabe resaltar que tanto las autoridades electas de los gobiernos locales como la de índole regional, anunciaron que iniciarían un proceso de auditoría por las presuntas irregularidades. Las autoridades y gestiones que no cumplan con la transferencia de gestión podrían ser sancionados y denunciados según su responsabilidad.",2025-11-09T17:06:45.191712,2018-12-25T00:00:00,2025-11-09T17:06:45.725552,Los Andes,8097,,326,"La Contraloría General de la República (CGR) recuerda a las autoridades salientes y entrantes que la fecha para la entrega de los documentos de transferencia ya se están por vencer, por lo que deben utilizar el sistema de Transferencia de Gestión Administrativa de los Gobiernos Regionales y Gobiernos Locales de la CGR, como único medio […]",,Mañana termina el plazo para presentar documentos de transferencia,https://losandes.com.pe/manana-termina-el-plazo-para-presentar-documentos-de-transferencia/?signup
Diario los Andes,1387,General,"Tras una inspección a las obras que ejecuta la Municipalidad Provincial de San Román, la regidora Hilda Quispe Chaiña mencionó que solo 8 obras de las 15 obras que actualmente viene ejecutando la comuna serían inauguradas antes de fin de año. Mencionó que las 4 canchitas deportivas de los sectores Taparachi, San Salvador, Santa Catalina y Santa Adriana están en la lista, así como el mejoramiento vial en el sector del óvalo Pedro Vilcapaza. De la misma forma, las obras de infraestructura vial en las urbanizaciones 28 de Julio, en el sector de la salida a Puno, y en la urbanización Santa Cruz; igualmente, el cerco perimétrico de la Escuela de Formación Artística (ESFA) de Juliaca. Mencionó que otras siete obras no serían inauguradas por demoras presupuestales y ampliación de plazo, y que la próxima gestión, del electo alcalde David Sucacahua Yucra, será la que las continúe y concluya. Por su parte, el encargado de la obra Pedro Vilcapaza de la salida a Huancané, mencionó que existe un retraso en la obra, por el retiro de trabajadores a razón de deudas salariales; sin embargo, con esfuerzos, aseguró que estarían realizaron la inauguración el 29 de diciembre. Cabe indicar, finalmente, que la población de la ciudad cuestiona la falta de ejecución de obras de mayor magnitud; siendo una de ellas el By Pass de la salida al Cusco, que solo fue ejecutada en su primera etapa.",2025-11-09T17:06:45.191712,2018-12-21T00:00:00,2025-11-09T17:06:45.721600,Los Andes,8096,,235,"Tras una inspección a las obras que ejecuta la Municipalidad Provincial de San Román, la regidora Hilda Quispe Chaiña mencionó que solo 8 obras de las 15 obras que actualmente viene ejecutando la comuna serían inauguradas antes de fin de año. Mencionó que las 4 canchitas deportivas de los sectores Taparachi, San Salvador, Santa Catalina […]",,Gestión de Oswaldo Marín deja varias obras inconclusas,https://losandes.com.pe/gestion-de-oswaldo-marin-deja-varias-obras-inconclusas/?signup
Diario los Andes,1476,General,"La congresista Paloma Noceda formalizó ante la Comisión de Ética Parlamentaria su denuncia según la cual fue víctima de “tocamientos indebidos” por parte de Luis López Vilela, de Fuerza Popular. “Tras mis declaraciones vertidas durante la sesión plenaria del 8 de diciembre del presente, adjunto la denuncia respectiva para su conocimiento y trámite correspondiente en la comisión que usted dignamente preside”, dice en la carta enviada a la oficialista Janet Sánchez, titular de dicho grupo de trabajo. Paloma Noceda denunció durante la sesión en que se debatió la suspensión del congresista Moisés Mamani haber sufrido acoso sexual. En ese momento, no identificó al presunto agresor. Según explicó, esta persona, en referencia a López Vilela, le hizo “un masaje asqueroso” durante una reunión con otros colegas. “Ese masaje asqueroso hasta el día de hoy le tengo en la mente cada vez que lo recuerdo porque me generó asco, vómito”, señaló. Tras estas declaraciones, el presidente del Congreso, Daniel Salaverry, exhortó a Noceda a hacer esta denuncia ante la Comisión de Ética.la denunciaría. López Vilela, se pronunció sobre la denuncia presentada ante la Comisión de Ética en su contra por su colega Paloma Noceda, quien lo acusó por presuntos tocamientos indebidos. “Niego rotundamente la denuncia que está haciendo la congresista, la cual tendría que demostrar todos los actos que está haciendo en mi contra, sino ella tendrá que ser denunciada por difamación”, comentó.",2025-11-09T17:06:45.191712,2018-12-12T00:00:00,2025-11-09T17:06:45.718469,Los Andes,8095,,231,"La congresista Paloma Noceda formalizó ante la Comisión de Ética Parlamentaria su denuncia según la cual fue víctima de “tocamientos indebidos” por parte de Luis López Vilela, de Fuerza Popular. “Tras mis declaraciones vertidas durante la sesión plenaria del 8 de diciembre del presente, adjunto la denuncia respectiva para su conocimiento y trámite correspondiente en […]",,Congresista Paloma Noceda formalizó denuncia contra su colega Luis López por acoso sexual,https://losandes.com.pe/congresista-paloma-noceda-formalizo-denuncia-contra-su-colega-luis-lopez-por-acoso-sexual/?signup
Diario los Andes,201,General,"Diario referente del sur del Perú, espacio de reflexión sobre el desarrollo humano y su relación con el medio ambiente, la sociedad y la economía © 2024 Diario los Andes. Todos los derechos reservados.",2025-11-09T17:06:45.191712,2025-09-13T00:00:00,2025-11-09T17:06:45.704980,Los Andes,8094,,34,"Diario referente del sur del Perú, espacio de reflexión sobre el desarrollo humano y su relación con el medio ambiente, la sociedad y la economía © 2024 Diario los Andes",,AREQUIPA: Diario Los Andes 13/09/2025,https://losandes.com.pe/arequipa-diario-los-andes-13-09-2025/?signup
Diario los Andes,201,General,"Diario referente del sur del Perú, espacio de reflexión sobre el desarrollo humano y su relación con el medio ambiente, la sociedad y la economía © 2024 Diario los Andes. Todos los derechos reservados.",2025-11-09T17:06:45.191712,2024-10-12T00:00:00,2025-11-09T17:06:45.700287,Los Andes,8093,,34,"Diario referente del sur del Perú, espacio de reflexión sobre el desarrollo humano y su relación con el medio ambiente, la sociedad y la economía © 2024 Diario los Andes",,PUNO: Diario los Andes 12/10/2024,https://losandes.com.pe/puno-diario-los-andes-12-10-2024/?signup
Diario los Andes,301,General,"Guarda mi nombre, correo electrónico y sitio web en este navegador para la próxima vez que comente. Diario referente del sur del Perú, espacio de reflexión sobre el desarrollo humano y su relación con el medio ambiente, la sociedad y la economía © 2024 Diario los Andes. Todos los derechos reservados.",2025-11-09T17:06:45.191712,2025-11-08T00:00:00,2025-11-09T17:06:45.697096,Los Andes,8092,,51,"Guarda mi nombre, correo electrónico y sitio web en este navegador para la próxima vez que comente",,AREQUIPA: Diario Los Andes 09/11/2025,https://losandes.com.pe/arequipa-diario-los-andes-09-11-2025/?signup
Diario los Andes,748,General,"Puno. En una ceremonia realizada en la Municipalidad Provincial de Puno, el flamante alcalde Martín Ticona Maquera presentó a los gerentes que lo acompañarán en su presente gestión edil, la mañana de ayer. De esta manera, presentó a Eflin Béjar Urruchi como gerente Municipal; a César Tejada, como gerente de Medio Ambiente; a Sandra Ponce, como gerente de Desarrollo Humano y Promoción Social; a Julio Pandia Quino, como gerente Ingeniería Municipal; a Juan Pauro, como gerente de Administración; y a Genaro Guzmán como gerente de Turismo. Asimismo, están Jhon Portugal, como gerente de Desarrollo Urbano; Wilbert Paredes, como gerente de Transportes; Martín Ventura, como gerente de Administración Tributaria; y Jhon Silva, como jefe de Personal.",2025-11-09T17:06:45.191712,2019-01-04T00:00:00,2025-11-09T17:06:45.691910,Los Andes,8091,,115,"Puno. En una ceremonia realizada en la Municipalidad Provincial de Puno, el flamante alcalde Martín Ticona Maquera presentó a los gerentes que lo acompañarán en su presente gestión edil, la mañana de ayer. De esta manera, presentó a Eflin Béjar Urruchi como gerente Municipal; a César Tejada, como gerente de Medio Ambiente; a Sandra Ponce, […]",,Alcalde de Puno presentó a sus gerentes,https://losandes.com.pe/alcalde-de-puno-presento-a-sus-gerentes/
Diario los Andes,1057,General,"1Giulliana Loza, abogada de Keiko Fujimori, señaló hoy que nunca en su vida ha cometido un delito o ha realizado acciones que han pasado de la frontera del ámbito legal. Durante la audiencia del Primer Juzgado de Investigación Preparatoria del Poder Judicial que dirige el juez Richard Concepción Carhuancho, en la que se evalúa dictar comparecencia restringida a Giulliana Loza, la abogada remarcó que nunca ha actuado en forma indebida. “Jamás he delinquido, jamás he traspasado de la frontera de lo legal, me he equivocado, pero jamás he cometido un delito (…)”, remarcó. La abogada calificó de “graves y fantasiosas” las acusaciones del fiscal José Domingo Pérez, quien atribuye a Loza el delito de obstrucción de la justicia.Durante la audiencia, la abogada se quejó de no haber sido citada a declarar antes del pedido de comparecencia restringida. Remarcó que desde el 14 de diciembre pidió que se le cite a declarar, pero nunca fue notificada. “La verdad saldrá a la luz en todo momento, soy la más interesada en que mi nombre quede limpio”, aseveró.",2025-11-09T17:06:45.191712,2018-12-28T00:00:00,2025-11-09T17:06:45.691045,Los Andes,8090,,175,"1Giulliana Loza, abogada de Keiko Fujimori, señaló hoy que nunca en su vida ha cometido un delito o ha realizado acciones que han pasado de la frontera del ámbito legal. Durante la audiencia del Primer Juzgado de Investigación Preparatoria del Poder Judicial que dirige el juez Richard Concepción Carhuancho, en la que se evalúa dictar […]",,Giulliana Loza: “Nunca he cometido un delito”,https://losandes.com.pe/giulliana-loza-nunca-he-cometido-un-delito/?signup
Diario los Andes,201,General,"Diario referente del sur del Perú, espacio de reflexión sobre el desarrollo humano y su relación con el medio ambiente, la sociedad y la economía © 2024 Diario los Andes. Todos los derechos reservados.",2025-11-09T17:06:45.191712,2024-09-17T00:00:00,2025-11-09T17:06:45.689729,Los Andes,8089,,34,"Diario referente del sur del Perú, espacio de reflexión sobre el desarrollo humano y su relación con el medio ambiente, la sociedad y la economía © 2024 Diario los Andes",,PUNO: Diario Los Andes 17/09/2024,https://losandes.com.pe/puno-diario-los-andes-17-09-2024/?signup
Diario los Andes,973,General,"Las peticiones de renuncia no tienen fin. Esta vez se trata de los fiscales supremos Pablo Sánchez Velarde y Zoraida Ávalos Rivera quienes solicitan la renuncia del fiscal de la Nación, Pedro Chávarry , tras las cuestionadas decisiones que tomó en torno al Equipo Especial Lava Jato. En el documento, los fiscales supremos consideraron la remoción de los fiscales Rafel Vela Barba y José Domingo Pérez Gómez como una «grave intromisión» al caso Lava Jato, pese a que dos días después rectificó su decisión. «Este proceder vulnera de sobremanera la imagen del Ministerio Público, como organismo constitucionalmente autónomo, lo que afecta su credibilidad, genera desconfianza y la deslegitima frente a la opinión pública no solo nacional sino internacional», se lee en el comunicado. Por esos motivos, los fiscales sostienen que «la crisis institucional del Ministerio Público no sostiene más la permanencia del actual Fiscal de la Nación» porque él origina dicha situación.",2025-11-09T17:06:45.191712,2019-01-03T00:00:00,2025-11-09T17:06:45.684664,Los Andes,8088,,152,"Las peticiones de renuncia no tienen fin. Esta vez se trata de los fiscales supremos Pablo Sánchez Velarde y Zoraida Ávalos Rivera quienes solicitan la renuncia del fiscal de la Nación, Pedro Chávarry , tras las cuestionadas decisiones que tomó en torno al Equipo Especial Lava Jato. En el documento, los fiscales supremos consideraron la remoción de […]",,Pedro Chávarry: Fiscales supremos exigen renuncia del fiscal de la Nación,https://losandes.com.pe/pedro-chavarry-fiscales-supremos-exigen-renuncia-del-fiscal-de-la-nacion/
Diario los Andes,201,General,"Diario referente del sur del Perú, espacio de reflexión sobre el desarrollo humano y su relación con el medio ambiente, la sociedad y la economía © 2024 Diario los Andes. Todos los derechos reservados.",2025-11-09T17:06:45.191712,2024-11-06T00:00:00,2025-11-09T17:06:45.683450,Los Andes,8087,,34,"Diario referente del sur del Perú, espacio de reflexión sobre el desarrollo humano y su relación con el medio ambiente, la sociedad y la economía © 2024 Diario los Andes",,AREQUIPA: Diario los Andes 06/11/2024,https://losandes.com.pe/arequipa-diario-los-andes-06-11-2024/?signup
Diario los Andes,201,General,"Diario referente del sur del Perú, espacio de reflexión sobre el desarrollo humano y su relación con el medio ambiente, la sociedad y la economía © 2024 Diario los Andes. Todos los derechos reservados.",2025-11-09T17:06:45.191712,2024-09-14T00:00:00,2025-11-09T17:06:45.679113,Los Andes,8086,,34,"Diario referente del sur del Perú, espacio de reflexión sobre el desarrollo humano y su relación con el medio ambiente, la sociedad y la economía © 2024 Diario los Andes",,AREQUIPA: Diario Los Andes 14/09/2024,https://losandes.com.pe/arequipa-diario-los-andes-14-09-2024/?signup
Diario los Andes,201,General,"Diario referente del sur del Perú, espacio de reflexión sobre el desarrollo humano y su relación con el medio ambiente, la sociedad y la economía © 2024 Diario los Andes. Todos los derechos reservados.",2025-11-09T17:06:45.191712,2024-11-30T00:00:00,2025-11-09T17:06:45.677132,Los Andes,8085,,34,"Diario referente del sur del Perú, espacio de reflexión sobre el desarrollo humano y su relación con el medio ambiente, la sociedad y la economía © 2024 Diario los Andes",,PUNO: Diario los Andes 30/11/2024,https://losandes.com.pe/puno-diario-los-andes-30-11-2024/?signup
Diario los Andes,201,General,"Diario referente del sur del Perú, espacio de reflexión sobre el desarrollo humano y su relación con el medio ambiente, la sociedad y la economía © 2024 Diario los Andes. Todos los derechos reservados.",2025-11-09T17:06:45.191712,2024-09-02T00:00:00,2025-11-09T17:06:45.671085,Los Andes,8084,,34,"Diario referente del sur del Perú, espacio de reflexión sobre el desarrollo humano y su relación con el medio ambiente, la sociedad y la economía © 2024 Diario los Andes",,PUNO: Diario Los Andes 02/09/2024,https://losandes.com.pe/puno-diario-los-andes-02-09-2024/?signup
Diario los Andes,201,General,"Diario referente del sur del Perú, espacio de reflexión sobre el desarrollo humano y su relación con el medio ambiente, la sociedad y la economía © 2024 Diario los Andes. Todos los derechos reservados.",2025-11-09T17:06:45.191712,2025-07-31T00:00:00,2025-11-09T17:06:45.656276,Los Andes,8083,,34,"Diario referente del sur del Perú, espacio de reflexión sobre el desarrollo humano y su relación con el medio ambiente, la sociedad y la economía © 2024 Diario los Andes",,AREQUIPA: Diario Los Andes 01/08/2025,https://losandes.com.pe/arequipa-diario-los-andes-01-08-2025/?signup
Diario los Andes,201,General,"Diario referente del sur del Perú, espacio de reflexión sobre el desarrollo humano y su relación con el medio ambiente, la sociedad y la economía © 2024 Diario los Andes. Todos los derechos reservados.",2025-11-09T17:06:45.191712,2024-11-24T00:00:00,2025-11-09T17:06:45.653871,Los Andes,8082,,34,"Diario referente del sur del Perú, espacio de reflexión sobre el desarrollo humano y su relación con el medio ambiente, la sociedad y la economía © 2024 Diario los Andes",,Semanario Los Andes 25/11/2024,https://losandes.com.pe/semanario-los-andes-25-11-2024/?signup
Diario los Andes,1530,General,"En el Perú, un millón 260,000 emprendimientos se encuentran direccionados por mujeres, estimó hoy el Ministerio de la Producción (Produce) en el marco del Mes del Emprendimiento. “De los tres millones de emprendimientos en el país, el 42 % se encuentra liderado por mujeres”, sostuvo el ministro de la Producción (Produce), Raúl Pérez-Reyes, en la conferencia de prensa de presentación del programa “Mujer Produce”. Cabe destacar que a inicios de este mes el ministro participó en el lanzamiento del Mes del Emprendimiento. En este mes se realizarán más de 200 actividades en diversas regiones del país, con foros, conferencias, talleres, sesiones de mentoría y ferias para promover los emprendimientos innovadores. Pérez-Reyes mencionó que este programa tiene como propósito fortalecer los emprendimientos que se desarrollan en el país y que las mujeres sean más independientes económicamente. “Se trata de un tema de equidad, justicia y de relevancia económica”, manifestó el ministro de la Producción. En ese contexto, Produce se encuentra interesado en desarrollar el programa “Mujer Produce” junto con el Ministerio de la Mujer y Poblaciones Vulnerables (MIMP), sostuvo el ministro. A su turno, la ministra de la Mujer, Ana María Mendieta, señaló que en coordinación con Produce están fortaleciendo este programa para llegar a más mujeres con el propósito de que generen sus propios recursos monetarios. “Las mujeres así podrán generar sus propios recursos (monetarios) y podrán ser menos vulnerables a la violencia”, señaló.",2025-11-09T17:06:45.191712,2018-11-19T00:00:00,2025-11-09T17:06:45.652711,Los Andes,8081,,234,"En el Perú, un millón 260,000 emprendimientos se encuentran direccionados por mujeres, estimó hoy el Ministerio de la Producción (Produce) en el marco del Mes del Emprendimiento. “De los tres millones de emprendimientos en el país, el 42 % se encuentra liderado por mujeres”, sostuvo el ministro de la Producción (Produce), Raúl Pérez-Reyes, en la […]",,1.26 millones de emprendimientos son liderados por mujeres,https://losandes.com.pe/1-26-millones-de-emprendimientos-son-liderados-por-mujeres/?signup
Diario los Andes,1134,General,"En medio de cientos de pobladores, que lo esperaron a las afueras de la Basílica Catedral de Puno, Walter Aduviri Calisaya adelantó las acciones que priorizará durante su gobierno, que empieza hoy luego de su juramentación al cargo. «La unidad es muy importante. El padre (que ofició la Misa Te Deum) ha destacado que debemos trabajar por el éxito de la región”, aseguró el electo gobernador regional de Puno, Walter Aduviri Calisaya, quien en unos momentos más juramentará al cargo. En esa misma línea, aseguró que durante su periodo de gobierno priorizará la lucha contra la corrupción. “En primer lugar combatiremos la corrupción y, segundo, trabajaremos por el desarrollo integral de la región”, acotó. Asimismo, se refirió a su equipo de trabajo, el cual dijo que presentará mañana y cuyos integrantes, empezando por el gerente general, no tienen antecedentes de corrupción ni participaron en las anteriores gestiones del Gobierno Regional. En estos momentos, Aduviri se encuentra en el Auditorio del Gobierno Regional de Puno, acompañado de sus consejeros y el vicegobernador regional, participando de la ofrenda a la Pachamama.",2025-11-09T17:06:45.191712,2019-01-01T00:00:00,2025-11-09T17:06:45.651777,Los Andes,8080,,179,"En medio de cientos de pobladores, que lo esperaron a las afueras de la Basílica Catedral de Puno, Walter Aduviri Calisaya adelantó las acciones que priorizará durante su gobierno, que empieza hoy luego de su juramentación al cargo. «La unidad es muy importante. El padre (que ofició la Misa Te Deum) ha destacado que debemos […]",,Aduviri: “En segundo lugar dejaremos el trabajo por el desarrollo de Puno”,https://losandes.com.pe/aduviri-en-segundo-lugar-dejaremos-el-trabajo-por-el-desarrollo-de-puno/?signup
Diario los Andes,201,General,"Diario referente del sur del Perú, espacio de reflexión sobre el desarrollo humano y su relación con el medio ambiente, la sociedad y la economía © 2024 Diario los Andes. Todos los derechos reservados.",2025-11-09T17:06:45.191712,2024-09-05T00:00:00,2025-11-09T17:06:45.644500,Los Andes,8079,,34,"Diario referente del sur del Perú, espacio de reflexión sobre el desarrollo humano y su relación con el medio ambiente, la sociedad y la economía © 2024 Diario los Andes",,PUNO: Diario Los Andes 05/09/2024,https://losandes.com.pe/puno-diario-los-andes-05-09-2024/?signup
Diario los Andes,1159,General,"Los fiscales supremos Zoraida Ávalos y Pablo Sánchez reiteraron hoy el pedido al fiscal de la Nación, Pedro Chávarry para que llame a Junta de Fiscales Supremos esta tarde, ante la urgencia de tomar decisiones frente a la crisis en el Ministerio Público. A través de un oficio, dirigido a Pedro Chávarry, ambos fiscales señalaron que el titular del Ministerio Público hasta el momento no convocado a la Junta de Fiscales, y advirtieron que, al no hacerlo, incurriría en responsabilidades de índole penal, administrativa y/o civil. Zoraida Ávalos y Pablo Sánchez señalaron que resulta urgente convocar a Junta de Fiscales Supremos, ante la urgencia de abordar la crisis que atraviesa el Ministerio Público y el proyecto de ley del Ejecutivo que propone la declaratoria en emergencia de esa institución. Los magistrados pidieron que la Junta de Fiscales Supremos se realice hoy a las 17.00 horas. En la víspera a los mencionados fiscales supremos pidieron que se convoque a Junta de Fiscales Supremos y solicitaron la renuncia de Pedro Chávarry, tras intentar separar a los fiscales del Equipo Especial del caso Lava Jato Rafael Vela Barba y José Domingo Pérez.",2025-11-09T17:06:45.191712,2019-01-03T00:00:00,2025-11-09T17:06:45.641656,Los Andes,8078,,189,"Los fiscales supremos Zoraida Ávalos y Pablo Sánchez reiteraron hoy el pedido al fiscal de la Nación, Pedro Chávarry para que llame a Junta de Fiscales Supremos esta tarde, ante la urgencia de tomar decisiones frente a la crisis en el Ministerio Público. A través de un oficio, dirigido a Pedro Chávarry, ambos fiscales señalaron […]",,Reiteran pedido para que Chávarry convoque a Junta de Fiscales Supremos hoy,https://losandes.com.pe/reiteran-pedido-para-que-chavarry-convoque-a-junta-de-fiscales-supremos-hoy/
Diario los Andes,301,General,"Guarda mi nombre, correo electrónico y sitio web en este navegador para la próxima vez que comente. Diario referente del sur del Perú, espacio de reflexión sobre el desarrollo humano y su relación con el medio ambiente, la sociedad y la economía © 2024 Diario los Andes. Todos los derechos reservados.",2025-11-09T17:06:45.191712,2025-10-31T00:00:00,2025-11-09T17:06:45.637901,Los Andes,8077,,51,"Guarda mi nombre, correo electrónico y sitio web en este navegador para la próxima vez que comente",,PUNO: Diario Los Andes 31/10/2025,https://losandes.com.pe/puno-diario-los-andes-31-10-2025/?signup
Diario los Andes,1603,General,"Con la presencia de las nuevas autoridades de la región, la Corte Superior de Justicia de Puno realizó la ceremonia de apertura del Año Judicial 2019. El aún presidente de la Corte Superior de Justicia de Puno, Jovito Salazar Oré, fue el encargado de dar lectura a la Memoria Anual 2018, en la que dio cuenta de los resultados y logros obtenidos durante su gestión. Según dijo, el año pasado se tuvieron un total de 4 901 expedientes principales, incrementándose en un 10% con respecto al año 2017. Asimismo, respecto a la carga de expedientes principales, en el año 2018 iniciaron con 24 mil 65 expedientes, registrándose el ingreso de 43 mil 620 expedientes, es decir, que se llegó a generar una carga acumulada de 67 mil 685 expedientes, lo que representa un 9% más que el periodo anterior. Por otro lado, dio a conocer todas las actividades desarrolladas por la Corte Superior de Justicia de Puno, tales como el encuentro provincial de Rondas Campesinas en Melgar, la Feria informativa “Llapanchiqpaq”, el IX Congreso Internacional de Derecho Procesal Penal, la entrega de colección de documentos redactados en sistema Braille a instituciones que congregan a personas con discapacidad visual, ferias informativas, capacitaciones, entre otros. Durante el acto, se presentó a Walter Salvador Vargas Condori como el nuevo Presidente de la Corte Superior de Justicia Puno, quien fue el encargado de declarar la apertura del Año Judicial 2019. Asimismo, Gregorio Percy Lozada Cueva fue presentado como Jefe de la Oficina Desconcentrada del Control de la Magistratura (Odecma) para el periodo 2019 – 2020.",2025-11-09T17:06:45.191712,2019-01-03T00:00:00,2025-11-09T17:06:45.637158,Los Andes,8076,,261,"Con la presencia de las nuevas autoridades de la región, la Corte Superior de Justicia de Puno realizó la ceremonia de apertura del Año Judicial 2019. El aún presidente de la Corte Superior de Justicia de Puno, Jovito Salazar Oré, fue el encargado de dar lectura a la Memoria Anual 2018, en la que dio […]",,Aperturaron año judicial,https://losandes.com.pe/aperturaron-ano-judicial/
Diario los Andes,1001,General,"Con gran expectativa, la población de la provincia de San Antonio de Putina y sus cinco distritos, presenciaron la juramentación e instalación de la alcaldesa Yolinda Barrantes Quenallata y cuerpo de regidores para el periodo 2019 – 2022. La actividad protocolar contó con la participación del subprefecto provincial Lucas Alvares Lipe, el párroco de San Antonio de Padua, Pío Ríos Villasante, el representante del Ministerio Público, de la UGEL, el consejero regional José Luis Borda Cahua, Policía Nacional del Perú y población en general. En su discurso de orden, la alcaldesa Barrantes Quenallata refirió que trabajará por un gobierno abierto, concertador y transparente, para el beneficio de toda la población de San Antonio de Putina. Además, agradeció a toda la población por el respaldo que le dieron para dirigir los destinos de la provincia, y prometió trabajar y gestionar presupuesto para proyectos en diferentes ejes, como salud, saneamiento, educación, vías de comunicación, entre otros.",2025-11-09T17:06:45.191712,2019-01-03T00:00:00,2025-11-09T17:06:45.636621,Los Andes,8075,,154,"Con gran expectativa, la población de la provincia de San Antonio de Putina y sus cinco distritos, presenciaron la juramentación e instalación de la alcaldesa Yolinda Barrantes Quenallata y cuerpo de regidores para el periodo 2019 – 2022. La actividad protocolar contó con la participación del subprefecto provincial Lucas Alvares Lipe, el párroco de San […]",,Alcaldesa de Putina juramentó al cargo,https://losandes.com.pe/alcaldesa-de-putina-juramento-al-cargo/
Diario los Andes,201,General,"Diario referente del sur del Perú, espacio de reflexión sobre el desarrollo humano y su relación con el medio ambiente, la sociedad y la economía © 2024 Diario los Andes. Todos los derechos reservados.",2025-11-09T17:06:45.191712,2024-08-21T00:00:00,2025-11-09T17:06:45.629579,Los Andes,8074,,34,"Diario referente del sur del Perú, espacio de reflexión sobre el desarrollo humano y su relación con el medio ambiente, la sociedad y la economía © 2024 Diario los Andes",,Diario Los Andes 21/08/2024,https://losandes.com.pe/diario-los-andes-21-08-2024/?signup
Diario los Andes,201,General,"Diario referente del sur del Perú, espacio de reflexión sobre el desarrollo humano y su relación con el medio ambiente, la sociedad y la economía © 2024 Diario los Andes. Todos los derechos reservados.",2025-11-09T17:06:45.191712,2025-08-31T00:00:00,2025-11-09T17:06:45.629191,Los Andes,8073,,34,"Diario referente del sur del Perú, espacio de reflexión sobre el desarrollo humano y su relación con el medio ambiente, la sociedad y la economía © 2024 Diario los Andes",,AREQUIPA: Diario Los Andes 31/08/2025,https://losandes.com.pe/arequipa-diario-los-andes-31-08-2025/?signup
Diario los Andes,506,General,"Bajo la Resolución Ejecutiva Regional 021- 2019- GRP, Raul Tito Tito, fue designado como nuevo director de la dirección Regional de Salud DIRESA Puno. Tito Tito asume este cargo de confianza, en remplazo de Jorge Sotomayor Perales, quien venía dirigiendo la institución durante el último año de gobierno de Juan Luque Mamani, siendo altamente cuestionado. Es uno de los 8 directores regionales elegidos por Walter Aduviri, actual gobernador regional de Puno, quien juramentó al cargo el pasado 01 de enero.",2025-11-09T17:06:45.191712,2019-01-03T00:00:00,2025-11-09T17:06:45.627109,Los Andes,8072,,80,"Bajo la Resolución Ejecutiva Regional 021- 2019- GRP, Raul Tito Tito, fue designado como nuevo director de la dirección Regional de Salud DIRESA Puno. Tito Tito asume este cargo de confianza, en remplazo de Jorge Sotomayor Perales, quien venía dirigiendo la institución durante el último año de gobierno de Juan Luque Mamani, siendo altamente cuestionado. […]",,Nuevo director regional de Salud asume funciones,https://losandes.com.pe/nuevo-director-regional-de-salud-asume-funciones/
Diario los Andes,201,General,"Diario referente del sur del Perú, espacio de reflexión sobre el desarrollo humano y su relación con el medio ambiente, la sociedad y la economía © 2024 Diario los Andes. Todos los derechos reservados.",2025-11-09T17:06:45.191712,2024-09-20T00:00:00,2025-11-09T17:06:45.619036,Los Andes,8071,,34,"Diario referente del sur del Perú, espacio de reflexión sobre el desarrollo humano y su relación con el medio ambiente, la sociedad y la economía © 2024 Diario los Andes",,AREQUIPA: Diario Los Andes 20/09/2024,https://losandes.com.pe/arequipa-diario-los-andes-20-09-2024/?signup
Diario los Andes,201,General,"Diario referente del sur del Perú, espacio de reflexión sobre el desarrollo humano y su relación con el medio ambiente, la sociedad y la economía © 2024 Diario los Andes. Todos los derechos reservados.",2025-11-09T17:06:45.191712,2025-10-23T00:00:00,2025-11-09T17:06:45.608950,Los Andes,8070,,34,"Diario referente del sur del Perú, espacio de reflexión sobre el desarrollo humano y su relación con el medio ambiente, la sociedad y la economía © 2024 Diario los Andes",,AREQUIPA: Diario Los Andes 23/10/2025,https://losandes.com.pe/arequipa-diario-los-andes-23-10-2025/?signup
Diario los Andes,959,General,"Mediante la Resolución N° 3555-2018-JNE, el pleno del Jurado Nacional de Elecciones (JNE) suspendió a Omar Jiménez Flores, de sus funciones como gobernador regional de Tacna, por contar con orden de prisión preventiva de 13 meses. Por tal motivo, el organismo electoral dejó sin efecto la credencial otorgada a Jiménez Flores, disponiendo además se nombre como reemplazo al vicegobernador, es decir, Guzmán Fernández Delgado; en lo que se resuelve el caso del gobernador suspendido. La decisión se tomó debido a que el Cuarto Juzgado de Investigación Preparatoria de Tacna diera cono fundado el requerimiento de 13 meses de prisión preventiva contra el gobernador, por los presuntos delitos de cohecho pasivo y colusión en agravio de dicha gobernación. Finalmente, el Jurado Nacional de Elecciones, indicó que la suspensión de Jiménez Flores, se da con la finalidad de garantizar el correcto desenvolvimiento de las funciones ejecutivas del gobierno regional.",2025-11-09T17:06:45.191712,2018-12-18T00:00:00,2025-11-09T17:06:45.606127,Los Andes,8069,,147,"Mediante la Resolución N° 3555-2018-JNE, el pleno del Jurado Nacional de Elecciones (JNE) suspendió a Omar Jiménez Flores, de sus funciones como gobernador regional de Tacna, por contar con orden de prisión preventiva de 13 meses. Por tal motivo, el organismo electoral dejó sin efecto la credencial otorgada a Jiménez Flores, disponiendo además se nombre […]",,Suspenden al Gobernador de Tacna por tener sentencia de prisión preventiva,https://losandes.com.pe/suspenden-al-gobernador-de-tacna-por-tener-sentencia-de-prision-preventiva/?signup
Diario los Andes,201,General,"Diario referente del sur del Perú, espacio de reflexión sobre el desarrollo humano y su relación con el medio ambiente, la sociedad y la economía © 2024 Diario los Andes. Todos los derechos reservados.",2025-11-09T17:06:45.191712,2024-10-26T00:00:00,2025-11-09T17:06:45.601971,Los Andes,8068,,34,"Diario referente del sur del Perú, espacio de reflexión sobre el desarrollo humano y su relación con el medio ambiente, la sociedad y la economía © 2024 Diario los Andes",,AREQUIPA: Diario los Andes 26/10/2024,https://losandes.com.pe/arequipa-diario-los-andes-26-10-2024/?signup
Diario los Andes,933,General,"El campeonato Intercolegios Profesionales de Juliaca, el cual se juega en su trigésima segunda edición, se acerca cada vez más a su final. Hasta la última fecha jugada, los Abogados vienen liderando en las tres categorías: libre, máster y super máster. En la categoría ligre existe un empate de puntos entre los “Abogados B” y los “Ingenieros D”, pues obtuvieron 43 puntos en 16 partidos jugados en el Torneo Clausura. En la categoría máster, los “Abogados C” ocupan el primer lugar con 30 unidades, seguidos muy de cerca por el representativo de los “Contadores A”, que tienen 28 puntos. Finalmente, en la categoría super máster, nuevamente el equipo de los “Abogados C” encabeza la tabla de posiciones, con 32 puntos en 12 partidos jugados. Mañana los 51 equipos participantes jugarán una fecha más de este certamen que se desarrolla en el complejo deportivo San Pedro, ubicado en la avenida Julio C. Tello de la ciudad de Juliaca.",2025-11-09T17:06:45.191712,2018-11-16T00:00:00,2025-11-09T17:06:45.599369,Los Andes,8067,,157,"El campeonato Intercolegios Profesionales de Juliaca, el cual se juega en su trigésima segunda edición, se acerca cada vez más a su final. Hasta la última fecha jugada, los Abogados vienen liderando en las tres categorías: libre, máster y super máster. En la categoría ligre existe un empate de puntos entre los “Abogados B” y […]",,Abogados son imparables y buscan llevarse el título,https://losandes.com.pe/abogados-son-imparables-y-buscan-llevarse-el-titulo/?signup
Diario los Andes,201,General,"Diario referente del sur del Perú, espacio de reflexión sobre el desarrollo humano y su relación con el medio ambiente, la sociedad y la economía © 2024 Diario los Andes. Todos los derechos reservados.",2025-11-09T17:06:45.191712,2024-10-14T00:00:00,2025-11-09T17:06:45.598368,Los Andes,8066,,34,"Diario referente del sur del Perú, espacio de reflexión sobre el desarrollo humano y su relación con el medio ambiente, la sociedad y la economía © 2024 Diario los Andes",,AREQUIPA: Diario los Andes 15/10/2024,https://losandes.com.pe/arequipa-diario-los-andes-15-10-2024/?signup
Diario los Andes,422,General,"En un vídeo que circula por las redes sociales, se ve al congresista Moisés Mamani mandando un saludo de año nuevo donde, para desagrado de muchos, hace referencia, aparentemente, al escándalo de tocamientos indebidos por el que fue suspendido el año pasado. En la publicación se puede escuchar al legislador decir: «Esta es la mano ¡zas!», seguida de risas de ambos sujetos. Lo que ha generado el rechazo de la población.",2025-11-09T17:06:45.191712,2019-01-01T00:00:00,2025-11-09T17:06:45.596351,Los Andes,8065,,71,"En un vídeo que circula por las redes sociales, se ve al congresista Moisés Mamani mandando un saludo de año nuevo donde, para desagrado de muchos, hace referencia, aparentemente, al escándalo de tocamientos indebidos por el que fue suspendido el año pasado. En la publicación se puede escuchar al legislador decir: «Esta es la mano […]",,Mamani se burla de tocamientos a aeromoza (Video),https://losandes.com.pe/mamani-se-burla-de-tocamientos-a-aeromoza/?signup
Diario los Andes,201,General,"Diario referente del sur del Perú, espacio de reflexión sobre el desarrollo humano y su relación con el medio ambiente, la sociedad y la economía © 2024 Diario los Andes. Todos los derechos reservados.",2025-11-09T17:06:45.191712,2024-10-29T00:00:00,2025-11-09T17:06:45.594344,Los Andes,8064,,34,"Diario referente del sur del Perú, espacio de reflexión sobre el desarrollo humano y su relación con el medio ambiente, la sociedad y la economía © 2024 Diario los Andes",,AREQUIPA: Diario los Andes 29/10/2024,https://losandes.com.pe/arequipa-diario-los-andes-29-10-2024/?signup
Diario los Andes,201,General,"Diario referente del sur del Perú, espacio de reflexión sobre el desarrollo humano y su relación con el medio ambiente, la sociedad y la economía © 2024 Diario los Andes. Todos los derechos reservados.",2025-11-09T17:06:45.191712,2024-11-02T00:00:00,2025-11-09T17:06:45.590725,Los Andes,8063,,34,"Diario referente del sur del Perú, espacio de reflexión sobre el desarrollo humano y su relación con el medio ambiente, la sociedad y la economía © 2024 Diario los Andes",,AREQUIPA: Diario los Andes 03/11/2024,https://losandes.com.pe/arequipa-diario-los-andes-03-11-2024/?signup
Diario los Andes,301,General,"Guarda mi nombre, correo electrónico y sitio web en este navegador para la próxima vez que comente. Diario referente del sur del Perú, espacio de reflexión sobre el desarrollo humano y su relación con el medio ambiente, la sociedad y la economía © 2024 Diario los Andes. Todos los derechos reservados.",2025-11-09T17:06:45.191712,2025-11-08T00:00:00,2025-11-09T17:06:45.581855,Los Andes,8062,,51,"Guarda mi nombre, correo electrónico y sitio web en este navegador para la próxima vez que comente",,PUNO: Diario Los Andes 09/11/2025,https://losandes.com.pe/puno-diario-los-andes-09-11-2025/
Diario los Andes,2298,General,"El Poder Judicial de Puno, el pasado 28 de noviembre, ordenó la captura del alcalde de la provincia de San Antonio de Putina, Serapio Sucasaire, tras la aprobación del pedido de 9 meses de prisión preventiva de la Fiscalía, por el delito de peculado doloso. Sin embargo, hasta la fecha la Policía Nacional del Perú (PNP) no estaría cumpliendo con su trabajo. En ese marco, el prefecto regional de Puno, Wilber Apaza Días, como representante del Estado, hizo un llamado a los subprefectos del altiplano, a fin de que prioricen la búsqueda del alcalde prófugo. La autoridad regional se comprometió a garantizar la presencia del Estado ante la supuesta inatención de las denuncias por parte de efectivos policiales en la provincia de San Antonio de Putina, entre ellas la que incluye al alcalde prófugo Serapio Sucasaire Sucasaire. Según los representantes de la sociedad civil del pueblo de San Antonio de Putina, la sindicada autoridad ya se habría fugado del país, razón por la cual cuestionaron el trabajo policiales y de otras autoridades. “Cuando la policía no quiere actuar, se debe poner en conocimiento del hecho hacia los representes del Estado para que la policía actúe”, dijo. Además, se comprometió a coordinar acciones con el subprefecto provincial de San Antonio de Putina, de modo que, junto a la PNP, estén prestos a la captura de Serapio Sucasaire. Cabe resaltar que la autoridad edil se encuentra prófuga de la justicia, luego de que el Cuarto Juzgado de Investigación Preparatoria de Puno, la noche del último miércoles, dictara nueve meses de prisión preventiva en su contra. La donación de Aduanas, que corresponde a la entrega de ayuda por emergencia, el cual contó con un valor total de 338 mil dólares, fue el motivo de su denuncia. Cabe resaltar que la Contraloría General de La República y la Fiscalía en Corrupción de Funcionarios, hicieron pesquisas y determinaron que solo se entregó a los beneficiarios donaciones por un valor de 206 mil dólares. Es decir, que existe un faltante de 132 mil dólares, que equivale al 39.09 %. Por último, el prefecto regional exhortó a la Policía Nacional del Perú a que se tomen cartas en el asunto y se dispongan acciones para el control en las zonas de frontera, ya que por allí se habría fugado el alcalde Serapio Sucasaire Sucasaire.",2025-11-09T17:06:45.191712,2018-12-03T00:00:00,2025-11-09T17:06:45.568231,Los Andes,8061,,387,"El Poder Judicial de Puno, el pasado 28 de noviembre, ordenó la captura del alcalde de la provincia de San Antonio de Putina, Serapio Sucasaire, tras la aprobación del pedido de 9 meses de prisión preventiva de la Fiscalía, por el delito de peculado doloso. Sin embargo, hasta la fecha la Policía Nacional del Perú […]",,Prefecto ayudará con la captura de alcalde de Putina acusado de peculado,https://losandes.com.pe/prefecto-ayudara-con-la-captura-de-alcalde-de-putina-acusado-de-peculado/?signup
Diario los Andes,823,General,"El presidente de la República, Martín Vizcarra, presentará hoy el proyecto de ley que propone declarar en emergencia al Ministerio Público, documento que fue aprobado en la víspera por el Consejo de Ministros. Se espera que el jefe de Estado acuda a las 13:00 horas al Congreso para hacer efectiva la entrega de dicha iniciativa, que buscar resolver la crisis de dicho organismo. Como se recuerda, el mandatario exhortó al Congreso a debatir con urgencia este proyecto dentro de la agenda de la legislatura extraordinaria “para no tener que llegar a la cuestión de confianza”. El Ejecutivo decidió presentar el proyecto luego de que el fiscal de la Nación, Pedro Chávarry, retirara de sus cargos a los integrantes del Equipo Especial encargado de la investigación del caso Lava Jato, Rafael Vela Barba y José Domingo Pérez.",2025-11-09T17:06:45.191712,2019-01-02T00:00:00,2025-11-09T17:06:45.567488,Los Andes,8060,,136,"El presidente de la República, Martín Vizcarra, presentará hoy el proyecto de ley que propone declarar en emergencia al Ministerio Público, documento que fue aprobado en la víspera por el Consejo de Ministros. Se espera que el jefe de Estado acuda a las 13:00 horas al Congreso para hacer efectiva la entrega de dicha iniciativa, que […]",,Vizcarra presenta hoy proyecto que declara en emergencia al Ministerio Público,https://losandes.com.pe/vizcarra-presenta-hoy-proyecto-que-declara-en-emergencia-al-ministerio-publico/?signup
Diario los Andes,201,General,"Diario referente del sur del Perú, espacio de reflexión sobre el desarrollo humano y su relación con el medio ambiente, la sociedad y la economía © 2024 Diario los Andes. Todos los derechos reservados.",2025-11-09T17:06:45.191712,2024-10-30T00:00:00,2025-11-09T17:06:45.566102,Los Andes,8059,,34,"Diario referente del sur del Perú, espacio de reflexión sobre el desarrollo humano y su relación con el medio ambiente, la sociedad y la economía © 2024 Diario los Andes",,PUNO: Diario los Andes 31/10/2024,https://losandes.com.pe/puno-diario-los-andes-31-10-2024/?signup
Diario los Andes,201,General,"Diario referente del sur del Perú, espacio de reflexión sobre el desarrollo humano y su relación con el medio ambiente, la sociedad y la economía © 2024 Diario los Andes. Todos los derechos reservados.",2025-11-09T17:06:45.191712,2025-08-03T00:00:00,2025-11-09T17:06:45.561359,Los Andes,8058,,34,"Diario referente del sur del Perú, espacio de reflexión sobre el desarrollo humano y su relación con el medio ambiente, la sociedad y la economía © 2024 Diario los Andes",,Semanario Los Andes 04/08/2025,https://losandes.com.pe/semanario-los-andes-04-08-2025/?signup
Diario los Andes,1597,General,"El ex alcalde de Yunguyo Walter Chalco fue sentenciado a 8 años de pena privativa de la libertad por el delito de corrupción, así dictaminó el juez Victor Calizaya Coila del cuarto Juzgado Unipersonal Permanente Especializado en Delitos de Corrupción de Funcionarios de Puno. La ex autoridad municipal ha concertado con el gerente general de la empresa “Inversiones y representaciones Fritz EIRL” Edwin Ismael Visurraga Villegas, al gestionar la irregular contratación exonerada para la ejecución del servicio de cobranza, fiscalización tributaria y administrativa, prestación que no fue cumplida; sin embargo, se dispuso el pago irregular de 34 mil 725.12 soles por un servicio no ejecutado, defraudando patrimonialmente al Estado en el año 2011. Ante ello, se sentenció a estos exservidores tal como consta en el expediente 848-2018-30-2101-JR-PE-04, mediante el cual se condena al exalcalde a 8 años de pena privativa de libertad efectiva; inhabilitación por el tiempo de un año y ocho meses, consistente en impedimento para obtener mandato, cargo, empleo o comisión de carácter público; y el pago de una reparación civil de 45 mil soles, tras ser hallado como autor del delito cometido por funcionarios públicos, en su modalidad de colusión agravada. De igual modo se sentenció a los funcionarios José David Villavicencio Salinas, exgerente municipal y Edgar Uberto Pariente Loayza, exgerente de Administración Tributaria, a cinco años de Pena privativa de la Libertad, con carácter de efectiva y la inhabilitación a un año y dos meses, tras ser hallados como “cómplices primarios” del delito.",2025-11-09T17:06:45.191712,2018-12-17T00:00:00,2025-11-09T17:06:45.558012,Los Andes,8057,,247,"El ex alcalde de Yunguyo Walter Chalco fue sentenciado a 8 años de pena privativa de la libertad por el delito de corrupción, así dictaminó el juez Victor Calizaya Coila del cuarto Juzgado Unipersonal Permanente Especializado en Delitos de Corrupción de Funcionarios de Puno. La ex autoridad municipal ha concertado con el gerente general de […]",,Sentencian a ocho años de prisión al ex alcalde de Yunguyo,https://losandes.com.pe/sentencian-a-ocho-anos-de-prision-al-ex-alcalde-de-yunguyo/?signup
Diario los Andes,201,General,"Diario referente del sur del Perú, espacio de reflexión sobre el desarrollo humano y su relación con el medio ambiente, la sociedad y la economía © 2024 Diario los Andes. Todos los derechos reservados.",2025-11-09T17:06:45.191712,2024-09-11T00:00:00,2025-11-09T17:06:45.552795,Los Andes,8056,,34,"Diario referente del sur del Perú, espacio de reflexión sobre el desarrollo humano y su relación con el medio ambiente, la sociedad y la economía © 2024 Diario los Andes",,AREQUIPA: Diario Los Andes 11/09/2024,https://losandes.com.pe/arequipa-diario-los-andes-11-09-2024/?signup
Diario los Andes,201,General,"Diario referente del sur del Perú, espacio de reflexión sobre el desarrollo humano y su relación con el medio ambiente, la sociedad y la economía © 2024 Diario los Andes. Todos los derechos reservados.",2025-11-09T17:06:45.191712,2024-11-22T00:00:00,2025-11-09T17:06:45.552391,Los Andes,8055,,34,"Diario referente del sur del Perú, espacio de reflexión sobre el desarrollo humano y su relación con el medio ambiente, la sociedad y la economía © 2024 Diario los Andes",,PUNO: Diario los Andes 22/11/2024,https://losandes.com.pe/puno-diario-los-andes-22-11-2024/?signup
Diario los Andes,201,General,"Diario referente del sur del Perú, espacio de reflexión sobre el desarrollo humano y su relación con el medio ambiente, la sociedad y la economía © 2024 Diario los Andes. Todos los derechos reservados.",2025-11-09T17:06:45.191712,2025-08-19T00:00:00,2025-11-09T17:06:45.548374,Los Andes,8054,,34,"Diario referente del sur del Perú, espacio de reflexión sobre el desarrollo humano y su relación con el medio ambiente, la sociedad y la economía © 2024 Diario los Andes",,PUNO: Diario Los Andes 20/08/2025,https://losandes.com.pe/puno-diario-los-andes-20-08-2025/?signup
Diario los Andes,201,General,"Diario referente del sur del Perú, espacio de reflexión sobre el desarrollo humano y su relación con el medio ambiente, la sociedad y la economía © 2024 Diario los Andes. Todos los derechos reservados.",2025-11-09T17:06:45.191712,2024-10-10T00:00:00,2025-11-09T17:06:45.547127,Los Andes,8053,,34,"Diario referente del sur del Perú, espacio de reflexión sobre el desarrollo humano y su relación con el medio ambiente, la sociedad y la economía © 2024 Diario los Andes",,AREQUIPA: Diario los Andes 10/10/2024,https://losandes.com.pe/arequipa-diario-los-andes-10-10-2024/?signup
Diario los Andes,201,General,"Diario referente del sur del Perú, espacio de reflexión sobre el desarrollo humano y su relación con el medio ambiente, la sociedad y la economía © 2024 Diario los Andes. Todos los derechos reservados.",2025-11-09T17:06:45.191712,2025-09-03T00:00:00,2025-11-09T17:06:45.546005,Los Andes,8052,,34,"Diario referente del sur del Perú, espacio de reflexión sobre el desarrollo humano y su relación con el medio ambiente, la sociedad y la economía © 2024 Diario los Andes",,AREQUIPA: Diario Los Andes 03/09/2025,https://losandes.com.pe/arequipa-diario-los-andes-03-09-2025/?signup
Diario los Andes,748,General,"Puno. En una ceremonia realizada en la Municipalidad Provincial de Puno, el flamante alcalde Martín Ticona Maquera presentó a los gerentes que lo acompañarán en su presente gestión edil, la mañana de ayer. De esta manera, presentó a Eflin Béjar Urruchi como gerente Municipal; a César Tejada, como gerente de Medio Ambiente; a Sandra Ponce, como gerente de Desarrollo Humano y Promoción Social; a Julio Pandia Quino, como gerente Ingeniería Municipal; a Juan Pauro, como gerente de Administración; y a Genaro Guzmán como gerente de Turismo. Asimismo, están Jhon Portugal, como gerente de Desarrollo Urbano; Wilbert Paredes, como gerente de Transportes; Martín Ventura, como gerente de Administración Tributaria; y Jhon Silva, como jefe de Personal.",2025-11-09T17:06:45.191712,2019-01-04T00:00:00,2025-11-09T17:06:45.541133,Los Andes,8051,,115,"Puno. En una ceremonia realizada en la Municipalidad Provincial de Puno, el flamante alcalde Martín Ticona Maquera presentó a los gerentes que lo acompañarán en su presente gestión edil, la mañana de ayer. De esta manera, presentó a Eflin Béjar Urruchi como gerente Municipal; a César Tejada, como gerente de Medio Ambiente; a Sandra Ponce, […]",,Alcalde de Puno presentó a sus gerentes,https://losandes.com.pe/alcalde-de-puno-presento-a-sus-gerentes/?signup
Diario los Andes,2799,General,"Además del castellano y la lengua de señas peruana, actualmente alrededor de cuatro millones de personas hablan una de las 48 lenguas originarias, como el quechua, aimara, ashaninka, awajún, wampis, shipibo, shawi o yine. El coordinador del equipo de Desarrollo Educativo de las Lenguas del Ministerio de Educación (Minedu), Edinson Huamancayo, sostuvo que, según la Ley 29735, las lenguas originarias son aquellas que se hablan con anterioridad a la difusión del idioma español y que se preservan y emplean en el territorio nacional. “Todas las personas que hablan una lengua originaria tienen derecho a usarla en cualquier ámbito, a ser atendidas en su idioma y recibir una educación en su lengua materna y en su propia cultura”, agregó. El funcionario precisó que el quechua, así como todas las lenguas originarias que se hablan en el país, son idiomas oficiales en los distritos, provincias o regiones en donde predominen. Anotó que el quechua cuenta con un alfabeto oficial aprobado en 1985 mediante la RM N.° 1218-85, en la cual se indica el uso de tres vocales (a, i, u), un conjunto de consonantes y, además, sus reglas de ortografía y puntuación. Al respecto, informó que esta semana se realizará el taller macrorregional del quechua sureño, en la ciudad de Puno, y que a fines de noviembre habrá otro en Huaraz para el quechua central, con la finalidad de consensuar un glosario de términos quechuas y unificar algunas normas de escritura. Por otro lado, Huamancayo refirió que el Minedu es la entidad encargada de brindar asistencia técnica, evaluar y oficializar las reglas de escritura uniforme de las lenguas originarias. En los últimos años se ha logrado oficializar 40 alfabetos de las 48 lenguas originarias que existen en el país. Día de las Lenguas Originarias: Perú cuenta con 48 idiomas y 40 alfabetos oficiales Certifican a servidores de Apurímac como expertos en lenguas originarias Asimismo, durante el año 2018, el Minedu ha efectuado talleres de normalización con los hablantes de las lenguas que aún no cuentan con alfabetos, como el iñapari, muniche, omagua, chamicuro, resígaro, ashéninka, taushiro y matsigenka montetokunirira (nanti). Como parte de los derechos lingüísticos y educativos de las personas, el Minedu implementa el modelo de servicio de educación intercultural bilingüe para más de un millón de niños, adolescentes, jóvenes y adultos que hablan una lengua originaria y que pertenecen a un pueblo indígena. El especialista manifestó que el Minedu, en coordinación con el Instituto Nacional de Estadística e Informática (INEI) y el Ministerio de Cultura, publicará próximamente el Mapa Etnolingüístico del Perú, que comprende un sistema informativo con los datos cuantitativos y cualitativos de los hablantes de las lenguas originarias vigentes y extintas.",2025-11-09T17:06:45.191712,2018-11-16T00:00:00,2025-11-09T17:06:45.519271,Los Andes,8050,,443,"Además del castellano y la lengua de señas peruana, actualmente alrededor de cuatro millones de personas hablan una de las 48 lenguas originarias, como el quechua, aimara, ashaninka, awajún, wampis, shipibo, shawi o yine. El coordinador del equipo de Desarrollo Educativo de las Lenguas del Ministerio de Educación (Minedu), Edinson Huamancayo, sostuvo que, según la […]",,Cuatro millones de peruanos hablan una de las 48 lenguas originarias,https://losandes.com.pe/cuatro-millones-de-peruanos-hablan-una-de-las-48-lenguas-originarias/?signup
Diario los Andes,201,General,"Diario referente del sur del Perú, espacio de reflexión sobre el desarrollo humano y su relación con el medio ambiente, la sociedad y la economía © 2024 Diario los Andes. Todos los derechos reservados.",2025-11-09T17:06:45.191712,2025-09-10T00:00:00,2025-11-09T17:06:45.518688,Los Andes,8049,,34,"Diario referente del sur del Perú, espacio de reflexión sobre el desarrollo humano y su relación con el medio ambiente, la sociedad y la economía © 2024 Diario los Andes",,PUNO: Diario Los Andes 10/09/2025,https://losandes.com.pe/puno-diario-los-andes-10-09-2025/?signup
Diario los Andes,201,General,"Diario referente del sur del Perú, espacio de reflexión sobre el desarrollo humano y su relación con el medio ambiente, la sociedad y la economía © 2024 Diario los Andes. Todos los derechos reservados.",2025-11-09T17:06:45.191712,2025-09-29T00:00:00,2025-11-09T17:06:45.511790,Los Andes,8048,,34,"Diario referente del sur del Perú, espacio de reflexión sobre el desarrollo humano y su relación con el medio ambiente, la sociedad y la economía © 2024 Diario los Andes",,Semanario Los Andes 29/09/2025,https://losandes.com.pe/semanario-los-andes-29-09-2025/?signup
Diario los Andes,1547,General,"Al problema del colegio Rodolfo Diésel, cuya infraestructura no será concluida en la presente gestión, supuestamente por problemas con la empresa constructora, se suman los cuestionamientos a otra obra emblemática del Gobierno Regional de Puno (GRP). Se trata, como se informó previamente, de las irregularidades en la construcción del estadio Guillermo Briceño Rosamedina, debido al sospechoso traslado de materiales de construcción (fierros), generándose un panorama de inestabilidad en la obra. “Se han llevado un tráiler de fierro y no solamente sería eso, sino también en otras obras. Nosotros, como representantes de Juliaca, tenemos que ver lo que es el estadio y Hospital Materno Infantil”, dijo el electo consejero Isidro Pacohuanaco, tras una visita a la obra en horas de la mañana de ayer. Asimismo, refirió que esto sería porque se estaría concluyendo la gestión regional, y que los funcionarios estarían acostumbrados a las irregularidades. “En ese sentido compartimos la lucha anticorrupción que dice el electo gobernador regional”, agregó. Por su parte, el presidente de la Central de Barrios de Juliaca, Orlando Fernández Sejje, señaló que deben revisarse los cuadernos de la obra para conocer el destino de los materiales, lo que motivó la desesperación de los encargados de la obra. Cabe indicar, por último, que en esta visita también estuvo la electa consejera regional Nancy Salluca Huaraya, que no ingresó a la obra y solo atinó a declarar ante los medios de comunicación sobre las irregularidades que se vendrían cometiendo.",2025-11-09T17:06:45.191712,2018-12-14T00:00:00,2025-11-09T17:06:45.509222,Los Andes,8047,,240,"Al problema del colegio Rodolfo Diésel, cuya infraestructura no será concluida en la presente gestión, supuestamente por problemas con la empresa constructora, se suman los cuestionamientos a otra obra emblemática del Gobierno Regional de Puno (GRP). Se trata, como se informó previamente, de las irregularidades en la construcción del estadio Guillermo Briceño Rosamedina, debido al […]",,Exigen investigación por materiales de estadio Guillermo Briceño Rosamedina,https://losandes.com.pe/exigen-investigacion-por-materiales-de-estadio-guillermo-briceno-rosamedina/?signup
Diario los Andes,201,General,"Diario referente del sur del Perú, espacio de reflexión sobre el desarrollo humano y su relación con el medio ambiente, la sociedad y la economía © 2024 Diario los Andes. Todos los derechos reservados.",2025-11-09T17:06:45.191712,2024-10-19T00:00:00,2025-11-09T17:06:45.498817,Los Andes,8046,,34,"Diario referente del sur del Perú, espacio de reflexión sobre el desarrollo humano y su relación con el medio ambiente, la sociedad y la economía © 2024 Diario los Andes",,PUNO: Diario los Andes 20/10/2024,https://losandes.com.pe/puno-diario-los-andes-20-10-2024/?signup
Diario los Andes,1225,General,"El municipio local invita a postores a ejecutar una obra integral que modernice la infraestructura educativa, desde aulas hasta áreas comunes. La Municipalidad de Cayma ha dado inicio al proceso para seleccionar la empresa que ejecute la construcción de la I.E. Once de Mayo, con un monto estimado de más de S/ 10 millones, en una apuesta por elevar la calidad educativa en el distrito.La convocatoria fue publicada en el Diario Oficial El Peruano, asegurando que el proceso cumpla con estándares de publicidad y transparencia. Este proyecto involucra la edificación de infraestructura educativa moderna, que abarcará aulas, dependencias administrativas, zonas de recreación, instalaciones sanitarias y equipamiento completo. El alcalde Juan Carlos Linares manifestó que con esta iniciativa se espera ofrecer espacios dignos y seguros para el desarrollo académico de los estudiantes del distrito. El municipio apunta a atraer postores con experiencia técnica y capacidad de financiamiento, que garanticen la calidad estructural, plazos y funcionalidad de la obra. Se espera que este proyecto contribuya a reducir brechas educativas y mejore la infraestructura escolar de Cayma, alineado con los objetivos de desarrollo local.",2025-11-09T17:06:45.191712,2025-10-04T00:00:00,2025-11-09T17:06:45.496493,Los Andes,8045,https://losandes.com.pe/wp-content/uploads/2025/10/image-22-1024x678.png,181,"El municipio local invita a postores a ejecutar una obra integral que modernice la infraestructura educativa, desde aulas hasta áreas comunes.",,AREQUIPA: Cayma lanza convocatoria para construir I.E. Once de Mayo con inversión de S/ 10 millones,https://losandes.com.pe/arequipa-cayma-lanza-convocatoria-para-construir-i-e-once-de-mayo-con-inversion-de-s-10-millones/?signup
Diario los Andes,201,General,"Diario referente del sur del Perú, espacio de reflexión sobre el desarrollo humano y su relación con el medio ambiente, la sociedad y la economía © 2024 Diario los Andes. Todos los derechos reservados.",2025-11-09T17:06:45.191712,2025-09-21T00:00:00,2025-11-09T17:06:45.494637,Los Andes,8044,,34,"Diario referente del sur del Perú, espacio de reflexión sobre el desarrollo humano y su relación con el medio ambiente, la sociedad y la economía © 2024 Diario los Andes",,PUNO: Diario Los Andes 21/09/2025,https://losandes.com.pe/puno-diario-los-andes-21-09-2025/?signup
Diario los Andes,201,General,"Diario referente del sur del Perú, espacio de reflexión sobre el desarrollo humano y su relación con el medio ambiente, la sociedad y la economía © 2024 Diario los Andes. Todos los derechos reservados.",2025-11-09T17:06:45.191712,2024-09-23T00:00:00,2025-11-09T17:06:45.484448,Los Andes,8043,,34,"Diario referente del sur del Perú, espacio de reflexión sobre el desarrollo humano y su relación con el medio ambiente, la sociedad y la economía © 2024 Diario los Andes",,PUNO: Diario Los Andes 23/09/2024,https://losandes.com.pe/puno-diario-los-andes-23-09-2024/?signup
Diario los Andes,201,General,"Diario referente del sur del Perú, espacio de reflexión sobre el desarrollo humano y su relación con el medio ambiente, la sociedad y la economía © 2024 Diario los Andes. Todos los derechos reservados.",2025-11-09T17:06:45.191712,2025-09-18T00:00:00,2025-11-09T17:06:45.480170,Los Andes,8042,,34,"Diario referente del sur del Perú, espacio de reflexión sobre el desarrollo humano y su relación con el medio ambiente, la sociedad y la economía © 2024 Diario los Andes",,PUNO: Diario Los Andes 18/09/2025,https://losandes.com.pe/puno-diario-los-andes-18-09-2025/?signup
Diario los Andes,1383,General,"En Yanahuara, un varón perdió la vida luego de precipitarse desde el cuarto piso de una clínica. La Policía inició las investigaciones para esclarecer cómo ocurrió el hecho. En la madrugada del 15 de octubre, un hombre de cerca de 40 años murió al caer desde el cuarto piso de la clínica Emmel, situada en el distrito de Yanahuara, Arequipa. Efectivos policiales y peritos de criminalística acudieron al establecimiento para realizar las diligencias de ley. La alerta se activó cuando personal del nosocomio reportó el hallazgo del cuerpo en la madrugada, solicitando la intervención de la PNP. Al llegar, los agentes acordonaron la zona, coordinando con el Ministerio Público para el levantamiento del cadáver. Aunque hasta el momento no se ha revelado el nombre del fallecido, fuentes indican que rondaría los 40 años. No existen versiones oficiales claras sobre si la caída fue accidental, intencional o producto de un tercero. Los peritos comenzaron las investigaciones tomando declaraciones a testigos, revisando cámaras de seguridad del interior de la clínica y analizando el estado físico del lugar de la caída. Las diligencias buscan determinar el origen del accidente y descartar cualquier acto delictivo. El suceso generó consternación entre trabajadores del centro médico y pacientes que se encontraban en el turno nocturno, quienes manifestaron su sorpresa ante el hecho.",2025-11-09T17:06:45.191712,2025-10-15T00:00:00,2025-11-09T17:06:45.469781,Los Andes,8041,https://losandes.com.pe/wp-content/uploads/2025/10/image-80.png?wsr,216,"En Yanahuara, un varón perdió la vida luego de precipitarse desde el cuarto piso de una clínica. La Policía inició las investigaciones para esclarecer cómo ocurrió el hecho.",,AREQUIPA: Fallece hombre tras caer desde cuarto piso en clínica Emmel,https://losandes.com.pe/arequipa-fallece-hombre-tras-caer-desde-cuarto-piso-en-clinica-emmel/?signup
Diario los Andes,201,General,"Diario referente del sur del Perú, espacio de reflexión sobre el desarrollo humano y su relación con el medio ambiente, la sociedad y la economía © 2024 Diario los Andes. Todos los derechos reservados.",2025-11-09T17:06:45.191712,2024-09-26T00:00:00,2025-11-09T17:06:45.455205,Los Andes,8040,,34,"Diario referente del sur del Perú, espacio de reflexión sobre el desarrollo humano y su relación con el medio ambiente, la sociedad y la economía © 2024 Diario los Andes",,AREQUIPA: Diario Los Andes 26/09/2024,https://losandes.com.pe/arequipa-diario-los-andes-26-09-2024/?signup
Diario los Andes,701,General,"Puno. Considerando que hace semanas atrás, el hoy gobernador regional de Puno, Walter Aduviri Calisaya, se mostró bastante amigable con los efectivos policiales de la provincia de Melgar, donde se llevaba a cabo una protesta, se supo que ayer en la tarde desistió de que se le asigne personal policial para su seguridad personal. Cabe mencionar que, según el artículo 07 del Decreto Legislativo Nro 1148, la Policía Nacional del Perú debe brindar seguridad personal a los gobernadores de los Gobiernos Regionales. Fuentes cercanas a la Policía Nacional, precisaron que Aduviri, en un plazo de 15 a 30 días, recién daría a conocer si va a necesitar que se le asigne personal policial para su seguridad.",2025-11-09T17:06:45.191712,2019-01-04T00:00:00,2025-11-09T17:06:45.450262,Los Andes,8039,,116,"Puno. Considerando que hace semanas atrás, el hoy gobernador regional de Puno, Walter Aduviri Calisaya, se mostró bastante amigable con los efectivos policiales de la provincia de Melgar, donde se llevaba a cabo una protesta, se supo que ayer en la tarde desistió de que se le asigne personal policial para su seguridad personal. Cabe […]",,Aduviri no quiere resguardo policial,https://losandes.com.pe/aduviri-no-quiere-resguardo-policial/
Diario los Andes,201,General,"Diario referente del sur del Perú, espacio de reflexión sobre el desarrollo humano y su relación con el medio ambiente, la sociedad y la economía © 2024 Diario los Andes. Todos los derechos reservados.",2025-11-09T17:06:45.191712,2024-10-07T00:00:00,2025-11-09T17:06:45.447145,Los Andes,8038,,34,"Diario referente del sur del Perú, espacio de reflexión sobre el desarrollo humano y su relación con el medio ambiente, la sociedad y la economía © 2024 Diario los Andes",,Semanario Los Andes 07/10/2024,https://losandes.com.pe/semanario-los-andes-07-10-2024/?signup
Diario los Andes,201,General,"Diario referente del sur del Perú, espacio de reflexión sobre el desarrollo humano y su relación con el medio ambiente, la sociedad y la economía © 2024 Diario los Andes. Todos los derechos reservados.",2025-11-09T17:06:45.191712,2024-10-03T00:00:00,2025-11-09T17:06:45.440753,Los Andes,8037,,34,"Diario referente del sur del Perú, espacio de reflexión sobre el desarrollo humano y su relación con el medio ambiente, la sociedad y la economía © 2024 Diario los Andes",,PUNO: Diario los Andes 04/10/2024,https://losandes.com.pe/puno-diario-los-andes-04-10-2024/?signup
Diario los Andes,201,General,"Diario referente del sur del Perú, espacio de reflexión sobre el desarrollo humano y su relación con el medio ambiente, la sociedad y la economía © 2024 Diario los Andes. Todos los derechos reservados.",2025-11-09T17:06:45.191712,2024-11-28T00:00:00,2025-11-09T17:06:45.430975,Los Andes,8036,,34,"Diario referente del sur del Perú, espacio de reflexión sobre el desarrollo humano y su relación con el medio ambiente, la sociedad y la economía © 2024 Diario los Andes",,AREQUIPA: Diario los Andes 28/11/2024,https://losandes.com.pe/arequipa-diario-los-andes-28-11-2024/?signup
Diario los Andes,1944,General,"Mediante un memorial dirigido al congresista de la República por la región Puno, Alberto Quintanilla, más de 28 organizaciones del distrito de Nuñoa (Melgar) informaron que existen agrupaciones radicales que buscarían boicotear cualquier tipo de inversión privada en su jurisdicción. Mediante el documento, los pobladores de Nuñoa solicitaron la intervención del Congreso, ya que algunos pseudo dirigentes estarían tergiversando información, con el fin de que las inversiones mineras y empresas privadas no lleguen a la zona. “Nuestro pronunciamiento corresponde a que existe un pequeño grupo de personas que se viene presentando como los nuevos representantes y argumentan que el pueblo de Nuñoa no necesita estas inversiones”, argumentan. Cabe resaltar que los dirigentes de dicho pueblo se han puesto en alerta máxima; en ese sentido, solicitaron la instalación de una Mesa de Diálogo para hablar sobre el Proyecto Minero Santo Domingo. En el documento también se devela que existen varias organizaciones que han cerrado las puertas a las inversiones privadas; sin embargo, aseguran que las organizaciones del pueblo de Nuñoa sí están de acuerdo con el inicio de dicho proyecto. “Nosotros no estamos incondicionalmente a favor de las empresas privadas; sin embargo, debemos recordar que Nuñoa es un distrito postergado, y con pocos recursos económicos, por lo que es fundamental escuchar a todas las empresas”, anotan. Por otro lado, se dio a conocer que el parlamentario de la bancada Nuevo Perú estaría arribando a la localidad próximamente. Por su parte, el defensor del Pueblo de Puno, Jacinto Ticona, refirió que podría darse inicio a una medida de lucha. En otro momento, cuestionó la desidia de pobladores del lugar. “En Puno existen varios conflictos sociales, principalmente por la contaminación del medio ambiente”, expresó. Por último, cabe resaltar que los dirigentes del distrito de Nuñoa esperan la intervención del Parlamento.",2025-11-09T17:06:45.191712,2018-12-07T00:00:00,2025-11-09T17:06:45.429490,Los Andes,8035,,297,"Mediante un memorial dirigido al congresista de la República por la región Puno, Alberto Quintanilla, más de 28 organizaciones del distrito de Nuñoa (Melgar) informaron que existen agrupaciones radicales que buscarían boicotear cualquier tipo de inversión privada en su jurisdicción. Mediante el documento, los pobladores de Nuñoa solicitaron la intervención del Congreso, ya que algunos […]",,Piden intervención del Congreso de la República por problema minero en Nuñoa,https://losandes.com.pe/piden-intervencion-del-congreso-de-la-republica-por-problema-minero-en-nunoa/?signup
Diario los Andes,1697,General,"Obra en problemas. En su labor de revisión, la Contraloría General de la República ha detectado una serie de riesgos en una de las obras que resalta el alcalde Víctor Huallpa, autoridad municipal de la provincia de Melgar-Ayaviri. El ente gubernamental advirtió serios riesgos en la ejecución del proyecto de mejoramiento del acceso vehicular y peatonal de las alamedas Gabino Pacheco y Felipe Santiago Castro, en el distrito de Ayaviri. La obra cuenta con una inversión de 989 mil 351.81 soles, y se encuentra en ejecución desde el 30 de julio de 2018, con una duración prevista de 150 días calendario. Cabe precisar que los riesgos se encuentran plasmados en el Informe de Acción Simultánea N° 007-2018-OCI/0462-AS, lo cual fue notificado a la Municipalidad Provincial de Melgar para que valore los hechos y disponga las medidas preventivas pertinentes para garantizar la correcta ejecución de la obra y el adecuado uso del presupuesto asignado. Según la Contraloría, hay retraso en la ejecución de la obra, lo que genera el riesgo de incumplimiento del plazo de realización de obra y la posibilidad de incurrir en mayores gastos generales por ampliaciones. Del mismo modo, hay desabastecimiento de implementos de seguridad personal, tanto para visitantes como para el personal técnico y administrativo. Otro hecho grave es que se ha encontrado desactualizado el cuaderno de obra correspondiente al mes de setiembre de 2018, contraviniendo la norma y generando el riesgo de un inadecuado e inoportuno registro de la información. Además, existe un inadecuado control y almacenaje de materiales como cemento y combustible, generado el riesgo de su deterioro, además de la ocurrencia de accidentes.",2025-11-09T17:06:45.191712,2018-12-05T00:00:00,2025-11-09T17:06:45.418273,Los Andes,8034,,269,"Obra en problemas. En su labor de revisión, la Contraloría General de la República ha detectado una serie de riesgos en una de las obras que resalta el alcalde Víctor Huallpa, autoridad municipal de la provincia de Melgar-Ayaviri. El ente gubernamental advirtió serios riesgos en la ejecución del proyecto de mejoramiento del acceso vehicular y […]",,Contraloría advierte a alcalde melgarino por riesgo de incumplimiento en ejecución de obra,https://losandes.com.pe/contraloria-advierte-a-alcalde-melgarino-por-riesgo-de-incumplimiento-en-ejecucion-de-obra/?signup
Diario los Andes,201,General,"Diario referente del sur del Perú, espacio de reflexión sobre el desarrollo humano y su relación con el medio ambiente, la sociedad y la economía © 2024 Diario los Andes. Todos los derechos reservados.",2025-11-09T17:06:45.191712,2024-11-14T00:00:00,2025-11-09T17:06:45.405886,Los Andes,8033,,34,"Diario referente del sur del Perú, espacio de reflexión sobre el desarrollo humano y su relación con el medio ambiente, la sociedad y la economía © 2024 Diario los Andes",,AREQUIPA: Diario los Andes 14/11/2024,https://losandes.com.pe/arequipa-diario-los-andes-14-11-2024/?signup
Diario los Andes,3857,General,"Preciso fue el alcalde de la Municipalidad Provincial de Puno, Martín Ticona Maquera, sobre las acciones que desarrollará durante su gestión (2019-2022), luego de juramentar al cargo en el Teatro Municipal, juntamente con el nuevo Concejo Municipal. Según dijo, luchará contra los altos índices de anemia, la contaminación del Lago Titicaca, la corrupción, la inseguridad, entre otros; asimismo, dio a conocer las 12 principales acciones que tomará para los primeros cien días de su gobierno. Dispondrá que EMSA Puno cumpla en clausurar las conexiones clandestinas de desagüe, debido a que dichas aguas servidas ingresan directamente al Lago Titicaca. De igual modo, indicó que se cumplirán de manera estricta las ordenanzas y normas de derecho ambiental. Aperturará la nueva vía de evitamiento de Puno, desde Uros Chulluni hasta la salida de Paucarcolla; de igual modo, mejorará la avenida Industrial para la disminución de la congestión vehicular. Por otro lado, indicó que se ampliarán las rutas hacia los barrios que lo necesiten y combatirá la corrupción en la Gerencia de Transportes. Mejorará este aspecto de la ciudad, reforzando los diferentes frentes de trabajo; concluirá la construcción del relleno sanitario e implementará la Gerencia de Residuos Sólidos. Articulará las juntas vecinales y rondas campesinas con el trabajo preventivo junto con la Policía Nacional del Perú. Iniciará el diálogo y concertación para mejorar los servicios de agua y luz de los mercados, e implementará una mesa con la Asociación de Comerciantes para la transferencia de los centros de abastos, con el fin de lograr la construcción de infraestructuras modernas. Iniciará la recuperación y embellecimiento de los parques y jardines de la ciudad y se pondrán operativas las “Pajchas”. Impulsará el proyecto de agua y saneamiento en coordinación con EMSA Puno y el Ministerio de Vivienda, con el objetivo de cerrar la brecha que perjudica a los pobladores de las zonas altas, que no tienen el servicio de agua y desagüe. RECAUDACIÓN TRIBUTARIA Creará el Sistema de Administración Tributaria (SAT) Puno; asimismo, la oficina de la Defensoría del Contribuyente, que estará encargada de recibir las quejas de los contribuyentes, de modo que se garantice el respeto de los derechos de los ciudadanos. Creará e implementará la oficina de denuncias y quejas, a través de la cual las personas podrán denunciar la mala atención de los administrados, la demora de los expedientes administrativos y los actos de corrupción. Reanudará la implementación y funcionamiento de la ZEEDE Puno, con la finalidad de contribuir al desarrollo socio económico (y que sea sostenible) del departamento de Puno, a través de la promoción de la inversión. Revisará todos los expedientes administrativos que dieron origen a la estabilidad de trabajadores que ingresaron sin concurso público, en calidad de militantes de partidos que ganaron las elecciones municipales. EMERGENCIA ADMINISTRATIVA Finalmente, presentará al Concejo Municipal la iniciativa de un acuerdo para declarar en emergencia administrativa y financiera a la Municipalidad Provincial de Puno (MPP) por un lapso de tres meses, tiempo en el cual se elaborará el cuadro de asignaciones de personal. Esto, a fin de saber con exactitud la cantidad de trabajadores que se requiere para el funcionamiento administrativo de dicha institución y modificar la forma de contrato en la que deben ingresar los trabajadores y generar la meritocracia. “Si continuamos con esta forma de administrar, nuestra municipalidad solo se servirá para administrar servicios, pagos y planillas. El desorden y el caos en la municipalidad no pueden continuar. Convoco a los trabajadores nombrados, a los que tienen contrato permanente y a los con reposición judicial para trabajar por Puno y recuperar la confianza perdida de los vecinos”, dijo el alcalde.",2025-11-09T17:06:45.191712,2019-01-03T00:00:00,2025-11-09T17:06:45.401981,Los Andes,8032,,598,"Preciso fue el alcalde de la Municipalidad Provincial de Puno, Martín Ticona Maquera, sobre las acciones que desarrollará durante su gestión (2019-2022), luego de juramentar al cargo en el Teatro Municipal, juntamente con el nuevo Concejo Municipal. Según dijo, luchará contra los altos índices de anemia, la contaminación del Lago Titicaca, la corrupción, la inseguridad, […]",,Ticona: “El desorden y caos deben terminar”,https://losandes.com.pe/ticona-el-desorden-y-caos-deben-terminar/?signup
Diario los Andes,301,General,"Guarda mi nombre, correo electrónico y sitio web en este navegador para la próxima vez que comente. Diario referente del sur del Perú, espacio de reflexión sobre el desarrollo humano y su relación con el medio ambiente, la sociedad y la economía © 2024 Diario los Andes. Todos los derechos reservados.",2025-11-09T17:06:45.191712,2025-11-08T00:00:00,2025-11-09T17:06:45.396452,Los Andes,8031,,51,"Guarda mi nombre, correo electrónico y sitio web en este navegador para la próxima vez que comente",,AREQUIPA: Diario Los Andes 09/11/2025,https://losandes.com.pe/arequipa-diario-los-andes-09-11-2025/
Diario los Andes,4029,General,"El cáncer de páncreas es uno de los tipos de cáncer más letales y agresivos que se conocen. El 95% de casos son diagnosticados en etapas avanzadas y los pacientes con la enfermedad presentan una sobrevida de hasta 6 meses. La detección precoz de este carcinoma es crucial, sin embargo, la localización de este órgano complica la revisión de rutina. Además, en la mayoría de los casos esta enfermedad es confundida con problemas gastrointestinales, advirtieron expertos en el marco del Día Mundial de Cáncer de Páncreas, que se conmemora mañana 16 de noviembre. Los especialistas de la Liga Contra el Cáncer, a través de su campaña “Dale su Lugar al Páncreas”, dieron a conocer las principales señales de alerta que podrían hacernos sospechar de una neoplasia en este lugar del cuerpo. 1.- Ictericia o color amarillo (piel y ojos): Que los pacientes se pongan de color amarillos es el síntoma más llamativo. Si el tumor está en la cabeza del páncreas, puede tapar la salida de la bilis y el enfermo tomo un color amarillo. En la mayoría de los casos es una de las principales formas de detectar la enfermedad a tiempo, considerando que este síntoma es el que destaca en gran medida. 2.- Dolor abdominal: Es muy posible que un dolor de este tipo no sea nada, pero si continúa durante mucho tiempo, no estaría de más hacerse un chequeo. El dolor se refleja como un dolor en franja, en forma de cinturón. El dolor llega prácticamente hasta la columna vertebral y es muy intenso. 3.- Pérdida de peso: Adelgazar inexplicablemente puede ser una señal a la que deberías prestar mucha atención. Si experimentas una pérdida de peso, de apetito o no te sientes satisfecho después de comer, también puede ser un signo de cáncer de páncreas. 4.- Comienzo de una diabetes: Aunque esto puede ser un factor que alarme, la diabetes es una enfermedad muy común. La diabetes, en algunos casos se produce en estadios tempranos, pero en otros ya se produce con la enfermedad más avanzada. La obesidad: El sobrepeso es un factor de riesgo de padecer cáncer pancreático. Las personas que tienen mucho sobrepeso (obesidad) tienen aproximadamente una probabilidad 20% mayor de padecer cáncer de páncreas. Acumular peso alrededor de la cintura puede ser un factor de riesgo incluso en las personas que no tienen mucho sobrepeso. Consumo de tabaco: El tabaquismo es uno de los factores de riesgo más importantes para el cáncer de páncreas. El riesgo de padecer cáncer de páncreas es aproximadamente el doble de alto entre los fumadores que entre las personas que nunca han fumado. Se cree que entre el 20% y 30% de los cánceres pancreáticos son a causa de fumar cigarrillos. Además, fumar cigarros y pipa también aumenta el riesgo, así como el uso de productos de tabaco de consumo oral (sin humo). Consumo de alcohol: Algunos estudios han encontrado un vínculo entre el consumo excesivo de alcohol y el cáncer de páncreas. Este vínculo aún no está claro, aunque el consumo excesivo de alcohol puede derivar en condiciones como pancreatitis crónica y cirrosis, las cuales se sabe aumentan el riesgo de cáncer pancreático. Herencia familiar: El riesgo de padecerlo se incrementa si algún familiar sufrió este tipo de cáncer, pero no es una regla. Se recomienda hacerse exámenes de despistaje periódicamente. Edad: El riesgo de padecer cáncer de páncreas aumenta conforme la persona envejece. Casi todos los pacientes son mayores de 45 años. Alrededor de dos tercios de los pacientes tienen al menos 65 años. Consumo excesivo de carnes: Estudios han demostrado que el consumo excesivo de carne y grasas aumentan el riesgo de cáncer de páncreas. La mejor forma de evitar el cáncer de páncreas es evitando los factores de riesgo y teniendo un estilo de vida saludable como: cuidando nuestro peso, eligiendo alimentos sanos como vegetales y frutas frescas, y evitando carnes rojas, así como los alimentos altos en grasa o azúcares. También es importante evitar el sedentarismo y practicar algún tipo de deporte, así como eliminar el consumo de tabaco y alcohol.",2025-11-09T17:06:45.191712,2018-11-15T00:00:00,2025-11-09T17:06:45.390559,Los Andes,8030,,678,"El cáncer de páncreas es uno de los tipos de cáncer más letales y agresivos que se conocen. El 95% de casos son diagnosticados en etapas avanzadas y los pacientes con la enfermedad presentan una sobrevida de hasta 6 meses. La detección precoz de este carcinoma es crucial, sin embargo, la localización de este órgano […]",,Las 10 señales de alarma de un posible cáncer de páncrea,https://losandes.com.pe/las-10-senales-de-alarma-de-un-posible-cancer-de-pancrea/?signup
Diario los Andes,201,General,"Diario referente del sur del Perú, espacio de reflexión sobre el desarrollo humano y su relación con el medio ambiente, la sociedad y la economía © 2024 Diario los Andes. Todos los derechos reservados.",2025-11-09T17:06:45.191712,2024-10-23T00:00:00,2025-11-09T17:06:45.388706,Los Andes,8029,,34,"Diario referente del sur del Perú, espacio de reflexión sobre el desarrollo humano y su relación con el medio ambiente, la sociedad y la economía © 2024 Diario los Andes",,PUNO: Diario los Andes 23/10/2024,https://losandes.com.pe/puno-diario-los-andes-23-10-2024/?signup
Diario los Andes,201,General,"Diario referente del sur del Perú, espacio de reflexión sobre el desarrollo humano y su relación con el medio ambiente, la sociedad y la economía © 2024 Diario los Andes. Todos los derechos reservados.",2025-11-09T17:06:45.191712,2024-09-28T00:00:00,2025-11-09T17:06:45.380115,Los Andes,8028,,34,"Diario referente del sur del Perú, espacio de reflexión sobre el desarrollo humano y su relación con el medio ambiente, la sociedad y la economía © 2024 Diario los Andes",,PUNO: Diario Los Andes 28/09/2024,https://losandes.com.pe/puno-diario-los-andes-28-09-2024/?signup
Diario los Andes,1417,General,"Según el administrador del Gobierno Regional de Puno (GRO), Florencio Cartagena, el pasivo de 1600 millones de soles que fue denunciado por la autoridad electa no es una deuda, sino un gasto, y seguirá incrementándose en la gestión de Walter Aduviri Calisaya. “Nosotros somos una institución pública de servicio; lo que está habiendo es el activo menos el pasivo, por lo que en el patrimonio aparece un déficit, porque nosotros no somos una empresa privada que busca lucro; es decir, año a año esta deuda va a seguir incrementándose, y mucho más”, señaló Cartagena. Cabe recordar que Aduviri Calisaya denunció que, a largo plazo, la deuda es de 32 millones de soles; en beneficios sociales, 107 millones; obligaciones provisionales, mil 26 millones; provisiones, 8 millones, y 313 millones en cuentas al pasivo. Al respecto, Cartagena refiere que la planilla de las cuentas del GRP no le genera renta, y que por ende el déficit es acumulativo. “Las planillas a mí no me generan renta, y por tanto siempre va a arrojar en rojo, en rojo, en rojo; y va a seguir incrementándose mucho más. Eso no quiere decir que estemos debiendo a nadie, esa es una mala interpretación del gobernador entrante”, señaló. Por otro lado, dijo que este problema se habría iniciado desde la gestión de David Jiménez Sardón, y continúa hasta la fecha. Actualmente, añadió, se paga el 90% a planillas y solo el 10% es destinado para proyectos.",2025-11-09T17:06:45.191712,2018-12-31T00:00:00,2025-11-09T17:06:45.379529,Los Andes,8027,,240,"Según el administrador del Gobierno Regional de Puno (GRO), Florencio Cartagena, el pasivo de 1600 millones de soles que fue denunciado por la autoridad electa no es una deuda, sino un gasto, y seguirá incrementándose en la gestión de Walter Aduviri Calisaya. “Nosotros somos una institución pública de servicio; lo que está habiendo es el […]",,Deuda de 1666 millones continuará creciendo,https://losandes.com.pe/deuda-de-1666-millones-continuara-creciendo/?signup
Diario los Andes,201,General,"Diario referente del sur del Perú, espacio de reflexión sobre el desarrollo humano y su relación con el medio ambiente, la sociedad y la economía © 2024 Diario los Andes. Todos los derechos reservados.",2025-11-09T17:06:45.191712,2024-09-07T00:00:00,2025-11-09T17:06:45.377650,Los Andes,8026,,34,"Diario referente del sur del Perú, espacio de reflexión sobre el desarrollo humano y su relación con el medio ambiente, la sociedad y la economía © 2024 Diario los Andes",,PUNO: Diario Los Andes 07/09/2024,https://losandes.com.pe/puno-diario-los-andes-07-09-2024/?signup
Diario los Andes,201,General,"Diario referente del sur del Perú, espacio de reflexión sobre el desarrollo humano y su relación con el medio ambiente, la sociedad y la economía © 2024 Diario los Andes. Todos los derechos reservados.",2025-11-09T17:06:45.191712,2025-09-23T00:00:00,2025-11-09T17:06:45.373016,Los Andes,8025,,34,"Diario referente del sur del Perú, espacio de reflexión sobre el desarrollo humano y su relación con el medio ambiente, la sociedad y la economía © 2024 Diario los Andes",,PUNO: Diario Los Andes 24/09/2025,https://losandes.com.pe/puno-diario-los-andes-24-09-2025/?signup
Diario los Andes,201,General,"Diario referente del sur del Perú, espacio de reflexión sobre el desarrollo humano y su relación con el medio ambiente, la sociedad y la economía © 2024 Diario los Andes. Todos los derechos reservados.",2025-11-09T17:06:45.191712,2024-10-18T00:00:00,2025-11-09T17:06:45.367766,Los Andes,8024,,34,"Diario referente del sur del Perú, espacio de reflexión sobre el desarrollo humano y su relación con el medio ambiente, la sociedad y la economía © 2024 Diario los Andes",,AREQUIPA: Diario los Andes 18/10/2024,https://losandes.com.pe/arequipa-diario-los-andes-18-10-2024/?signup
Diario los Andes,973,General,"Las peticiones de renuncia no tienen fin. Esta vez se trata de los fiscales supremos Pablo Sánchez Velarde y Zoraida Ávalos Rivera quienes solicitan la renuncia del fiscal de la Nación, Pedro Chávarry , tras las cuestionadas decisiones que tomó en torno al Equipo Especial Lava Jato. En el documento, los fiscales supremos consideraron la remoción de los fiscales Rafel Vela Barba y José Domingo Pérez Gómez como una «grave intromisión» al caso Lava Jato, pese a que dos días después rectificó su decisión. «Este proceder vulnera de sobremanera la imagen del Ministerio Público, como organismo constitucionalmente autónomo, lo que afecta su credibilidad, genera desconfianza y la deslegitima frente a la opinión pública no solo nacional sino internacional», se lee en el comunicado. Por esos motivos, los fiscales sostienen que «la crisis institucional del Ministerio Público no sostiene más la permanencia del actual Fiscal de la Nación» porque él origina dicha situación.",2025-11-09T17:06:45.191712,2019-01-03T00:00:00,2025-11-09T17:06:45.359139,Los Andes,8023,,152,"Las peticiones de renuncia no tienen fin. Esta vez se trata de los fiscales supremos Pablo Sánchez Velarde y Zoraida Ávalos Rivera quienes solicitan la renuncia del fiscal de la Nación, Pedro Chávarry , tras las cuestionadas decisiones que tomó en torno al Equipo Especial Lava Jato. En el documento, los fiscales supremos consideraron la remoción de […]",,Pedro Chávarry: Fiscales supremos exigen renuncia del fiscal de la Nación,https://losandes.com.pe/pedro-chavarry-fiscales-supremos-exigen-renuncia-del-fiscal-de-la-nacion/?signup
Diario los Andes,201,General,"Diario referente del sur del Perú, espacio de reflexión sobre el desarrollo humano y su relación con el medio ambiente, la sociedad y la economía © 2024 Diario los Andes. Todos los derechos reservados.",2025-11-09T17:06:45.191712,2024-11-08T00:00:00,2025-11-09T17:06:45.357837,Los Andes,8022,,34,"Diario referente del sur del Perú, espacio de reflexión sobre el desarrollo humano y su relación con el medio ambiente, la sociedad y la economía © 2024 Diario los Andes",,PUNO: Diario los Andes 08/11/2024,https://losandes.com.pe/puno-diario-los-andes-08-11-2024/?signup
Diario los Andes,201,General,"Diario referente del sur del Perú, espacio de reflexión sobre el desarrollo humano y su relación con el medio ambiente, la sociedad y la economía © 2024 Diario los Andes. Todos los derechos reservados.",2025-11-09T17:06:45.191712,2025-08-12T00:00:00,2025-11-09T17:06:45.346625,Los Andes,8021,,34,"Diario referente del sur del Perú, espacio de reflexión sobre el desarrollo humano y su relación con el medio ambiente, la sociedad y la economía © 2024 Diario los Andes",,PUNO: Diario Los Andes 12/08/2025,https://losandes.com.pe/puno-diario-los-andes-12-08-2025/?signup
Diario los Andes,818,General,"La Junta de Portavoces del Congreso acordó convocar para este sábado 8 de diciembre un Pleno extraordinario donde se debatirá el informe sobre el caso Mamani, al respecto, Carlos Tubino vocero de Fuerza Popular destacó que se está respetando el derecho a la defensa de su colega de bancada. Del mismo modo el congresista Carlos Tubino, respaldó el informe de la Comisión de Ética Parlamentaria que recomienda suspender por 120 días sin goce de haber a Moisés Mamani. Aclarando que esta es su visión personal, y que el tema será tratado al interior de su partido. “Nosotros tenemos que dar el máximo respeto a las mujeres. No solo quiero escuchar a Mamani, no quiere decir que está definitivamente tomado (la decisión); vamos a esperar que venga con su abogado y haga su derecho a la defensa como corresponde”, declaró.",2025-11-09T17:06:45.191712,2018-12-06T00:00:00,2025-11-09T17:06:45.345938,Los Andes,8020,,139,"La Junta de Portavoces del Congreso acordó convocar para este sábado 8 de diciembre un Pleno extraordinario donde se debatirá el informe sobre el caso Mamani, al respecto, Carlos Tubino vocero de Fuerza Popular destacó que se está respetando el derecho a la defensa de su colega de bancada. Del mismo modo el congresista Carlos […]",,Acuerdan convocar a un Pleno extraordinario para debatir el informe sobre el caso Mamani,https://losandes.com.pe/acuerdan-convocar-a-un-pleno-extraordinario-para-debatir-el-informe-sobre-el-caso-mamani/?signup
Diario los Andes,201,General,"Diario referente del sur del Perú, espacio de reflexión sobre el desarrollo humano y su relación con el medio ambiente, la sociedad y la economía © 2024 Diario los Andes. Todos los derechos reservados.",2025-11-09T17:06:45.191712,2025-10-17T00:00:00,2025-11-09T17:06:45.343922,Los Andes,8019,,34,"Diario referente del sur del Perú, espacio de reflexión sobre el desarrollo humano y su relación con el medio ambiente, la sociedad y la economía © 2024 Diario los Andes",,PUNO: Diario Los Andes 17/10/2025,https://losandes.com.pe/puno-diario-los-andes-17-10-2025/?signup
Diario los Andes,201,General,"Diario referente del sur del Perú, espacio de reflexión sobre el desarrollo humano y su relación con el medio ambiente, la sociedad y la economía © 2024 Diario los Andes. Todos los derechos reservados.",2025-11-09T17:06:45.191712,2025-09-05T00:00:00,2025-11-09T17:06:45.341983,Los Andes,8018,,34,"Diario referente del sur del Perú, espacio de reflexión sobre el desarrollo humano y su relación con el medio ambiente, la sociedad y la economía © 2024 Diario los Andes",,AREQUIPA: Diario Los Andes 05/09/2025,https://losandes.com.pe/arequipa-diario-los-andes-05-09-2025/?signup
Diario los Andes,201,General,"Diario referente del sur del Perú, espacio de reflexión sobre el desarrollo humano y su relación con el medio ambiente, la sociedad y la economía © 2024 Diario los Andes. Todos los derechos reservados.",2025-11-09T17:06:45.191712,2024-08-26T00:00:00,2025-11-09T17:06:45.334455,Los Andes,8017,,34,"Diario referente del sur del Perú, espacio de reflexión sobre el desarrollo humano y su relación con el medio ambiente, la sociedad y la economía © 2024 Diario los Andes",,PUNO: Diario Los Andes 26/08/2024,https://losandes.com.pe/puno-diario-los-andes-26-08-2024/?signup
Diario los Andes,1580,General,"Muy sorprendidos e indignados, los pobladores del distrito de Orurillo (Melgar – Ayaviri), denunciaron la quema de diversos documentos de la municipalidad, presuntamente con el fin de ocultar anomalías en la presente gestión que dirige Jorge Washington Challco Quispe. El repudiable hecho se registró en el techo del palacio municipal y a plena luz del día. Tras la intervención de las rondas campesinas, decenas de documentos quedaron regados. También se evidenció, a un costado, una pequeña hoguera que emitía humo. “Cómo puede ocultar (información). Varias veces estamos preguntando al señor alcalde, por las malas o por las buenas. Ahora lo encontramos quemando varios documentos de la mina, lo que han firmado contrato. Eso está mal”, dijo una dirigente. En ese sentido, exigió la intervención de la Contraloría General de la República, a fin de que se inicien las investigaciones correspondientes. En otro momento, consideró al hecho de una burla contra la población, que siempre exigió informes. “Hay que denunciar este hecho, no pueden estar quemándose documentos en la municipalidad y de día. Yo le he llamado al alcalde y me dice que no tiene conocimiento y que es basura. Acá debe haber responsables. El gerente no sabe quién y el jefe de personal tampoco”, dijo Moisés Huahuasoncco Hancco, primer regidor de Orurillo. Cabe indicar que, entre los documentos que se quemaban, destacan los originales de resoluciones de alcaldía, contrato de locación de servicio no personal, proveído administrativo del año 2015 e informes por manejo de maquinarias pesadas, entre otros.",2025-11-09T17:06:45.191712,2018-12-20T00:00:00,2025-11-09T17:06:45.324563,Los Andes,8016,,249,"Muy sorprendidos e indignados, los pobladores del distrito de Orurillo (Melgar – Ayaviri), denunciaron la quema de diversos documentos de la municipalidad, presuntamente con el fin de ocultar anomalías en la presente gestión que dirige Jorge Washington Challco Quispe. El repudiable hecho se registró en el techo del palacio municipal y a plena luz del […]",,Queman documentos para ocultar irregularidades en municipalidad,https://losandes.com.pe/queman-documentos-para-ocultar-irregularidades-en-municipalidad/?signup
Diario los Andes,985,General,"Juliaca. Ottoniel Choque Flores, presidente de las 4 Zonas, solicitó una audiencia al nuevo alcalde de la Municipalidad Provincial de San Román, David Sucacahua Yucra, de modo que informe del estado de las obras dejadas por la exgestión. “Pedimos un informe detallado de cada una de las obras que se dejaron, para así pronunciarnos con base”, mencionó, tras indicar que sugerirán la ejecución de una obra de envergadura por cada cono, para así responder a las expectativas de la población. Por su parte, Carmen Hualla Muriel, presidenta del Frente Único de Juliaca (FUJ), manifestó que se debe también informar del plan y propósitos del nuevo alcalde, respecto del tema de residuos sólidos, drenaje, ordenamiento, transporte, seguridad y otros. Asimismo, mencionó que también hacen la solicitud a la nueva gestión del Gobierno Regional de Puno (GRP), que tiene como líder a Walter Aduviri Calisaya, debido a que hubo ausencias de obras para la provincia con mayor cantidad poblacional.",2025-11-09T17:06:45.191712,2019-01-04T00:00:00,2025-11-09T17:06:45.317118,Los Andes,8015,,157,"Juliaca. Ottoniel Choque Flores, presidente de las 4 Zonas, solicitó una audiencia al nuevo alcalde de la Municipalidad Provincial de San Román, David Sucacahua Yucra, de modo que informe del estado de las obras dejadas por la exgestión. “Pedimos un informe detallado de cada una de las obras que se dejaron, para así pronunciarnos con […]",,Solicitan audiencia a alcalde y gobernador,https://losandes.com.pe/solicitan-audiencia-a-alcalde-y-gobernador/
Diario los Andes,201,General,"Diario referente del sur del Perú, espacio de reflexión sobre el desarrollo humano y su relación con el medio ambiente, la sociedad y la economía © 2024 Diario los Andes. Todos los derechos reservados.",2025-11-09T17:06:45.191712,2025-10-11T00:00:00,2025-11-09T17:06:45.309407,Los Andes,8014,,34,"Diario referente del sur del Perú, espacio de reflexión sobre el desarrollo humano y su relación con el medio ambiente, la sociedad y la economía © 2024 Diario los Andes",,AREQUIPA: Diario Los Andes 12/10/2025,https://losandes.com.pe/arequipa-diario-los-andes-12-10-2025/?signup
Diario los Andes,201,General,"Diario referente del sur del Perú, espacio de reflexión sobre el desarrollo humano y su relación con el medio ambiente, la sociedad y la economía © 2024 Diario los Andes. Todos los derechos reservados.",2025-11-09T17:06:45.191712,2025-08-28T00:00:00,2025-11-09T17:06:45.308865,Los Andes,8013,,34,"Diario referente del sur del Perú, espacio de reflexión sobre el desarrollo humano y su relación con el medio ambiente, la sociedad y la economía © 2024 Diario los Andes",,PUNO: Diario Los Andes 28/08/2025,https://losandes.com.pe/puno-diario-los-andes-28-08-2025/?signup
Diario los Andes,201,General,"Diario referente del sur del Perú, espacio de reflexión sobre el desarrollo humano y su relación con el medio ambiente, la sociedad y la economía © 2024 Diario los Andes. Todos los derechos reservados.",2025-11-09T17:06:45.191712,2024-08-29T00:00:00,2025-11-09T17:06:45.307143,Los Andes,8012,,34,"Diario referente del sur del Perú, espacio de reflexión sobre el desarrollo humano y su relación con el medio ambiente, la sociedad y la economía © 2024 Diario los Andes",,Arequipa: Diario Los Andes 29/08/2024,https://losandes.com.pe/arequipa-diario-los-andes-29-08-2024/?signup
Diario los Andes,883,General,"Huancané. El activista cultural Fernando Chuquipiunta Machaca, manifestó que las autoridades salientes de la provincia Chiriwana no dieron el apoyo necesario para el tema cultural durante los cuatro años de gestión. “Hubo desinterés y desconocimiento de parte de la Municipalidad Provincial de Huancané”, expresó el promotor, tras indicar que sí se dio interés a las costumbres de la Cruz de Mayo, carnavales y otros. Asimismo, recordó que hace poco se cumplieron los 95 años de los acontecimientos de Huancho Lima, pero que no hubo actividades culturales al respecto. “Debía hacerse por lo menos un concurso de poemas”, acotó. Mencionó también que el electo alcalde de Huancané, Arturo Álvarez Mendoza, es nieto de un reconocido personaje, por lo que esperan que haga un buen trabajo en el aspecto cultural. Sin embargo, aclaró que nunca estuvo en las romerías o actividades afines.",2025-11-09T17:06:45.191712,2018-12-27T00:00:00,2025-11-09T17:06:45.299800,Los Andes,8011,,140,"Huancané. El activista cultural Fernando Chuquipiunta Machaca, manifestó que las autoridades salientes de la provincia Chiriwana no dieron el apoyo necesario para el tema cultural durante los cuatro años de gestión. “Hubo desinterés y desconocimiento de parte de la Municipalidad Provincial de Huancané”, expresó el promotor, tras indicar que sí se dio interés a las […]",,Gestión deja mal sabor de boca a activistas culturales,https://losandes.com.pe/gestion-deja-mal-sabor-de-boca-a-activistas-culturales/?signup
Diario los Andes,201,General,"Diario referente del sur del Perú, espacio de reflexión sobre el desarrollo humano y su relación con el medio ambiente, la sociedad y la economía © 2024 Diario los Andes. Todos los derechos reservados.",2025-11-09T17:06:45.191712,2025-08-17T00:00:00,2025-11-09T17:06:45.292835,Los Andes,8010,,34,"Diario referente del sur del Perú, espacio de reflexión sobre el desarrollo humano y su relación con el medio ambiente, la sociedad y la economía © 2024 Diario los Andes",,AREQUIPA: Diario Los Andes 17/08/2025,https://losandes.com.pe/arequipa-diario-los-andes-17-08-2025/?signup
Diario los Andes,201,General,"Diario referente del sur del Perú, espacio de reflexión sobre el desarrollo humano y su relación con el medio ambiente, la sociedad y la economía © 2024 Diario los Andes. Todos los derechos reservados.",2025-11-09T17:06:45.191712,2025-09-07T00:00:00,2025-11-09T17:06:45.288128,Los Andes,8009,,34,"Diario referente del sur del Perú, espacio de reflexión sobre el desarrollo humano y su relación con el medio ambiente, la sociedad y la economía © 2024 Diario los Andes",,ESPECIAL: Puquina Quta 31/08/2025,https://losandes.com.pe/especial-puquina-quta-31-08-2025/?signup
Diario los Andes,201,General,"Diario referente del sur del Perú, espacio de reflexión sobre el desarrollo humano y su relación con el medio ambiente, la sociedad y la economía © 2024 Diario los Andes. Todos los derechos reservados.",2025-11-09T17:06:45.191712,2025-09-15T00:00:00,2025-11-09T17:06:45.282782,Los Andes,8008,,34,"Diario referente del sur del Perú, espacio de reflexión sobre el desarrollo humano y su relación con el medio ambiente, la sociedad y la economía © 2024 Diario los Andes",,AREQUIPA: Diario Los Andes 16/09/2025,https://losandes.com.pe/arequipa-diario-los-andes-16-09-2025/?signup
Diario los Andes,594,General,"Puno. La nueva gestión de Walter Aduviri Calisaya oficializó la invitación a la Cancillería del Estado Plurinacional de Bolivia, para que su presidente, Evo Morales, participe de la asunción de mando –de carácter ancestral– del gobernador regional de Puno, que se llevará a cabo el 5 de enero en la ciudadela prehispánica de Sillustani. Aduviri señaló que la visita de Morales, como dignatario nacional, depende de la Agenda de Cancillería de su país; sin embargo, dio a conocer que se ha realizado la invitación a las autoridades de países concordantes con su gestión, como China, entre otros.",2025-11-09T17:06:45.191712,2019-01-03T00:00:00,2025-11-09T17:06:45.247373,Los Andes,8007,,97,"Puno. La nueva gestión de Walter Aduviri Calisaya oficializó la invitación a la Cancillería del Estado Plurinacional de Bolivia, para que su presidente, Evo Morales, participe de la asunción de mando –de carácter ancestral– del gobernador regional de Puno, que se llevará a cabo el 5 de enero en la ciudadela prehispánica de Sillustani. Aduviri […]",,Evo estará en nueva asunción de mando de Walter Aduviri,https://losandes.com.pe/evo-estara-en-nueva-asuncion-de-mando-de-walter-aduviri/?signup
