autor,caracteres_contenido,categoria,contenido,created_at,fecha,fecha_extraccion,fuente,id,imagenes,palabras_contenido,resumen,tags,titulo,url
Diario los Andes,747,General,"Pucarcolla. Gilmer Morales Sucasaca (30), quien prestaba servicio de seguridad en el peaje de la vía Puno – Juliaca, fue atropellado por la combi de placa Z0K-962, perteneciente a la empresa Dorado Express, aproximadamente a las 20:05 horas del pasado miércoles. Tras el hecho, los policías de la comisaría PNP de Paucarcolla acudieron al lugar del incidente, a fin socorren al agraviado, quien a bordo de un patrullero fue llevado al nosocomio regional de Puno, donde recibió un diagnosticado de descarte de fractura de cráneo y comuna lumbar. Según se sabe, el vigilante de la Empresa de Seguridad “Pirámide”, fue atropellado cuando recogía los conos que estaban en medio de la pista. La combi conducida por Pedro Quispe (60) iba de norte a sur.",2025-11-16T21:32:01.293813,2018-11-30T00:00:00,2025-11-16T21:32:01.914051,Los Andes,10533,,124,"Pucarcolla. Gilmer Morales Sucasaca (30), quien prestaba servicio de seguridad en el peaje de la vía Puno – Juliaca, fue atropellado por la combi de placa Z0K-962, perteneciente a la empresa Dorado Express, aproximadamente a las 20:05 horas del pasado miércoles. Tras el hecho, los policías de la comisaría PNP de Paucarcolla acudieron al lugar […]",,Vigilante de peaje fue atropellado,https://losandes.com.pe/vigilante-de-peaje-fue-atropellado/?signup
Diario los Andes,1697,General,"Una madre de familia que se dedica al servicio de taxi fue víctima de un robo en el distrito de San Martín de Socabaya. Mientras almorzaba en un restaurante cercano al mercado de la zona, delincuentes sustrajeron la memoria electrónica de su vehículo de placa VOJ-170, dejándolo completamente inoperativo. La afectada, Katy Diana Zanca Márquez, relató que se ausentó por menos de 10 minutos, y al regresar encontró su unidad inutilizable. “Este carro es mi herramienta de trabajo. Es lo que me permite mantener a mis hijos y a mi mamá de 80 años”, declaró entre lágrimas. La mujer indicó que vive en Mollebaya y que almorzó en Socabaya porque había acudido a su empresa previamente. Además, manifestó que casi nunca deja su vehículo sin vigilancia y que usualmente lo estaciona en cocheras o lugares visibles. Esta vez, solo lo dejó unos minutos, pero fue suficiente para que los delincuentes actúen. La memoria robada tiene un costo estimado de entre 1,500 y 2,000 soles, suma que la conductora no puede cubrir por completo, ya que además continúa pagando letras del vehículo. Por ello, ha solicitado apoyo económico a la ciudadanía a través del número 959 757 174, donde recibe aportes por Yape a su nombre. El robo ocurrió cerca del colegio Manuel Benito Linares Arenas y Santa María de los Ángeles, lo que genera preocupación por la falta de seguridad en la zona. Aunque se identificaron cámaras de seguridad en viviendas cercanas, aún se desconoce si captaron el momento del hurto. Agentes de la comisaría “Ciudad Mi Trabajo” acudieron al lugar para iniciar las diligencias correspondientes. La víctima formalizó la denuncia y espera que las investigaciones permitan dar con los responsables.",2025-11-16T21:32:01.293813,2025-08-06T00:00:00,2025-11-16T21:32:01.913707,Los Andes,10532,,281,"Una madre de familia que se dedica al servicio de taxi fue víctima de un robo en el distrito de San Martín de Socabaya. Mientras almorzaba en un restaurante cercano al mercado de la zona, delincuentes sustrajeron la memoria electrónica de su vehículo de placa VOJ-170, dejándolo completamente inoperativo. La afectada, Katy Diana Zanca Márquez, […]",,Arequipa: Sustraen la memoria de vehículo a madre taxista,https://losandes.com.pe/arequipa-sustraen-la-memoria-de-vehiculo-a-madre-taxista/?signup
Diario los Andes,1994,General,"El Consejo Regional de Puno rechazó realizar una sesión descentralizada en San Román para enfrentar la creciente delincuencia en Juliaca. La votación del 13 de noviembre dejó al descubierto la desconexión entre las autoridades y las demandas ciudadanas. total, 14 consejeros votaron en contra, tres a favor, y el presidente Elvis Aliaga no intervino por imparcialidad. La iniciativa buscaba convocar al Consejo Regional de Seguridad Ciudadana (Coresec) para diseñar estrategias urgentes ante el aumento de robos y violencia. Sin embargo, la mayoría optó por archivar la propuesta sin presentar alternativas. El consejero Rolando Rivera Zeballos no asistió, reduciendo aún más las posibilidades de aprobar la medida. La decisión generó indignación entre los juliaqueños, quienes exigen mayor protección. Lo más polémico fue el voto de los consejeros Percy Quispe Miranda y María Elena Mamani Apaza, representantes de San Román, quienes se opusieron a la sesión en su propia provincia. Su postura contrastó con la realidad de Juliaca, donde la delincuencia ha escalado en los últimos años. El documento original advertía que “el Consejo no puede estar a espaldas del sufrimiento del pueblo”, pero la votación demostró lo contrario. Los 14 consejeros que rechazaron la moción —entre ellos Alfredo Ucharico, Giorni Bautista y Reynaldo Choquehuanca— no explicaron cómo abordarán la crisis. Solo Concepción Aguirre, Basilio Mendoza y Abad Vizcarra apoyaron la iniciativa, que buscaba priorizar la seguridad en una provincia azotada por la violencia. La negativa se interpretó como un desaire a las demandas de la población. La alta abstención y el rechazo masivo reflejan la desconexión entre las autoridades y las necesidades urgentes de Juliaca. La ciudad registra un incremento sostenido de delitos, pero el Consejo Regional optó por postergar soluciones. La sesión descentralizada era vista como una oportunidad para fortalecer el Coresec y diseñar políticas públicas con participación ciudadana.",2025-11-16T21:32:01.293813,2025-11-15T00:00:00,2025-11-16T21:32:01.912722,Los Andes,10531,,299,"El Consejo Regional de Puno rechazó realizar una sesión descentralizada en San Román para enfrentar la creciente delincuencia en Juliaca. La votación del 13 de noviembre dejó al descubierto la desconexión entre las autoridades y las demandas ciudadanas. total, 14 consejeros votaron en contra, tres a favor, y el presidente Elvis Aliaga no intervino por […]",,Consejeros ignoran seguridad y votan en contra de Juliaca,https://losandes.com.pe/consejeros-ignoran-seguridad-y-votan-en-contra-de-juliaca/
Diario los Andes,1379,General,"El presidente de la Federación Regional de Folklore y Cultura de Puno (FRFCP), Alexander Quispe Huaracha, anunció los primeros preparativos para la festividad de la Virgen de la Candelaria 2026, destacando la posibilidad de retornar al Estadio Enrique Torres Belón como escenario principal de los concursos. Esta evaluación surge tras los problemas de congestión registrados en la última edición, donde el espacio disponible resultó insuficiente para la gran cantidad de conjuntos participan tes. Quispe detalló que ya se iniciaron las coordinaciones con diversas instituciones, incluyendo gestiones con la Universidad Nacional del Altiplano para disponer nuevamente de su estadio como alternativa. “Estamos analizando todas las opciones con anticipación, porque no podemos repetir los errores de dejar todo para última hora”, enfatizó el dirigente. La nueva directiva de la FRFC se encuentra actualmente en proceso de transferencia de la gestión anterior, revisando inventarios y documentación, lo que tomaría aproximadamente 15 días más. Paralelamente, se conformará una comisión revisora para evaluar las cuentas de la administración saliente, dejando abierta la posibilidad de una auditoría si fuera necesario. Quispe hizo especial hincapié en el enfoque participativo de su gestión: “Nuestro compromiso es trabajar de la mano con todos los conjuntos folclóricos, escuchando.",2025-11-16T21:32:01.293813,2025-05-09T00:00:00,2025-11-16T21:32:01.910750,Los Andes,10530,,198,"El presidente de la Federación Regional de Folklore y Cultura de Puno (FRFCP), Alexander Quispe Huaracha, anunció los primeros preparativos para la festividad de la Virgen de la Candelaria 2026, destacando la posibilidad de retornar al Estadio Enrique Torres Belón como escenario principal de los concursos. Esta evaluación surge tras los problemas de congestión registrados […]",,Alexander Quispe: “evaluaremos regresar al estadio Torres Belón”,https://losandes.com.pe/alexander-quispe-evaluaremos-regresar-al-estadio-torres-belon/
Diario los Andes,6415,General,"El bypass de la salida a Cusco surgió en 2012 en la gestión del fenecido alcalde David Mamani Paricahua. El proyecto preveía beneficiar a 307 mil 417 habitantes, pero lo que prometía progreso se convirtió en símbolo de ineficiencia y corrupción. Este in forme presenta una cronología que muestra cómo, tras 13 años, esta obra sigue siendo un elefante blanco. La gestión de Mamani inicialmente destinó S/ 7 millones para la obra, y luego se elevó a S/ 22 millones. Su sucesor, Oswaldo Marín Quiro, incrementó su costo a S/ 39 millones; sin embargo, la obra quedó inconclusa, con estructuras abandonadas y zonas convertidas en botaderos. En agosto de 2021, el exalcalde David Sucacahua relanzó el bypass prometiendo concluirlo en ocho meses con S/ 13 millones. El plazo se cumplió sin resultados, y una vez más, el proyecto quedó inconcluso, sumando otra promesa incumplida. En octubre de 2022, la Contralo ría alertó sobre estructuras metálicas valorizadas en más de S/6 millones abandonadas en la vía pública. Además, evidenció la ausencia de algunos trabajadores, lo que advertía posibles pagos irregulares. El entonces regidor Eliot Alarcón alertó que se ignoró el expediente técnico modificado y que la estructura no soportaría más de 18 toneladas. Además, no se respetó el cronograma ni se reforzaron las bases antes de continuar con la obra. Pese a estas deficiencias, la municipalidad desembolsó el 80 % del presupuesto asignado, a pesar de que el contrato estipulaba un pago en dos fases: 30 % al arribo del material metálico y el 70 % restante tras la culminación de los trabajos. En junio de 2023, ya en la gestión del alcalde Óscar Cáceres Rodríguez, la Contraloría General reveló la ausencia de juntas asfálticas en los sardineles del cerco perimétrico metálico, lo que provocó fisuras en las zonas norte y sur del bypass. También se detectó falta de supervisión y dudas sobre la veracidad de las pruebas de control de calidad. Asimismo, se halló trabajos de desencofrado no ejecutados en el tablero del puente, pese a haberse valorizado con un avance del 100 %. Esta omisión no solo representó un riesgo de accidentes, sino también la posible pérdida de materiales importantes. Como consecuencia, el bypass fue clausurado. El proyecto, además de estar sobrevalorado, carecía de partidas esenciales como barandas, iluminación, señalización y áreas ver des, generando un déficit superior a los S/ 2 mil 543 millones para su conclusión. Ante estas evidencias, en noviembre del 2023 y abril del 2024, la Pro curaduría Municipal y la Fiscalía Anticorrupción de Puno, denunciaron al exalcalde David Sucacahua Yucra y varios exfuncionarios por el presunto delito de peculado doloso. El 18 de marzo de 2024, la municipalidad reanudó la obra, con un pre supuesto de más de S/1 millón, con la promesa de ser culminada en 120 días. Quedaban pendientes las áreas verdes, iluminación y señalización y otros componentes. Según el regidor Javier Chura Espirilla, la carpeta fiscal abierta por indicios de corrupción y los peritajes que evidencian graves deficiencias técnicas deberían ser atendidos con urgencia. No obstante, casi un año después, los trabajos para corregir estos errores no han sido retomados. Chura indicó que el gerente de Infraestructura, Luis Aguilar Pomari, informó ante el Concejo Municipal que ningún residente de obra quiere asumir el proyecto debido a las múlti ples observaciones, ya que temen ser denunciados. Ante las quejas de los vecinos, el gerente de Infraestructura, Luis Edgardo Aguilar Pomari, informó sobre la culminación del expediente técnico modificado final, elaborado con los saldos de obra que ascienden a cerca de S/1 millón. El funcionario sostuvo que con este monto se completarán los componentes pendientes, como las barandas, iluminación, mejoramiento de la plataforma, refacción de la losa, repintado y otros detalles. Asimismo, se ejecutará una prueba de carga y una marcha blanca para evaluar la resistencia de la infraestructura. Para estos trabajos se utilizarán drones y, en coordinación con la Gerencia de Transportes, se habilitará el tránsito durante las pruebas. Una vez concluidas las acciones preparativas y las formalidades correspondientes, se prevé reiniciar los trabajos a finales de mayo. Según Aguilar Pomari, la culminación total del proyecto dependerá de los resultados de las pruebas de resistencia y otras evaluaciones. El gerente de Infraestructura indicó que otro motivo por el cual los residentes de obra renunciaban se relaciona con los reclamos de algunos vecinos que piden una plataforma peatonal. No obstante, según los profesionales esta modificación es técnicamente inviable. Aguilar explicó que el bypass fue diseñado para el tránsito de vehículos pesados; sin embargo, debido a las observaciones técnicas que presenta la obra, se limitará la carga permitida. Para el presidente del comité de gestión del bypass en la salida a Cusco, Cirilo Suni Puma, la molestia y desconfianza por parte de la población crece. La fecha de reinicio de la obra ha sido postergada tantas veces que ya no creen solo en palabras. Esta obra inconclusa está afectan do a las familias que viven en ese sector, no solo porque su inoperatividad genera caos vehicular en una zona de alto tránsito, sino también porque, al estar abandonada, se ha convertido en un botadero de basura y guarida de malhechores. Rubén Tamayo Mollinedo, consultor especialista en obras civiles, señala que uno de los factores por los que se truncan obras de gran envergadura es la corrupción. Asegura que hay profesionales capacitados, pero que son desplazados por allegados a las autoridades. El experto hizo una comparación con Arequipa, donde en un periodo de ejecución menor al del bypass de Juliaca, se ejecutaron siete obras similares con cerca de S/ 30 millones. Sin embargo, en la Ciudad Calcetera se invirtió casi S/ 39 millones y la obra aún no se culmina. Tamayo explicó que desde la gestión de David Mamani se evidenciaba un desbalance presupuestal. Considera que su sucesor, Oswaldo Marín, debió ordenar un peritaje técnico y financiero, pero, sobre estas anomalías decidió gastar S/ 17 millones adicionales. Otro aspecto fundamental para una correcta ejecución de obras, según Tamayo, tiene que ver con la formación de los responsables de proyectos en contrataciones del Estado. Asimismo, señala que la escala remunerativa debería ser más atractiva para los especialistas.",2025-11-16T21:32:01.293813,2025-05-26T00:00:00,2025-11-16T21:32:01.910172,Los Andes,10529,,1021,"El bypass de la salida a Cusco surgió en 2012 en la gestión del fenecido alcalde David Mamani Paricahua. El proyecto preveía beneficiar a 307 mil 417 habitantes, pero lo que prometía progreso se convirtió en símbolo de ineficiencia y corrupción. Este in forme presenta una cronología que muestra cómo, tras 13 años, esta obra […]",,Bypass de Juliaca: forado que devora millones,https://losandes.com.pe/bypass-de-juliaca-forado-que-devora-millones/?signup
Diario los Andes,1632,General,"En medio de un encuentro programado para debatir sobre normativas relacionadas a la titulación de tierras en la víspera, en el teatro municipalidad de Puno. Autoridades originarias y tenientes gobernadores expresaron un contundente rechazo hacia el Defensor del Pueblo, Josué Gutiérrez Cóndor, a quien acusaron de haber asistido sin previo aviso y con otras intenciones. José Carlos Gutiérrez Sancho, Apu mallku del Consejo de Autoridades Originarias de Puno, denunció que los tenientes gobernadores fueron engañados para asistir al evento bajo el argumento de que se tratarían temas técnicos sobre leyes que afectan a las comunidades campesinas, pero no se les informó que estaría presente el Defensor del Dueblo. “Este señor quiso tomarse la foto con las autoridades, pero fue rechazado por todos. Nunca se ha pronunciado en defensa del pueblo”, afirmó. La situación se tensó aún más cuando Gutiérrez Cóndor intentó tomar la palabra en el Teatro Municipal de Puno. Los asistentes le impidieron hablar, y en un momento, una tenienta gobernadora incluso le retiró el micrófono, en señal de rechazo. Según testigos, el funcionario fue expulsado del recinto entre gritos y reclamos por su cercanía con el gobierno de Dina Boluarte, a quien muchos de los asistentes consideran responsable de políticas contrarias a los intereses de las comunidades campesinas. El evento tenía como finalidad debatir sobre la Ley 32293, considerada por las autoridades originarias como inconstitucional y perjudicial para las propiedades comunales, “No vamos a permitir que vengan a tomarnos por tontos ni a limpiar su imagen en nuestra tierra”, agregó.",2025-11-16T21:32:01.293813,2025-07-25T00:00:00,2025-11-16T21:32:01.908752,Los Andes,10528,,252,"En medio de un encuentro programado para debatir sobre normativas relacionadas a la titulación de tierras en la víspera, en el teatro municipalidad de Puno. Autoridades originarias y tenientes gobernadores expresaron un contundente rechazo hacia el Defensor del Pueblo, Josué Gutiérrez Cóndor, a quien acusaron de haber asistido sin previo aviso y con otras intenciones. […]",,Botan al Defensor del Pueblo por “ser aliado de Boluarte”,https://losandes.com.pe/botan-al-defensor-del-pueblo-por-ser-aliado-de-boluarte/?signup
Diario los Andes,1524,General,"Las cámaras de seguridad instaladas en el establecimiento “Raymi Café”, ubicado en la cuadra 4 del jirón Tumbes de la ciudad de Juliaca (San Román), revelaron cómo dos ladronzuelos, entre ellos un menor de aproximadamente 14 años, robaron dinero de la caja fuerte producto de la venta del día. DENUNCIA Según la denuncia del propietario del local, el hecho se registró el pasado sábado 24 de noviembre, cerca de las 12:44 horas, cuando un sujeto de más o menos 23 años, junto al muchachito, ingresaron haciéndose pasar como clientes, preguntando por unos capuchinos. Instantes después, el trabajador se retira por un momento, y el niño vestido con una chompa ploma y buzo negro, aprovecha para acercarse disimuladamente a la caja fuerte y la abre, mientras que su cómplice se queda parado observando la carta frente al mostrador para cubrir la acción ilícita. 12:45:09, regresa el encargado de la cafetería para tomar el pedido de los supuestos “clientes”. El “pirañita”, al darse cuenta, rápidamente actúa como un niño travieso e inquieto, subiéndose a las sillas y jugando con ellas. 12:45:45, el delincuente se sienta y logra distraer al encargado, para que el menor vuelva y descaradamente tome el dinero de la caja con la mano derecha, escondiéndolo debajo de su chompa. La cantidad sustraída asciende a más de 900 soles. 12:46:14, tras conseguir su hazaña, el pequeño ladronzuelo empieza a brincar acercándose a su compinche, señalado haber perpetrado el robo. Finalmente, ambos maleantes abandonan el establecimiento.",2025-11-16T21:32:01.293813,2018-11-27T00:00:00,2025-11-16T21:32:01.899464,Los Andes,10527,,245,"Las cámaras de seguridad instaladas en el establecimiento “Raymi Café”, ubicado en la cuadra 4 del jirón Tumbes de la ciudad de Juliaca (San Román), revelaron cómo dos ladronzuelos, entre ellos un menor de aproximadamente 14 años, robaron dinero de la caja fuerte producto de la venta del día. DENUNCIA Según la denuncia del propietario […]",,Un sujeto y un menor ingresaron a cafetería para robar dinero del día,https://losandes.com.pe/un-sujeto-y-un-menor-ingresaron-a-cafeteria-para-robar-dinero-del-dia/?signup
Diario los Andes,716,General,"Una discusión de pareja por poco termina en un caso más de feminicidio, luego de que un sujeto atacara a una mujer utilizando un cuchillo de cocina, con el cual le realizó dos cortes en el rostro, para luego huir cobardemente. Se trata de Humberto Chambi Chura, quien le habría provocado lesiones graves a su pareja, Yudi Aparicio Aquino, la misma que luego de lo ocurrido fue evacuada de emergencia por su hermana hasta la Clínica Americana de la ciudad de Juliaca. Según la agraviada, el agresor comenzó a romper varios objetos en el interior de su inmueble ubicado en el jirón Urbina del distrito de San Miguel, y al ya no poder controlarse, la atacó con el arma blanca. La Fiscalía ya inició las investigaciones.",2025-11-16T21:32:01.293813,2018-11-29T00:00:00,2025-11-16T21:32:01.893058,Los Andes,10526,,126,"Una discusión de pareja por poco termina en un caso más de feminicidio, luego de que un sujeto atacara a una mujer utilizando un cuchillo de cocina, con el cual le realizó dos cortes en el rostro, para luego huir cobardemente. Se trata de Humberto Chambi Chura, quien le habría provocado lesiones graves a su […]",,Desfiguró el rostro de su pareja con un cuchillo,https://losandes.com.pe/desfiguro-el-rostro-de-su-pareja-con-un-cuchillo/?signup
Diario los Andes,1971,General,"La Superintendencia Nacional de Servicios de Saneamiento (Sunass) ha autorizado un nuevo porcentaje de inversión que la empresa prestadora de servicios de saneamiento EPS SedaJuliaca S.A. deberá destinar al Fondo de Inversiones. Esta alza genera preocupación entre los usuarios, quienes verán afectada su economía familiar. Según el Informe de Especialista Nº 00003-2024-SUNASSDRT y el Memorando Nº 00072-2024-SUNASSDRT, esta medida busca garantizar la mejora continua de los servicios de agua potable y alcantarillado en la región Puno. La norma aprobada en el Diario Oficial El Peruano en febrero del 2024, los costos y gastos desembolsables por los servicios de agua potable y saneamiento, se proyecta que para el 2024 asciendan a S/ 14,1 millones. Al inicio del siguiente periodo regulatorio es de 5%. Con este nuevo porcentaje, Sedajuliaca estará obligada a invertir más recursos en la modernización y ampliación de su infraestructura, lo que se traducirá en una mejora en la calidad y continuidad del servicio para los usuarios. Isidro Pacohuanaco Pacco, exconsejero Por San Román, ha expresado su rechazo al incremento que se aplicaría a partir de enero de 2025. Según el exfuncionario, este aumento de S/ 2.40 mensuales, autorizado mediante la Resolución del Consejo Directivo 027-2024 de la Sunass, resulta injustificado debido a la pésima calidad del servicio brindado por SedaJuliaca. Pacohuanaco Pacco solicitó la suspensión inmediata del estudio tarifario 2025-2029. Sin embargo, al no obtener una respuesta satisfactoria, llevará su pedido a la ciudad de Puno. El exconsejero ha señalado que el incremento no solo se aplicará a partir de 2025, sino que se proyecta un aumento sucesivo hasta el año 2030. Considera que esta medida es desproporcionada y perjudica a la población, especialmente a los sectores más vulnerables, quienes ya enfrentan dificultades económicas. En el papel no se ha mejorado la infraestructura, es el caso del reservorio Santa Cruz.",2025-11-16T21:32:01.293813,2025-01-14T00:00:00,2025-11-16T21:32:01.892455,Los Andes,10525,,302,"Escribe: Zenaida Zea La Superintendencia Nacional de Servicios de Saneamiento (Sunass) ha autorizado un nuevo porcentaje de inversión que la empresa prestadora de servicios de saneamiento EPS SedaJuliaca S.A. deberá destinar al Fondo de Inversiones. Esta alza genera preocupación entre los usuarios, quienes verán afectada su economía familiar. Según el Informe de Especialista Nº 00003-2024-SUNASSDRT […]",,Sunass autoriza incrementar tarifa de agua en Juliaca,https://losandes.com.pe/sunass-autoriza-incrementar-tarifa-de-agua-en-juliaca/?signup
Diario los Andes,1068,General,"Dos sujetos fueron detenidos por la Policía, acusados de hurtar una mototaxi y ser parte de la banda criminal ‘Los astutos del sur’. La mañana de ayer, cuando un grupo de efectivos policiales patrullaban la ciudad, tomaron conocimiento sobre la retención de unos sospechosos en el jirón Marcavalle, altura de la avenida Héroes del Pacífico. Ya en el lugar los agentes del orden se entrevistaron con Juan Condori Apaza (31), quien dio cuenta sobre el hurto de su mototaxi la tarde del miércoles 19 de marzo. Un día después el propietario de la unidad, con la ayuda de otras personas, ubicaron la mototaxi y pudieron retener a los sospechosos identificados como Deyvis Suaquita Ticona (23) y Dennis Mamani Canaza (29). Los presuntos delincuentes fueron detenidos por la Policía y conducidos a la comisaría para continuar con las investigaciones y así determinar responsabilidades. Ellos fueron puestos a disposición de la Fiscalía. La Policía investiga a los detenidos quienes serían parte de toda una organización dedicada al hurto de mototaxis en la ciudad de Juliaca.",2025-11-16T21:32:01.293813,2025-03-21T00:00:00,2025-11-16T21:32:01.891680,Los Andes,10524,,173,"Por: Los Andes Dos sujetos fueron detenidos por la Policía, acusados de hurtar una mototaxi y ser parte de la banda criminal ‘Los astutos del sur’. La mañana de ayer, cuando un grupo de efectivos policiales patrullaban la ciudad, tomaron conocimiento sobre la retención de unos sospechosos en el jirón Marcavalle, altura de la avenida […]",,Juliaca: atrapan a ‘Los astutos del sur’,https://losandes.com.pe/juliaca-atrapan-a-los-astutos-del-sur/?signup
Diario los Andes,1014,General,"Dos presuntos integrantes de la banda ‘Los jala toros de Juliaca’, fueron capturados por agentes de la División de Orden Público y Seguridad (Divopus) de la Policía, tras hurtar una mototaxi con matrícula 6477-62. El hecho ocurrió cerca de las 6:20 horas del lunes, en una vivienda ubicada en el jirón José María Arguedas, de la urbanización Anexo Tambopata, en donde la moto “torito” propiedad de Franco C.Q. (35), fue estacionada. A los pocos minutos, uno de los delincuentes, en un intento por despistar a la propietaria de la casa, fingió ser conocido del dueño de la mototaxi y le pidió llamarlo, pero apenas ella ingresó a la vivienda, el sujeto encendió la unidad y escapó con ella. Con el apoyo de algunos vecinos, la Policía capturó a uno de los hampones mientras huía en una mototaxi. Asimismo, tras una persecución, la Policía recuperó el vehículo conducido por el cómplice. Los maleantes fueron alcanzados en el jirón Azángaro. Los ‘jala toros’ son Fedaldo Mamani Cutipa (35), y Fredy Zenteno Yto (33).",2025-11-16T21:32:01.293813,2025-06-25T00:00:00,2025-11-16T21:32:01.889897,Los Andes,10523,,171,"Dos presuntos integrantes de la banda ‘Los jala toros de Juliaca’, fueron capturados por agentes de la División de Orden Público y Seguridad (Divopus) de la Policía, tras hurtar una mototaxi con matrícula 6477-62. El hecho ocurrió cerca de las 6:20 horas del lunes, en una vivienda ubicada en el jirón José María Arguedas, de […]",,Puno: ‘Los jala toros’ cayeron mansitos,https://losandes.com.pe/puno-los-jala-toros-cayeron-mansitos/?signup
Diario los Andes,1014,General,"Yoissy Pari Morales, técnico forestal y de fauna del Servicio Nacional Forestal y de Fauna Silvestre (Serfor), manifestó que la presencia de suris en la región continúa en disminución, según los datos estadísticos de los censos del 2016 y 2008. Expresó que en el 2016 se tenía, a nivel del país, 350 especies, y que Puno solo llegó a alcanzar 112. Comparando estas cifras con las del 2008, se evidencia una reducción de 90 especímenes. “Si continuamos en esta descendencia, va a desaparecer (el suri)”, agregó. Asimismo, mencionó que al ser el suri un esparcidor de semillas, también se corre el peligro de la desaparición de especies forestales: tolares, queñuas, pajonales y bofedales. Igualmente dijo que en las regiones contiguas de Tacna y Moquegua se tiene más presencia de esta especie animal. En la parte final, dijo que el tráfico de fauna silvestre (zorro, rana, suri y otros) es ilegal, siendo un delito ambiental que tiene cárcel y una multa pecuniaria de hasta 10 UIT, lo que equivalen a 42 mil soles.",2025-11-16T21:32:01.293813,2018-11-21T00:00:00,2025-11-16T21:32:01.887610,Los Andes,10522,,172,"Yoissy Pari Morales, técnico forestal y de fauna del Servicio Nacional Forestal y de Fauna Silvestre (Serfor), manifestó que la presencia de suris en la región continúa en disminución, según los datos estadísticos de los censos del 2016 y 2008. Expresó que en el 2016 se tenía, a nivel del país, 350 especies, y que […]",,El Suri continúa en peligro de extinción,https://losandes.com.pe/1564-2/?signup
Diario los Andes,1337,General,"Tal como se tenía previsto, el sábado 30 de marzo se cumplió el Décimo Encuentro de Rondas Campesinas de la provincia de San Román, con la finalidad de capacitar y orientar a los integrantes de estas organizaciones en diferentes temas. Francisco Torres Amanqui, consultor de las Rondas Campesinas en San Román, dijo que esperan colaborar en la seguridad de la ciudad de Juliaca, ya que no solo ven este tema en las comunidades campesinas. Asimismo, dijo que algunos efectivos policiales no comprenden la labor de ejercer justicia originaria, lo cual se notó en una reciente intervención en el sector de Tiracoma. El evento se desarrolló en el complejo deportivo La Capilla, con la participación de delegaciones de las distintas comunidades y sectores de los distritos de la provincia sanromina. Antes de comenzar, es preciso mencionar, los directivos de las rondas procedieron con la ofrenda a la Madre Tierra, la acostumbrada fiambrada y la presentación artística de una danza costumbrista. En el evento participaron también autoridades de la provincia de San Román, respaldando la labor que cumplen las rondas campesinas, las cuales, es preciso señalar, se reúnen en tres oportunidades durante todo el año de manera provincial. Próximamente se desarrollará el encuentro macrorregional de las rondas campesinas en la región de Apurímac.",2025-11-16T21:32:01.293813,2024-04-01T00:00:00,2025-11-16T21:32:01.887152,Los Andes,10521,,211,"Tal como se tenía previsto, el sábado 30 de marzo se cumplió el Décimo Encuentro de Rondas Campesinas de la provincia de San Román, con la finalidad de capacitar y orientar a los integrantes de estas organizaciones en diferentes temas. Francisco Torres Amanqui, consultor de las Rondas Campesinas en San Román, dijo que esperan colaborar […]",,Encuentro de las rondas,https://losandes.com.pe/encuentro-de-las-rondas/?signup
Diario los Andes,1945,General,"Tras el anuncio de un segundo paro, el alcalde de la Municipalidad Provincial de San Román, Oscar Cáceres Rodríguez, informó que el Ministerio de Transportes y Comunicaciones (MTC) aprobó el asfaltado de la salida a Lampa. También se autorizó un adicional de S/ 11,755,139.27 para la obra. El burgomaestre explicó que con ese monto adicional, el presupuesto total destinado al mejoramiento de la carretera Juliaca – Lampa asciende a S/ 53,622,508.52. Esta aprobación habilita oficialmente el inicio de los trabajos según lo coordinado previamente. Las coordinaciones técnicas se realizaron entre Provías Nacional, la Defensoría del Pueblo, la empresa ejecutora y representantes de la población. La obra estará a cargo del Consorcio Vial del Sur, integrado por las empresas CASA y Servicio Vial S.R.L. El proyecto contempla el reciclado y recapeo de la vía entre las avenidas Circunvalación y Ferrocarril, hasta la ciudad de Lampa. También incluye el paso por el puente Unocolla en Juliaca, cubriendo más de 48 kilómetros de carretera. Cáceres precisó que lo que corresponde enseguida es la entrega de terreno que la tiene que hacer la dirección de Provías y en 10 días. Luego se entregará el plan detallado de la obra para iniciar con los trabajos. No obstante, aclaró que la obra no incluye la implementación de las veredas. “Hemos hecho un trámite para que este kilómetro cero, que está en la avenida Circunvalación, pase hasta le puente Unocolla, para que tengamos facultades de intervenir”, precisó. El presidente de este sector, Ángel Coanqui, expresó su insatisfacción debido a que la obra de mejoramiento vial comenzará en un lugar distinto al esperado Los vecinos, sin embargo, solicitan que los trabajos inicien en Juliaca, ya que consideran que esta zona es la más crítica. Al respecto, el alcalde explicó que se ha decidido iniciar los trabajos en Lampa porque el reciclado en esa zona es menos complejo y no se necesita compactación.",2025-11-16T21:32:01.293813,2025-06-17T00:00:00,2025-11-16T21:32:01.886023,Los Andes,10520,,314,"Tras el anuncio de un segundo paro, el alcalde de la Municipalidad Provincial de San Román, Oscar Cáceres Rodríguez, informó que el Ministerio de Transportes y Comunicaciones (MTC) aprobó el asfaltado de la salida a Lampa. También se autorizó un adicional de S/ 11,755,139.27 para la obra. El burgomaestre explicó que con ese monto adicional, […]",,Ministerio de Transportes da luz verde a vía Juliaca – Lampa,https://losandes.com.pe/ministerio-de-transportes-da-luz-verde-a-via-juliaca-lampa/?signup
Diario los Andes,2817,General,"Entre agosto y diciembre de 2023, casi una docena de trabajadores bajo la dirección de Richard Hancco cobraron un total de S/ 106 mil 785 por la elaboración de un expediente técnico que nunca fue entregado, una situación que parece ser recurrente en la actual gestión del Gobierno Regional. Además de recibir esta suma sin resultados, se perdieron presupuestos para el año 2024, mientras persiste el riesgo de inundaciones en las riberas del río Loripongo y Molla, ya que el proyecto tenía como objetivo la construcción de defensas ribereñas. Este caso debe ser analizado con especial atención, ya que, según denuncias, incluyendo la del ex consejero regional Isidro Pacohuanaco, en el Gobierno Regional se estarían desviando fondos para el pago a personal cuyo trabajo no tiene resultados tangibles. En 2023 se asignaron S/ 207,000 para la elaboración del expediente técnico del proyecto de creación del servicio de protección en las riberas del río Puno, con los afluentes Loripongo y Moya. Para diciembre de 2023 se había ejecutado el 76 % de este presupuesto, lo que correspondía a S/ 157,423. Sin embargo, al examinar los gastos, se descubrió que prácticamente todo el dinero se destinó al pago de salarios. El responsable del proyecto, Richard Zea Mamani, recibió múltiples pagos por sueldos: S/ 4 mil 300 en agosto, S/ 5 mil 400 en octubre, la misma cantidad en noviembre y diciembre. Otros trabajadores también recibieron sueldos entre S/ 1,300 y S/ 4,000. La entrega del expediente estaba programada para el 4 de noviembre de 2023, fecha en que los contratos deberían haber finalizado. Sin embargo, el jefe del proyecto solicitó una ampliación del plazo, la cual fue aprobada por la oficina de supervisión y liquidación de proyectos, extendiendo los contratos por 57 días más. A pesar de la ampliación y un equipo de 12 personas trabajando durante más de cuatro meses, el expediente técnico resultó ser un desastre, según las observaciones del gerente regional de la autoridad ambiental, Wilman Mendoza Quispe. La Contraloría de la República informó que “el estudio definitivo a nivel de expediente técnico no se encuentra aprobado mediante acto resolutivo, debido a las reiteradas observaciones y la falta de subsanación actual”. Este fracaso se debe en parte a que el Gobierno Regional está operando con normas obsoletas, lo que refleja una completa ineptitud en la gestión pública por parte de los llamados “técnicos” de la referida entidad. El dato al que hay que tomar bastante atención es que el Gobierno Regional de Puno ha devengado S/ 126 mil como presupuesto para la construcción del hospital Materno Infantil de la ciudad de Juliaca pero es de público conocimiento que esta obra en la actualidad está paralizada. El 14 de noviembre dos funcionarios del Gobierno Regional deberán dar explicaciones.",2025-11-16T21:32:01.293813,2024-11-08T00:00:00,2025-11-16T21:32:01.880933,Los Andes,10519,,458,"Entre agosto y diciembre de 2023, casi una docena de trabajadores bajo la dirección de Richard Hancco cobraron un total de S/ 106 mil 785 por la elaboración de un expediente técnico que nunca fue entregado, una situación que parece ser recurrente en la actual gestión del Gobierno Regional. Además de recibir esta suma sin […]",,S/ 100 mil se esfumaron en “expediente fantasma”,https://losandes.com.pe/s-100-mil-se-esfumaron-en-expediente-fantasma/?signup
Diario los Andes,352,General,"No existe ninguna ideología de género en las políticas públicas ni tampoco en la política educativa, manifestó el ministro de Educación, Daniel Alfaro, tras aclarar que el nuevo Currículo Nacional no pretende homosexualizar a las niñas y niños en las escuelas como sostienen algunas campañas basadas en información equivocada y deliberadamente sesgada.",2025-11-16T21:32:01.293813,2018-11-14T00:00:00,2025-11-16T21:32:01.879814,Los Andes,10518,,52,"No existe ninguna ideología de género en las políticas públicas ni tampoco en la política educativa, manifestó el ministro de Educación, Daniel Alfaro, tras aclarar que el nuevo Currículo Nacional no pretende homosexualizar a las niñas y niños en las escuelas como sostienen algunas campañas basadas en información equivocada y deliberadamente sesgada. El titular del […]",,Minedu: No existe ninguna ideología de género en la política educativa,https://losandes.com.pe/minedu-no-existe-ninguna-ideologia-de-genero-en-la-politica-educativa/?signup
Diario los Andes,1120,General,"Pasadas las 20:00 horas del jueves 14 de noviembre, un nuevo accidente de tránsito tiñó de sangre las pistas de la región. Esta vez, la víctima mortal fue una anciana de 70 años. El accidente de tránsito tuvo lugar a la altura de la comunidad Ccapalla, en la ruta que une las ciudades de Ilave y Puno. Allí, el vehículo con placa de rodaje VAY-254, a nombre de Napoleón Mamani Quispe, arrolló y mató a Julia Chura Sacaría. Luego de tomar conocimiento del incidente, Serenazgo y personal policial de la comisaría de Platería se trasladaron hasta el lu gar, con la finalidad de acordonar la zona donde yacía el cuerpo sin vida de la septuagenaria. Posteriormente se hizo presente el representante del Ministerio Público para ordenar el levantamiento del cadáver y su posterior internamiento en la morgue. El conductor del automóvil fue detenido y trasladado a la comisaría del sector. Los testigos de la fatalidad refieren que la unidad circulaba a excesiva velocidad y por eso atropelló a la anciana. A lo largo y ancho de la región Puno, los accidentes de tránsito no han cesado una sola semana. Las causas son diversas.",2025-11-16T21:32:01.293813,2024-11-16T00:00:00,2025-11-16T21:32:01.875065,Los Andes,10517,,193,"Pasadas las 20:00 horas del jueves 14 de noviembre, un nuevo accidente de tránsito tiñó de sangre las pistas de la región. Esta vez, la víctima mortal fue una anciana de 70 años. El accidente de tránsito tuvo lugar a la altura de la comunidad Ccapalla, en la ruta que une las ciudades de Ilave […]",,Puno: auto embiste y mata a anciana,https://losandes.com.pe/auto-embiste-y-mata-a-anciana/?signup
Diario los Andes,301,General,"Guarda mi nombre, correo electrónico y sitio web en este navegador para la próxima vez que comente. Diario referente del sur del Perú, espacio de reflexión sobre el desarrollo humano y su relación con el medio ambiente, la sociedad y la economía © 2024 Diario los Andes. Todos los derechos reservados.",2025-11-16T21:32:01.293813,2025-11-16T00:00:00,2025-11-16T21:32:01.871451,Los Andes,10516,,51,"Guarda mi nombre, correo electrónico y sitio web en este navegador para la próxima vez que comente",,AREQUIPA: Diario Los Andes 16/11/2025,https://losandes.com.pe/arequipa-diario-los-andes-16-11-2025/?signup
Diario los Andes,695,General,"Luego de más de tres semanas de estar inhabilitado, el personal de la Subgerencia de Inspecciones de Tránsito de la Municipalidad Provincial de Puno (MPP) reinstaló el semáforo que estaba ubicado en el cruce de la avenida El Ejército con Circunvalación. Cabe recordar que el pasado 11 de octubre, una unidad pesada de placa de rodaje D8M-982, perteneciente a la empresa de Multiservicios Hilmarc, destruyó dicho aparato de señalización. Según Eddy Mamani Jilapa, subgerente de Inspecciones de Tránsito, durante el tiempo que estuvo inhabilitado el dispositivo, se tomaron las medidas preventivas para el control del tránsito vehicular y peatonal, asignando inspectores en el lugar. (Germán Cari)",2025-11-16T21:32:01.293813,2018-11-07T00:00:00,2025-11-16T21:32:01.870247,Los Andes,10515,,106,"Luego de más de tres semanas de estar inhabilitado, el personal de la Subgerencia de Inspecciones de Tránsito de la Municipalidad Provincial de Puno (MPP) reinstaló el semáforo que estaba ubicado en el cruce de la avenida El Ejército con Circunvalación. Cabe recordar que el pasado 11 de octubre, una unidad pesada de placa de […]",,Reinstalan semáforo en Av. El Ejército,https://losandes.com.pe/reinstalan-semaforo-en-av-el-ejercito/?signup
Diario los Andes,2641,General,"El APEC 2024 posiciona a Perú en la vitrina mundial. Este Foro no tiene ningún estatuto formal, por lo tanto, según el reconocido periodista, Fernando Carvallo, se requiere una fina y especial diplomacia. Esta coyuntura nos permite llevar a cabo mayores alianzas que atraerán más inversiones y mercados con el fin de lograr prosperidad para todos. En este evento, las universidades, como institución pensante, tienen la oportunidad de internacionalizarse e impactar en beneficio de la comunidad académica. Se instituyó el Foro de Coordinación Económica Asia-Pacífico en 1989, con el propósito de impulsar el comercio libre, la integración económica y la cooperación en la región Asia-Pacífico. El objetivo de la APEC es fortalecer a la sociedad mediante políticas inclusivas y las alianzas que posibilitan la participación activa de todos los sectores, desde el enfoque del desarrollo sostenible. Perú plantea, en el presente APEC-2024, empoderar la capacidad humana, incluir a todos, respetando su diversidad, y crecer de manera sostenida gracias a la cooperación internacional. Estos temas pueden ser abordados de manera transversal en el ámbito educativo, con el fin de establecer una perspectiva común de la humanidad, otorgando la importancia de APEC en el desarrollo del capital humano. En esta línea, las universidades peruanas pueden aprovechar el APEC 2024, para reforzar la colaboración transnacional en investigación y desarrollo científico, estableciendo alianzas con instituciones de todos los países miembros. Esto posibilitaría el intercambio de conocimientos, tecnologías, fomentando la innovación y la digitalización. Asimismo, el acceso a plataformas globales de cooperación académica podría mejorar la calidad educativa y fomentar la capacitación de profesionales y el agresivo desplazamiento de los estudiantes a nivel global. El APEC 2024 constituye una oportunidad crucial para que Perú, según el actual canciller peruano, Elmer Schialer, logre una alianza de Tratado de Libre Comercio general con todos los países integrantes. Estos acuerdos brindarán la oportunidad de acceder a mercados internacionales y la atracción de inversiones, fomentando la diversificación productiva. Así, Perú podría avanzar rápidamente en la disminución de la pobreza y lograr una prosperidad compartida. Las universidades desempeñan un papel significativo en el fortalecimiento de la cooperación internacional en investigación, digitalización e innovación. Su participación activa en el APEC 2024 será fundamental para enfrentar con éxito los desafíos del futuro, contribuyendo al desarrollo sostenible del país. Por: David Auris Villegas",2025-11-16T21:32:01.293813,2024-11-16T00:00:00,2025-11-16T21:32:01.869466,Los Andes,10514,,380,"El APEC 2024 posiciona a Perú en la vitrina mundial. Este Foro no tiene ningún estatuto formal, por lo tanto, según el reconocido periodista, Fernando Carvallo, se requiere una fina y especial diplomacia. Esta coyuntura nos permite llevar a cabo mayores alianzas que atraerán más inversiones y mercados con el fin de lograr prosperidad para […]",,APEC 2024 y universidad para la sostenibilidad compartida,https://losandes.com.pe/apec-2024-y-universidad-para-la-sostenibilidad-compartida/?signup
Diario los Andes,867,General,"La Municipalidad Provincial de San Román en coordinación con la Fiscalía de Prevención del Delito realizaron un operativo inopinado a restaurantes ubicados en el Jr. Huácar de la ciudad de Juliaca, donde verificaron las condiciones de higiene, manipulación de alimentos, indumentaria y otros. En el operativo intervinieron cinco establecimientos, en la mayoría de ellos, encontraron utensilios, platos, cucharones, cuchillos, recipientes y ollas en mal estado, los mismos que fueron decomisados. Además, se evidenció la falta de indumentaria adecuada entre el personal de cocina. Cabe indicar, que durante la intervención, el local “Los Sauces” fue uno de los restaurantes que cumplía con las condiciones higiénicas, por lo levantaron actas de observación. Los propietarios de los establecimientos un plazo de cinco días deberán corregir las observaciones realizadas.",2025-11-16T21:32:01.293813,2024-10-15T00:00:00,2025-11-16T21:32:01.868605,Los Andes,10513,,125,"La Municipalidad Provincial de San Román en coordinación con la Fiscalía de Prevención del Delito realizaron un operativo inopinado a restaurantes ubicados en el Jr. Huácar de la ciudad de Juliaca, donde verificaron las condiciones de higiene, manipulación de alimentos, indumentaria y otros. En el operativo intervinieron cinco establecimientos, en la mayoría de ellos, encontraron […]",,Hallan utensilios en mal estado en operativo a restaurantes de Juliaca,https://losandes.com.pe/hallan-utensilios-en-mal-estado-en-operativo-a-restaurantes-de-juliaca/?signup
Diario los Andes,1608,General,"Una pequeña de tan solo 10 años de edad fue herida de bala en la pierna izquierda, en el intento de asalto perpetrado por dos delincuentes, quienes no tuvieron compasión para dispararla con el fin de callarla. La menor fue llevada de emergencia al hospital Calcetero. Todo aconteció la noche del último jueves, en circunstancias que Corina Umiña Mamani (52), llegaba a su domicilio ubicado en el jirón Miraflores Nª 330 de la ciudad de Juliaca (San Román), a bordo de una mototaxi, la cual había tomado desde el centro de la ciudad. Tras descender del vehículo menor tocaba la puerta de su vivienda y de pronto fue interceptada por dos hampones que descendieron de una camioneta último modelo de color blanco, con los rostros cubiertos y con armas de fuego. Estos individuos agarraron del cuello a doña Corina vociferando insultos y amenazas de muerte; en ese momento su nieta de iniciales P.J.S.CH. (10), abrió la puerta y al ver lo que pasaba entró en pánico y comenzó a gritar pidiendo ayuda a sus vecinos provocando de esta manera que uno de los maleantes le dispare en la pierna izquierda, a la altura del tobillo. Algunos transeúntes de la zona trataron de socorrer a las víctimas pero fueron ahuyentados con pistolas. Como siguiente acto, los bandidos subieron a su unidad para escapar con rumbo desconocido. Posteriormente, la pequeña malherida fue conducida por sus familiares hasta el hospital Carlos Monge Medrano de nuestra ciudad, en donde afortunadamente se viene recuperando. En tanto, el personal del Departamento de Investigación Criminal, ya inició con el rastreo para ubicar a los sujetos.",2025-11-16T21:32:01.293813,2018-12-22T00:00:00,2025-11-16T21:32:01.868143,Los Andes,10512,,268,"Una pequeña de tan solo 10 años de edad fue herida de bala en la pierna izquierda, en el intento de asalto perpetrado por dos delincuentes, quienes no tuvieron compasión para dispararla con el fin de callarla. La menor fue llevada de emergencia al hospital Calcetero. HECHO Todo aconteció la noche del último jueves, en […]",,Niña es baleada por asaltantes cuando intentaba pedir ayuda,https://losandes.com.pe/nina-es-baleada-por-asaltantes-cuando-intentaba-pedir-ayuda/?signup
Diario los Andes,1477,General,"El diferendo limítrofe entre Puno y Moquegua por los centros poblados de Aruntaya, Titiri y Tolapalca vuelve a encender la polémica. Según reveló el exintegrante del comité técnico, Juan Monzón Granda, el cambio en la norma de delimitación territorial ocurrido durante gobierno de Martín Vizcarra fue determinante para dejar abierta la posibilidad de que Moquegua reclame esos centros poblados como propios. Con la antigua ley, la Presidencia del Consejo de Ministros resolvía los desacuerdos, pero con la modificación, las diferencias se dirimen mediante consulta popular, lo que favorece a Moquegua, pues los pobladores de estas localidades se identifican mayoritariamente como moqueguanos. Monzón recordó que en 2017 el Informe N.° 045 de la Secretaría de Demarcación Territorial estableció que Aruntaya, Titiri y Tolapalca pertenecen a Puno, decisión ratificada en 2022 por la Sala Civil de la Corte Superior de Justicia de Puno, que anuló una sentencia de Moquegua que pretendía desconocer dicho informe. “Estas comunidades son de Puno, pero nuestras autoridades no han dado seguimiento al proceso”, advirtió, cuestionando la pasividad de los gobiernos regional y local. Es importante subrayar que los tres centros poblados pertenecían, según la posición moqueguana, al distrito de San Cristobal de Calacoa y, con la última maniobra, fueron cambiados a la provincia de Mariscan Nieto. De esta manera buscan que el proceso parta desde cero para llegar a la consulta popular",2025-11-16T21:32:01.293813,2025-09-03T00:00:00,2025-11-16T21:32:01.860764,Los Andes,10511,,225,"El diferendo limítrofe entre Puno y Moquegua por los centros poblados de Aruntaya, Titiri y Tolapalca vuelve a encender la polémica. Según reveló el exintegrante del comité técnico, Juan Monzón Granda, el cambio en la norma de delimitación territorial ocurrido durante gobierno de Martín Vizcarra fue determinante para dejar abierta la posibilidad de que Moquegua […]",,Vizcarra fue clave en estrategia para despojo de tierras de Puno,https://losandes.com.pe/vizcarra-fue-clave-en-estrategia-para-despojo-de-tierras-de-puno/?signup
Diario los Andes,980,General,"El Tercer Juzgado Civil del Poder Judicial de Puno emitió el 12 de agosto de 2025 la resolución N° 14 que deja sin efecto la medida cautelar que impedía la construcción del Colegio de Alto Rendimiento (COAR) en el “Campamento Taparachi” en Juliaca. La decisión judicial responde a la oposición presentada por la municipalidad de San Román y el Ministerio de Educación contra el Sindicato de Trabajadores de la Dirección Regional de Transportes y Comunicaciones, argumentando la falta de verosimilitud del derecho invocado por esta organización sindical sobre el predio destinado para fines educativos. La medida cautelar fue concedida el 9 de mayo de 2025, por el controvertido juez Guido Chevarria, ahora investigado y suspendido en el Poder Judicial. El juzgado determinó que no cumplía con los requisitos necesarios para su mantenimiento. Además, consideró que la Resolución Directoral N° 472- 2020, que aprobaba el uso del terreno para el COAR, no fue impugnada adecuadamente.",2025-11-16T21:32:01.293813,2025-08-13T00:00:00,2025-11-16T21:32:01.860117,Los Andes,10510,,154,El Tercer Juzgado Civil del Poder Judicial de Puno emitió el 12 de agosto de 2025 la resolución N° 14 que deja sin efecto la medida cautelar que impedía la construcción del Colegio de Alto Rendimiento (COAR) en el “Campamento Taparachi” en Juliaca. La decisión judicial responde a la oposición presentada por la municipalidad de […],,Le quitan candado al COAR en Juliaca,https://losandes.com.pe/le-quitan-candado-al-coar-en-juliaca/?signup
Diario los Andes,896,General,"La Municipalidad Provincial de San Román, a través de la Gerencia de Desarrollo Económico, clausuró los juegos mecánicos en la Av. Ferial (Juliaca) debido a la falta de requisitos para las autorizaciones. Durante la intervención participaron la Subgerencia de Gestión de Riesgos y la Subgerencia Autorizaciones y Licencias, Serenazgo y Policía Municipal. Al respecto, la Gerente de Promoción del Desarrollo Económico, Maribel Solorzano, señaló que esperarán el informe final de la Subgerencia Gestión de Riesgos, para otorgar los permisos y documentación respectivo, caso contrario volverán con la visitar el lugar y procederán con la clausura definitiva. Según informó la comuna, los juegos sancionados pertenecen a Power Park Perú S.A.C., ubicado en el ex mercado Santa María, la Asociación Regional de Trabajadores en Juegos Recreacionales, Artesanía y Juegos Mecánicos Virgen de las Mercedes.",2025-11-16T21:32:01.293813,2024-09-16T00:00:00,2025-11-16T21:32:01.859591,Los Andes,10509,,132,"La Municipalidad Provincial de San Román, a través de la Gerencia de Desarrollo Económico, clausuró los juegos mecánicos en la Av. Ferial (Juliaca) debido a la falta de requisitos para las autorizaciones. Durante la intervención participaron la Subgerencia de Gestión de Riesgos y la Subgerencia Autorizaciones y Licencias, Serenazgo y Policía Municipal. Al respecto, la […]",,Clausuran juegos mecánicos en la Av. Ferial (Juliaca),https://losandes.com.pe/clausuran-juegos-mecanicos-en-la-av-ferial-juliaca/?signup
Diario los Andes,948,General,"Cemento Rumi realizó su primer sorteo regional en Puno para reconocer la fidelidad de consumidores en las 13 provincias. Alfredo Chávez, gerente territorial, dijo que los clientes que compraron cemento durante el mes anterior recibieron tickets depositados en ánforas distribuidas en puntos de venta. Las ánforas fueron recolectadas para el sorteo con presencia notarial garantizando la transparencia del proceso. Esta estrategia busca contrarrestar el ingreso de cemento de contrabando por fronteras que afecta el mercado regional. La empresa implementa acciones comerciales para mantener participación en el mercado sur. El cemento Rumi tipo HS factor R tiene composición mejorada para resistir condiciones climáticas agresivas. Chávez destacó que es “producto de mucha consistencia para construcción” manteniendo estándares de calidad en Puno. La campaña incluye tres sorteos hasta fin de año. El segundo será en 30 días y el tercero en octubre.",2025-11-16T21:32:01.293813,2025-08-20T00:00:00,2025-11-16T21:32:01.855382,Los Andes,10508,,139,"Cemento Rumi realizó su primer sorteo regional en Puno para reconocer la fidelidad de consumidores en las 13 provincias. Alfredo Chávez, gerente territorial, dijo que los clientes que compraron cemento durante el mes anterior recibieron tickets depositados en ánforas distribuidas en puntos de venta. Las ánforas fueron recolectadas para el sorteo con presencia notarial garantizando […]",,Rumi sortea grandes premios,https://losandes.com.pe/rumi-sortea-grandes-premios/?signup
Diario los Andes,3938,General,"El 1 de mayo de 1886, sindicalistas de Chicago (Estados Unidos) iniciaron marchas masivas para conseguir mejoras en las condiciones laborales y la jornada de 8 horas. El primer día de protesta, 6 trabajadores fueron asesinados y decenas resultaron heridos. En las marchas se detuvo a 8 dirigentes que fueron sometidos a un proceso judicial, en el que 5 fueron condenados a muerte. Tras las ejecuciones se les denominó ‘Mártires de Chicago’. En 1889 se instituyó la celebración de esta fecha, en homenaje a los mártires, en el encuentro del Congreso Obrero Socialista de París. Con el tiempo, otros países se sumaron. La clase obrera peruana inició sus demandas en 1905. El 15 de enero de 1919 se firmó el decreto que consiguió generalizar la jornada de 8 horas en todo el Perú. Cifras de Trabajadores Según la Encuesta Nacional de Hogares (Enaho) del Instituto Nacional de Estadística e Informática (Inei) existen 678 mil 524 trabajadores arequipeños hasta 2017. Del total, 455 mil 840 (67,2%) se desempeñan en empresas de 1 a 10 trabajadores (micro y pequeñas empresas). Luego, 157 mil 276 (23,2%) laboran en empresas de 51 a más colaboradores. Asimismo, 58 mil 283 (8,6%) trabajan en establecimientos de 11 a 50 empleados, y 7 mil 125 (1,1%) de los encuestados no lo especificó. Por otro lado, 318 mil 562 (47%) de los trabajadores de la región, acceden a un sistema de pensiones, mientras que 359 mil 962 (53,1%) aún no. En cuanto al sistema de salud, 411 mil 323 (60,6%) cuenta con un seguro de salud entre público y privado, pero 267 mil 201 (39,4%) no posee ninguno. Alan Rivera Vela, jefe de Defensa Legal de la Gerencia de Trabajo, explicó que quienes trabajen este 1 de mayo recibirán “triple remuneración por laborar en un día feriado nacional”. Además, cabe la posibilidad de que el empleador compense con horas u otro día libre. La Gerencia Regional del Trabajo registró 1,800 quejas o solicitudes de conciliación por parte de empleados a sus empleadores durante 2019. Rivera Vela señaló que una de las causas más comunes de estos reclamos es “por no colocar en planilla a los trabajadores”. Empero, el abogado alertó que muchos empleados desconocen sus derechos laborales. Del total de peticiones, entre enero y marzo de 2019, se admitieron 667 quejas para ser conciliadas y actualmente se encuentran en proceso de audiencias. En tanto, 205 conflictos lograron ser conciliados y 155 no lo consiguieron. Según Rivera Vela, se multaron 130 empresas por su inasistencia a las audiencias de conciliación. Mensualmente se registran desde 1,200 hasta 2,000 consultas, que son derivadas entre conciliación y patrocinio para el proceso judicial. Se recibieron 760 escritos laborales, 77 de estas peticiones ya se encuentran en demanda judicial. “Cerca del 90 % de procesos judiciales son resueltos a favor del empleador”, señaló el abogado. Rivera recomendó que para hacer una denuncia uno debe informarse sobre el Registro Único del Contribuyente (Ruc) del centro de trabajo, los nombres de los representantes legales y conocer si la empresa posee otras oficinas a nivel nacional. “Las quejas deben ser inmediatas”, indicó. Para ello, el demandante debe tener todas las pruebas posibles que comprueben el tiempo laborado, como recibos, documentos de contratación, archivos de producción, e incluso videos y fotografías. Además, precisó la necesidad de que los trabajadores estén en planilla, ya que así “se generan derechos laborales que pueden ser reclamados”, apuntó. Por grupos de edad, 306 804 (45,2%) trabajadores arequipeños tienen entre 30 y 49 años. Luego, 188 202 (27,7%) tienen de 14 a 29 años. 106 480 (15,7%) están entre 50 y 59. Y, 77 038 (11,4%) tiene entre 60 y más años. Hasta hoy, se recaudó más de medio millón de soles entre todas las multas (a las 130 empresas) que ascienden desde los S/ 2 200 para personas naturales y S/ 3 000 para personas jurídicas, informó el jefe del Área Legal de la Gerencia de Trabajo.",2025-11-16T21:32:01.293813,2019-05-01T00:00:00,2025-11-16T21:32:01.849209,Los Andes,10507,,655,"El 1 de mayo de 1886, sindicalistas de Chicago (Estados Unidos) iniciaron marchas masivas para conseguir mejoras en las condiciones laborales y la jornada de 8 horas. El primer día de protesta, 6 trabajadores fueron asesinados y decenas resultaron heridos. En las marchas se detuvo a 8 dirigentes que fueron sometidos a un proceso judicial, […]",,Más de 455 mil arequipeños trabajan en micro y pequeñas empresas,https://losandes.com.pe/mas-de-455-mil-arequipenos-trabajan-en-micro-y-pequenas-empresas/?signup
Diario los Andes,662,General,"Arequipa. La próxima semana se presentará el informe sobre el incendio que el pasado 28 de marzo consumió gran parte de los archivos del Gobierno Regional de Arequipa (GRA). El jefe de Oficina de Asesoría Jurídica del GRA, Walter Paz informó que están en la etapa final de la recopilación de los documentos solicitados por el Ministerio Público, luego de corroborarse que el siniestro fue provocado. De acuerdo al reporte del Centro de Operaciones de Emergencia (Coer) se incendiaron archivos de la gestión de Yamila Osorio Delgado, además de 3 camionetas, 3 vehículos de marca Volkswagen, 2 motos y 1 camión, pero al parecer ninguno contaba con el seguro. (LPT)",2025-11-16T21:32:01.293813,2019-05-01T00:00:00,2025-11-16T21:32:01.847982,Los Andes,10506,,110,"Arequipa. La próxima semana se presentará el informe sobre el incendio que el pasado 28 de marzo consumió gran parte de los archivos del Gobierno Regional de Arequipa (GRA). El jefe de Oficina de Asesoría Jurídica del GRA, Walter Paz informó que están en la etapa final de la recopilación de los documentos solicitados por […]",,Alistan informe de incendio en GRA,https://losandes.com.pe/alistan-informe-de-incendio-en-gra/?signup
Diario los Andes,2628,General,"Tras el terrible crimen que conmocionó a los pobladores de Ilave (El Collao), el esposo de Patricia Ramos Cueto (44) y padre de Onelida Nieto Ramos (28), quienes el último jueves fueron asesinadas, maniatadas y luego quemadas, culpó al exenamorado de su hija de cometer semejante barbaridad. En entrevista a los medios de comunicación, Alfredo Nieto Casas culpó directamente al exenamorado de su hija, señalando que desde que ambos terminaron su relación hace aproximadamente 4 meses, él le enviaba constantes amenazas a ella. Ellos habían cortado una relación de cuatro largos años. “¿Que si soy fuerte? De tanta ‘pendejada’ que me han hecho yo creo soy inmortal”, fue una de las últimas publicaciones que hizo Onelida Nieto, un día antes de su muerte, en su cuenta en la redes sociales, evidenciando su situación emocional y los problemas que había pasado. Pese al total hermetismo en la investigación sobre las verdaderas causas de la muerte de madre e hija, los pobladores de la provincia de El Collao, que por solidaridad acudieron ayer a la vivienda de la familia doliente, exigieron justicia y el esclarecimiento de tan horrendo crimen. “Queremos que se traiga un equipo un especializado de la Depincri de lima para que se esclarece el crimen; esto tipo de hechos ya ha pasado anteriormente; es muy cruel lo que han hecho” dijo Lesli, una de las amigas de Olenia quien laboraba en el hospital de Juli. CRIMEN Según informaron las autoridades policiales de la jurisdicción, el crimen fue descubierto el último viernes a las 22:00 horas, por la hija menor de la difunta madre. Desconsolada, ella contó a los policías cómo hizo el horrendo hallazgo, cuando fue al domicilio de su madre, ubicado en el jirón Puno 109, que se ubica a media cuadra de la Plaza de Armas, y a cuadra y media de la comisaría de Ilave. Cuando entró a la vivienda donde funcionaba un hospedaje, notó que las puertas no estaban aseguradas. Ya en el segundo piso, vio un rastro de sangre que venía desde un baño hasta el dormitorio de las dos mujeres. Cuando ingresó a la habitación vio que ambas estaban maniatadas y quemadas en sus camas. SEPULCRO Según reveló la familia doliente, la cristiana sepultura de madre e hija se llevará a cabo hoy a partir de las 13:00 horas, en el Cementerio Central de aquella provincia. Cabe indicar que el Consejo Directivo del Colegio de Obstetras VIII Puno, y las compañeras de clases de Onelida, mediante las redes sociales, brindaron un sentido pésame a su familia. La joven, como se sabe, recién en noviembre se había graduado como obstetra en la Universidad Andina Néstor Cáceres Velásquez (UANCV) filial Puno.",2025-11-16T21:32:01.293813,2018-12-17T00:00:00,2025-11-16T21:32:01.846939,Los Andes,10505,,446,"Tras el terrible crimen que conmocionó a los pobladores de Ilave (El Collao), el esposo de Patricia Ramos Cueto (44) y padre de Onelida Nieto Ramos (28), quienes el último jueves fueron asesinadas, maniatadas y luego quemadas, culpó al exenamorado de su hija de cometer semejante barbaridad. En entrevista a los medios de comunicación, Alfredo […]",,Comienza a esclarecerse asesinato de madre e hija en Ilave,https://losandes.com.pe/comienza-a-esclarecerse-asesinato-de-madre-e-hija-en-ilave/?signup
Diario los Andes,2129,General,"Por Lic. Walter Castillo Chávez La Corte Suprema condenó a cinco años de prisión efectiva al congresista Edwin Donayre, quien mientras ejercía el cargo de comandante general del Ejército, coludido con su antecesor el general César Reynoso Díaz y otros cinco impresentables compañeros de armas, cometieron delito de peculado al apropiarse ilícitamente (robarse) 84 mil galones de combustible destinados a la Primera Brigada de las Fuerzas Especiales del Ejército (Región Militar Sur). Para tal fin firmó nueve oficios sin sustento real y falsificó actas de entrega y recepción que utilizó para apropiarse de combustible que fue vendido a grifos privados, lo que les dio pingües ganancias. Para obstaculizar las investigaciones efectuó actos de coacción, encubrimiento y finalmente, incineró documentos que podrían incriminarlo. Así, no solo sus cualidades de caco de alto vuelo quedaron demostradas, sino también sus habilidades histriónicas que lo hicieron favorito de los programas cómicos de radio y TV. Sin embargo, su carrera de payaso culminó cuando lloriqueando, imploró a sus colegas congresistas que no le quitaran la inmunidad. Preguntémonos ¿cómo un sujeto así pudo ser elegido y tener un asiento junto a la gigante curul de Miguel Grau, quien también fue parlamentario por Paita? Cómo, a pesar de haber sido sentenciado en primera instancia en 2018, siguió cobrando su sueldo de S/27,370.00 mensuales sin sonrojarse; olvidando que vistió el sagrado uniforme de Bolognesi, quien muy cerca a su sacrificio en Arica escribió a su esposa “Nunca reclames nada, para que no se diga que mi deber tiene precio”. El delito de Donayre y sus compinches se tipificó como común, pero creemos que por haber sido cometido por militares de alta graduación constituye un agravio mayor a la patria y debe ser considerado como traición en tiempo de paz, al dañar la moral de los militares honestos y la memoria de nuestros héroes. Cinco años de prisión no sirven para escarmentar a este miserable que ha sobrevivido como muchos en el alcantarillado en que se ha convertido el Congreso de la República del Perú. *Periodista y comunicador.",2025-11-16T21:32:01.293813,2019-05-02T00:00:00,2025-11-16T21:32:01.846243,Los Andes,10504,,339,"Por Lic. Walter Castillo Chávez La Corte Suprema condenó a cinco años de prisión efectiva al congresista Edwin Donayre, quien mientras ejercía el cargo de comandante general del Ejército, coludido con su antecesor el general César Reynoso Díaz y otros cinco impresentables compañeros de armas, cometieron delito de peculado al apropiarse ilícitamente (robarse) 84 mil […]",,"Edwin Donayre, el general de la cara blindada",https://losandes.com.pe/edwin-donayre-el-general-de-la-cara-blindada/?signup
Diario los Andes,999,General,"El jefe del Destacamento de Protección de Carreteras en Chala, teniente PNP Emerson Alexander Meléndez Arana, está bajo investigación tras protagonizar un hecho inusual: retiró un fusil AKM con 30 municiones de la comisaría alegando un operativo que nunca se realizó y estuvo inubicable por más de 24 horas. La alarma se encendió cuando el personal de la dependencia notó la ausencia del arma y, al intentar comunicarse con Meléndez, su teléfono permanecía apagado. Ante la falta de respuestas, los efectivos ingresaron a la fuerza a su habitación, sin encontrar rastro del oficial ni del armamento. La situación dio un giro inesperado cuando, ya entrada la noche, el teniente apareció repentinamente con el fusil, aunque sin las municiones, las cuales entregó por separado. Este comportamiento generó suspicacias entre sus colegas. La Inspectoría de la Policía ha iniciado una indagación para determinar si Meléndez vulneró los protocolos internos y qué ocurrió exactamente durante su desaparición.",2025-11-16T21:32:01.293813,2025-06-11T00:00:00,2025-11-16T21:32:01.842193,Los Andes,10503,,154,"El jefe del Destacamento de Protección de Carreteras en Chala, teniente PNP Emerson Alexander Meléndez Arana, está bajo investigación tras protagonizar un hecho inusual: retiró un fusil AKM con 30 municiones de la comisaría alegando un operativo que nunca se realizó y estuvo inubicable por más de 24 horas. La alarma se encendió cuando el […]",,Arequipa: Jefe policial investigado por llevarse fusil AKM,https://losandes.com.pe/arequipa-jefe-policial-investigado-por-llevarse-fusil-akm/?signup
Diario los Andes,3009,General,"La arequipeña Annia Becerra practica el tiro deportivo desde los 20 años, ha sido campeona nacional en varias oportunidades y espera llegar a unos Juegos Olímpicos. Ha estudiado arquitectura y a sus 29 años en la actualidad, quiere seguir potenciando su habilidad para seguir escalando en esta disciplina. Es la número uno en pistola de aire. ¿Cómo te iniciaste en el tiro deportivo? Inicié a los 20 años en el Club Internacional como academia, realmente yo he practicado muchos deportes de pequeña y por el tema de ir probando y entrar a otros deportes, de casualidad entré a este deporte. Yo practico la modalidad de pistola de aire a 10 metros, calibre 4.5 y luego fui creciendo poco a poco. ¿Qué análisis puedes hacer de este año? Este año ha concluido el ciclo olímpico, ha sido un año más que todo para reflexionar, ha habido pocas competencias porque más se dedicó a los chicos que clasificaron a los Juegos Olímpicos, pero siempre hay que superarse porque el próximo año se vienen competencias fuertes. Este año conseguiste varias medallas en diversos campeonatos… Sí, ha habido un Sudamericano en Lima, un Gran Prix en Arequipa y ahí gané medalla de oro en pistola deportiva, en pistola de aire en la general, he ganado medalla de bronce en pistola de aire por equipos mixtos y medalla de plata como equipo de mujeres. ¿Qué se viene el próximo año para ti? En el 2025 hay dos copas mundiales, una en Argentina a comienzos de abril y a mediados otro mundial en Lima, en noviembre se vienen los Juegos Bolivarianos. Nos estamos preparando para subir nuestro puntaje y de ahí clasificar a las demás competencias que son los Sudamericanos, Panamericanos, entre otros. ¿Cuáles son tus objetivos a corto y largo plazo? A corto plazo estoy apuntando a los Juegos Bolivarianos que es la más grande competencia del próximo año y a largo plazo primero clasificar a los Juegos Panamericanos para obtener un cupo a los Juegos Olímpicos en Los Ángeles 2028. ¿Te quita el sueño clasificar a los Juegos Olímpicos? Es una meta grande, se me ha vuelto bastante realista esa meta porque en los Panamericanos de Lima 2019 quedé en puesto 42, en Santiago 2023, quedé en el puesto ocho, así que en cuatro años hubo un salto enorme, hay cosas por mejorar, pero la brecha se ha hecho más corta, entonces hay que ponerle más esfuerzo, entrenamiento y disciplina. ¿A lo largo de tu carrera deportiva se te presentó alguna dificultad? Sí, en el 2022 para ir a los Juegos Sudamericanos en Asunción, tuve una lesión en el hombro, fue bastante grave porque me duró como seis meses la recuperación, hubo una semana sin entrenamientos y sin nada para estar bien e ir a esa competencia y luego gané dos medallas de oro. ¿Tiene que ver mucho lo mental en este deporte? Yo creo que sí y mucho, este deporte es de concentración, de estabilidad y control emocional porque no desfogas como en otros deportes de contacto, aquí juegas con tu propio pensamiento, contigo mismo y hay que tener control emocional. Por: Renato Gambarini Angles",2025-11-16T21:32:01.293813,2024-11-25T00:00:00,2025-11-16T21:32:01.839757,Los Andes,10502,,522,"La arequipeña Annia Becerra practica el tiro deportivo desde los 20 años, ha sido campeona nacional en varias oportunidades y espera llegar a unos Juegos Olímpicos. Ha estudiado arquitectura y a sus 29 años en la actualidad, quiere seguir potenciando su habilidad para seguir escalando en esta disciplina. Es la número uno en pistola de […]",,Annia Becerra: “Me lesioné el hombro y luego gané dos medallas de oro”,https://losandes.com.pe/me-lesione-el-hombro-y-luego-gane-dos-medallas-de-oro/?signup
Diario los Andes,1087,General,"Giraldina Tinoco Ccoya (60), una comerciante mayorista de frutas proveniente de la región Cusco, fue encontrada sin vida en un descampado de la urbanización Santa Catalina de la ciudad de Juliaca. La mañana de ayer, el esposo de la empresaria, Julio Corimanya Ancco, denunció la desaparición de su cónyuge al enterarse de que no llegaba a su destino, en este caso el mercado Las Mercedes, conocido como el “Dominical”. La búsqueda terminó cuando los vecinos de la referida zona, dieron cuenta a las autori dades sobre el hallazgo de un cadáver que yacía en medio de un pastizal, con la cara ensangrentada y las manos atadas. Los familiares de Giraldina confirmaron que se trataba de ella. A continuación el representante del Ministerio Público al igual que los peritos de Criminalística llegaron al lugar para realizar las diligencias de Ley. La mujer había salido de Sicuani con destino a Juliaca la noche del último martes. Su muerte se investiga. El esposo de la víctima mortal ha sido detenido preliminarmente con la finalidad de conocer los detalles del periplo que inició en Cusco.",2025-11-16T21:32:01.293813,2025-04-10T00:00:00,2025-11-16T21:32:01.833627,Los Andes,10501,,181,"Por: Los Andes Giraldina Tinoco Ccoya (60), una comerciante mayorista de frutas proveniente de la región Cusco, fue encontrada sin vida en un descampado de la urbanización Santa Catalina de la ciudad de Juliaca. La mañana de ayer, el esposo de la empresaria, Julio Corimanya Ancco, denunció la desaparición de su cónyuge al enterarse de […]",,Juliaca: cadáver de mujer en descampado,https://losandes.com.pe/juliaca-cadaver-de-mujer-en-descampado/?signup
Diario los Andes,740,General,"Costa Rica. Se hizo viral en la redes sociales el vídeo donde se ve a un gato que lleva colgado del cuello un paquete con 286 gramos de marihuana, que pretendían ingresar a una prisión en Costa Rica. El vídeo provocó la indignación de mucho internautas, y no es para menos, ya que estos inescrupulosos se aprovecharon de los animales ara cometer sus actos delictivos, obligándolos a cargar, además de marihuana, accesorios para celulares. Se ve cómo dos agentes del centro carcelario Jorge Arturo Montero, la principal cárcel de Costa Rica, siguen de cerca el recorrido del minino para poder ingresar al penal. Luego este animal es cercado y posteriormente capturado. Mira el vídeo completo aquí: https://www.youtube.com/watch?v=sm5ZKlUxgCw",2025-11-16T21:32:01.293813,2019-02-05T00:00:00,2025-11-16T21:32:01.831612,Los Andes,10500,,117,"Costa Rica. Se hizo viral en la redes sociales el vídeo donde se ve a un gato que lleva colgado del cuello un paquete con 286 gramos de marihuana, que pretendían ingresar a una prisión en Costa Rica. El vídeo provocó la indignación de mucho internautas, y no es para menos, ya que estos inescrupulosos […]",,Viral: Narcotraficantes usan gatos para ingresar drogas a cárceles,https://losandes.com.pe/viral-narcotraficantes-usan-gatos-para-ingresar-drogas-a-carceles/?signup
Diario los Andes,1593,General,"Por: J. Carlos Flores Hasta el cierre de edición, un poderoso flujo de agua proveniente del desborde de la laguna Titilla, desde las 7:30 horas de ayer, cortaba la carretera Puno-Arequipa, en el kilómetro 215, dejando a un estimado de 300 vehículos varados en la zona. Lo peor de todo, es que era imposible intervenir con maquinarias para despejar la vía, por la fuerte corriente de agua. Grandes rocas y toneladas de barro dañaron la pista, con lo que se estima que no habrá pase por lo menos hasta hoy al mediodía. En consecuencia, la venta de pasajes hacia la Ciudad Blanca se suspendió en los terminales de la región altiplánica, aunque hay empresas que anunciaron un cambio de ruta, de manera que se pueda viajar hacia Arequipa pasando por Sicuani (Cusco). En tanto, la empresa concesionaria Covisur recomendó evitar viajes entre Arequipa y Puno. Sin embargo, los pasajeros que ya estaban en camino quedaron varados en Santa Lucía (Lampa). Mediante un comunicado, se precisó que la rotura de la presa Titilla se dio alrededor de las 5:30 horas de ayer, ante lo cual los usuarios reclamaron el pésimo estado de dicha carretera, por la cantidad de huecos y el mal estado. El alcalde Heráclides Ojeda, a su vez, informó que 19 familias de la zona quedaron damnificadas, mientras que tres personas quedaron aisladas en la jurisdicción de Rumitía. De milagro no se tuvieron resultados fatales. Además, en horas de la noche se reportó el colapso del puente Tambo Blanco, en la carretera antigua del distrito de Cabanillas, justamente parte de una de las rutas para comunicar Juliaca y Arequipa.",2025-11-16T21:32:01.293813,2024-03-02T00:00:00,2025-11-16T21:32:01.830548,Los Andes,10499,,270,"Por: J. Carlos Flores Hasta el cierre de edición, un poderoso flujo de agua proveniente del desborde de la laguna Titilla, desde las 7:30 horas de ayer, cortaba la carretera Puno-Arequipa, en el kilómetro 215, dejando a un estimado de 300 vehículos varados en la zona. Lo peor de todo, es que era imposible intervenir […]",,Fuerte huaico bloquea la Vía Puno-Arequipa,https://losandes.com.pe/fuerte-huaico-bloquea-la-via-puno-arequipa/?signup
Diario los Andes,1452,General,"El conductor implicado en la muerte de Glenda Ponce evitó la prisión preventiva y deberá cumplir medidas restrictivas por seis meses mientras continúa el proceso legal. El 15 de octubre de 2025, la jueza de flagrancia de Arequipa, Hiancarla Dongo, resolvió que Cristian Molina P., acusado de atropellar y causar la muerte de Glenda Ponce, enfrente el proceso judicial en estado de libertad, bajo comparecencia con restricciones por seis meses. La Fiscalía había solicitado una medida de prisión preventiva de ocho meses, argumentando riesgo procesal e incertidumbre respecto al imputado. Sin embargo, la jueza consideró que no se cumplían los requisitos mínimos para ordenar su encarcelamiento. Para justificar su decisión, Dongo evaluó que Molina había otorgado S/ 20,000 a los deudos y presentado una caución de S/ 10,000, lo cual, junto con otros indicios, redujo el riesgo de fuga. El accidente ocurrió el 10 de octubre, en la intersección de las avenidas Las Peñas y El Pasto, cuando Ponce transitaba por la vía. Molina conducía el vehículo de placa A2C-259, que la embistió. Durante la audiencia, la jueza también ordenó que la Inspectoría de la Policía investigue posibles irregularidades en la toma de muestras de sangre al acusado, dado que el dosaje etílico arrojó 0 % de alcohol. La decisión judicial ha generado protestas entre los familiares de la víctima, quienes exigen que el caso no quede impune y que se impongan sanciones ejemplares.",2025-11-16T21:32:01.293813,2025-10-15T00:00:00,2025-11-16T21:32:01.830010,Los Andes,10498,https://losandes.com.pe/wp-content/uploads/2025/10/image-79-1024x512.png?wsr,234,El conductor implicado en la muerte de Glenda Ponce evitó la prisión preventiva y deberá cumplir medidas restrictivas por seis meses mientras continúa el proceso legal.,,Imputado por atropello en Socabaya afrontará investigación en libertad,https://losandes.com.pe/imputado-por-atropello-en-socabaya-afrontara-investigacion-en-libertad/?signup
Diario los Andes,1687,General,"El ministro de Desarrollo Agrario y Riego, Ángel Manero Campos, asistió a la sesión solemne por el 485 aniversario de Arequipa, pero su intervención duró apenas dos minutos y careció de anuncios concretos para la región. Limitó su mensaje a un saludo protocolar en nombre del Gobierno Nacional y a repetir promesas generales, como convertir a Arequipa en la capital mundial de las energías renovables, un polo agroexportador y un eje logístico del país. Sin embargo, estas metas fueron planteadas de forma abstracta, sin detallar proyectos específicos ni plazos inmediatos, y en varios casos refiriéndose a obras o iniciativas que beneficiarían principalmente a zonas fuera de la región. En su breve discurso, Manero aseguró que para julio del 2026 el puerto de Corío sería una realidad, pero sin presentar avances concretos ni compromisos presupuestales. Al término de la ceremonia, y presionado por la prensa, precisó que recién en noviembre se tendría listo el estudio de demanda, paso previo a una convocatoria internacional para definir a la empresa ejecutora. Admitió que la construcción del megapuerto podría demorar entre siete y nueve años, por lo que en este gobierno solo se dejaría el contrato firmado. Sobre la contaminación del río Coralaque, en Moquegua, el ministro responsabilizó a la empresa Aruntani por no cerrar minas y anunció que el Estado asumirá esa tarea, con posibles sanciones civiles y penales. Dijo que las represas Yanapuquio y Tambo Bajo podrían ser una solución, aunque estas no tienen un perfil técnico favorable. Los únicos avances en este aspecto están centrados en Moquegua, mientras que en Arequipa no se han dado acciones concretas en el rio Tambo.",2025-11-16T21:32:01.293813,2025-08-15T00:00:00,2025-11-16T21:32:01.828908,Los Andes,10497,,270,"El ministro de Desarrollo Agrario y Riego, Ángel Manero Campos, asistió a la sesión solemne por el 485 aniversario de Arequipa, pero su intervención duró apenas dos minutos y careció de anuncios concretos para la región. Limitó su mensaje a un saludo protocolar en nombre del Gobierno Nacional y a repetir promesas generales, como convertir […]",,Ejecutivo llegó con manos vacías a sesión solemne por aniversario de Arequipa,https://losandes.com.pe/ejecutivo-llego-con-manos-vacias-a-sesion-solemne-por-aniversario-de-arequipa/?signup
Diario los Andes,301,General,"Guarda mi nombre, correo electrónico y sitio web en este navegador para la próxima vez que comente. Diario referente del sur del Perú, espacio de reflexión sobre el desarrollo humano y su relación con el medio ambiente, la sociedad y la economía © 2024 Diario los Andes. Todos los derechos reservados.",2025-11-16T21:32:01.293813,2025-11-16T00:00:00,2025-11-16T21:32:01.827149,Los Andes,10496,,51,"Guarda mi nombre, correo electrónico y sitio web en este navegador para la próxima vez que comente",,PUNO: Diario Los Andes 16/11/2025,https://losandes.com.pe/puno-diario-los-andes-16-11-2025/
Diario los Andes,987,General,"Un nuevo hecho que generó indignación se registró en Cerro Colorado. Una comerciante de 35 años fue víctima de un ‘falso taxista’ que huyó con su mochila, conteniendo más de 3 mil soles. El incidente ocurrió en la madrugada del día, cuando la víctima abordó el taxi en los exteriores del centro comercial Plaza Norte. Gracias a la rápida intervención de la comisaría de Zamácola, se logró ubicar el vehículo y recuperar la mochila con los S/ 3,100. En un intento desesperado por deshacerse de las pruebas, el falso taxista abandonó la mochila de su víctima en un descampado, pero la policía ya había cerrado el cerco. Finalmente, los agentes revisaron las cámaras de seguridad del sector y localizaron el taxi, que fue intervenido horas después. PORTADA ¡Buenos días Arequipa! Esta es la portada del #DiarioLosAndes para hoy viernes #25deOctubre del 2024.EDICIÓN DIGITAL AREQUIPAMÁS INFORMACIÓNLea su diario Los Andes ingresando aquí 👇👇👇https://t.co/eLHcE3LgDa pic.twitter.com/khxcPhsjTM",2025-11-16T21:32:01.293813,2024-10-25T00:00:00,2025-11-16T21:32:01.824927,Los Andes,10495,,153,"Por: MTC Un nuevo hecho que generó indignación se registró en Cerro Colorado. Una comerciante de 35 años fue víctima de un ‘falso taxista’ que huyó con su mochila, conteniendo más de 3 mil soles. El incidente ocurrió en la madrugada del día, cuando la víctima abordó el taxi en los exteriores del centro comercial […]",,Joven denuncia haber sido violada tras salir de discoteca,https://losandes.com.pe/joven-denuncia-haber-sido-violada-tras-salir-de-discoteca/
Diario los Andes,1982,General,"Escrito: Eduardo Mamani Vecinos de la décimo segunda cuadra de la avenida Infancia del distrito de San Miguel, la mañana de este martes cuestionaron la ejecución del Proyecto de Mejoramiento de Rápido Impacto (PMRI II) que ejecuta la Empresa Prestadora de Servicios de Saneamiento SEDA Juliaca. Según los quejosos, la ejecución de la colocación de nuevas redes de agua potable a lo largo de esta avenida principal, debía ejecutarse en el plazo de 15 días conforme el compromiso de los responsables de la obra. Sin embargo, hasta la fecha las acciones de la obra no se concluyen, sobrepasando los 30 días de ejecución en perjuicio de los transeúntes y vehículos. Asimismo, cuestionaron que en la intersección con el jirón Asunción se pretenda tapar solo esta zona, haciendo entrever que se pretende beneficiar al grifo ubicado en el sector. En ese sentido cuestionaron el actuar del Consorcio Constructor Juliaca y su supervisora, por demorar en el tapado de la zanja principal, el mismo que también obstaculiza el ingreso de vehículos de los vecinos y la apertura de sus negocios. Por su parte, algunos trabajadores de la obra mencionaron que taparán esta intersección de la avenida, con la finalidad de permitir el paso de las unidades de transporte pertenecientes a la empresa constructora. El trabajo de apertura de zanjas se encuentra entre las primeras cuadras de esta avenida troncal del distrito de San Miguel, suspendiendo el tránsito de vehículos en los sentidos de este a oeste y viceversa. En tanto que para el pase peatonal se han colocado varios puentes a la altura de las esquinas de cada cuadra. En una reciente entrevista la gerenta de SEDA Juliaca, Iris Vanesa Zea Ruiz, ha manifestado que continuarán los trabajos pese a las falencias en el expediente técnico y el considerable retraso en la obra. Empero, la ciudadanía advierte una situación peor ante la llegada de las lluvias. El cuestionamiento de los habitantes de estas zonas son las demoras en la ejecución.",2025-11-16T21:32:01.293813,2024-12-04T00:00:00,2025-11-16T21:32:01.818329,Los Andes,10494,,328,"Escrito: Eduardo Mamani Vecinos de la décimo segunda cuadra de la avenida Infancia del distrito de San Miguel, la mañana de este martes cuestionaron la ejecución del Proyecto de Mejoramiento de Rápido Impacto (PMRI II) que ejecuta la Empresa Prestadora de Servicios de Saneamiento SEDA Juliaca. Según los quejosos, la ejecución de la colocación de […]",,Juliaca: PMRI II es un dolor de cabeza para vecinos de San Miguel,https://losandes.com.pe/juliaca-pmri-ii-es-un-dolor-de-cabeza-para-vecinos-de-san-miguel/?signup
Diario los Andes,1734,General,"Una obra de construcción en el colegio privado Anglo Americano Prescott habría generado una grave afectación al servicio de agua potable en los distritos de Tiabaya, Uchumayo y el poblado de Congata en Arequipa. Desde hace diez días, más de 17 mil personas no cuentan con suministro regular, luego de que se desviara un afluente del manantial de Tingo hacia el río, lo que habría provocado una reducción crítica del caudal. El viernes 23 de mayo, Sedapar informó que las obras civiles asociadas al colegio Prescott afectaron el caudal subterráneo, bajando un flujo normal de 20 litros por segundo (l/s) hasta llegar a 0 l/s. Esta situación fue alertada públicamente por la entidad. La falta del recurso hídrico llevó a que vecinos organizaran una protesta este 28 de mayo frente a las instalaciones del colegio. La Policía llegó al lugar para evitar incidentes. Según la Superintendencia Nacional de Servicios de Saneamiento (Sunass), el manantial mostró una leve recuperación tras la suspensión del bombeo en las obras del colegio Prescott. Inicialmente, el caudal se elevó a 6.5 litros por segundo y, hacia el mediodía, una nueva medición registró 7.8 litros por segundo. Sin embargo, se advirtió que este incremento aún no garantiza la restitución inmediata del servicio. Mientras tanto, los vecinos deben abastecerse mediante cisterna organizados por Sedapar, Sunass y las municipalidades. El alcalde de Uchumayo, Hardin Abril Velarde, informó que el colegio Prescott se comprometió a paralizar la construcción relacionada con la piscina. Los vecinos señalaron su preocupación por el permiso otorgado por el municipio y pidieron que la Autoridad Nacional del Agua (ANA) y el Ministerio Público intervengan para investigar el caso.",2025-11-16T21:32:01.293813,2025-05-29T00:00:00,2025-11-16T21:32:01.815890,Los Andes,10493,,273,"Una obra de construcción en el colegio privado Anglo Americano Prescott habría generado una grave afectación al servicio de agua potable en los distritos de Tiabaya, Uchumayo y el poblado de Congata en Arequipa. Desde hace diez días, más de 17 mil personas no cuentan con suministro regular, luego de que se desviara un afluente […]",,Arequipa: Obra privada deja sin agua potable a 17 mil pobladores,https://losandes.com.pe/arequipa-obra-privada-deja-sin-agua-potable-a-17-mil-pobladores/?signup
Diario los Andes,1378,General,"Con el fin de reforzar el control fronterizo y además agilizar trámites de ingreso y salida del vecino país, la Aduana Nacional de Bolivia puso en funcionamiento una moderna estructura desmontable emplazada en el lado boliviano del Puente Nuevo Internacional de Desaguadero. “Hoy iniciamos operaciones en este centro que nos va dar agilidad, porque como se puede observar las propias instalaciones están lado a lado, pudiéndose realizar un trabajo mucho mejor en relación a un contenedor que teníamos antes y era muy precario”, dijo la presidenta de la Aduana Nacional de dicho país, Marlene Ardaya, en la inauguración realizada hace días atrás. Se sabe que la estructura desmontable demandó un costo de 3,2 millones de bolivianos y fue emplazada en un área de 340 metros cuadrados. Además se conoció que entre las funciones que se realizarán en la nueva obra, están recabar los trámites de exportación total y parcial, tránsitos a Cobija , Pando, y terceros países, vacíos de importación y exportación. Todos los trámites se realizarán de forma conjunta con funcionarios del Gobierno de nuestro país, precisamente con la Aduana Nacional y la SUNAT, oficinas de Migración Bolivia y Migración Perú y Senasag Bolivia. La infraestructura cuenta además con oficinas para depósitos aduaneros bolivianos, sala de espera, de reuniones, comedor, cocina, baños, dormitorios, entre otros.",2025-11-16T21:32:01.293813,2018-12-29T00:00:00,2025-11-16T21:32:01.815214,Los Andes,10492,,216,"Con el fin de reforzar el control fronterizo y además agilizar trámites de ingreso y salida del vecino país, la Aduana Nacional de Bolivia puso en funcionamiento una moderna estructura desmontable emplazada en el lado boliviano del Puente Nuevo Internacional de Desaguadero. “Hoy iniciamos operaciones en este centro que nos va dar agilidad, porque como […]",,Prevén reforzar control en frontera,https://losandes.com.pe/preven-reforzar-control-en-frontera/?signup
Diario los Andes,1027,General,"Enfático, Walter Aduviri continúa criticando a las autoridades del Gobierno Central, quienes –según dijo– “nos han mentido” varias veces en torno a la construcción del hospital regional Manuel Núñez Butrón de Puno; una obra que, dijo, debe ser concretada con el apoyo de los congresistas puneños. “Esperamos que el titular del Ministerio de Economía y Finanzas transfiera los recursos para la construcción del hospital regional, que requiere 300 millones de presupuesto”, acotó, señalando que ello debe efectivizarse en este mes. En esa línea, aseguró que seguirá trabajando para que infraestructuras de esta índole se hagan realidad en diversas provincias de la región. “Impulsaremos también el programa Salud Preventiva. Llevaremos hospitales móviles a los distritos y campos de la región”, sostuvo. En otro momento, se comprometió a luchar frontalmente contra la anemia. “Es el enemigo número uno del desarrollo de nuestros hijos”, expresó, al tiempo de pedir apoyo a las diferentes instancias del gobierno nacional y local.",2025-11-16T21:32:01.293813,2019-01-01T00:00:00,2025-11-16T21:32:01.814057,Los Andes,10491,,156,"Enfático, Walter Aduviri continúa criticando a las autoridades del Gobierno Central, quienes –según dijo– “nos han mentido” varias veces en torno a la construcción del hospital regional Manuel Núñez Butrón de Puno; una obra que, dijo, debe ser concretada con el apoyo de los congresistas puneños. “Esperamos que el titular del Ministerio de Economía y […]",,Aduviri: “Llevaremos hospitales móviles a los campos de la región”,https://losandes.com.pe/aduviri-llevaremos-hospitales-moviles-a-los-campos-de-la-region/?signup
Diario los Andes,3951,General,"De acuerdo a las proyecciones del Ministerio de Vivienda Construcción y Saneamiento este proyecto para descontaminar el lago Titicaca en algunos casos recién podría reiniciarse en el 2027 en el mejor de los casos. Una tragedia Escribe: Eduardo Mamani La ejecución de las Plantas de Tratamiento de Aguas Residuales (PTAR) en Puno sigue siendo una promesa incumplida, con una proyección que aplaza su reanudación hasta el 2027, según estimaciones del Ministerio de Vivienda, Construcción y Saneamiento (MVCS). Este proyecto crucial para reducir la contaminación del Lago Titicaca y mejorar la calidad de vida en la región quedó paralizado tras la terminación anticipada del contrato con la empresa Operadora Ecológica del Titicaca (OPETI) en diciembre de 2023. Desde entonces, el proceso ha retornado a su etapa inicial, es decir en algunos casos se iniciará una especie de estudios complementarios. En enero de este año, el MVCS firmó convenios con las municipalidades de Melgar, El Collao, Chucuito, Puno, San Román y Moho para desarrollar los estudios técnicos. Sin embargo, los avances son lentos: en el caso de Puno, el expediente técnico estará listo recién en abril de 2027. La PTAR Moho, por su parte, prevé su viabilidad recién en marzo de 2025. Este retraso genera incertidumbre sobre el impacto ambiental que la región enfrentará mientras las aguas residuales continúan contaminando el lago y sus alrededores. En Juliaca, jurisdicción de la provincia de San Román, el panorama es igual de desalentador. A pesar de los esfuerzos del alcalde Óscar Cáceres Rodríguez, quien gestionó la delegación de funciones al MVCS para la elaboración del expediente técnico, las proyecciones para la ejecución de la PTAR son inciertas. Cáceres anunció que el nuevo expediente será financiado por el Banco Interamericano de Desarrollo (BID) y destacó la transición hacia plantas convencionales modernas que permitirán el tratamiento adecuado de las aguas residuales y su reutilización. Sin embargo, los problemas heredados del contrato con OPETI continúan afectando el proceso. Los conflictos laborales también han agravado la situación. Extrabajadores y proveedores locales reclaman pagos pendientes por parte de las empresas subcontratadas por OPETI, generando protestas y reclamos en busca de justicia. Además, la paralización de las obras tras la muerte de dos obreros dejó a varios ciudadanos sin recibir sus salarios, profundizando la crisis social en torno a este proyecto. Mientras los plazos se extienden, el impacto ambiental del vertido de aguas residuales sin tratar en el lago Titicaca sigue siendo alarmante. Según el especialista Ángel Canales, la región enfrenta un riesgo ambiental creciente, y las provincias afectadas deberán reiniciar los procesos de financiamiento y gestión de nuevos proyectos, lo que prolongará aún más la contaminación. Ante esta situación, la Comisión Ambiental Municipal y otras entidades locales han anunciado monitoreos de calidad de agua para sustentar la elaboración de proyectos urgentes. Sin embargo, los resultados de estas acciones no estarán disponibles en el corto plazo, dejando a Puno con una problemática latente que pone en peligro la salud de sus habitantes y su entorno natural. La suspensión de las obras y los retrasos en la ejecución de las PTAR exigen una respuesta inmediata de las autoridades regionales y nacionales. El avance de los estudios técnicos y el financiamiento deben acelerarse para evitar que la crisis ambiental y social en Puno se agrave aún más. Mientras tanto, las comunidades afectadas, los trabajadores y los empresarios continúan esperando soluciones concretas que garanticen la sostenibilidad del lago Titicaca y el bienestar de la población. En el marco de los trabajos para la construcción de la PTAR en la ciudad de Puno, también se reportó la muerte de un hombre. En su momento se cuestionó cómo iba trabajando la empresa OPETI a quien luego se le resolvió el contrato.",2025-11-16T21:32:01.293813,2024-12-23T00:00:00,2025-11-16T21:32:01.813485,Los Andes,10490,"https://losandes.com.pe/wp-content/uploads/2024/12/Captura-de-pantalla-2024-12-23-083814.png, https://losandes.com.pe/wp-content/uploads/2024/12/Captura-de-pantalla-2024-12-23-083828.png",615,De acuerdo a las proyecciones del Ministerio de Vivienda Construcción y Saneamiento este proyecto para descontaminar el lago Titicaca en algunos casos recién podría reiniciarse en el 2027 en el mejor de los casos. Una tragedia Escribe: Eduardo Mamani La ejecución de las Plantas de Tratamiento de Aguas Residuales (PTAR) en Puno sigue siendo una […],,Puno: otro año más sin las PTAR,https://losandes.com.pe/puno-otro-ano-mas-sin-las-ptar/?signup
Diario los Andes,1199,General,"Un nuevo caso de violencia contra la mujer se registró ayer en la ciudad de Puno, cuando Brigida Virginia Llanos, fue agredida por su pareja en un restaurante. Los hechos se dieron en el Frigorífico de la Universidad Nacional del Altiplano de Puno, a donde acudieron los efectivos de la PNP, tras la alerta de los comensales. Una vez allí la agraviada denunció que el juez Pedro Apaza Cervantes, que cumple funciones en la jurisdicción del Distrito Judicial de Ayacucho, la habría atacado mientras se encontraban almorzando. La mujer, que es madre de dos niños de 11 y 12 años, relató que Apaza Cervantes la atacó con el cuchillo de mesa del restaurante, en presencia de sus dos menores hijos. Durante la intervención encontraron uno de los cubiertos doblados por lo cual las versiones dadas por la mujer toman fuerza, además existirían cámaras dentro del local, que registraron los hechos. También se conoció que a su traslado a la Comisaría de Familia, Pedro Apaza habría amenazado a sus hijos con desheredarlos si declaraban en su contra. Finalmente Brigida, quien labora como docente, refirió que era constantemente humillada por su pareja debido a la diferencia salarial que existe entre ambos.",2025-11-16T21:32:01.293813,2019-02-05T00:00:00,2025-11-16T21:32:01.812898,Los Andes,10489,,199,"Un nuevo caso de violencia contra la mujer se registró ayer en la ciudad de Puno, cuando Brigida Virginia Llanos, fue agredida por su pareja en un restaurante. Los hechos se dieron en el Frigorífico de la Universidad Nacional del Altiplano de Puno, a donde acudieron los efectivos de la PNP, tras la alerta de […]",,Juez fue denunciado por agredir a su pareja,https://losandes.com.pe/juez-fue-denunciado-por-agredir-a-su-pareja/?signup
Diario los Andes,1471,General,"Luego del anuncio del plan para la construcción de la nueva infraestructura para el hospital regional Manuel Núñez Butrón los trabajadores administrativos alzaron su voz para oponerse a la destrucción de las oficinas de la Dirección Regional de Salud, el nuevo laboratorio y otras instalaciones. Como se recuerda, el gobierno regional quiso salvar el problema de la destrucción de la antigua infraestructura del hospital construyendo en el área circundante, de manera que se evite la construcción de un hospital de contingencia. Sin embargo, esta solución implica perjudicar otras construcciones, entre ellas las ocupadas por los administrativos de la Dirección de Salud. En este contexto se mencionaron nuevamente las observaciones de la Contraloría sobre un presunto direccionamiento para dejar a un lado Jayllihuaya, así como las irregularidades en la elección del terreno de la avenida El Sol. Entre los trabajadores hizo su aparición Marcelino Mamani, dirigente de Jayllihuaya quien acusó al gobernador Richard Hancco de cambiar la ubicación para defender intereses privados. Los trabajadores administrativos de la dirección de Salud adelantaron que se niegan a desocupar las instalaciones de la dirección regional de Salud a lo que Richard Hancco respondió que tendrán que desocuparlas incluso mediante el uso de la fuerza. Seguidamente argumentó que lo que importa es el interés de la región antes que el de los trabajadores administrativos de salud que se oponen.",2025-11-16T21:32:01.293813,2025-08-02T00:00:00,2025-11-16T21:32:01.812133,Los Andes,10488,,224,"Luego del anuncio del plan para la construcción de la nueva infraestructura para el hospital regional Manuel Núñez Butrón los trabajadores administrativos alzaron su voz para oponerse a la destrucción de las oficinas de la Dirección Regional de Salud, el nuevo laboratorio y otras instalaciones. Como se recuerda, el gobierno regional quiso salvar el problema […]",,Revive polémica por terreno para hospital Manuel Núñez de Puno,https://losandes.com.pe/revive-polemica-por-terreno-para-hospital-manuel-nunez-de-puno/?signup
Diario los Andes,1274,General,"Lo que aún no se ha considerado a la hora de sopesar las ventajas y desventajas de destruir construcciones existentes para empezar el proyecto del hospital Manuel Núñez Butrón es que la empresa francesa a cargo tiene antecedentes de avance lento y abuso de ampliaciones de plazo. En julio de este año, el Programa Nacional de Inversiones en Salud (Pronis), brazo ejecutor del Ministerio de Salud (Minsa), informa que la construcción del nuevo Hospital Antonio Lorena en Cusco presenta un avance significativo, superando el 57 % de ejecución. Sin embargo, cabe indicar que el contrato con Egis se firmó el año 2021 para concluir el saldo de obra a más tardar el año 2024, pero con ampliaciones de plazo vinieron aumento de presupuesto y otras irregularidades. Un informe de la Contraloría General de la República, emitido el 24 de marzo de 2025, reveló que Egis ganó el concurso para la construcción del hospital Goyoneche de Arequipa sin jugar limpio. Egis se impuso en en la evaluación técnica, pese a no haber presentado un jefe de Proyecto y proponer a un experto en Gestión de Calidad que no cumplía con los requisitos mínimos. En suma, entregar la obra al gobierno de Boluarte que su vez, se la entregó a franceses representa el mayor riesgo para los intereses puneños.",2025-11-16T21:32:01.293813,2025-08-06T00:00:00,2025-11-16T21:32:01.811779,Los Andes,10487,,217,"Lo que aún no se ha considerado a la hora de sopesar las ventajas y desventajas de destruir construcciones existentes para empezar el proyecto del hospital Manuel Núñez Butrón es que la empresa francesa a cargo tiene antecedentes de avance lento y abuso de ampliaciones de plazo. HOSPITAL LORENA En julio de este año, el […]",,Puno: Empresa Egis deja obras y hospitales a medias,https://losandes.com.pe/puno-empresa-egis-deja-obras-y-hospitales-a-medias/?signup
Diario los Andes,1639,General,"Arequipa quiere ser la ciudad verde. Los gobiernos locales firmaron convenio forestal para promover la reforestación en las zonas urbanas y de amortiguamiento de la ciudad. En el Complejo recreacional de Magnopata, ubicado en Yanahuara, se realizó la campaña ‘Arequipa te quiero verde’. El gobernador regional, Elmer Cáceres Llica, acompañado de los burgomaestres de Yanahuara, Alto selva alegre, Socabaya, entre otros distritos, repartieron cerca de 1,000 plantas a más de 250 escolares de distintos colegios de Arequipa. Cáceres Llica, indicó que existe un gran déficit forestal de 5 millones de árboles en la región, aseguró que se sembrarán 2 millones de plantones por año, para recuperar el paisaje verde de Arequipa. “El compromiso es de todos los distritos y de la región para tener un presupuesto sostenible de 5 años para obras ecológicas”, agregó el gobernador. Cabe señalar que el parque automotor se ha incrementado alarmantemente, con más de 300 mil vehículos que contaminan nuestro ambiente. Varios viveros de Arequipa fueron olvidados hasta por 12 años, sin ser atendidos por las autoridades. El gerente regional de Agricultura, Jaime Huerta Astorga aseguró que en los viveros existen 200 mil ejemplares de árboles, pero su capacidad es para 1 millón 800 mil. “No se está explotando al máximo estos territorios, se tiene que repotenciar estos viveros para poder reforestar toda Arequipa”, acotó el gerente. Actualmente, Arequipa cuenta con 6 viveros ubicados en los distritos de Achoma, San Isidro, Huanca. La Gerencia de Agricultura tiene como meta recuperar el 50% de áreas verdes y plantar un millón de árboles este 2019.",2025-11-16T21:32:01.293813,2019-04-06T00:00:00,2025-11-16T21:32:01.808877,Los Andes,10486,,258,"Arequipa quiere ser la ciudad verde. Los gobiernos locales firmaron convenio forestal para promover la reforestación en las zonas urbanas y de amortiguamiento de la ciudad. En el Complejo recreacional de Magnopata, ubicado en Yanahuara, se realizó la campaña ‘Arequipa te quiero verde’. El gobernador regional, Elmer Cáceres Llica, acompañado de los burgomaestres de Yanahuara, […]",,Firman convenio forestal,https://losandes.com.pe/firman-convenio-forestal/?signup
Diario los Andes,1148,General,"El nuevo gerente de Turismo y Desarrollo Económico de la Municipalidad Provincial de Puno, Genaro Guzmán Bustinza, informó que durante el proceso de transferencia de gestión, la Subgerencia de Actividades Económicas no les entregó ningún documento que detalle el inventario de los bienes incautados durante los operativos realizados en el gobierno de Iván Flores. “Hemos tenido percances con la Subgerencia de Actividades Económicas durante la transferencia, ya que no tenía lista la documentación correspondiente; asimismo, no había un documento de inventario de los bienes incautados en operativos, lo cual se hizo constar en un acta”, mencionó. De igual forma, mencionó que se reunirá con el nuevo subgerente de Actividades Económicas, a fin de coordinar acciones para la realización de operativos a discotecas. “Creemos que no debemos descuidar el tema de los operativos; se tiene que dar cumplimiento a las ordenanzas bajo las cuales se realizan estas acciones. Recién me reuniré con el subgerente para tomar las acciones correspondientes, porque eso es lo que el alcalde quiere, que prime el principio de autoridad”, finalizó Guzmán Bustinza.",2025-11-16T21:32:01.293813,2019-01-04T00:00:00,2025-11-16T21:32:01.808218,Los Andes,10485,,175,"El nuevo gerente de Turismo y Desarrollo Económico de la Municipalidad Provincial de Puno, Genaro Guzmán Bustinza, informó que durante el proceso de transferencia de gestión, la Subgerencia de Actividades Económicas no les entregó ningún documento que detalle el inventario de los bienes incautados durante los operativos realizados en el gobierno de Iván Flores. “Hemos […]",,Gestión de Iván Flores oculta información de incautaciones,https://losandes.com.pe/gestion-de-ivan-flores-oculta-informacion-de-incautaciones/?signup
Diario los Andes,1318,General,"El autorefractómetro fue robado por tercera vez, afectando la atención oftálmica en el hospital más importante de Arequipa. El Hospital Honorio Delgado, uno de los más relevantes de Arequipa, sufrió un nuevo robo en su área de oftalmología. En esta ocasión se llevaron un autorefractómetro que estaba asegurado al interior del consultorio, dejando en evidencia la persistencia del problema de seguridad institucional.El hurto se registró el sábado a las 13:30 h, según las cámaras de seguridad. Un hombre ingresó al consultorio fracturando la puerta, retiró el equipo y huyó en una mochila, mientras una mujer distraía al vigilante en el hall del hospital. Este es el tercer robo similar que sufre el servicio oftalmológico desde la pandemia. En ocasiones anteriores, los ladrones accedieron por salidas hacia la Gerencia Regional de Salud, motivando la instalación de rejas y candados, aunque estas medidas no han sido suficientes. El equipo sustraído es relativamente nuevo y resulta esencial para mediciones visuales, incluso en pacientes que deben someterse a cirugía ocular; por ello, su ausencia compromete ciertas prestaciones del servicio. Aunque el director del hospital, Eloy Soto, fue contactado para conocer el impacto en la atención, indicó que emitiría un informe oficial a través de relaciones públicas.",2025-11-16T21:32:01.293813,2025-10-07T00:00:00,2025-11-16T21:32:01.805946,Los Andes,10484,https://losandes.com.pe/wp-content/uploads/2025/10/image-39.png,202,"El autorefractómetro fue robado por tercera vez, afectando la atención oftálmica en el hospital más importante de Arequipa.",,¡POR TERCERA VEZ! Sustraen autorefractómetro de hospital Honorio Delgado,https://losandes.com.pe/por-tercera-vez-sustraen-autorefractometro-de-hospital-honorio-delgado/?signup
Diario los Andes,1947,General,"Tras la promulgación de la Ley N° 32293, las autoridades originarias y representantes de las comunidades campesinas de la región no descartan realizar protestas contra los congresistas que visiten Puno durante la semana de representación. El presidente del Consejo de Autoridades Originarias, Mallkus, Jilakatas y Mamatallas de la región, José Carlos Gutiérrez Sancho, señaló que los parlamentarios que promovieron esta normativa “no son bienvenidos en la región de Puno”. El repudio de los dirigentes comunales se dirige principalmente a los legisladores puneños Flavio Cruz Mamani y Carlos Zeballos Madariaga. “Ellos han promovido esta ley. Ahí están los del partido Podemos, que ahora alegremente se acercan a las comunidades a acompañar, cuando sus partidos han impulsado esta norma”, manifestó el dirigente. No obstante, Gutiérrez Sancho pidió a ambos congresistas pensar en la población. “¿Pero qué podemos esperar de un Congreso corrupto? Ellos deberían, antes de proponer y aprobar leyes que afectan a las comunidades campesinas, bajar a las comunidades y preguntarnos si estamos de acuerdo o no. Han cometido la estupidez de aprobar por insistencia una ley que no respetó el derecho a la consulta previa”, agregó. Respecto a los incidentes ocurridos en Loreto tras la visita de la presidenta Dina Boluarte, el dirigente le envió un mensaje directo, asegurándole que en Puno tampoco es bienvenida. “No es bienvenida, no la queremos. Es una traidora, una delincuente. No hay justicia para los asesinados en nuestros pueblos. Expresamos nuestro completo rechazo a ella y a sus cómplices”, expresó. Respecto al Congreso de Presidentes de Comunidades Campesinas que se llevará a cabo hoy en el auditorio de la UNAJ, Carlos Gutiérrez indicó que él y los representantes comunales de las provincias del norte no fueron invitados al evento.Sin embargo, dijo que todas las organizaciones campesinas de Puno —aunque no estén unidas— rechazan la Ley.",2025-11-16T21:32:01.293813,2025-07-19T00:00:00,2025-11-16T21:32:01.804543,Los Andes,10483,,301,"Tras la promulgación de la Ley N° 32293, las autoridades originarias y representantes de las comunidades campesinas de la región no descartan realizar protestas contra los congresistas que visiten Puno durante la semana de representación. El presidente del Consejo de Autoridades Originarias, Mallkus, Jilakatas y Mamatallas de la región, José Carlos Gutiérrez Sancho, señaló que […]",,Puno: Repudian congresistas por la aprobación de La ley N° 32293,https://losandes.com.pe/puno-repudian-congresistas-por-la-aprobacion-de-la-ley-n-32293/?signup
Diario los Andes,731,General,"La mañana de este viernes 27 de septiembre, en un operativo, la comuna provincial de San Román, realizó el retiro de letreros publicitarios de los jirones San Román, Unión y Jáuregui de la ciudad de Juliaca que incumplen con la Ordenanza Municipal N° 01-2024. Genrry Apaza, subgerente de Gestión Ambiental, informó que el operativo se realizó en cumplimiento de la que establece que los letreros publicitarios deben estar adheridos a la pared y cubrir únicamente el 30% de la fachada. El funcionario exhortó a los dueños de establecimientos comerciales a regularizar sus licencias antes de intentar recuperar sus letreros, destacando que el objetivo principal es mantener el orden y la estética en las vías del centro de la ciudad.",2025-11-16T21:32:01.293813,2024-09-27T00:00:00,2025-11-16T21:32:01.802358,Los Andes,10482,,119,"La mañana de este viernes 27 de septiembre, en un operativo, la comuna provincial de San Román, realizó el retiro de letreros publicitarios de los jirones San Román, Unión y Jáuregui de la ciudad de Juliaca que incumplen con la Ordenanza Municipal N° 01-2024. Genrry Apaza, subgerente de Gestión Ambiental, informó que el operativo se […]",,En operativo en la ciudad de Juliaca retiran letreros publicitarios,https://losandes.com.pe/en-operativo-en-la-ciudad-de-juliaca-retiran-letreros-publicitarios/?signup
Diario los Andes,1903,General,"El estudio jurídico Gutiérrez Oliva Boutique Legal ha abierto una sede en la ciudad de Juliaca, con el objetivo de brindar asesoría especializada en casos de crimen organizado, lavado de activos, extinción de dominio, corrupción de funcionarios, minería ilegal y otros. En una conferencia de prensa realizada en la Asociación de Abogados de Juliaca, Luis Gutiérrez, abogado penalista y representante de la firma, informó que el equipo está conformado por 10 letrados con trayectoria y experiencia en la materia. “Tenemos personal especializado, y resultados que los avalan”, afirmó. El estudio ya atendía múltiples casos en la Ciudad Calcetera desde su sede en Arequipa, pero la necesidad de audiencias presenciales tras la pandemia motivó la apertura de esta oficina. “A partir de afrontar casos de lavado de activos, crimen organizado y extinción de dominio, era necesario que estemos acá, porque las diligencias son aquí, en Juliaca”, explicó Gutiérrez. Actualmente, el bufete maneja 12 casos de extinción de dominio en la ciudad, además de entre cuatro y cinco procesos relacionados con cooperativas. Gutiérrez enfatizó que su equipo busca una defensa técnica y rigurosa. “No buscamos generar impunidad, sino que, a través de un trabajo técnico, se respete el procedimiento, que hagamos las cosas bien”, sostuvo. El equipo de abogados está integrado por Luis Díaz, Paul Cornejo, Paula Feria, Jaquelin Rodríguez, Diego Céspedes, Juan Diego Cáceres y Jesús Vera Chalco. “Somos un equipo que viene a plantear una estrategia legal distinta. Nosotros traemos una hoja de ruta planificada para afrontar tu proceso”, destacó Gutiérrez. La sede del estudio jurídico Gutiérrez Oliva Boutique Legal se encuentra en el jirón Jorge Chávez N°246, séptimo piso. Para consultas, los interesados pueden comunicarse al celular 987604106. Expertos en derecho penal plantean estrategia innovadora para casos complejos.",2025-11-16T21:32:01.293813,2025-04-01T00:00:00,2025-11-16T21:32:01.799378,Los Andes,10481,,289,"Escribe: Zenaida Zea El estudio jurídico Gutiérrez Oliva Boutique Legal ha abierto una sede en la ciudad de Juliaca, con el objetivo de brindar asesoría especializada en casos de crimen organizado, lavado de activos, extinción de dominio, corrupción de funcionarios, minería ilegal y otros. En una conferencia de prensa realizada en la Asociación de Abogados […]",,Bufete de abogados de élite llega a la Ciudad de los Vientos,https://losandes.com.pe/bufete-de-abogados-de-elite-llega-a-la-ciudad-de-los-vientos/?signup
Diario los Andes,1811,General,"A través del Informe de Control Concurrente N°034-2024-OCI/0462-SCC, la Contraloría reveló irregularidades en la ejecución del proyecto «Mejoramiento de los servicios de apoyo al desarrollo productivo en ganado ovino» en el distrito de Ayaviri, Provincia de Melgar. Este proyecto, financiado con más de S/ 4 millones, tenía como objetivo mejorar las condiciones de vida de los productores ovinos de la zona; sin embargo, la Municipalidad Provincial de Melgar, entidad ejecutora del proyecto, no habría cumplido con los estándares establecidos para garantizar una gestión transparente y eficiente de los recursos públicos asignados. Entre las irregularidades identificaron que, el equipo técnico aún no ha elaborado el padrón de 900 familias beneficiarias, lo que incluye criadores de ovinos comprobados. La ausencia de este registro genera un uso ineficiente de los recursos asignados y pone en riesgo el cumplimiento de los objetivos del proyecto. Asimismo, en la actividad «Intercambio de experiencias en ganadería ovina», se observó una participación inferior a la esperada. De los 20 participantes, solo 12 eran productores, mientras que los 8 restantes eran trabajadores de la entidad. Esto afecta negativamente la calidad de los servicios y la asistencia brindada, además de comprometer el logro de los objetivos. En la actividad «Asistencia Técnica en Buenas Prácticas Pecuarias», no se han implementado medios adecuados para verificar los servicios brindados, lo que dificulta el registro oportuno de datos y pone en riesgo el correcto seguimiento y evaluación del proyecto. Estas deficiencias generan un uso ineficiente de los recursos y comprometen los resultados esperados del proyecto, cuyo propósito es promover el desarrollo productivo de los criadores de ganado ovino en la zona rural de Ayaviri.",2025-11-16T21:32:01.293813,2024-09-26T00:00:00,2025-11-16T21:32:01.798754,Los Andes,10480,,270,"A través del Informe de Control Concurrente N°034-2024-OCI/0462-SCC, la Contraloría reveló irregularidades en la ejecución del proyecto «Mejoramiento de los servicios de apoyo al desarrollo productivo en ganado ovino» en el distrito de Ayaviri, Provincia de Melgar. Este proyecto, financiado con más de S/ 4 millones, tenía como objetivo mejorar las condiciones de vida de los […]",,Reportan deficiencias en proyecto de apoyo a ganaderos ovinos en Ayaviri,https://losandes.com.pe/reportan-deficiencias-en-proyecto-de-apoyo-a-ganaderos-ovinos-en-ayaviri/?signup
Diario los Andes,1489,General,"Varios vecinos del barrio Chacarilla Alta de la ciudad de Puno, denunciaron que el regidor César Romero estaría influyendo para que se realice la pavimentación de la segunda cuadra del jirón Cruz del Sur, pese a que ello no está contemplado en el proyecto de la obra, por pertenecer a otra jurisdicción barrial. Rosario Durán Ticona, presidenta de la primera cuadra del citado jirón, señaló que el presupuesto del proyecto “Mejoramiento de la infraestructura vial en el Barrio Chacarilla Alta”, viene siendo utilizado para ejecutar la pavimentación de la segunda cuadra, pese a que está dentro del proyecto, además de que pertenece al barrio Ricardo Palma e incluso no cuenta con alineamiento, ya que existen algunas casas que invaden la calle. “El presupuesto del proyecto es para el barrio Chacarilla Alta, no para el barrio Ricardo Palma; pensamos que existen influencias por parte del regidor (César Romero), ya que justamente en esa cuadra en la que se inició la pavimentación hace tres días, viven sus familiares y allegados”, reveló al dirigente barrial. Asimismo, señaló que presentarán un memorial para que se paralice la obra y se ejecute donde lo indica la resolución municipal N° 806-2018-MPP/GM. “Vamos a llegar hasta las últimas consecuencias; no es posible que un funcionario público se aproveche de su cargo para favorecer a otros”, mencionó. Finalmente, agregó que de no haber solución a sus reclamos, denunciarán el hecho al Ministerio Público por malversación de fondos.",2025-11-16T21:32:01.293813,2018-11-15T00:00:00,2025-11-16T21:32:01.798399,Los Andes,10479,,239,"Varios vecinos del barrio Chacarilla Alta de la ciudad de Puno, denunciaron que el regidor César Romero estaría influyendo para que se realice la pavimentación de la segunda cuadra del jirón Cruz del Sur, pese a que ello no está contemplado en el proyecto de la obra, por pertenecer a otra jurisdicción barrial. Rosario Durán […]",,Vecinos del barrio Chacarilla Alta denuncian tráfico de influencias,https://losandes.com.pe/vecinos-del-barrio-chacarilla-alta-denuncian-trafico-de-influencias/?signup
Diario los Andes,2688,General,"A la redacción del diario Los Andes llegó el testimonio de una docente universitaria que se armó de valor para denunciar a su colega por presunto hostigamiendo sexual. Según la denuncia, el docente le propuso reiteradamente apoyarla en las evaluaciones para acceder a una plaza de catedrática a cambio de relaciones sentimentales y sexuales. Según la denuncia, la joven aspirante a catedrática empezó a laborar en la escuela profesional de Educación Secundaria, especialidad de Matemática, Física, Computación e Informática como docente contratada. Era el año 2020 y, en ese entonces el docente de iniciales J.A.T.Q. ,un adulto con la mayor parte de su vida recorrida, empezó a acercarse y proponerle insistentemente “conversar”. Llegó el año 2021 y con otra evaluación de docentes a la vista, el docente fue más insistente en sus citas, hasta que logró un encuentro en el Parque El Pino, el 15 de marzo de ese año. En ese encuentro sale a flote el tema del próximo proceso de contratación y le propone ir a su habitación. Posteriormente se da un segundo encuentro. Esa vez, en Salcedo, al interior de la casa del docente. La segunda reunión empieza a las tres de la tarde. El docente le aclara (sin que lo pida) que está separado de su esposa. Hablan sobre sus expectativas como docente. Luego, el docente le confiesa que le gustaba desde pregrado… que le ponía nervioso en sus clases de postgrado… Hábilmente le insinúa que pronto sería “vicerrector académico” y que podría apoyarla en la evaluación de la clase modelo. Ella se retiró raudamente con la excusa de un curso de idiomas. “Yo te he querido apoyar, ya nos veremos en la clase modelo”, le dijo, según su relato. Días después se publicaron los resultados y, como temía, la denunciante obtuvo un puntaje sumamente bajo en las clases modelo. Para entonces el docente la había contactado varias veces por si había cambiado de idea. Ella no aceptó.“Sí era en serio lo que te dije”, le dijo por celular. A pesar de ello la docente consiguió trabajar en otras plazas pero su afiebrado colega nunca dejó de acecharla y se dieron varios incidentes en los años 2022,2023 y 2024. Todo según cuenta la denunciante. En tanto, el docente niega absolutamente todo. Tras tenerlo prácticamente respirando en la nuca, la docente decidió denunciarlo en el año 2025 para lo cual adjuntó audios comprometedores, capturas de pantalla y documentos de sus exámenes. A cambio, su colega ha llegado hasta a conseguir firmas para un memorial en contra de la denunciante. La secretaría de instrucción de la UNA Puno ha dispuesto a inicios de este mes un procedimiento disciplinario en contra del docente y se ha tomado la medida preventiva de separación.",2025-11-16T21:32:01.293813,2025-09-25T00:00:00,2025-11-16T21:32:01.795149,Los Andes,10478,,453,"A la redacción del diario Los Andes llegó el testimonio de una docente universitaria que se armó de valor para denunciar a su colega por presunto hostigamiendo sexual. Según la denuncia, el docente le propuso reiteradamente apoyarla en las evaluaciones para acceder a una plaza de catedrática a cambio de relaciones sentimentales y sexuales. INSISTENTE […]",,Caso de acoso en la UNA Puno: “Te puedo ayudar en las clases modelo (si estamos)”,https://losandes.com.pe/caso-de-acoso-en-la-una-puno-te-puedo-ayudar-en-las-clases-modelo-si-estamos/?signup
Diario los Andes,1524,General,"Escrito: J.Carlos Flores Vargas La tarde de este 11 diciembre el alcalde de la provincia de San Román, Oscar Cáceres, se sumó a la cuestionada iniciativa de los “trenes de cercanía” impulsada por Rafael López Aliaga y cuestionada por pagar millones por maquinaria que tiene más de 40 años de uso. “La idea de los trenes locales contribuye mucho al desarrollo de la ciudad de Juliaca que es el eje de las comunicaciones en el altiplano”, dijo Cáceres. Cabe indicar que el proyecto de los trenes de cercanía busca, al menos en apariencia usar líneas férreas ya existentes para trasladar a los trabajadores muy temprano por la mañana y al caer la tarde cuando acaban su jornada de trabajo o al menos, eso parece. Hasta ahí, todo suena bonito, sin embargo, el proyecto implica traer vagones y locomotoras que a decir del municipio están a la mitad de su tiempo de utilidad, pero esto no sería verdad. El economista Luis Alberto Arias informó al respecto: “Encontré este documento oficial de Caltrain referido a su proyecto de electrificación de trenes. A la pregunta de por qué se requiere la electrificación la respuesta es: Muchas de las locomotoras diésel ya pasaron sus fechas de retiro previstas, lo que puede provocar retrasos mecánicos importantes en el sistema. ¿En qué se basan para señalar que las locomotoras donadas de 40 años están a la mitad de su vida útil?”, dijo, por lo cual existe el peligro de que traigan chatarra y paguen millones. El alcalde de San Román dijo que le gustaría conectar Cabanillas con Puno.",2025-11-16T21:32:01.293813,2024-12-13T00:00:00,2025-11-16T21:32:01.793936,Los Andes,10477,,262,"Escrito: J.Carlos Flores Vargas La tarde de este 11 diciembre el alcalde de la provincia de San Román, Oscar Cáceres, se sumó a la cuestionada iniciativa de los “trenes de cercanía” impulsada por Rafael López Aliaga y cuestionada por pagar millones por maquinaria que tiene más de 40 años de uso. “La idea de los […]",,Alcalde de San Román Óscar Cáceres se une a “Porky” para traer chatarra,https://losandes.com.pe/san-roman-caceres-se-une-a-porky-para-traer-chatarra/?signup
Diario los Andes,1876,General,"El rescatista arequipeño se sumó al operativo para intentar encontrar a Félix Santos Choque, de Autodema, desparecido hace 10 días en el embalse cercano a Yanahuara. El especialista en rescates Eloy Cacya arribó a la represa Aguada Blanca en Arequipa para integrarse al operativo que busca a Félix Santos Choque, un trabajador de la Autoridad Autónoma de Majes (Autodema) reportado como desaparecido desde el 5 de noviembre. Eloy Cacya, conocido por su experiencia en zonas agrestes y por casos complejos como el de Ciro Castillo Rojo, lidera un equipo de seis rescatistas que ya ha comenzado a trabajar en el área. En su primer día realizaron un diagnóstico del terreno y del embalse para diseñar una estrategia eficiente de búsqueda que incluye tanto patrullaje en tierra como inmersiones en el agua. Félix Santos Choque laboraba para Autodema midiendo el caudal de ingreso y descarga de la represa Aguada Blanca, antes de su desaparición. El campamento del trabajador está a unos 150 metros de la presa, lo que complica la localización, dadas las dimensiones y profundidad de la laguna. Los familiares de Choque han exigido un refuerzo en las operaciones, piden más buzos y especialistas para aumentar la probabilidad de encontrar indicios bajo el agua. Hasta ahora, han protestado frente a las oficinas de Autodema para pedir transparencia y que muestren las grabaciones de las cámaras de vigilancia de la represa. Autodema, por su parte, contrató formalmente a Cacya para aportar su experiencia y capacidad técnica. Además, la entidad coordina activamente con la Policía Nacional y la Marina para ampliar el alcance del operativo. En paralelo, los equipos de búsqueda ya trabajan con drones, buzos y patrullas terrestres para cubrir la zona de manera integral. Cacya y su equipo pretenden mantener el ritmo hasta dar con alguna pista concreta sobre el paradero de Choque.",2025-11-16T21:32:01.293813,2025-11-15T00:00:00,2025-11-16T21:32:01.793471,Los Andes,10476,https://losandes.com.pe/wp-content/uploads/2025/11/image-13.png?wsr,303,"El rescatista arequipeño se sumó al operativo para intentar encontrar a Félix Santos Choque, de Autodema, desparecido hace 10 días en el embalse cercano a Yanahuara.",,AREQUIPA: Eloy Cacya se une a la búsqueda de Félix Santos Choque en Aguada Blanca,https://losandes.com.pe/arequipa-eloy-cacya-se-une-a-la-busqueda-de-felix-santos-choque-en-aguada-blanca/?signup
Diario los Andes,1060,General,"El Poder Judicial ordenó 36 meses de prisión preventiva contra Nicanor Boluarte, hermano de la presidenta Dina Boluarte, en el marco de la investigación por el caso ‘Los Waykis en la sombra’. Según la Fiscalía, Boluarte lideraría una organización criminal dedicada a designar personas en puestos estratégicos de entidades estatales para beneficiar al partido político Ciudadanos por el Perú. La medida, dictada por el juez Richard Concepción Carhuancho, también alcanza a Jorge Ortiz, Jorge Chingay y Zenovia Herrera. Todos enfrentan cargos por organización criminal y tráfico de influencias. Boluarte, quien no se presentó a la audiencia, permanece como no habido. El juez ordenó su búsqueda a nivel nacional e internacional, incluyendo notificación a Interpol. El plazo de prisión preventiva comenzará cuando los acusados sean capturados. La defensa ha presentado apelaciones, mientras que la Fiscalía respalda la decisión judicial. Nicanor Boluarte armó una red para buscar dinero y apoyo entre los aspirantes a las prefecturas de las regiones del interior.",2025-11-16T21:32:01.293813,2024-11-20T00:00:00,2025-11-16T21:32:01.788937,Los Andes,10475,,159,"El Poder Judicial ordenó 36 meses de prisión preventiva contra Nicanor Boluarte, hermano de la presidenta Dina Boluarte, en el marco de la investigación por el caso ‘Los Waykis en la sombra’. Según la Fiscalía, Boluarte lideraría una organización criminal dedicada a designar personas en puestos estratégicos de entidades estatales para beneficiar al partido político […]",,Prisión preventiva para Nicanor Boluarte,https://losandes.com.pe/prision-preventiva-para-nicanor-boluarte/?signup
Diario los Andes,1420,General,"La Policía detuvo a Noemí Quezada Ulloa, prófuga desde hace 15 años por terrorismo, y a un ciudadano polaco reclamado por fraude internacional. En un operativo coordinado, agentes de la Región Policial Arequipa arrestaron a Noemí Quezada Ulloa, alias “camarada Rocío”, y al ciudadano polaco Damian Christof Salaski, quien afrontaba una orden internacional por estafa. El primero fue intervenido en Chala y el segundo en Arequipa, donde acudió a tramitar documentos migratorios. La División de Investigación Criminal (Divincri) detuvo a Quezada a las 15:00 horas del 09 de octubre, tras seguimiento e inteligencia. La mujer operaba bajo perfil bajo vendiendo alimentos en Chala y había permanecido oculta durante más de 15 años.Quezada cuenta con órdenes de prisión preventiva de 18 meses emitidas desde 2023 y otra sentencia judicial firmada el 4 de febrero de 2025. Se le imputa haber liderado logística de Sendero Luminoso en el valle del Huallaga.Salaski fue capturado en la sede de Interpol en Arequipa cuando intentaba legalizar su estatus migratorio. Al cruzar su identidad, las autoridades constataron que Varsovia había emitido una alerta internacional por estafa.La Policía dispuso que Salaski pase por pruebas antropológicas para verificar su identidad antes de iniciar un proceso de extradición. Ambos detenidos están a disposición del Ministerio Público para que se continúen las investigaciones respectivas.",2025-11-16T21:32:01.293813,2025-10-11T00:00:00,2025-11-16T21:32:01.786324,Los Andes,10474,https://losandes.com.pe/wp-content/uploads/2025/10/image-60.png,214,"La Policía detuvo a Noemí Quezada Ulloa, prófuga desde hace 15 años por terrorismo, y a un ciudadano polaco reclamado por fraude internacional.",,Capturan a camarada “Rocío” y a extranjero reclamado por estafa,https://losandes.com.pe/capturan-a-camarada-rocio-y-a-extranjero-reclamado-por-estafa/?signup
Diario los Andes,1718,General,"El exgerente regional de la gestión de Hernán Fuentes Guzmán, Hugo Quintanilla Jara, quien ahora ocupará la Gerencia de la Municipalidad Provincial de Puno (MPP), al margen de estar cuestionado por su desempeño, afronta una denuncia del Ministerio Público porque habría causado un perjuicio económico de más de 5 millones de soles al Gobierno Regional de Puno (GRP). Quintanilla Jara no solo fue funcionario de confianza del expresidente regional Hernán Fuentes, sino que asumió también la Gerencia de Infraestructura, pese a que era cuestionado por consejeros y funcionarios de su propia institución. A ello se suma la Disposición Fiscal Nro 001-2016-MP, en donde se toma la decisión de investigar a 13 funcionarios de las exgestiones del GRP, por el presunto delito de colusión; entre ellos se encuentran Hugo Quintanilla Jara y Alcides Huamaní Peralta, gerentes regionales de Hernán Fuentes y Mauricio Rodríguez, respectivamente. La fiscalía acusa al ahora gerente general de Martín Ticona porque habría participado en el direccionamiento del proyecto “Mejoramiento de la carretera tramo III, José Domingo Choquehuanca Asillo – Azángaro”, el cual comprendió una extensión de 34.3 km. Según dicha denuncia, se produjo un perjuicio económico de 5 millones 771 mil 116 soles. Pese a esta información y otras similares, el alcalde de Puno, Martín Ticona, refirió que tiene toda su confianza. “Como cualquier puneño, yo conozco la experiencia del nuevo gerente; vamos a demostrar que sus cuestionamientos no son verdad”, expresó. Por su parte, Quintanilla Jara no aclaró el estado legal de las acusaciones antes mencionadas; sin embargo, exhortó a la población lacustre a que espere los 100 días para calificar su labor.",2025-11-16T21:32:01.293813,2019-02-01T00:00:00,2025-11-16T21:32:01.783824,Los Andes,10473,,267,"El exgerente regional de la gestión de Hernán Fuentes Guzmán, Hugo Quintanilla Jara, quien ahora ocupará la Gerencia de la Municipalidad Provincial de Puno (MPP), al margen de estar cuestionado por su desempeño, afronta una denuncia del Ministerio Público porque habría causado un perjuicio económico de más de 5 millones de soles al Gobierno Regional […]",,"El oscuro pasado de Hugo Quintanilla, nuevo gerente municipal de Puno",https://losandes.com.pe/el-oscuro-pasado-de-hugo-quintanilla-nuevo-gerente-municipal-de-puno/?signup
Diario los Andes,1988,General,"La tan solicitada reunión del Comité Provincial de Seguridad Ciudadana (Coprosec) evidenció, una vez más, la falta de compromiso de las autoridades. En la sesión realizada ayer, la mayoría de los titulares de pliego estuvieron ausentes, lo que limita el cumplimiento de objetivos. Entre las autoridades titulares presentes en la reunión del Coprosec estuvieron el alcalde Óscar Cáceres, la Fiscalía de Prevención del Delito, la Prefectura, el alcalde de Caracoto, la Defensoría del Pueblo y la División Policial. Entidades como el Poder Judicial, Migraciones, la UGEL y el sector Salud solo enviaron subalternos. El coordinador del Módulo Defensorial de Juliaca, Nivardo Enríquez Barriales, dijo que el plan de trabajo multianual 2024-2027 necesita ser reformulado para integrar algunos pedidos de la población. También urge una evaluación para replantear algunas estrategias. El jefe de la Divpol Juliaca, Percy Pizarro, informó que en las nueve provincias de la zona norte tiene a su cargo 37 comisarías, 11 Puestos de Auxilio Rápido y 60 unidades, con un total de mil 930 efectivos policiales, de los cuales 894 están asignados al casco urbano de San Román. Señaló que es urgente la creación de una nueva región policial. Algunos ciudadanos se retiraron indignados de la reunión, al constatar la falta de avances concretos frente a la creciente inseguridad que afecta a Juliaca. Lamentaron la ausencia de resultados en proyectos de seguridad. No se dio cuenta del control sobre la corrupción policial. Mientras tanto el alcalde informó que se destinó S/ 17 millones 240 mil 846 para reforzar la seguridad ciudadana entre el 2024-2025, de los cuales más de S/ 14.6 millones provienen de recursos propios, pese a la baja recaudación tributaria. Actualmente se cuenta con 14 camionetas, 17 motocicletas, seis puestos de vigilancia, una ambulancia, seis drones, seis trimotos patrulleros e implementos. Además, ya se dispone de terrenos para construir dos nuevos Puestos de Auxilio Rápido.",2025-11-16T21:32:01.293813,2025-05-07T00:00:00,2025-11-16T21:32:01.783442,Los Andes,10472,,310,"La tan solicitada reunión del Comité Provincial de Seguridad Ciudadana (Coprosec) evidenció, una vez más, la falta de compromiso de las autoridades. En la sesión realizada ayer, la mayoría de los titulares de pliego estuvieron ausentes, lo que limita el cumplimiento de objetivos. Entre las autoridades titulares presentes en la reunión del Coprosec estuvieron el […]",,Coprosec termina siendo otro saludo a la bandera en Juliaca,https://losandes.com.pe/coprosec-termina-siendo-otro-saludo-a-la-bandera-en-juliaca/?signup
Diario los Andes,1548,General,"El procedimiento para la adquisición de 4 mil 500 medi dores de agua destina dos a renovar el sistema de medición en Puno por parte de EmsaPuno, ha quedado bajo la lupa por fallas en la verifica ción de documentos. El contrato, valorizado en S/ 785 mil, fue adjudicado a la empresa Boss S.A.C. después de que esta redujera su oferta económica en un 3 %. Sin embargo, un in forme de control concu rrente reveló que EmsaPuno no realizó una verificación adecuada de los documentos pre sentados por la empresa ganadora. En detalle, no verificaron si los certificados de experiencia y los documentos técnicos presentados por Boss S.A.C. son verídicos. Según la normativa de contrataciones públicas, la entidad estaba obligada a verificar la autenticidad de estos documentos consultan do directamente con instituciones como la Sunat, Reniec o Inacal. Esta omisión re presenta un riesgo importante, ya que de descubrirse que la información proporcionada por la empresa adjudicataria es falsa o inexacta, el contrato podría declararse nulo, generando pérdida de tiempo y re cursos públicos. La situación se agra va porque el Departamento de Logística de EmsaPuno incluso so licitó posteriormente que sea el propio postor quien realice esta fiscalización, lo que contra viene abiertamente los principios de transparencia y legalidad que rigen las contrataciones estatales. Expertos en contrataciones públicas señalan que esta práctica es inadmisible, pues la verificación debe ser realizada siempre por la entidad contratante para garantizar la objetividad.",2025-11-16T21:32:01.293813,2025-07-17T00:00:00,2025-11-16T21:32:01.781976,Los Andes,10471,,241,"El procedimiento para la adquisición de 4 mil 500 medi dores de agua destina dos a renovar el sistema de medición en Puno por parte de EmsaPuno, ha quedado bajo la lupa por fallas en la verifica ción de documentos. El contrato, valorizado en S/ 785 mil, fue adjudicado a la empresa Boss S.A.C. después […]",,EmsaPuno realiza sospechoso contrato millonario,https://losandes.com.pe/emsapuno-contrata-con-los-ojos-cerrados-a-empresa/?signup
Diario los Andes,1312,General,"El periodista Hugo Supo, precandidato a gobernador regional de Puno por Perú Primero, calificó la prisión preventiva de Martín Vizcarra como un acto de “sesgo político” y aseguró que su partido apelará ante la Corte Interamericana de Derechos Humanos (CIDH) para habilitar su candidatura presidencial en 2026. Supo sostuvo que Vizcarra, aunque procesado, no está condenado y mantiene su presunción de inocencia. “Confiamos en que la CIDH resuelva antes de las elecciones primarias. Sus inhabilitaciones son políticas, no judiciales”, declaró, acusando al fujimorismo y sus aliados de usar el sistema para eliminar rivales, como habrían hecho con Antauro Humala, Pedro Castillo y otros. En Puno, militantes de Perú Primero denunciaron una “limpieza política” contra líderes opositores y aseguraron que el partido mantendrá su presencia en las elecciones regionales y nacionales, con precandidatos en 90% del territorio. “El pueblo ya ve quiénes quieren perpetuarse en el poder”, afirmaron. El caso Vizcarra sigue en debate: sus seguidores insisten en que no hay pruebas concretas de enriquecimiento ilícito, mientras sus críticos defienden la independencia judicial. Hace unos días, Martín Vizcarra fue detenido luego de que se dicte prisión preventiva en su contra por un caso de presunta corrupción en Moquegua.",2025-11-16T21:32:01.293813,2025-08-16T00:00:00,2025-11-16T21:32:01.780735,Los Andes,10470,,197,"El periodista Hugo Supo, precandidato a gobernador regional de Puno por Perú Primero, calificó la prisión preventiva de Martín Vizcarra como un acto de “sesgo político” y aseguró que su partido apelará ante la Corte Interamericana de Derechos Humanos (CIDH) para habilitar su candidatura presidencial en 2026. Supo sostuvo que Vizcarra, aunque procesado, no está […]",,Puno: Prisión a Vizcarra tiene neta intención política,https://losandes.com.pe/puno-prision-a-vizcarra-tiene-neta-intencion-politica/?signup
Diario los Andes,3772,General,"Escribe: Jhon Carlos Flores Henrry Javier Rojas Liendo era un varón que estaba constantemente cerca de cometer delitos por su impulso descontrolado hacia las mujeres hasta que se ganó 20 años de prisión por violación. En Puno, después de estar a poco de sacudirse de la denuncia por violación sexual, el exfuncionario público Henrry Javier Rojas Liendo fue sentenciado a 20 años de prisión; sin embargo, desde mucho antes se tenían serios indicios de que era un serio peligro para las mujeres de su entorno. De acuerdo a los exámenes psicológicos practicados durante su juicio, el funcionario Henrry Rojas tiene una marcada necesidad de aprobación y una tendencia a buscar una imagen positiva de sí mismo para sacar ventaja. Ese rasgo era tan marcado que incluso ocultó la verdadera razón por la que dejó de ser responsable de Sunafil en la región en el año 2019. Él le dijo a la psicóloga que lo habían sacado por motivos políticos pero, en realidad, lo habían sacado por acoso sexual. Con todo, la perito concluyó que su perfil psicológicos coincidía plenamente con la de un agresor sexual. En el año 2019 una trabajadora de Sunafil lo denunció por acoso, pues sostuvo que el entonces jefe le pidió mantener relaciones sexuales a cambio de que renovar su contrato. Antes de ser denunciado por violación esta era la única vez que fue afectado por una denuncia formal, pero tanto la sobrina como otros allegados indicaron que tiene varios antecedentes de los que salió bien librado. Las denuncias fueron recogidas por el Movimiento Manuela Ramos y van en el sentido de que más de una vez pidió sexo a cambio de renovación de contratos. Tras su salida forzada de Sunafil el abogado abrió su propio consultorio y no tarde en ceder a sus impulsos. En julio de 2022, fue acusado de violar a su sobrina, identificada como M.M.L.S., de 22 años. Según los reportes, el incidente tuvo lugar el 20 de julio de 2022 durante un viaje de trabajo en Titiri, en la vía Puno-Moquegua. Se alega que Rojas Liendo le dio vino a la víctima, quien perdió el conocimiento, y luego la abusó sexualmente en su vehículo, con placa Z6L-306, propiedad de su esposa. La víctima despertó desorientada en Alto Puno. Además, se encontró el billetero de la víctima en el compartimiento del guante del vehículo, lo que fue considerado una evidencia adicional. Ante los hechos, Rojas Liendo argumentó que mantenía una relación sentimental con su sobrina y que las relaciones sexuales fueron con su consentimiento pero las investigaciones dijeron otra cosa. De acuerdo al testimonio de la víctima, Rojas Liendo le habría ofrecido trabajo en una mina, y a modo de acostumbrarse a su nueva labor, la convenció para que la acompañe a una diligencia en el centro poblado de Titiri, en la frontera con Moquegua. La muchacha aceptó y en el trayecto la convenció de beber licor. Soledad fue violada en el mismo vehículo y se sospechaba que había sido dopada, pues no recuerda mucho del hecho. El 14 de julio de 2025, la Corte Superior de Justicia de Puno lo sentenció a 20 años de prisión por este delito, clasificado como “violación sexual en estado de inconsciencia o imposibilidad de resistir”. Antes de la sentencia, en mayo de 2023, un juez ordenó 7 meses de prisión preventiva, liderada por el juez Edson Jáuregui Mercado del Primer Juzgado de Investigación Preparatoria de Puno, basándose en graves y fundados elementos de convicción. La audiencia final se llevó a cabo el 26 de agosto de 2024, con los jueces Augusto Castillo Cordero, Shirlay Bazilika Flores Mendoza y Flor de María Torres Sumari a cargo. El caso fue apoyado por el Primer Despacho Fiscal Corporativo de la Segunda Fiscalía Provincial Penal Corporativa de Puno con lo cual Rojas deja de ser un peligro suelto en la calle para las mujeres.",2025-11-16T21:32:01.293813,2025-07-21T00:00:00,2025-11-16T21:32:01.780261,Los Andes,10469,,645,"Escribe: Jhon Carlos Flores Henrry Javier Rojas Liendo era un varón que estaba constantemente cerca de cometer delitos por su impulso descontrolado hacia las mujeres hasta que se ganó 20 años de prisión por violación. En Puno, después de estar a poco de sacudirse de la denuncia por violación sexual, el exfuncionario público Henrry Javier […]",,Puno: Era un peligro para toda mujer que se le cruce,https://losandes.com.pe/puno-era-un-peligro-para-toda-mujer-que-se-le-cruce/?signup
Diario los Andes,4437,General,"El Cañón de Cotahuasi es una joya turística escondida de Arequipa. Con 3 mil 535 metros de profundidad, supera incluso al cañón del Colca, convirtiéndose en el tercer cañón más profundo del mundo. Ubicado en la región de Arequipa, el Cañón del Cotahuasi es una de las joyas naturales más impresionantes del Perú. Con una profundidad de 3 mil 535 metros, es considerado uno de los cañones más profundos del mundo, superando incluso al famoso Cañón del Colca. Este lugar, donde la naturaleza y la cultura conviven en armonía, ofrece un sinfín de experiencias para los amantes del turismo de aventura, la historia y la biodiversidad. El Cañón del Cotahuasi está ubicado en la provincia de La Unión, a aproximadamente 375 kilómetros de la ciudad de Arequipa. Para llegar, se puede tomar un bus o transporte privado desde Arequipa hasta el pueblo de Cotahuasi, trayecto que dura cerca de 10 horas. Durante el viaje, se atraviesan paisajes impresionantes, como la Reserva de Salinas y Aguada Blanca, con su característico ecosistema altoandino. Si el viaje comienza desde Lima, es recomendable llegar primero a Arequipa en avión o bus, y luego continuar hacia Cotahuasi. Contratar un guía turístico es una excelente opción para disfrutar al máximo la experiencia de explorar este destino. La temporada ideal para visitar el Cañón del Cotahuasi es de abril a noviembre, cuando el clima es seco y las lluvias son escasas. Durante estos meses, los caminos son más accesibles y el cielo despejado permite disfrutar de las vistas panorámicas. ACTIVIDADES IMPERDIBLES El Cañón del Cotahuasi es un paraíso para los amantes de la aventura y la naturaleza. El trekking es una de las actividades más destacadas, con rutas que atraviesan paisajes espectaculares y conducen a sitios emblemáticos como la cascada de Sipia, una caída de agua de 150 metros de altura que asombra a todos los visitantes. Además, los senderos ofrecen la oportunidad de adentrarse en el Bosque de Cactus de Judío Pampa o llegar a miradores que regalan vistas inigualables de la profundidad del cañón. Para quienes buscan emociones más intensas, el río Cotahuasi es un escenario perfecto para practicar rafting, con rápidos que varían entre niveles II y IV, atrayendo a deportistas de todas partes. Por otro lado, aquellos que deseen relajarse pueden disfrutar de las aguas termales de Luicho, conocidas por sus propiedades terapéuticas. La riqueza cultural del Cotahuasi también cautiva a los viajeros. Los pueblos tradicionales, como Tomepampa y Puyca, permiten experimentar de cerca la vida rural andina, con sus iglesias coloniales, costumbres ancestrales y cálida hospitalidad. Las terrazas agrícolas preincaicas, aún en uso, son un recordatorio vivo de la relación armónica entre el hombre y la naturaleza en esta región. Además de su belleza escénica, el Cañón del Cotahuasi alberga una biodiversidad única. Es el hogar de especies como el majestuoso cóndor andino, vizcachas y una gran variedad de flora nativa, como orquídeas y plantas medicinales. El contraste climático entre las partes bajas y altas del cañón enriquece aún más su ecosistema. Es por ello que si se planea visitarlo, es recomendable llevar ropa adecuada para el día y la noche, ya que las temperaturas pueden variar considerablemente. También es importante mantenerse hidratado y tomarse el tiempo necesario para aclimatarse, ya que el cañón se encuentra a más de 2,000 m.s.n.m. Asimismo, es imprescindible respetar las indicaciones para preservar la belleza natural del lugar y garantizar una experiencia segura. La riqueza cultural del Cañón del Cotahuasi también se refleja en su cocina, que combina ingredientes frescos y métodos de preparación tradicionales. Entre los platos más destacados está la trucha frita o a la parrilla, sacada del río Cotahuasi. Se sirve con papas nativas, arroz o ensaladas frescas, creando un plato balanceado y lleno de sabor. El Cañón del Cotahuasi combina paisajes impresionantes, aventura y una rica herencia cultural, convirtiéndose en uno de los destinos más fascinantes del Perú. Ya sea para explorar sus senderos, disfrutar de su biodiversidad o conectar con las tradiciones andinas, este lugar ofrece una experiencia inolvidable. Las aguas termales de Luicho, ubicadas en las cercanías del Cañón del Cotahuasi, alcanzan temperaturas de hasta 38 °C y son conocidas por sus propiedades medicinales, ideales para aliviar el estrés. Por: Jeamilett Chirinos Bernal",2025-11-16T21:32:01.293813,2024-11-18T00:00:00,2025-11-16T21:32:01.777937,Los Andes,10468,,703,"El Cañón de Cotahuasi es una joya turística escondida de Arequipa. Con 3 mil 535 metros de profundidad, supera incluso al cañón del Colca, convirtiéndose en el tercer cañón más profundo del mundo. Ubicado en la región de Arequipa, el Cañón del Cotahuasi es una de las joyas naturales más impresionantes del Perú. Con una […]",,La joya escondida de Arequipa: una maravilla natural para descubrir,https://losandes.com.pe/una-maravilla-natural-para-descubrir/?signup
Diario los Andes,951,General,"El regidor de la Municipalidad Provincial de San Román, Salvador Valdivia Cárdenas, cuestionó la forma cómo se elabora el nuevo Plan de Desarrollo Urbano (PDU), ya que los profesionales encargados del proyecto no se encuentran en Juliaca. Este documento de gestión se está desarrollando en el marco de un convenio con la cooperación alemana KfW y debería entrar en vigencia en agosto de este año. Valdivia, quien preside la comisión de Desarrollo Urbano, explicó que el año pasado se firmó un acuerdo con el Instituto Metropolitano de Planificación de Lima para la elaboración del nuevo PDU. “Tenemos que realizar un trabajo coherente y serio”, enfatizó el fiscalizador. El concejal recordó que el PDU anterior presentó numerosas deficiencias y solo contó con un entregable, mientras que el actual proyecto incluye cinco entregables, cada uno valorizado en más de S/ 200 mil. “Ya debimos haber recibido el primer entregable”, afirmó Valdivia Cárdenas.",2025-11-16T21:32:01.293813,2025-01-18T00:00:00,2025-11-16T21:32:01.777282,Los Andes,10467,,150,"Escribe: Zenaida Zea El regidor de la Municipalidad Provincial de San Román, Salvador Valdivia Cárdenas, cuestionó la forma cómo se elabora el nuevo Plan de Desarrollo Urbano (PDU), ya que los profesionales encargados del proyecto no se encuentran en Juliaca. Este documento de gestión se está desarrollando en el marco de un convenio con la […]",,PDU de Juliaca se realiza a distancia,https://losandes.com.pe/pdu-de-juliaca-se-realiza-a-distancia/?signup
Diario los Andes,1739,General,"Un joven llamado Yasmani Vilca Luján (25), que cazaba “chocas” en el Lago Titicaca, se destrozó dos dedos de la mano tras dispararse accidentalmente con la escopeta que usaba para su faena. El lamentable hecho, que casi le cuesta la vida, sucedió la mañana de ayer, cuando Vilca Luján y su primo se encontraban en una zona de totorales, dentro del lago mismo. Tras el incidente, el agraviado fue socorrido hasta un puerto improvisando en la comunidad de Uros Chulluni. Pese a que la familia del herido buscó atención en clínicas particulares, se supo que estos no contaban con especialistas para tratarlo, motivo por el cual lo trasladaron al hospital regional de Puno. En dicho nosocomio, a donde ingresó pasado el mediodía, los familiares no quisieron dar detalles, en un primer momento, de cómo resultó herido Vilca Luján. Sin embargo, cuando el agraviado era atendido, una de sus parientes se animó a contar lo sucedido. “Él estaba recogiendo una ‘choca’ que había cazado junto a su primo, fue entonces que la escopeta que cargaba en su pecho se disparó sola, porque creo chocó con el bote”, dijo la hermana del agraviado, precisando que el arma estaba cargada. Según los familiares, para cazar dichas aves, que son comestibles, el joven utilizaba perdigones. “Es costumbre; de vez en cuando vamos a varias islas en el lago, para cazar las ‘chocas’”, añadió el pariente que le había prestado una lanza a Vilca Luján. Además, este último precisó que ambos jóvenes no tenían previsto ir de casería. “No iban a ir, porque los domingos vamos a la iglesia, al culto; no sé por qué se animaron a ir a cazar”, dijo muy consternado. En horas de la tarde, Vilca Luján, que además se dedicaba a hacer balsas de totora, continuaba en el hospital.",2025-11-16T21:32:01.293813,2018-11-26T00:00:00,2025-11-16T21:32:01.776653,Los Andes,10466,,299,"Un joven llamado Yasmani Vilca Luján (25), que cazaba “chocas” en el Lago Titicaca, se destrozó dos dedos de la mano tras dispararse accidentalmente con la escopeta que usaba para su faena. El lamentable hecho, que casi le cuesta la vida, sucedió la mañana de ayer, cuando Vilca Luján y su primo se encontraban en […]",,Joven se destrozó dedos al dispararse accidentalmente cuando cazaba “chocas”,https://losandes.com.pe/joven-se-destrozo-dedos-al-dispararse-accidentalmente-cuando-cazaba-chocas/?signup
Diario los Andes,1519,General,"Tras una semana del voraz incendio que se suscitó en la plaza San José de Juliaca, las heridas y cuestionamientos siguen haciéndose sentir por parte de la población y los interesados en el tema, que se dedican exclusivamente al sector comercio. Desde la plataforma comercial San José, la preocupación sigue latente, debido a que los comerciantes siguen instalados en los alrededores, lo que nuevamente podría impedir el ingreso de las unidades de emergencia en caso suceda otro desastre. Así lo manifestó el expresidente central de la plaza, Alejandro Paricahua Rosada, quien añadió que desde años anteriores habían anticipado que la plaza era una “bomba de tiempo” que podría sufrir incendios y otros. “Se les había hecho el alcance desde años anteriores, que la plaza estaba propensa a un incendio como el que sucedió y ahí están pues los resultados; felizmente no fue antes de la medianoche, cuando la plaza estaba abarrotada de gente”, acotó. Asimismo, mostró su preocupación porque nuevamente se volvieron a instalar los comerciantes en la zona afectada. Además, recordó que por años solicitaron que no se autorice la feria en el contorno; este año no fue la excepción. En otro momento, mencionó que por la falta de economía no se instaló un tanque contra incendios; en tanto, dijo que los responsables son los mismos comerciantes, por vender pirotécnicos y cerrar las vías; y también los vecinos, por permitir el comercio; y, desde luego, la municipalidad, por otorgar la autorización para el comercio en la zona.",2025-11-16T21:32:01.293813,2018-12-31T00:00:00,2025-11-16T21:32:01.775032,Los Andes,10465,,248,"Tras una semana del voraz incendio que se suscitó en la plaza San José de Juliaca, las heridas y cuestionamientos siguen haciéndose sentir por parte de la población y los interesados en el tema, que se dedican exclusivamente al sector comercio. Desde la plataforma comercial San José, la preocupación sigue latente, debido a que los […]",,San José continúa siendo un peligro,https://losandes.com.pe/san-jose-continua-siendo-un-peligro/?signup
Diario los Andes,1638,General,"Las imágenes de consejeros regionales en aparente estado de ebriedad durante el Pasacalle Regional 2025 han generado cuestionamientos, pero los involucrados han optado por restarles importancia. El presidente del Consejo Regional de Arequipa (CRA), Osías Ortiz, dijo que las bebidas ofrecidas durante la actividad fueron cortesía de delegaciones visitantes y parte de la organización del Gobierno Regional de Arequipa, señalando que no corresponde abrir una investigación a menos que así lo disponga la Comisión de Ética del consejo, encabezada por la Consejera Marleny Arminta, de la cual no obtuvimos sus declaraciones. Uno de los protagonistas del incidente, el consejero César Huamantuma, reconoció haberse excedido con el consumo de alcohol, aunque aseguró que no hubo faltas de respeto ni comportamientos indebidos. “Sí, estaba mareado, pero fue una fiesta. No insulté a nadie, me fui en taxi, no manejé y no cometí ninguna falta”, señaló. El consejero atribuyó su malestar a una mezcla de vino, pisco, chicha y demás licores y además afirmó que fue un exceso involuntario motivado por las muestras de afecto de las delegaciones que subían al palco a saludar. Incluso relató que manchó sus pantalones abriendo una cerveza en lata que le fue entregada, causando más crítica, luego de caerse de una silla, de la cual se rompió el respaldo al levantarse. Pese a las críticas, Huamantuma aseguró que el episodio no amerita sanción alguna contra él o sus compañeros del Consejo y se comprometió a moderarse en futuros eventos. “Prefiero que me cuestionen por haberme pasado de copas en una fiesta, y no por corrupción o coimas”, declaró.",2025-11-16T21:32:01.293813,2025-08-05T00:00:00,2025-11-16T21:32:01.770733,Los Andes,10464,,261,"Las imágenes de consejeros regionales en aparente estado de ebriedad durante el Pasacalle Regional 2025 han generado cuestionamientos, pero los involucrados han optado por restarles importancia. El presidente del Consejo Regional de Arequipa (CRA), Osías Ortiz, dijo que las bebidas ofrecidas durante la actividad fueron cortesía de delegaciones visitantes y parte de la organización del […]",,Consejeros de Arequipa minimizaron el pasarse de tragos en pasacalle,https://losandes.com.pe/consejeros-de-arequipa-minimizaron-el-pasarse-de-tragos-en-pasacalle/?signup
Diario los Andes,1335,General,"El consejero regional por Carabaya, Víctor Raúl Tacuri Idme, de la organización política Reforma y Honradez, impulsa la citación del procurador del Gobierno Regional de Puno, Gerardo Iván Zantalla Prieto, para que informe ante el Consejo Regional sobre las acciones realizadas en defensa de los intereses de la entidad. Tacuri presentó el 1 de julio de 2025 un oficio dirigido al presidente del Consejo Regional, Elvis Augusto Aliaga Payehuanca, recordando que, conforme a ley, los procuradores están obligados a rendir cuentas de manera trimestral ante dicho órgano. A la iniciativa se sumó el consejero Rolando Rivera Zeballos, lo que motivó que el pleno citara al procurador para el 24 de julio. Sin embargo, Zantalla no asistió, argumentando que debía atender audiencias judiciales y procesos contenciosos administrativos y laborales, y solicitó reprogramar su presentación. Hasta la fecha, el procurador no ha comparecido ante el Consejo Regional, cuyos integrantes esperan conocer resultados concretos y favorables de su gestión en la defensa legal del Gobierno Regional de Puno. La Procuraduría General del Estado (PGE) ha convocado a concurso para designar a los procuradores públicos, para asi implementar estas instancias en las instituciones del gobierno central, regional y en las municipalidades. Zantalla dejará el cargo.",2025-11-16T21:32:01.293813,2025-08-08T00:00:00,2025-11-16T21:32:01.768567,Los Andes,10463,,201,"El consejero regional por Carabaya, Víctor Raúl Tacuri Idme, de la organización política Reforma y Honradez, impulsa la citación del procurador del Gobierno Regional de Puno, Gerardo Iván Zantalla Prieto, para que informe ante el Consejo Regional sobre las acciones realizadas en defensa de los intereses de la entidad. EMPLAZAMIENTO Tacuri presentó el 1 de […]",,Puno: Consejero Tacuri Idme exige cuentas a procurador Gerardo Iván Zantalla,https://losandes.com.pe/puno-consejero-tacuri-idme-exige-cuentas-a-procurador-gerardo-ivan-zantalla/?signup
Diario los Andes,1656,General,"A pesar de que el teniente Robin Paul Lora Saavedra fue separado del mando formal del Grupo Terna tras el escándalo de los policías asaltantes, fuentes internas de la policía indican que se trata de un intocable dentro de esta institución y no sería nada raro que vuelva cuando haya pasado el escándalo. Todo esto, por sus “valiosos” servicios a los altos mandos y al régimen de Boluarte. La firma del teniente está en las hojas de registro de asistencia de los policías encarcelados por el asalto a una casa de Juliaca, y esto fue recogido por la fiscalía. Existen otros señalamientos muy serios, como el de una denuncia que alude su cargo dado el 14 de febrero del año 2024 a pesar de lo cual, el teniente se dio el lujo de desplazar a un capitán que estaba designado con Resolución Directoral para ocupar su cargo el 2025. Esta suerte se puede explicar por sus servicios al régimen. De acuerdo a expedientes fiscales, el 9 de enero del año 2023 el teniente PNP Robin Paul Lora Saavedra estaba al frente de 23 suboficiales del Grupo Terna, grupo clave para el trabajo de infiltración en la protesta, tal como documentó Los Andes. De hecho, la noche de esa infausta fecha, el teniente reportó que su unidad se ubicó en el Jirón Pumacahua de Juliaca, muy cerca del centro comercial Real Plaza que, esa noche, tuvo amago de incendio. El teniente también “se la jugó” el 21 de enero de ese año en Ilave cuando, junto a un grupo de efectivos, dispararon a la población civil y mataron a un hombre de 62 años. Sufrió una fractura en el maxilar inferior y fue trasladado vía aérea a Lima y fue felicitado por un ministro en persona. Todo un héroe para Boluarte.",2025-11-16T21:32:01.293813,2025-04-30T00:00:00,2025-11-16T21:32:01.767785,Los Andes,10462,,300,"A pesar de que el teniente Robin Paul Lora Saavedra fue separado del mando formal del Grupo Terna tras el escándalo de los policías asaltantes, fuentes internas de la policía indican que se trata de un intocable dentro de esta institución y no sería nada raro que vuelva cuando haya pasado el escándalo. Todo esto, […]",,San Román: el jefe intocable del Grupo Terna y sus servicios a Dina Boluarte,https://losandes.com.pe/san-roman-el-jefe-intocable-del-grupo-terna-y-sus-servicios-a-dina-boluarte/?signup
Diario los Andes,1848,General,"Luego de que dos hermanos fueran envenenados por su hermana mayor, perdiendo la vida uno de ellos, los familiares de estos revelaron una de las posibles causas que habrían orillado a la muchacha a tomar la atroz decisión que conmocionó a toda la población calcetera. Según contó Zenobia Apaza Calapuja, tía lejana de los infortunados menores de iniciales Mery C.L. (14), y José C.L. (10), ellos estudiaban en la institución educativa privada Sagrado Corazón de Jesús, ubicada en la segunda cuadra del jirón Lambayeque de la ciudad de Juliaca (San Román). Al parecer, la directora del plantel no comprendió la situación de los menores, ya que su padre había fallecido hace dos años y, lamentablemente, su progenitora murió el 24 de marzo pasado, quedando desamparados y bajo la tutela de su hermana mayor junto a otro pariente lejano. Tras el fallecimiento de su madre, los menores empezaron a tener carencias económicas, afectándose seriamente su situación escolar, al no poder cubrir los gastos necesarios para el pago de las mensualidades. Asimismo, indicaron que la hermana mayor, que también culminó sus estudios en la referida institución, antes del lamentable hecho, había hablado con la directora del plantel para que pudiera reducir los costos de los pagos, o en todo caso darle un tiempo para conseguir el dinero, pero solo obtuvo un descuento de 10 soles. Totalmente indignada, Zenobia Apaza pidió que investiguen al colegio por la poca comprensión hacia los menores. “Son niños huérfanos, no tienen plata, pero esa institución fue muy injusta con ellos. No les dejaban dar exámenes. Debieron ponerse la mano al pecho”, finalizó. Al no poder solventar los gastos económicos, la hermana mayor de los infortunados púberes habría decidido acabar con la vida de estos. El caso viene siendo investigado a profundidad por el Ministerio Público.",2025-11-16T21:32:01.293813,2018-11-29T00:00:00,2025-11-16T21:32:01.765995,Los Andes,10461,,298,"Luego de que dos hermanos fueran envenenados por su hermana mayor, perdiendo la vida uno de ellos, los familiares de estos revelaron una de las posibles causas que habrían orillado a la muchacha a tomar la atroz decisión que conmocionó a toda la población calcetera. Según contó Zenobia Apaza Calapuja, tía lejana de los infortunados […]",,Joven envenenó a sus hermanos por carencia económica,https://losandes.com.pe/joven-enveneno-a-sus-hermanos-por-carencia-economica/?signup
Diario los Andes,201,General,"Diario referente del sur del Perú, espacio de reflexión sobre el desarrollo humano y su relación con el medio ambiente, la sociedad y la economía © 2024 Diario los Andes. Todos los derechos reservados.",2025-11-16T21:32:01.293813,2025-09-25T00:00:00,2025-11-16T21:32:01.765296,Los Andes,10460,,34,"Diario referente del sur del Perú, espacio de reflexión sobre el desarrollo humano y su relación con el medio ambiente, la sociedad y la economía © 2024 Diario los Andes",,PUNO: Diario Los Andes 25/09/2025,https://losandes.com.pe/puno-diario-los-andes-25-09-2025/?signup
Diario los Andes,804,General,"Cercado. La querella por difamación que presentó el vicegobernador Walter Gutiérrez Cueva contra el gobernador regional de Arequipa, no debe generar un retraso en el desarrollo de la región, señaló el alcalde provincial Omar Candia Aguilar. El burgomaestre arequipeño no quiso opinar más respecto a esta situación y solo la calificó como “un conflicto personal”. Además, Candia Aguilar remarcó que ahora se debe apoyar a la actual gestión regional para que se hagan tangibles los proyectos de desarrollo. Como se recuerda, Gutiérrez Cueva presentó dicha denuncia el viernes 5 de abril. Días atrás, Elmer Cáceres dejó entrever que el vicegobernador quería matarlo y le dijo ocioso. Por ello, Gutiérrez pide que lo sentencien con 18 meses en prisión y que le pague una reparación civil de S/1 millón. (BCZ)",2025-11-16T21:32:01.293813,2019-04-08T00:00:00,2025-11-16T21:32:01.761267,Los Andes,10459,,129,"Cercado. La querella por difamación que presentó el vicegobernador Walter Gutiérrez Cueva contra el gobernador regional de Arequipa, no debe generar un retraso en el desarrollo de la región, señaló el alcalde provincial Omar Candia Aguilar. El burgomaestre arequipeño no quiso opinar más respecto a esta situación y solo la calificó como “un conflicto personal”. […]",,“Querella es un conflicto personal”,https://losandes.com.pe/querella-es-un-conflicto-personal/?signup
Diario los Andes,1184,General,"Un minibús que transportaba 12 pasajeros, en su mayoría pobladores del distrito de Capachica, volcó aparatosamente cuando iba por la trocha carrozable Capachica – Ccotos. El accidente de tránsito ocurrió aproximadamente a las 10:00 horas de ayer. Pese a que el accidente aún es materia de investigación, las primeras hipótesis indicarían que todo ocurrió por fallas mecánicas. Debido a ello, Andrés Parillo Flores (54), conductor del minibús de placa X4E-953, habría perdido el control. Al lugar acudió gran cantidad de moradores, quienes tras ayudar a salir a los ocupantes del minibús que había quedado entre las enormes rocas, subieron a algunos de los heridos a bordo de vehículos, a fin de trasladarlos hasta el centro de salud de Capachica. En horas de la tarde, tres heridos que estaban en el Centro de Salud de Capachica fueron referidos, a bordo de patrulleros de la comisaría del lugar, hasta el área de emergencias del hospital regional Manuel Núñez Butrón de Puno. “No están tan graves, solo tienes policontusiones”, dijo uno de los especialistas de turno, que además precisó que estos venían siendo atendidos con el seguro contra accidente de tránsito (SOAT) del minibús.",2025-11-16T21:32:01.293813,2018-11-26T00:00:00,2025-11-16T21:32:01.755219,Los Andes,10458,,191,"Un minibús que transportaba 12 pasajeros, en su mayoría pobladores del distrito de Capachica, volcó aparatosamente cuando iba por la trocha carrozable Capachica – Ccotos. El accidente de tránsito ocurrió aproximadamente a las 10:00 horas de ayer. Pese a que el accidente aún es materia de investigación, las primeras hipótesis indicarían que todo ocurrió por […]",,Minibús vuelca y deja 12 personas heridas,https://losandes.com.pe/minibus-vuelca-y-deja-12-personas-heridas/?signup
Diario los Andes,1720,General,"Varón que ultrajó por cinco años a su sobrina de 8 años de edad, fue sentenciado a 30 años de cárcel en el penal de varones de Socabaya. Johnny Lee Anchayhua Choque (32), tío de la menor agraviada, deberá pagar una reparación civil de 10 mil soles a favor de la víctima. El segundo Colegiado Supraprovincial Penal de la Corte de Justicia de Arequipa (CSJA), integrado por los jueces René Castro Figueroa, Percy Chalco Callo y David Mendiguir Peralta fueron los encargados del dictamen. Los magistrados lograron corroborar que la niña fue abusada sexualmente por el hermano de su mamá, en su vivienda ubicada en el sector de Cerro Juli, distrito de José Luis Bustamante y Rivero. Según los datos proporcionados, el varón que convivía con la familia, abusó de la confianza otorgada, y dio rienda suelta a sus bajos instintos, mientras él y su sobrina se encontraban solos en la vivienda. Los padres indicaron que su hija se encontraba temerosa, debido a que era amenazada constantemente, esta fue la razón por la cual nunca llegó a contar los abusos a los que era sometida por su tío. Sin embargo, en 2018, la pequeña le contó a una de sus compañeras del colegio lo que le pasaba, inmediatamente su amiguita le dio aviso a la profesora, poniendo al descubierto el execrable hecho. Desde ese entonces, Anchayhua Choque, que se desempeñaba como docente de matemáticas, se encontraba requisitoriado por el Primer Juzgado de Investigación por el delito de violación sexual. La tarde del miércoles, 28 de marzo de 2018, los agentes de Requisitorias capturaron al sujeto, cuando salía de la vivienda de uno de sus familiares, en la avenida Chachani, de la asociación de vivienda Rafael Belaúnde, ubicada en el distrito de Cayma.",2025-11-16T21:32:01.293813,2019-04-06T00:00:00,2025-11-16T21:32:01.754614,Los Andes,10457,,292,"Varón que ultrajó por cinco años a su sobrina de 8 años de edad, fue sentenciado a 30 años de cárcel en el penal de varones de Socabaya. Johnny Lee Anchayhua Choque (32), tío de la menor agraviada, deberá pagar una reparación civil de 10 mil soles a favor de la víctima. El segundo Colegiado […]",,30 años de cárcel a violador,https://losandes.com.pe/30-anos-de-carcel-a-violador/?signup
Diario los Andes,526,General,"El consumo de alcohol y la excesiva velocidad en la que conducía Demetrio Canaza Roque (74), provocó que pierda el control de su moto lineal, despistándose cuando viajaba por las inmediaciones del jirón Ladislao con la avenida Modesto Borda, en la urbanización Niño Salvador. Como consecuencia del accidente, el imprudente septuagenario terminó con heridas en diferentes partes del cuerpo, por lo que fue conducido hasta el nosocomio calcetero. Cabe indicar que el incidente ocurrió cerca de las 15:00 horas del último sábado.",2025-11-16T21:32:01.293813,2018-11-20T00:00:00,2025-11-16T21:32:01.753766,Los Andes,10456,,82,"El consumo de alcohol y la excesiva velocidad en la que conducía Demetrio Canaza Roque (74), provocó que pierda el control de su moto lineal, despistándose cuando viajaba por las inmediaciones del jirón Ladislao con la avenida Modesto Borda, en la urbanización Niño Salvador. Como consecuencia del accidente, el imprudente septuagenario terminó con heridas en […]",,Motociclista sufre despiste,https://losandes.com.pe/motociclista-sufre-despiste/?signup
Diario los Andes,1127,General,"La Fiscalía Penal Supraprovincial Especializada en Derechos Humanos e Interculturalidad representada por el fiscal adjunto, Christian Pérez Mendizabal, ha iniciado una investigación preliminar por el plazo de 60 días en contra de los que resulten responsables por la muerte del sargento Saúl Wilfredo Abendaño Quispe. Las diligencias comprenden la citación de no solo los familiares del fallecido sino también del personal médico que lo atendió y los altos mandos del cuartel militar Fuerte Pumacahua del distrito de Pomata: comandante del pelotón, Marco Antonio Laqui, el jefe de escuadrón de servicios Álvaro André Rímac, el teniente coronel, Cristian Reyes y el mayor, César Luis Aybar. Información de la Fiscalía refiere que, al día siguiente de ocurridos los hechos, es decir el pasado 6 de enero, se constituyeron en el recinto cuartelario para recabar videos de seguridad, además del resultado de la necropsia. La investigación se mantiene en reserva y la familia exige rigurosas pesquisas. Desde el Ejército se intenta deslindar todo tipo de responsabilidades, sin embargo la familia exige justicia para su ser querido.",2025-11-16T21:32:01.293813,2025-01-23T00:00:00,2025-11-16T21:32:01.751496,Los Andes,10455,,173,"Por: Los Andes La Fiscalía Penal Supraprovincial Especializada en Derechos Humanos e Interculturalidad representada por el fiscal adjunto, Christian Pérez Mendizabal, ha iniciado una investigación preliminar por el plazo de 60 días en contra de los que resulten responsables por la muerte del sargento Saúl Wilfredo Abendaño Quispe. Las diligencias comprenden la citación de no […]",,Puno: Fiscalía investiga muerte de soldado,https://losandes.com.pe/juliaca-fiscalia-investiga-muerte-de-soldado/?signup
Diario los Andes,784,General,"Puno. Un sujeto identificado como Héctor Quea Espinoza, de 43 años, falleció tras sufrir un ataque de epilepsia en su vivienda. El lamentable hecho ocurrió ayer al promediar las 07:30 horas en la Ciudad del Lago. Fueron los familiares del difunto quienes, tras hallar sin vida a Quea Espinoza en su vivienda ubicada en la avenida El Ejército 303, dieron parte a los efectivos de la Policía Nacional de la comisaría de Puno. Tras hacerse presentes en la vivienda, los agentes trasladaron e internaron el cadáver en la morgue del hospital regional de Puno. Fuentes cercanas a la policía contaron que el varón murió tras sufrir un ataque mortal de epilepsia. Asimismo, se supo que este venía siendo tratado por un especialista. Hasta ayer aún se desconocía del resultado de la necropsia.",2025-11-16T21:32:01.293813,2018-12-28T00:00:00,2025-11-16T21:32:01.746925,Los Andes,10454,,132,"Puno. Un sujeto identificado como Héctor Quea Espinoza, de 43 años, falleció tras sufrir un ataque de epilepsia en su vivienda. El lamentable hecho ocurrió ayer al promediar las 07:30 horas en la Ciudad del Lago. Fueron los familiares del difunto quienes, tras hallar sin vida a Quea Espinoza en su vivienda ubicada en la […]",,Varón muere tras ataque de epilepsia,https://losandes.com.pe/varon-muere-tras-ataque-de-epilepsia/?signup
Diario los Andes,937,General,"Con el objetivo de preservar y mejorar la calidad genética de los camélidos sudamericanos, se inauguró en Puno un moderno Laboratorio de Análisis de Fibra de Alpaca, el cual estará a cargo de la Gerencia Regional de Desarrollo Agrario. La iniciativa se concreta gracias a un convenio con el Programa de Desarrollo Productivo Agrario Rural (Agrorural) y representa un paso clave para el fortalecimiento técnico del sector alpaquero. El laboratorio está equipado con tecnología de punta para medir y analizar el diámetro de la fibra animal, información clave para seleccionar reproductores de alto valor genético. Esto permitirá posicionar los derivados de la fibra, como prendas de alta calidad, basándose en evidencia científica y no solo en criterios empíricos. Esta infraestructura forma parte del proyecto nacional de mejoramiento de servicios para incrementar el valor agregado primario de la fibra de alpaca en regiones altoandinas.",2025-11-16T21:32:01.293813,2025-08-02T00:00:00,2025-11-16T21:32:01.742905,Los Andes,10453,,143,"Con el objetivo de preservar y mejorar la calidad genética de los camélidos sudamericanos, se inauguró en Puno un moderno Laboratorio de Análisis de Fibra de Alpaca, el cual estará a cargo de la Gerencia Regional de Desarrollo Agrario. La iniciativa se concreta gracias a un convenio con el Programa de Desarrollo Productivo Agrario Rural […]",,Planta de análisis de fibra de alpaca en Puno,https://losandes.com.pe/planta-de-analisis-de-fibra-de-alpaca-en-puno/?signup
Diario los Andes,2629,General,"Las aguas pluviales continúan y continuarán generando zozobra en Juliaca, debido a su acumulación en las principales calles, a falta de un sistema de desemboque o drenaje. El pasado 03 de enero, se presentó una intensa precipitación pluvial, que dejó anegadas diversas avenidas y jirones. El barrio Túpac Amaru y el mercado homónimo que se ubica en la zona, fue el más afectado. Vecinos, visitantes, pobladores, dirigentes y otros, mostraron su completa indignación, pues más allá de generar de la suspensión de las actividades del comercio, se vieron afectados los productos que allí se expenden. Este panorama se muestra también en otras zonas de la ciudad: La plaza armas, Centro Comercial N° 2, Hospital Carlos Monge Medrano, Cono Sur, Aeropuerto, óvalo de la salida al Cusco y el distrito de San Miguel. En la gestión del expresidente Alan García Pérez (2006 – 2011), ya se hablaba del proyecto de drenaje pluvial, estimándose un presupuesto que finalmente fue modificado. Este mega proyecto sonó aún más en el gobierno de Ollanta Humala (2011 – 2015) y en la segunda gestión municipal (2011 – 2014) del extinto alcalde David Maximiliano Mamani Paricahua. En este periodo se había agilizado irregularmente la elaboración del expediente técnico y los trámites administrativos. Para setiembre del 2014 se había consumado todo e iniciado la obra a cargo del consorcio Uros (Aldesa – Grupo Civil) y la supervisión del consorcio Juliaca. Luego de algunos meses de trabajo, a mediados del mes del año 2015, se suspendió la obra por los serios cuestionamientos de los dirigentes y la población. Entre otras cosas, no se había entregado el total de los terrenos, y las dimensiones de los canales no eran los apropiados. Tras la interrupción se iniciaron procesos legales: arbitraje con el consorcio Uros, suspensión de contrato con la supervisora, investigación a cargo del Congreso de la República y el Ministerio Público. “Se ha cursado un documento a la defensoría el día 30 de noviembre. El doctor Jacinto Ticona (defensor del Pueblo) tiene conocimiento también que una comisión de dirigentes y pobladores van a viajar a la ciudad de Puno… ”, mencionó el presidente del comité fiscalización del drenaje, Raúl Huarecallo Ramos. Asimismo, denunció que existe una clara demora en el proceso que se sigue a las denuncias interpuestas contra funcionarios de la municipalidad, evidenciándose un claro manejo y desviación. Igualmente, denunció haber sido agredido por personas allegadas al exalcalde de la Municipalidad Provincial de San Román, Oswaldo Edwin Marín Quiro, tras sus declaraciones sobre el proyecto y las investigaciones.",2025-11-16T21:32:01.293813,2019-01-12T00:00:00,2025-11-16T21:32:01.742509,Los Andes,10452,"https://losandes.com.pe/file/wp-content/uploads/2019/01/juliaca-inundaciones2-1024x511.jpg, https://losandes.com.pe/file/wp-content/uploads/2019/01/juliaca-inundaciones3.jpg",419,"Las aguas pluviales continúan y continuarán generando zozobra en Juliaca, debido a su acumulación en las principales calles, a falta de un sistema de desemboque o drenaje. El pasado 03 de enero, se presentó una intensa precipitación pluvial, que dejó anegadas diversas avenidas y jirones. El barrio Túpac Amaru y el mercado homónimo que se […]",,Aguas pluviales amenazan la tranquilidad de la ciudad,https://losandes.com.pe/aguas-pluviales-amenazan-la-tranquilidad-de-la-ciudad/?signup
Diario los Andes,820,General,"Juliaca. Los casos de violencia familiar en la ciudad de Juliaca son de nunca acabar. Esta vez unos agentes policiales de la comisaría de Juliaca, lograron detener a dos sujetos quienes fueron acusados por sus parejas de haberlas agredido física y psicológicamente durante la noche del miércoles. El primero de los casos se registró cerca de las 19:00 horas de aquel día, en circunstancias que Erika Bonilla Santiago (21), mantenía una discusión con Julián Quispe Palomino (30), pero este último finalmente habría llegado a agredirla. Un caso similar se suscitó en el jirón Villa San Junio de Juliaca, en donde Vidal Mamani Puma (26), fue sindicado por su propia conviviente de nombre Verusca Ticona Chura (25), de haberla agredido en el interior de su domicilio quienes fueron trasladados hasta la dependencia policial.",2025-11-16T21:32:01.293813,2018-12-15T00:00:00,2025-11-16T21:32:01.742092,Los Andes,10451,,132,"Juliaca. Los casos de violencia familiar en la ciudad de Juliaca son de nunca acabar. Esta vez unos agentes policiales de la comisaría de Juliaca, lograron detener a dos sujetos quienes fueron acusados por sus parejas de haberlas agredido física y psicológicamente durante la noche del miércoles. El primero de los casos se registró cerca […]",,Detienen a dos sujetos por violencia familiar,https://losandes.com.pe/detienen-a-dos-sujetos-por-violencia-familiar/?signup
Diario los Andes,1732,General,"El alcalde provincial de Caravelí, Roberto Soto Riveros, calificó como “urgente” la instalación de una mesa de diálogo directa entre autoridades del Ejecutivo, el Congreso y los representantes de los mineros artesanales que mantienen bloqueadas las carreteras. El burgomaestre lamentó las “posiciones radicalizadas y ajenas al diálogo” que, según dijo, están adoptando la presidenta Dina Boluarte y el gobernador regional de Arequipa, Rohel Sánchez, frente a las demandas del sector minero. Planteó que esta mesa se realice “en el terreno mismo del conflicto”, para abordar de forma realista las demandas y así evitar que la situación escale en violencia. “Queremos evitar derramamientos de sangre como los que ocurrieron en diciembre de 2022 o junio del mismo año. Es momento de sentarse a conversar porque cuando en nuestra historia ha corrido sangre, incluso quienes tuvieron el poder terminaron pagando un alto costo”, advirtió. La medida de fuerza, protagonizada por mineros informales que exigen la ampliación del Reinfo, afecta directamente a la carretera Panamericana Sur, principalmente en los sectores de Ocoña en Camaná y Chala en Caravelí. Según la Asociación de Empresas de Transporte Terrestre, más de 20 mil pasajeros diarios y unos 500 buses se ven perjudicados, generando pérdidas y desabastecimiento. La situación es crítica en Chala, donde 25 mil pobladores dependen de cisternas para acceder al agua potable. Los bloqueos dificultan el ingreso de las 14 cisternas que abastecen la localidad, encareciendo el precio del agua, que ya se sitúa en S/ 35 por metro cúbico, el más alto del país. Mientras tanto, en Ocoña, la presencia masiva de manifestantes triplicó la población local, generando escasez de alimento.",2025-11-16T21:32:01.293813,2025-07-09T00:00:00,2025-11-16T21:32:01.740025,Los Andes,10450,,268,"El alcalde provincial de Caravelí, Roberto Soto Riveros, calificó como “urgente” la instalación de una mesa de diálogo directa entre autoridades del Ejecutivo, el Congreso y los representantes de los mineros artesanales que mantienen bloqueadas las carreteras. El burgomaestre lamentó las “posiciones radicalizadas y ajenas al diálogo” que, según dijo, están adoptando la presidenta Dina […]",,Arequipa: Exigen diálogo para frenar protestas mineras,https://losandes.com.pe/arequipa-exigen-dialogo-para-frenar-protestas-mineras/?signup
Diario los Andes,1604,General,"Los Andes pudo acceder a la resolución dos que concede una medida cautelar respecto al terreno Campamento Taparachi ofrecido para el COAR Puno y, en consulta con especialista, confirmó que nisiquiera se podrá elaborar un perfil mientras esté en pie la orden judicial. En dicho documento, el juez Guido Chevarría Tisnado ordena: “ abstenerse de efectuar cualquier acto juridico, administrativo y material que altere dicha situación (posesión de parte del sindicato de trabajadores de la DIRTRA). “Para el adecuado desarrollo del proyecto, Richard Hancco debe solicitar el cambio de localización aduciendo la medida cautelar para no retrasar el proyecto. Ahora si él quiere y decidió que sea Juliaca, pues no va ser nada, y con esto el proyecto del COAR queda paralizado hasta la finalización del juicio, no se podrá hacer el perfil ni el expediente técnico”, indicó un especialista en proyectos consultado por Los Andes. Se debe explicar que la medida cautelar es la orden de dejar las cosas como están, mientras se resuelva el asunto de fondo es decir, la supuesta falsificación de la resolución directoral que transfiere el terreno al Ministerio de Educación. En la resolución se especifica que existe el peligro de que el terreno se use para la construcción del COAR y con, ello sea imposible cumplir con el resultado del juicio. Ese proceso nos indica que por lo menos dura cuatro años y se puede extender superando la década con las apelaciones. Es decir, el proyecto judicial está en un callejón sin salida, a no ser que el gobernador regional Richard Hancco tome la decisión de cambiar la locación.",2025-11-16T21:32:01.293813,2025-06-03T00:00:00,2025-11-16T21:32:01.735259,Los Andes,10449,,265,"Los Andes pudo acceder a la resolución dos que concede una medida cautelar respecto al terreno Campamento Taparachi ofrecido para el COAR Puno y, en consulta con especialista, confirmó que nisiquiera se podrá elaborar un perfil mientras esté en pie la orden judicial. En dicho documento, el juez Guido Chevarría Tisnado ordena: “ abstenerse de […]",,El COAR Juliaca está en un callejón sin salida por juicio,https://losandes.com.pe/el-coar-juliaca-esta-en-un-callejon-sin-salida-por-juicio/?signup
Diario los Andes,945,General,"El delantero nacional Paolo Guerrero esta habilitado para debutar con la camiseta del brasileño Inter de Porto Alegre, tras cumplir una sanción de la FIFA por dopaje de 14 meses. Asi lo confirmó el entrenador del Inter, Odair Hellman, que lo tendrá en cuenta este sábado en el choque de vuelta por las semifinales del Campeonato Gaúcho ante Caxias en el estadio Beira Rio, en Porto Alegre. «El estreno de Paolo Guerrero será este sábado, ya está liberado», dijo a la prensa Hellman en el Beira Rio. «Él, ciertamente, estará en el campo», agregó el entrenador. El técnico de la selección de Perú, el argentino Ricardo Gareca, también estará en el estadio, urgido de un artillero para su combinado. El histórico goleador de la selección peruana, con 35 anotaciones, aseguró que se halla «listo para regresar y dar lo mejor de mí» luego de permanecer inactivo desde agosto pasado, cuando la FIFA amplió a 14 meses una sanción inicial de seis meses.",2025-11-16T21:32:01.293813,2019-04-06T00:00:00,2025-11-16T21:32:01.732686,Los Andes,10448,,162,"El delantero nacional Paolo Guerrero esta habilitado para debutar con la camiseta del brasileño Inter de Porto Alegre, tras cumplir una sanción de la FIFA por dopaje de 14 meses. Asi lo confirmó el entrenador del Inter, Odair Hellman, que lo tendrá en cuenta este sábado en el choque de vuelta por las semifinales del Campeonato Gaúcho ante […]",,Guerrero podría debutar con la camiseta del Inter,https://losandes.com.pe/guerrero-podria-debutar-con-la-camiseta-del-inter/?signup
Diario los Andes,1610,General,"¿Robo o ajuste de cuentas? Gerónimo Flores Clares, de 52 años, excandidato a la alcaldía del distrito de Copani (Yunguyo) por el partido Acción Popular, pasó el susto de su vida al ser brutalmente golpeado y maniatado de pies a cabeza, en su propio domicilio, por cuatro sujetos encapuchados, en torno a las 4:00 horas de ayer. Según fuentes de la comisaría PNP de Yunguyo, cuatro sujetos con los rostros cubiertos y provistos de armas de fuego, irrumpieron en la vivienda del excandidato, la cual se ubica en el jirón Zepita 1520, del barrio Alto la Florida de la ciudad de Yunguyo. En dicho inmueble, los inescrupulosos sujetos tocaron insistentemente la puerta, haciendo que Flores Clares acuda a ver quién era. Sin embargo, una vez que abrió la puerta, fue rápidamente reducido por los ladrones, quienes tras golpearlo lo amarraron de amarraron de pies y manos. Seguidamente, le exigieron que entregue todo el dinero que tenía; no obstante, el excandidato en ese momento emitió gritos de auxilio, los cuales fueron escuchados por su esposa, Bertha Verónica Flores Yujra, quien inmediatamente comunicó del hecho a los policías del sector. Cuando los agentes llegaron, los ladrones ya habían huido en dos vehículos con rumbo desconocido. En tanto, el agraviado aún continuaba amarrado dentro de su habitación. Según dijo la familia, los ladrones querían llevarse el dinero que tenía el excandidato producto de la venta de combustible en su grifo “Flores”, ubicado a la salida del distrito de Copani. El caso aún viene siendo investigado por las autoridades, quienes no descartan un posible ajuste de cuentas.",2025-11-16T21:32:01.293813,2018-12-21T00:00:00,2025-11-16T21:32:01.729390,Los Andes,10447,,263,"¿Robo o ajuste de cuentas? Gerónimo Flores Clares, de 52 años, excandidato a la alcaldía del distrito de Copani (Yunguyo) por el partido Acción Popular, pasó el susto de su vida al ser brutalmente golpeado y maniatado de pies a cabeza, en su propio domicilio, por cuatro sujetos encapuchados, en torno a las 4:00 horas […]",,Excandidato recibió brutal golpiza,https://losandes.com.pe/excandidato-recibio-brutal-golpiza/?signup
Diario los Andes,945,General,"Los vecinos y comerciantes del pasaje peatonal Moquegua de Juliaca solicitaron la intervención de las autoridades ante el descontrol y caos que se genera durante los carnavales. La situación se volvió preocupante luego de que una adolescente fuera atropellada por un vehículo mientras intentaba escapar de quienes le arrojaban agua y espuma. César Camargo indicó que algunos propietarios de tiendas venden globos rellenos con agua, espuma, polvos y otros artículos para jugar carnavales. Además, señaló que incluso utilizan el agua de lluvia para estos juegos, lo que incrementa el desorden en la zona. Los vecinos denunciaron que estas personas no respetan a nadie, desatando verdaderas batallas campales. Entre los más afectados están quienes esperan transporte en los paraderos, donde pasajeros, choferes y cobradores son atacados con agua y espuma sin su consentimiento. Camargo advirtió que, bajo la excusa de jugar carnavales, se delinque.",2025-11-16T21:32:01.293813,2025-03-04T00:00:00,2025-11-16T21:32:01.728560,Los Andes,10446,,143,Escribe: Zenaida Zea Los vecinos y comerciantes del pasaje peatonal Moquegua de Juliaca solicitaron la intervención de las autoridades ante el descontrol y caos que se genera durante los carnavales. La situación se volvió preocupante luego de que una adolescente fuera atropellada por un vehículo mientras intentaba escapar de quienes le arrojaban agua y espuma. […],,Inseguridad en las calles de Juliaca,https://losandes.com.pe/inseguridad-en-las-calles-de-juliaca/?signup
Diario los Andes,1602,General,"Escribe: J. Carlos Flores Vargas Fuentes del diario Los Andes advirtieron de un desfase tremendo entre la ejecución financiera y la ejecucíón física del proyecto de construcción del hospital Lucio Aldazábal Pauca de Huancané. Verificando en el reporte de seguimiendo de la inversión se encuentra que el devengado acumulado hasta abril de este año suma un total de S/ 69 milllones 841 mil. Dicha cifra equivale al 35.9 % del total de presupuesto que as ciende a un total de S/ 194 millones 450 mil (aumentaron unos S/ 20 millones). En tanto el avance físico reportado hasta fines de marzo arroja que se tiene un avance físico de solo el 6.63 % del proyecto. En el contrato figura que el gobierno regional solo puede dar un adelanto directo del 10 % del contrato mientras que se puede dar un adelanto de, hasta el 15 % para compra de materiales e insumos. Lo que también llama la atención es que la obra comenzó a fines del año 2023, pero recién este 20 de enero del 2025 se firmó el contrato con la ampresa supervisora, Consorcio Supervisor Alpha. Antes de esto, se convocaron cinco procesos para la selección de una empresa supervisora y todas fallaron. Es decir, la obra tiene poco más de tres meses con supervisión adecuada para su envergadura. En ediciones anteriores Diario Los Andes advirtió que el proyecto tiene seis ampliaciones de plazo aprobadas, es decir, prácticamente una por cada 1 % de avance y la culminación estimada de la obra se trasladó del 2025 al 2027. El proyecto ya pasó por un arbitraje del que no informó el gobierno regional. Dicho arbitraje sumó medio millón al presupuesto.",2025-11-16T21:32:01.293813,2025-04-16T00:00:00,2025-11-16T21:32:01.723065,Los Andes,10445,,279,Escribe: J. Carlos Flores Vargas Fuentes del diario Los Andes advirtieron de un desfase tremendo entre la ejecución financiera y la ejecucíón física del proyecto de construcción del hospital Lucio Aldazábal Pauca de Huancané. Verificando en el reporte de seguimiendo de la inversión se encuentra que el devengado acumulado hasta abril de este año suma […],,Hospital de Huancané: avance de 6 % pero pagan S/ 70 mllns.,https://losandes.com.pe/hospital-de-huancane-avance-de-6-pero-pagan-s-70-mllns/?signup
Diario los Andes,1034,General,"Luego de que se diera a conocer la recuperación de una camioneta robada en una vivienda de la urbanización Juan El Bueno, en la salida a Puno de la ciudad de Juliaca, el padre de uno de los jóvenes involucrados, Jaime Miranda, salió a los medios de comunicación para referir que el inmueble fue alquilado por su hijo días antes. Explicó que su hijo puso en alquiler el primer piso de su casa a través de las redes sociales y dijo que él no reside ahí; posteriormente, el día domingo, habría concretado el arrendamiento por cinco o seis días tras entregar un adelanto, pero sin formalizar un contrato. “El lunes, mi hijo vio en las noticias la denuncia del robo de una camioneta, revisó la placa y se dio cuenta de que coincidía con la que estaba en la vivienda”, mencionó, y agregó que ello debe constar en los documentos de la investigación que actualmente llevan adelante la Policía y el Ministerio Público. Este hecho ha generado cuestionamientos debido a que familiares de la víctima aseguraron haber sido ellos los que alertaron.",2025-11-16T21:32:01.293813,2025-06-13T00:00:00,2025-11-16T21:32:01.721408,Los Andes,10444,,182,"Luego de que se diera a conocer la recuperación de una camioneta robada en una vivienda de la urbanización Juan El Bueno, en la salida a Puno de la ciudad de Juliaca, el padre de uno de los jóvenes involucrados, Jaime Miranda, salió a los medios de comunicación para referir que el inmueble fue alquilado […]",,San Román: Investigan el robo de una camioneta,https://losandes.com.pe/san-roman-investigan-el-robo-de-una-camioneta/?signup
Diario los Andes,1170,General,"El presidente de la Corte Superior de Justicia (CSJP) de Puno, Jovito Salazar Oré, estimó que en el Poder Judicial actualmente se tramitan alrededor de 46 mil procesos judiciales. “La producción procesal se ha incrementado significativamente en el presente año”, mencionó. De la misma manera, señaló que es difícil reducir la carga procesal, principalmente por la cantidad de expedientes que ingresan a diario a los despachos. “Lamentablemente, cuando se resuelven 70 expedientes ingresan más de 100 casos nuevos”, indicó Salazar Oré, al tiempo de recordar también que el día de la apertura del Año Judicial 2019 se darán detalles sobre la producción del Poder Judicial de Puno. De la misma forma, insistió en que las labores del Poder Judicial siempre son efectivas; sin embargo, aclaró que del 100% de litigantes solo un 50% se han mostrado satisfechos con la labor de los magistrados. Salazar Oré, además, consideró que la aceptación de la Corte Superior de Justicia debería ser medida en base a ese indicador. Cabe precisar que el último viernes se realizaron actividades con motivo de los 186 años de creación institucional de la Corte Superior de Justicia de Puno.",2025-11-16T21:32:01.293813,2018-12-24T00:00:00,2025-11-16T21:32:01.720595,Los Andes,10443,,190,"El presidente de la Corte Superior de Justicia (CSJP) de Puno, Jovito Salazar Oré, estimó que en el Poder Judicial actualmente se tramitan alrededor de 46 mil procesos judiciales. “La producción procesal se ha incrementado significativamente en el presente año”, mencionó. De la misma manera, señaló que es difícil reducir la carga procesal, principalmente por […]",,Carga procesal se incrementó en el Poder Judicial,https://losandes.com.pe/carga-procesal-se-incremento-en-el-poder-judicial/?signup
Diario los Andes,1413,General,"La ‘Chinita del Amor’, Yarita Lizeth Yanarico Quispe, ahora desconoce por completo su incursión en el mundo de la política y dice que “la política es otro camino”. Esto en una reciente entrevista en un medio de comunicación capitalino emitido este 29 de octubre. “He recibido llamadas de varios partidos. Me invitaron a ser parte de su partido pero yo soy consciente de que la política es otro camino y yo esto en la música y lo mío es la música. Prefiero estar en el lugar donde a mi me gusta, donde me siento bien”, dijo cuando le interrogaron sobre la política. Cabe recordar que, meses atrás, se dio a conocer que Yarita Lizeth fue incluída como afiliada del partido político Ahora Nación desde noviembre del 2011 y figura como tal hasta la fecha. En septiembre dijo que iba a “anunciar algo importante”, pero no quedó clara su decisión. Con lo solicitados que están las personalidades puneñas, tratándose de una artista con miles de seguidores y siendo la única artista que apoyó las movilizaciones contra Dina Boluarte, la cantante estaba voceada para se candidata en un lugar importante de un partido político. “He recibido llamadas por varios partidos me invitaron para ser parte de su partido”, contó la cantante. Ahora Nación ganó por puesta de manos pero, hasta el momento, no pudo usar o sumar el capital político de Yarita a su favor y ella prácticamente se descartó como eventual candidata por Puno.",2025-11-16T21:32:01.293813,2025-11-04T00:00:00,2025-11-16T21:32:01.719315,Los Andes,10442,,243,"La ‘Chinita del Amor’, Yarita Lizeth Yanarico Quispe, ahora desconoce por completo su incursión en el mundo de la política y dice que “la política es otro camino”. Esto en una reciente entrevista en un medio de comunicación capitalino emitido este 29 de octubre. “He recibido llamadas de varios partidos. Me invitaron a ser parte […]",,Yarita Lizeth niega incursión en las elecciones 2026,https://losandes.com.pe/yarita-lizeth-niega-incursion-en-las-elecciones-2026/?signup
Diario los Andes,945,General,"Padres de familia de la Institución Educativa Inicial 951 de la urbanización Anexo San Isidro de Juliaca denuncian que Mario Lupe se niega a desocupar ambientes del plantel educativo. El ciudadano ocupa las instalaciones desde hace siete años tras un acuerdo de alquiler temporal por 100 soles mensuales. Los 18 estudiantes matriculados se ven afectados por la ocupación irregular de espacios destinados para comedor y cocina estudiantil. Mario Lupe y su pareja residen en las instalaciones ubicadas cerca del estadio San Isidro de la Ciudad de los Vientos. “Nos amenaza e indica que nosotros no somos nadie para desalojarlo y que a él le pertenece estos terrenos”, denunciaron los padres de familia sobre las intimidaciones del ocupante. La directora informó a la UGEL San Román sobre la problemática para recuperar los ambientes educativos. Las autoridades sugirieron agotar instancias de diálogo antes de proceder con medidas administrativas.",2025-11-16T21:32:01.293813,2025-09-05T00:00:00,2025-11-16T21:32:01.717966,Los Andes,10441,,146,Padres de familia de la Institución Educativa Inicial 951 de la urbanización Anexo San Isidro de Juliaca denuncian que Mario Lupe se niega a desocupar ambientes del plantel educativo. El ciudadano ocupa las instalaciones desde hace siete años tras un acuerdo de alquiler temporal por 100 soles mensuales. Los 18 estudiantes matriculados se ven afectados […],,Juliaca: Inquilino no quiere dejar “jardincito”,https://losandes.com.pe/juliaca-inquilino-no-quiere-dejar-jardincito/?signup
Diario los Andes,473,General,"La Dirección de Responsabilidad Social de la Universidad Nacional del Altiplano (UNA), a través del Oficio Circular N° 041-2018-D-DRS-UNAP, comunicó la suspensión del tradicional concurso de Sikuris Universitario. La actividad, que debía realizarse este 30 de noviembre, con la participación de las 35 Escuelas de la UNA, habría sido suspendida debido a la huelga que sostienen los docentes universitarios y la posible huelga indefinida de los trabajadores administrativos.",2025-11-16T21:32:01.293813,2018-11-20T00:00:00,2025-11-16T21:32:01.715663,Los Andes,10440,,68,"La Dirección de Responsabilidad Social de la Universidad Nacional del Altiplano (UNA), a través del Oficio Circular N° 041-2018-D-DRS-UNAP, comunicó la suspensión del tradicional concurso de Sikuris Universitario. La actividad, que debía realizarse este 30 de noviembre, con la participación de las 35 Escuelas de la UNA, habría sido suspendida debido a la huelga que […]",,Suspenden concurso de Sikuris,https://losandes.com.pe/suspenden-concurso-de-sikuris/?signup
Diario los Andes,201,General,"Diario referente del sur del Perú, espacio de reflexión sobre el desarrollo humano y su relación con el medio ambiente, la sociedad y la economía © 2024 Diario los Andes. Todos los derechos reservados.",2025-11-16T21:32:01.293813,2025-09-06T00:00:00,2025-11-16T21:32:01.714144,Los Andes,10439,,34,"Diario referente del sur del Perú, espacio de reflexión sobre el desarrollo humano y su relación con el medio ambiente, la sociedad y la economía © 2024 Diario los Andes",,PUNO: Diario Los Andes 06/09/2025,https://losandes.com.pe/puno-diario-los-andes-06-09-2025/?signup
Diario los Andes,1876,General,"El rescatista arequipeño se sumó al operativo para intentar encontrar a Félix Santos Choque, de Autodema, desparecido hace 10 días en el embalse cercano a Yanahuara. El especialista en rescates Eloy Cacya arribó a la represa Aguada Blanca en Arequipa para integrarse al operativo que busca a Félix Santos Choque, un trabajador de la Autoridad Autónoma de Majes (Autodema) reportado como desaparecido desde el 5 de noviembre. Eloy Cacya, conocido por su experiencia en zonas agrestes y por casos complejos como el de Ciro Castillo Rojo, lidera un equipo de seis rescatistas que ya ha comenzado a trabajar en el área. En su primer día realizaron un diagnóstico del terreno y del embalse para diseñar una estrategia eficiente de búsqueda que incluye tanto patrullaje en tierra como inmersiones en el agua. Félix Santos Choque laboraba para Autodema midiendo el caudal de ingreso y descarga de la represa Aguada Blanca, antes de su desaparición. El campamento del trabajador está a unos 150 metros de la presa, lo que complica la localización, dadas las dimensiones y profundidad de la laguna. Los familiares de Choque han exigido un refuerzo en las operaciones, piden más buzos y especialistas para aumentar la probabilidad de encontrar indicios bajo el agua. Hasta ahora, han protestado frente a las oficinas de Autodema para pedir transparencia y que muestren las grabaciones de las cámaras de vigilancia de la represa. Autodema, por su parte, contrató formalmente a Cacya para aportar su experiencia y capacidad técnica. Además, la entidad coordina activamente con la Policía Nacional y la Marina para ampliar el alcance del operativo. En paralelo, los equipos de búsqueda ya trabajan con drones, buzos y patrullas terrestres para cubrir la zona de manera integral. Cacya y su equipo pretenden mantener el ritmo hasta dar con alguna pista concreta sobre el paradero de Choque.",2025-11-16T21:32:01.293813,2025-11-15T00:00:00,2025-11-16T21:32:01.713272,Los Andes,10438,https://losandes.com.pe/wp-content/uploads/2025/11/image-13.png?wsr,303,"El rescatista arequipeño se sumó al operativo para intentar encontrar a Félix Santos Choque, de Autodema, desparecido hace 10 días en el embalse cercano a Yanahuara.",,AREQUIPA: Eloy Cacya se une a la búsqueda de Félix Santos Choque en Aguada Blanca,https://losandes.com.pe/arequipa-eloy-cacya-se-une-a-la-busqueda-de-felix-santos-choque-en-aguada-blanca/
Diario los Andes,773,General,"Una persona de la tercera edad identificada como Melchor Quispe Apaza (67), fue atropellado y dejado a su suerte, según indica el afectado cuando se disponía a cruzar la pista apareció una moto cadena de color azul con blanco a toda velocidad y lo atropelló dejándolo inconsciente por unos minutos, producto del accidente el anciano resultó con la pierna izquierda fracturada, cabe mencionar que la moto fugó del lugar. Los agentes de serenazgo se constituyeron al lugar para realizar los primeros auxilios luego ser trasladado hacia los servicios de emergencia del hospital Carlos Monge Medrano donde fue atendido. El hecho se suscitó el día de hoy miércoles al promediar las 7:30 horas por inmediaciones de la avenida Héroes del Pacífico cuadra 6 de la salida a Arequipa.",2025-11-16T21:32:01.293813,2018-11-14T00:00:00,2025-11-16T21:32:01.708686,Los Andes,10437,,127,"Una persona de la tercera edad identificada como Melchor Quispe Apaza (67), fue atropellado y dejado a su suerte, según indica el afectado cuando se disponía a cruzar la pista apareció una moto cadena de color azul con blanco a toda velocidad y lo atropelló dejándolo inconsciente por unos minutos, producto del accidente el anciano […]",,Moto atropella a persona de la tercera edad y se da a la fuga,https://losandes.com.pe/moto-atropella-a-persona-de-la-tercera-edad-y-se-da-a-la-fuga/?signup
Diario los Andes,758,General,"El último fin de semana, personal policial intervino la cuestionada discoteca Pentágono, a fin de clausurarla, ya que no contaría con el permiso correspondiente; sin embargo, los funcionarios de la Municipalidad Provincial de Puno brillaron por su ausencia para concretar tal propósito. Graciela Quispe, subgerente de Actividades Económicas, quien fue la única funcionaria que se hizo presente en el lugar, manifestó en un primer momento que se iba a hacer el decomiso total de las debidas alcohólicas, pero que ello nunca llegó a realizarse. “El local tiene su certificado de Defensa Civil, y algunos otros documentos: nosotros no hacemos la clausura, el encargado es el gerente general del municipio”, dijo la funcionaria cuando realizada la fiscalización.",2025-11-16T21:32:01.293813,2018-11-19T00:00:00,2025-11-16T21:32:01.705652,Los Andes,10436,,116,"El último fin de semana, personal policial intervino la cuestionada discoteca Pentágono, a fin de clausurarla, ya que no contaría con el permiso correspondiente; sin embargo, los funcionarios de la Municipalidad Provincial de Puno brillaron por su ausencia para concretar tal propósito. Graciela Quispe, subgerente de Actividades Económicas, quien fue la única funcionaria que se […]",,Municipio de Puno ausente en operativo de clausura del ‘Pentágono’,https://losandes.com.pe/municipio-de-puno-ausente-en-operativo-de-clausura-del-pentagono/?signup
Diario los Andes,1523,General,"En la tradicional entrada de Ccapo organizada por la Municipalidad Distrital de Cayma, se reconocerá y rendirá homenaje al dúo de los hermanos Dávalos, embajadores de la música y la cultura de Arequipa. La entrada de Ccapo, actividad que revalora la síntesis de la identidad arequipeña, para este año tendrá una característica especial con este homenaje, así lo informó el alcalde Juan Carlos Linares. Hay que precisar que, la tradicional actividad que partirá este jueves 14 de agosto del estadio La Tomilla al promediar las 13 horas con dirección a la Plaza de Armas de Arequipa como cada año es de tradición. Linares, sobre la tradicional entrada, sostuvo que, el objetivo es revalorar la identidad mostrando la cultura, costumbres típicas y gastronomía de Arequipa. En ese sentido, los caymeños como hace 44 años se trasladan portando las alegorías como la siembra y la cosecha, símbolo de la agricultura arequipeña, la picantería representante de la gastronomía ancestral arequipeña, entre otros. Asimismo se apreciará la leyenda de San Gil de Cayma, la entrada de ceras, la Fiesta de las Almas, las lecheritas montadas en sus burros, las pampeñas entregando el mote y la chicha al público, el gañán con la yunta de toros con su apero, entre otras estampas tradicionales. Esta estampa típica la rememora el municipio de Cayma desde el año 1981, siendo alcalde en ese entonces Miguel Ángel Cuadros Huallpa, quien con un grupo de trabajadores se dirigieron hacia las faldas del Chachani, desde donde extrajeron el ccapo.",2025-11-16T21:32:01.293813,2025-08-12T00:00:00,2025-11-16T21:32:01.701256,Los Andes,10435,,248,"En la tradicional entrada de Ccapo organizada por la Municipalidad Distrital de Cayma, se reconocerá y rendirá homenaje al dúo de los hermanos Dávalos, embajadores de la música y la cultura de Arequipa. La entrada de Ccapo, actividad que revalora la síntesis de la identidad arequipeña, para este año tendrá una característica especial con este […]",,Arequipa: Rendirán homenaje a los hermanos Dávalos,https://losandes.com.pe/arequipa-rendiran-homenaje-a-los-hermanos-davalos/?signup
Diario los Andes,228,General,"El Organismo de Evaluación y Fiscalización Ambiental (OEFA) detectó, por primera vez en el Perú, Organismos Vivos Modificados (OVM) o transgénicos en 25 campos de cultivo de maíz amarillo duro, en las regiones de Áncash y Piura.",2025-11-16T21:32:01.293813,2018-11-15T00:00:00,2025-11-16T21:32:01.696070,Los Andes,10434,,37,"El Organismo de Evaluación y Fiscalización Ambiental (OEFA) detectó, por primera vez en el Perú, Organismos Vivos Modificados (OVM) o transgénicos en 25 campos de cultivo de maíz amarillo duro, en las regiones de Áncash y Piura. Uno fue detectado en el sector Huamanchacate, distrito de Santa, provincia del Santa, departamento de Áncash; mientras que […]",,OEFA detecta primeros casos de transgénicos en sembríos de maíz amarillo en Áncash y Piura,https://losandes.com.pe/oefa-detecta-primeros-casos-de-transgenicos-en-sembrios-de-maiz-amarillo-en-ancash-y-piura/?signup
Diario los Andes,301,General,"Guarda mi nombre, correo electrónico y sitio web en este navegador para la próxima vez que comente. Diario referente del sur del Perú, espacio de reflexión sobre el desarrollo humano y su relación con el medio ambiente, la sociedad y la economía © 2024 Diario los Andes. Todos los derechos reservados.",2025-11-16T21:32:01.293813,2025-11-15T00:00:00,2025-11-16T21:32:01.695438,Los Andes,10433,,51,"Guarda mi nombre, correo electrónico y sitio web en este navegador para la próxima vez que comente",,AREQUIPA: Diario Los Andes 15/11/2025,https://losandes.com.pe/arequipa-diario-los-andes-15-11-2025/
Diario los Andes,2647,General,"Haciendo un análisis comparativo con otras regiones del sur del país, Puno ha sido la menos beneficiada respecto al presupuesto para el 2019, pese a su grandes recursos mineros, como el Litio y Uranio. Solo haciendo una comparación con el Gobierno Regional de Tacna, podemos notar que en el 2018 tenía 420 millones de presupuesto total, y que para el año 2019 el monto aumentó a 560 millones, es decir, 140 millones más, lo que representa el 33%. En el caso de Puno, en el año 2018 se contó con un presupuesto de mil 445 millones, mientras que para el presente año se prevé mil 600 millones de soles. Es decir, un incremento de 10,8%. En ese marco, los analistas cuestionaron las políticas de descentralización del gobierno de Martín Vizcarra, ya que del total de presupuesto que se invierte en el Perú, el gobierno nacional maneja el 73%; sin embargo, con las políticas de descentralización, se prevé un manejo del 70%. Es decir, destinará solo el 3% a los gobiernos subnacionales, en promedio. Según el destacado sociólogo Julio Condori Cerdán, los principales responsables de que se pierda el peso político en el Ejecutivo, principalmente en el Ministerio de Economía y Finanzas, son las autoridades regionales y los parlamentarios, quienes no hacen valer la voz de los puneños. “Mire, hay que ser francos, hay congresistas que dejan mucho que desear, no tienen la capacidad; además, se les ha cuestionado por ‘ene’ cosas, peor si nos referimos al gobernador regional”, expresó. PRESUPUESTO PARA LAS MUNICIPALIDADES Respecto al presupuesto con el que las nuevas autoridades iniciarán el 2019, cabe resaltar que seis municipios provinciales de la región arrancarán el año con altos montos. La Municipalidad de San Román es la que recibirá más dinero, seguida de Carabaya, Huancané, Crucero, Puno y El Collao. La comuna sanromina tiene 35 millones 251 mil 632 soles; Carabaya, 23 millones 753 mil 909 soles; Huancané, 15 millones de soles; luego le sigue Puno y El Collao, con 10 millones de soles. Respecto a la provincia de San Román, los proyectos con presupuesto son: construcción de pistas y veredas, con 7 millones de soles; el mejoramiento de la infraestructura para el servicio de recreación activa en el complejo deportivo Manuel A. Odría, con 5 millones de soles. Por otro lado, las municipalidades de Carabaya y Huancané obtuvieron un incremento de más del 300% en este último año, seguido por Sandia, que tiene 126% de crecimiento con un presupuesto inicial de 5 millones 219 mil 300 soles. La otra cara de la moneda la representan las municipalidades de Yunguyo, Moho y Lampa, ya que su presupuesto no supera los 2 millones de soles.",2025-11-16T21:32:01.293813,2019-01-01T00:00:00,2025-11-16T21:32:01.694831,Los Andes,10432,,444,"Haciendo un análisis comparativo con otras regiones del sur del país, Puno ha sido la menos beneficiada respecto al presupuesto para el 2019, pese a su grandes recursos mineros, como el Litio y Uranio. Solo haciendo una comparación con el Gobierno Regional de Tacna, podemos notar que en el 2018 tenía 420 millones de presupuesto […]",,Este es el presupuesto que tendrá la región en el 2019,https://losandes.com.pe/este-es-el-presupuesto-que-tendra-la-region-en-el-2019/?signup
Diario los Andes,1655,General,"El partido político Ahora Nación ya cuenta con una lista preliminar de candidatos para competir en las Elecciones Generales 2026 por la región Puno, según información difundida por el Tribunal Electoral Nacional de dicha organización política. Para el Senado, en el distrito electoral múltiple correspondiente a Puno, fueron presentados como precandidatos, Jorge Enrique Sotomayor Perales, Alejandrina Quispe Poma. En cuanto a la lista de diputados por Puno, los postulantes definidos hasta el momento son, Helard Bladimir Sonco Villanueva, Karin Mavel Castro Quilli, Mirella Shirley Camapaza Quispe, Juan José Espinoza Barrantes, Gleni Thaliz Rodrigo Mamani. Asimismo, el partido contará con un candidato adicional designado directamente por la organización política, conforme a sus normas internas. Ahora Nación es liderado por Alfonso López Chau, exrector de la Universidad Nacional de Ingeniería y actual precandidato presidencial. De acuerdo con el cronograma electoral interno del partido, las elecciones primarias abiertas se realizarán el 30 de noviembre, mientras que la elección mediante delegados está programada para el 7 de diciembre. Finalmente, las Elecciones Generales 2026 se desarrollarán el 12 de abril, fecha en la que los ciudadanos elegirán al próximo presidente de la República, así como a los nuevos senadores, diputados y parlamentarios andinos. Según fuentes del partido político han habido fricciones internas para determinar las candidaturas, pero al final tuvieron que tomar la decisión y ahora los antes referidos tienen la responsabilidad de llevar adelante la campaña del partido Ahora Nación que participa por primera vez.",2025-11-16T21:32:01.293813,2025-11-15T00:00:00,2025-11-16T21:32:01.692523,Los Andes,10431,,241,"El partido político Ahora Nación ya cuenta con una lista preliminar de candidatos para competir en las Elecciones Generales 2026 por la región Puno, según información difundida por el Tribunal Electoral Nacional de dicha organización política. Para el Senado, en el distrito electoral múltiple correspondiente a Puno, fueron presentados como precandidatos, Jorge Enrique Sotomayor Perales, […]",,Los candidatos de López Chau para senadores y diputados por Puno,https://losandes.com.pe/los-candidatos-de-lopez-chau-para-senadores-y-diputados-por-puno/?signup
Diario los Andes,2043,General,"El alcalde de la provincia de San Román, Óscar Cáceres Rodríguez, ha puesto toda la esperanza en el gobierno central para dotar de servicios básicos como el agua y alcantarillado, a urbanizaciones y sectores de los distritos de Juliaca y San Miguel, puesto que en la programación presupuestal 2025 de la municipalidad no se registra ningún proyecto de saneamiento. La Empresa Prestadora de Servicios de Saneamiento en su último informe daba a conocer que un 50 % de la población sanromina no contaba con el servicio de agua potable, pese a esta realidad, la Municipalidad Provincial de San Román no prioriza ejecutar algún proyecto para aliviar esta situación. Sin embargo, para el alcalde Óscar Cáceres son otras las prioridades conforme se puede observar en Consulta Amigable del Ministerio de Economía y Finanzas; Transportes es el sector con mayor asignación presupuestal con S/ 33 millones, le sigue Educación con una asignación de más de S/ 7 millones. En la tercera prioridad de la comuna sanromina, está Cultura y Deporte con S/ 1 millón 800 mil, seguido por Orden Público y Seguridad con S/ 1 millón 640 mil, Vivienda y Desarrollo Urbano con S/ 723 mil y cierra Planeamiento con S/ 300 mil. Tanta es la prioridad en el sector Transportes, que tiene programado ejecutar 30 proyectos de inversión pública en ese sector en este año, destacando el proyecto: “Mejoramiento Del Servicio De Movilidad Urbana En La Av. Independencia (Tramo Av.21 De Abril) de La Urbanización Anexo Horacio Zeballos Gámez del distrito de San Miguel, provincia de San Román, departamento de Puno”, con una asignación de S/7 millones. Respecto a seguridad ciudadana, que es uno de los más graves problemas en la ciudad de Juliaca, apenas tiene un solo proyecto: “Mejoramiento del servicio de seguridad ciudadana local en la zona urbana del distrito de Juliaca, con una asignación presupuestal de S/ 1 millón 640 mil. Atrás han quedado las promesas de proyectos grandes. El proyecto integral de agua y desagüe para Juliaca con mil millones sigue siendo un anhelo.",2025-11-16T21:32:01.293813,2025-01-07T00:00:00,2025-11-16T21:32:01.690390,Los Andes,10430,,337,"Por: Los Andes El alcalde de la provincia de San Román, Óscar Cáceres Rodríguez, ha puesto toda la esperanza en el gobierno central para dotar de servicios básicos como el agua y alcantarillado, a urbanizaciones y sectores de los distritos de Juliaca y San Miguel, puesto que en la programación presupuestal 2025 de la municipalidad […]",,San Román sin proyectos de saneamiento básico en 2025,https://losandes.com.pe/san-roman-sin-proyectos-de-saneamiento-basico-en-2025/?signup
Diario los Andes,645,General,"Por: J. Carlos Flores Puno. Agroideas lanzó la tercera convocatoria “Emprendimiento de la Mujer Rural e Indígena” (EEMRI 2024) para apoyar emprendimiento de mujeres rurales e indígenas. En ese marco, se destinan S/ 10 millones para subvenciones a organizaciones agrarias de mujeres. Las inscripciones se darán del 4 al 26 de marzo y los requisitos incluyen asociaciones de al menos 8 mujeres, personería jurídica, RUC activo y sin deudas coactivas y que pueden actuar en distintas líneas productivas. Están convocadas organizaciones dedicadas a la crianza de cuyes, alpacas, producción de leche, etc., excepto las que ya recibieron subvenciones.",2025-11-16T21:32:01.293813,2024-03-04T00:00:00,2025-11-16T21:32:01.689401,Los Andes,10429,,98,"Por: J. Carlos Flores Puno. Agroideas lanzó la tercera convocatoria “Emprendimiento de la Mujer Rural e Indígena” (EEMRI 2024) para apoyar emprendimiento de mujeres rurales e indígenas. En ese marco, se destinan S/ 10 millones para subvenciones a organizaciones agrarias de mujeres. Las inscripciones se darán del 4 al 26 de marzo y los requisitos […]",,Convocan a empresarias,https://losandes.com.pe/convocan-a-empresarias/?signup
Diario los Andes,3326,General,"Escribe: Jean Carlo Frisancho Durante la sesión ordinaria del Consejo Regional de Arequipa (CRA), programada para el martes 25 de febrero, se trataron dos puntos relacionados con dos gerentes regionales. En ambos casos, los hombres de confianza del gobernador Rohel Sánchez dejaron en claro que las interpelaciones y citaciones no son importantes para ellos. En primer lugar, se citó al gerente regional de Gestión del Riesgo de Desastres, José Luis Barrezueta, para que explique por qué la aprobación del Plan de Contingencia ante lluvias recién se realizó el 19 de febrero, cuando debió de hacerse en diciembre del 2024. Sin embargo, Barrezueta no asistió a la sesión. Por otro lado, se abordó la interpelación del gerente regional de Energía y Minas, Iván Prado, la cual fue aprobada. No obstante, durante la votación, el gerente en otro lugar señaló que el Consejo no tiene la facultad de interpelar o censurar a funcionarios. José Luis Barrezueta Reyes fue citado al Consejo Regional de Arequipa el 25 de febrero para explicar por qué el Plan de Contingencia ante lluvias y la posible llegada de El Niño 2025 recién fue aprobado la semana pasada, a pesar de haber sido presentado como proyecto en noviembre. Sin embargo, Barrezueta no asistió a la sesión, lo que generó molestias entre los consejeros. El plan, firmado por el gobernador Rohel Sánchez, tiene un presupuesto de 27,3 millones de soles, una cifra que algunos conside ran insuficiente en comparación con los 88 millones utilizados en 2024 para emergencias. Se esperaba que se detalle las acciones preventivas realizadas en 2024 y la respuesta a las emergencias actuales, pero su ausencia dejó varias dudas sobre el correcto manejo sobre el tema. Durante la sesión, se propuso someter a votación su interpelación, pero el oficialista presidente del Consejo, Osías Ortiz, decidió darle una nueva oportunidad y lo citó nuevamente para la próxima sesión, donde deberá responder sobre los puntos pendientes. Mientras el Consejo sesionaba, la página oficial de la Gerencia de Riesgos de Desastres publicó que Barrezueta se reunió con el congresista Jaime Quito. El CRA aprobó por unanimidad la interpelación a Iván Prado Barreto, tras cuestionamientos sobre su gestión. Los 14 consejeros presentes respaldaron la medida, acordaron que deberá responder 16 preguntas el jueves 6 de marzo a las 9:00 a. m. Las acusaciones incluyen presuntas irregularidades en concesiones mineras y fondos para la formalización de pequeños mineros, así como su visita a un prostíbulo de Chala el mismo día en un viaje de trabajo que tenía. Otro hecho polémico fue su retiro abrupto de una sesión de trabajo convocada por la Comisión de Energía y Minas del CRA, desairando a los consejeros. “Hablen con mi jefe (gobernador)”, expresó Prado aquella vez. El consejero Fernando Cornejo afirmó que la interpelación es una consecuencia natural de estos hechos y que Prado “debe dar la cara”. Prado dijo que el proceso de interpelación es inconstitucional, para lo cual Cornejo le recordó al funcionario que puede acudir al Poder Judicial si considera vulnerados sus derechos. Prado, por su parte, dijo que asistirá “si me notifican de manera correcta a través del sistema informático del GRA”. El GRA afirma que la interpelación y censura contraviene la Ley Orgánica de Gobiernos Regionales.",2025-11-16T21:32:01.293813,2025-02-26T00:00:00,2025-11-16T21:32:01.688575,Los Andes,10428,,536,"Escribe: Jean Carlo Frisancho Durante la sesión ordinaria del Consejo Regional de Arequipa (CRA), programada para el martes 25 de febrero, se trataron dos puntos relacionados con dos gerentes regionales. En ambos casos, los hombres de confianza del gobernador Rohel Sánchez dejaron en claro que las interpelaciones y citaciones no son importantes para ellos. En […]",,Gerentes del Gobierno Regional Arequipa se burlan de consejeros,https://losandes.com.pe/gerentes-del-gra-no-le-tienen-miedo-al-consejo/
Diario los Andes,1450,General,"La inestabilidad en la Gerencia Regional de Salud de Arequipa (Geresa) continúa. En un solo día, el 8 de agosto, el gerente de Salud, Walther Oporto, ejecutó tres cambios en directores de la Geresa: dos designaciones y la aceptación de una renuncia. Consultado por Los Andes, Oporto evitó dar detalles y se limitó a señalar que la institución cuenta con varios directores y que “siempre se estarían cambiando”, sin precisar los motivos. El cambio más sorpresivo fue la remoción del director de la Red de Salud Camaná-Caravelí José Antonio Llamosas Ampuero, oficializada mediante la Resolución N° 101-2024-GRA/GGR. Su salida llamó la atención, pues apenas un día antes había participado en la entrega de 22 ambulancias adquiridas por el Gobierno Regional, de las cuales cuatro fueron destinadas a su red. En su lugar fue designado Gustavo Quispe Quispe. También fue retirado de su cargo Fernando Salvador Málaga Chávez, director de la Dirección Ejecutiva de Salud Ambiental, a través de la Resolución N° 346-2024- GRA/GGR. Su puesto será asumido por la ingeniera Emiliana Aro Retamozo. Finalmente, se aceptó la renuncia de Jakeline Layza Borja, directora ejecutiva de Planeamiento y Desarrollo, quien ocupaba el cargo desde hace poco más de un año. Estos movimientos, suman 4 cambios en menos de 15 días en la gestión de julio a agosto de Oporto, que hasta el momento se ha caracterizado por rotaciones constantes en puestos del sector salud regional.",2025-11-16T21:32:01.293813,2025-08-14T00:00:00,2025-11-16T21:32:01.686967,Los Andes,10427,,234,"La inestabilidad en la Gerencia Regional de Salud de Arequipa (Geresa) continúa. En un solo día, el 8 de agosto, el gerente de Salud, Walther Oporto, ejecutó tres cambios en directores de la Geresa: dos designaciones y la aceptación de una renuncia. Consultado por Los Andes, Oporto evitó dar detalles y se limitó a señalar […]",,Arequipa: Oporto en un día realizó 3 cambios de directores,https://losandes.com.pe/arequipa-oporto-en-un-dia-realizo-3-cambios-de-directores/?signup
Diario los Andes,1533,General,"Por: J. Carlos Flores El ingeniero Jhon Cruz Calsina reveló que el Gobierno Regional de Puno (GRP) no registró un solo requerimiento de bienes o servicios para las obras en ejecución o recientemente iniciadas a lo largo de enero y la primera quincena de febrero de este año. Para él, ésta es una evidencia inequívoca de que el gobernador Richard Hancco no aprendió nada durante su primer año de gestión, por lo que augura un segundo año igual de gris que el 2023, con la diferencia de que se le acabó el “periodo de gracia”. Agregó que el hecho de no registrar un solo requerimiento equivale a tener 11 y no 12 meses de ejecución, además de poner en peligro de desabastecimiento las obras en ejecución. Según explicó, el requerimiento de materiales, por lo general, tarda un mes en concretarse; y cuando se requiere un proceso de selección, el proceso tarda hasta tres meses, es decir, si se solicitan los servicios de una maquinaria pesada en marzo, esta llegaría en mayo. Con esto, es inminente que los proyectos ejecutados por el GRP sufran retraso por falta de materiales o asistencia de maquinarias y otros problemas. Esto se puede comprender en el primer año, pero no en el segundo, indicó el ingeniero. En la aplicación Consulta Amigable, el avance presupuestal del GRP se estima en un 5.1 % al 4 de marzo, debido a la adquisición de equipos para el hospital Manuel Núñez Butrón y algunos proyectos pequeños. La esperanza para seguir maquillando las cifras de la gestión es el inicio del hospital Lucio Aldazábal, apuntó Cruz.",2025-11-16T21:32:01.293813,2024-03-05T00:00:00,2025-11-16T21:32:01.683255,Los Andes,10426,,266,"Por: J. Carlos Flores El ingeniero Jhon Cruz Calsina reveló que el Gobierno Regional de Puno (GRP) no registró un solo requerimiento de bienes o servicios para las obras en ejecución o recientemente iniciadas a lo largo de enero y la primera quincena de febrero de este año. Para él, ésta es una evidencia inequívoca […]",,“Richard Hancco no aprendió nada el 2023”,https://losandes.com.pe/richard-hancco-no-aprendio-nada-el-2023/?signup
Diario los Andes,2226,General,"Escribe: Javier Calderón Fiel a su espíritu solidario y compromiso social, el sábado 28 de diciembre, René Chipana Gallegos, un maestro emprendedor puneño, junto a su equipo, llevó momentos de alegría a unos 600 niños de los distritos de Cabana y Cabanillas en la provincia de San Román. A propósito de las fiestas navideñas el también promotor de la Institución Educativa Privada Thomas Cranmer, junto al municipio escolar se trasladaron hasta los lugares antes mencionados, con un solo propósito, compartir con los pequeños una chocolatada y regalarles juguetes que les permitan abrigar la esperanza de un futuro mejor. “Yo he sido un niño humilde, mi mamá se fue muy joven y desde aquel entonces forjé la ilusión de un día alcanzar mis objetivos y luego compartir con los que menos tienen y así lo vengo haciendo desde hace diez años”, comenta René en comunicación con Diario Los Andes. René siente que la vida ha sido grata con él y una manera de retribuirle es compartiendo con los que menos tienen. En este periplo, ha recorrido en los últimos años localidades como Chupa, Arapa, Samán, San Miguel, Caminaca, Mucra, Chingora. “El próximo año, segura mente llegaremos a lugares más alejados. El objetivo es compartir, a través de estas actividades les enseñamos a los niños de que en la vida no solo debemos acostumbrarnos a recibir, sino también a dar”, recalca. El promover estas actividades, le permite a René Chipana, llevar mensajes de superación a los más pequeños: “Todo es posible, con mucho esfuerzo podemos alcanzar nuestros sueños”, les comenta a los niños mientras comparten la chocolatada y en el parlante los villancicos amenizan la jornada. Tras la jornada y plenamente satisfecho, René reflexiona sobre el papel que cumplen los diferentes niveles de Gobierno. “Hay tareas pendientes sobre todo con la niñez, las brechas educativas son evidentes y no podemos considerar que todos tienen las mismas oportunidades sino se les da las condiciones adecuadas, en algunos casos no hay siquiera saneamiento básico, pero, no todo está perdido y ese es el mensaje que queremos llevar este y los años venideros, si la vida nos lo permite”, comenta. René Chipana es promotor de la institución educativa Thomas Cranmer.",2025-11-16T21:32:01.293813,2024-12-31T00:00:00,2025-11-16T21:32:01.681454,Los Andes,10425,"https://losandes.com.pe/wp-content/uploads/2024/12/Captura-de-pantalla-2024-12-31-081639-1.png, https://losandes.com.pe/wp-content/uploads/2024/12/Captura-de-pantalla-2024-12-31-081727.png",365,"Escribe: Javier Calderón Fiel a su espíritu solidario y compromiso social, el sábado 28 de diciembre, René Chipana Gallegos, un maestro emprendedor puneño, junto a su equipo, llevó momentos de alegría a unos 600 niños de los distritos de Cabana y Cabanillas en la provincia de San Román. A propósito de las fiestas navideñas el […]",,René Chipana: “No hay nada mejor que compartir con los niños”,https://losandes.com.pe/no-hay-nada-mejor-que-compartir-con-los-ninos/?signup
Diario los Andes,2312,General,"Con la participación de diversos conjuntos provenientes de las 11 provincias de la región Puno, ayer desde tempranas horas se realizó la tradicional entrada de Kapus, actividad patronal que marca el inicio de la Festividad de la Virgen de la Candelaria 2019, evento cultural que todos los años congrega a miles de fieles, que arriban a la Ciudad del Lago junto a turistas nacionales e internacionales. Como punto de inicio para la entrada de Kapus, se tomó el Arco Deustua, lugar a donde llegaron varias agrupaciones acompañadas de sus respectivas autoridades distritales, danzarines y músicos, quienes desde tempranas horas alistaron sus indumentarias para participar de esta actividad cultural en honor a la “Mamita”. Pasaban las horas y por un momento, la ausencia del gobernador regional Walter Aduviri se hizo notar para algunos de los asistentes; a pesar de ello, las actividades de iniciación de la Festividad, continuaron con la presencia del alcalde provincial de Puno, Martín Ticona, el prefecto regional, Wilber Apaza Díaz, alcaldes distritales y representantes de las instituciones como la Marina de Guerra, Ejército del Perú y la Policía Nacional del Perú. Todos ellos participaron de todo el ritual que se realiza con el afán de ‘pedir permiso’ a la Pachamama, para que en estos días festivos no ocurran desgracias. “Siempre tenemos que pedir permiso a la madre tierra, si no, nos puede castigar” refirió uno de los curanderos, durante la ceremonia. Seguidamente, las ofrendas tuvieron que ser incineradas y cerca del mediodía se degustó del delicioso almuerzo andino. Cerca de las 14:00 horas, inició lo que sería el gran desfile como parte de la entrada de Kapus, en donde los conjuntos recorrieron las principales arterias de la ciudad, haciendo su paso por el parque Pino, plaza de Armas y viceversa, para que finalmente puedan quemar toda la leña y arbustos secos que cargaron en sus espaldas. Ya en horas de la noche se dio paso a la procesión a la que asistieron cientos de devotos que repletaron la plaza de Armas a la espera de que la Virgen pueda ser guardada. Para hoy se tiene programada la Misa Solemne en honor a la Virgen de la Candelaria. Posteriormente, los conjuntos de traje de luces, serán los encargados de armar las alfombras para el paso de la “Mamita”, durante la procesión.",2025-11-16T21:32:01.293813,2019-02-02T00:00:00,2025-11-16T21:32:01.679844,Los Andes,10424,"https://losandes.com.pe/file/wp-content/uploads/2019/02/Candelaria-kapus-4-1024x683.jpg, https://losandes.com.pe/file/wp-content/uploads/2019/02/Candelaria-kapus-2-683x1024.jpg",383,"Con la participación de diversos conjuntos provenientes de las 11 provincias de la región Puno, ayer desde tempranas horas se realizó la tradicional entrada de Kapus, actividad patronal que marca el inicio de la Festividad de la Virgen de la Candelaria 2019, evento cultural que todos los años congrega a miles de fieles, que arriban […]",,"Candelaria: ¡Es una fiesta patronal, no un carnaval!",https://losandes.com.pe/es-una-fiesta-patronal-no-un-carnaval/?signup
Diario los Andes,1658,General,"El regidor de la Municipalidad Provincial de Puno, Arturo Mamani Pandia, informó que, tras una sesión del concejo municipal celebrada ayer por la mañana, se decidió declarar en emergencia el servicio de dotación de agua potable para la ciudad de Puno. Mamani Pandia detalló que la captación en Totorani, diseñada originalmente para extraer 30 litros por segundo, ha visto su capacidad reducida en un 60 %. Asimismo, la captación en Armayo, cuyo diseño permite captar 7 litros por segundo, actualmente solo llega a 1 litro por segundo. Por su parte, la captación en Chimu, que tiene una capacidad de 300 litros por segundo, requiere un ajuste en su ubicación para poder acceder al agua. El regidor precisó que esta declaratoria de emergencia está orientada principalmente a la ciudad de Puno, con un enfoque especial en la zona norte, que se encuentra en una situación de mayor vulnerabilidad. Por otro lado, el jefe de Senamhi Puno, Sixto Flores, advirtió que todos los ríos de la cuenca del lago Titicaca presentan niveles extremadamente bajos. Flores precisó que, desde agosto, las temperaturas diurnas han estado entre dos y tres grados por encima del promedio histórico, manteniéndose esta tendencia en adelante. Como consecuencia, el nivel del Lago Titicaca ha disminuido por evaporación. Hasta el momento, solo existe un proyecto elaborado por EMSA Puno para instalar nueva tubería de captación y mejorar los sistemas de monitoreo de la calidad del agua, que varió por la crisis hídrica reciente. Alto Puno, Alto Huáscar, y otros barrios del norte de la ciudad son los más afectados por la dotaciòn de agua potable limitada. Por: J.Carlos Flores Vargas",2025-11-16T21:32:01.293813,2024-11-16T00:00:00,2025-11-16T21:32:01.679507,Los Andes,10423,,270,"El regidor de la Municipalidad Provincial de Puno, Arturo Mamani Pandia, informó que, tras una sesión del concejo municipal celebrada ayer por la mañana, se decidió declarar en emergencia el servicio de dotación de agua potable para la ciudad de Puno. Mamani Pandia detalló que la captación en Totorani, diseñada originalmente para extraer 30 litros […]",,Puno: declaran en emergencia el servicio de agua potable,https://losandes.com.pe/declaran-en-emergencia-el-servicio-de-agua-potable/?signup
Diario los Andes,4746,General,"A pesar del incremento en dietas y presupuesto para fiscalización, el Consejo Regional de Puno destaca sobre todo por sus labores de representación y no por el escrutinio de todo cuanto hace el actual periodo de Gobierno. Escribe: Zenaida Zea Olivera A pesar del aumento en las dietas y el mayor presupuesto para fiscalización, el Consejo Regional de Puno enfrenta críticas por su baja productividad. La ciudadanía considera que estos fondos, además de sus viáticos para viajes, se están malgastando, lo que genera indignación. Este mal manejo ha aumentado la desconfianza pública. El 17 de febrero se aprobó el Acuerdo Regional N° 000016-2025, que establece un sueldo mensual de S/ 14 mil 300 para el gobernador de Puno, Richard Hancco Soncco. Además, se determinó que los 19 consejeros recibirán una dieta mensual equivalente al 30 % de la remuneración de la autoridad, es decir, S/ 4 mil 290 al mes, lo que suma S/ 51 mil 480 anuales. De acuerdo al balance semestral para el fortalecimiento de la función de fiscalización, también se les asignó más presupuesto para cumplir con su labor. Se les entregó certificaciones presupuestales por alquiler de camionetas, contrato de contadores, asistentes, ingenieros, especialistas en contrataciones, sistematizadores, materiales de escritorio y fotocopias. El resumen de la ejecución presupuestal periodo de junio a diciembre del 2024, da cuenta que del medio millón de soles anuales asignados para su función fiscalizadora, los consejeros gastaron el 49.01 % del presupuesto anual en ese periodo, equivalente a S/245 mil 048.80. Asimismo, según el resumen de emisión de constancias firmadas de las actividades de fiscalización en la sección ejecución del gasto y resultados de la fiscalización, se ejecutaron 234 actividades, de las cuales solo 177 tienen constancias firmadas por la ejecución del gasto. Al revisar los informes del balance semestral, llama la atención, por ejemplo, que el consejero por San Román, Percy Mamani Miranda, alquiló en varias ocasiones camionetas y solicitó otros servicios para cumplir con su labor fiscalizadora. Sin embargo, en cuanto a logros y conclusiones, principalmente señala que no se hallaron irregularidades. Para el expresidente de las Cuatro Zonas de Juliaca, Ántero Pimentel Esquivias, existe un despilfarro por parte de los consejeros, quienes no han mostrado productividad en su labor. “En Juliaca no se conoce el trabajo de ese señor Percy Mamani”, refirió el exdirigente. Pimentel Esquivias también cuestionó que Mamani haya estado ausente en la movilización por la defensa del Colegio de Alto Rendimiento (COAR) en Juliaca, realizada el último viernes. “Lo hemos declarado persona no grata”, afirmó. El líder social destacó que hay varias obras en abandono que requieren del seguimiento de los fiscalizadores. Puso como ejemplo los centros de salud Cono Sur y La Revolución, cuyos proyectos para sus nuevos locales están trabados. Una de las gollerías que se adjudicaron los consejeros fue a través del Acuerdo Regional N° 072-2024, que autorizó su viaje a España, junto con la vicegobernadora Margot de la Riva, para participar en el lanzamiento de la Festividad Virgen de la Candelaria 2025 en Tenerife. En agosto de 2024 se aprobó el Acuerdo N° 084-2024, para que viajen a Ucayali el 5 y 6 de septiembre para el Primer Congreso Extraordinario de Consejeros Regionales del Perú. El Gobierno Regional cubrió pasajes y viáticos, y el evento sirvió para definir políticas sobre sus funciones y temas presupuestales. En enero de este año, la Contraloría General de la República reveló que el consejero de Azángaro, Percy Mamani Vargas, habría favorecido a su hermano, Jaime Rolando Mamani, con una contratación. La entidad solicitó sanciones para ambos por el delito de nepotismo. Según el informe N°089-2024-2-0457-AOP, Jaime Mamani trabajó en la Municipalidad Distrital de San Juan de Salinas entre octubre de 2023 y abril de 2024. Desempeñó funciones en la unidad de Sisfoh y en la Omaped, recibiendo S/ 8,400 por sus servicios. De acuerdo con la Ley Orgánica de Gobiernos Regionales N° 27867, la rendición de cuentas es obligatoria al menos una vez al año. Los consejeros, al igual que el gobernador regional, tienen hasta el 31 de diciembre para cumplir con esta obligación. Ántero Pimentel señala que desde el inicio de gestión de Richard Hancco, no recuerda que los consejeros regionales hayan cumplido con la rendición de cuentas. “Tienen que rendir cuentas públicamente. Qué labores han realizado, cuantas ordenanzas han sacado”, enfatizó. Percy Mamani Miranda es un completo desconocido para la provincia de San Román a la cual representa. Su labor es tan paupérrima que en sus informes da cuenta de gastos, para concluir que todo está bien.",2025-11-16T21:32:01.293813,2025-04-07T00:00:00,2025-11-16T21:32:01.677485,Los Andes,10422,"https://losandes.com.pe/wp-content/uploads/2025/04/Captura-de-pantalla-2025-04-07-080726.png, https://losandes.com.pe/wp-content/uploads/2025/04/Captura-de-pantalla-2025-04-07-080742.png",753,"A pesar del incremento en dietas y presupuesto para fiscalización, el Consejo Regional de Puno destaca sobre todo por sus labores de representación y no por el escrutinio de todo cuanto hace el actual periodo de Gobierno. Escribe: Zenaida Zea Olivera A pesar del aumento en las dietas y el mayor presupuesto para fiscalización, el […]",,¡Qué buena vida! La de los consejeros de Puno,https://losandes.com.pe/que-buena-vida-la-de-los-consejeros/
Diario los Andes,987,General,"Un nuevo hecho que generó indignación se registró en Cerro Colorado. Una comerciante de 35 años fue víctima de un ‘falso taxista’ que huyó con su mochila, conteniendo más de 3 mil soles. El incidente ocurrió en la madrugada del día, cuando la víctima abordó el taxi en los exteriores del centro comercial Plaza Norte. Gracias a la rápida intervención de la comisaría de Zamácola, se logró ubicar el vehículo y recuperar la mochila con los S/ 3,100. En un intento desesperado por deshacerse de las pruebas, el falso taxista abandonó la mochila de su víctima en un descampado, pero la policía ya había cerrado el cerco. Finalmente, los agentes revisaron las cámaras de seguridad del sector y localizaron el taxi, que fue intervenido horas después. PORTADA ¡Buenos días Arequipa! Esta es la portada del #DiarioLosAndes para hoy viernes #25deOctubre del 2024.EDICIÓN DIGITAL AREQUIPAMÁS INFORMACIÓNLea su diario Los Andes ingresando aquí 👇👇👇https://t.co/eLHcE3LgDa pic.twitter.com/khxcPhsjTM",2025-11-16T21:32:01.293813,2024-10-25T00:00:00,2025-11-16T21:32:01.676747,Los Andes,10421,,153,"Por: MTC Un nuevo hecho que generó indignación se registró en Cerro Colorado. Una comerciante de 35 años fue víctima de un ‘falso taxista’ que huyó con su mochila, conteniendo más de 3 mil soles. El incidente ocurrió en la madrugada del día, cuando la víctima abordó el taxi en los exteriores del centro comercial […]",,Joven denuncia haber sido violada tras salir de discoteca,https://losandes.com.pe/joven-denuncia-haber-sido-violada-tras-salir-de-discoteca/?signup
Diario los Andes,301,General,"Guarda mi nombre, correo electrónico y sitio web en este navegador para la próxima vez que comente. Diario referente del sur del Perú, espacio de reflexión sobre el desarrollo humano y su relación con el medio ambiente, la sociedad y la economía © 2024 Diario los Andes. Todos los derechos reservados.",2025-11-16T21:32:01.293813,2025-11-16T00:00:00,2025-11-16T21:32:01.675923,Los Andes,10420,,51,"Guarda mi nombre, correo electrónico y sitio web en este navegador para la próxima vez que comente",,AREQUIPA: Diario Los Andes 16/11/2025,https://losandes.com.pe/arequipa-diario-los-andes-16-11-2025/
Diario los Andes,1643,General,"El gerente general del Gobierno Regional de Puno, Óscar Macedo, informó que el proyecto de renovación del grass sintético del estadio Enrique Torres Belón podría cambiar de modalidad de ejecución, pasando de contrata a administración directa, tras declararse desierto el proceso de licitación pública. Según explicó, la oficina de Abastecimientos sustentó un informe técnico que recomienda proceder con la pérdida de la buena pro debido al incumplimiento de requisitos por parte del postor ganador. “El postor no presentó la carta fianza de fiel cumplimiento, lo que constituye una falta grave dentro del proceso de contratación”, precisó. Macedo señaló que este inconveniente no es imputable al Gobierno Regional, sino al contratista, ya que los procedimientos administrativos deben cumplir con etapas obligatorias y documentación específica. “Nosotros gestionamos proyectos de mayor complejidad y velamos por la transparencia en cada proceso. Todo se realiza mediante un sistema digital que permite hacer seguimiento a los plazos y actos preparatorios”, añadió. El funcionario también adelantó que la Gerencia Regional de Infraestructura evaluará la posibilidad de ejecutar la obra por administración directa, considerando los tiempos y la necesidad de acelerar la intervención. “Amerita una evaluación técnica. Si los plazos lo permiten, podría modificarse la modalidad; de lo contrario, se continuará con un nuevo proceso de convocatoria”, puntualizó. El proyecto busca renovar el grass sintético del principal estadio de Puno, con el objetivo de mejorar las condiciones para el desarrollo deportivo y la realización de eventos regionales.",2025-11-16T21:32:01.293813,2025-11-15T00:00:00,2025-11-16T21:32:01.672917,Los Andes,10419,,239,"El gerente general del Gobierno Regional de Puno, Óscar Macedo, informó que el proyecto de renovación del grass sintético del estadio Enrique Torres Belón podría cambiar de modalidad de ejecución, pasando de contrata a administración directa, tras declararse desierto el proceso de licitación pública. Según explicó, la oficina de Abastecimientos sustentó un informe técnico que […]",,GORE Puno: evalúan cambio de modalidad para renovar grass de estadio Torres Belón,https://losandes.com.pe/gore-puno-evaluan-cambio-de-modalidad-para-renovar-grass-de-estadio-torres-belon/?signup
Diario los Andes,1994,General,"El Consejo Regional de Puno rechazó realizar una sesión descentralizada en San Román para enfrentar la creciente delincuencia en Juliaca. La votación del 13 de noviembre dejó al descubierto la desconexión entre las autoridades y las demandas ciudadanas. total, 14 consejeros votaron en contra, tres a favor, y el presidente Elvis Aliaga no intervino por imparcialidad. La iniciativa buscaba convocar al Consejo Regional de Seguridad Ciudadana (Coresec) para diseñar estrategias urgentes ante el aumento de robos y violencia. Sin embargo, la mayoría optó por archivar la propuesta sin presentar alternativas. El consejero Rolando Rivera Zeballos no asistió, reduciendo aún más las posibilidades de aprobar la medida. La decisión generó indignación entre los juliaqueños, quienes exigen mayor protección. Lo más polémico fue el voto de los consejeros Percy Quispe Miranda y María Elena Mamani Apaza, representantes de San Román, quienes se opusieron a la sesión en su propia provincia. Su postura contrastó con la realidad de Juliaca, donde la delincuencia ha escalado en los últimos años. El documento original advertía que “el Consejo no puede estar a espaldas del sufrimiento del pueblo”, pero la votación demostró lo contrario. Los 14 consejeros que rechazaron la moción —entre ellos Alfredo Ucharico, Giorni Bautista y Reynaldo Choquehuanca— no explicaron cómo abordarán la crisis. Solo Concepción Aguirre, Basilio Mendoza y Abad Vizcarra apoyaron la iniciativa, que buscaba priorizar la seguridad en una provincia azotada por la violencia. La negativa se interpretó como un desaire a las demandas de la población. La alta abstención y el rechazo masivo reflejan la desconexión entre las autoridades y las necesidades urgentes de Juliaca. La ciudad registra un incremento sostenido de delitos, pero el Consejo Regional optó por postergar soluciones. La sesión descentralizada era vista como una oportunidad para fortalecer el Coresec y diseñar políticas públicas con participación ciudadana.",2025-11-16T21:32:01.293813,2025-11-15T00:00:00,2025-11-16T21:32:01.672056,Los Andes,10418,,299,"El Consejo Regional de Puno rechazó realizar una sesión descentralizada en San Román para enfrentar la creciente delincuencia en Juliaca. La votación del 13 de noviembre dejó al descubierto la desconexión entre las autoridades y las demandas ciudadanas. total, 14 consejeros votaron en contra, tres a favor, y el presidente Elvis Aliaga no intervino por […]",,Consejeros ignoran seguridad y votan en contra de Juliaca,https://losandes.com.pe/consejeros-ignoran-seguridad-y-votan-en-contra-de-juliaca/?signup
Diario los Andes,2527,General,"El expresidente de Uruguay, José Mujica, murió ayer, a los 89 años, víctima de un cáncer al esófago que le fue diagnosticado hace un año atrás. “Con profundo dolor comunicamos que falleció nuestro compañero Pepe Mujica. Presidente, militante, referente y conductor. Te vamos a extrañar mucho viejo querido. Gracias por todo lo que nos diste y por tu profundo amor por tu pueblo”, indicó en su cuenta de la red social X el actual mandatario del país sudamericano, Yamandú Orsi. Su partida conmociona al mundo, ya que Mujica se caracterizó por su sencillez tanto en su vida pública como en la privada. En el 2010 asumió como presidente de Uruguay y lejos de mudarse a la casa presidencial, Mujica permaneció en su humilde morada al lado de su esposa Lucía Topolansky. Con una vida marcada por la política, Mujica atravesó por numerosas etapas y momentos que definieron su línea de pensamiento. Incluso cuando se conoció que lo aquejaba el cáncer. Así fue que su médico personal, Raquel Pannone, confirmó entonces que Mujica tenía metástasis en el hígado. Pese al cáncer, Mujica fue un pilar clave para el regreso al poder del izquierdista Frente Amplio en las elecciones de noviembre de 2024, en las que hizo campaña activamente por el actual presidente Yamandú Orsi. Mujica alcanzó una popularidad inusitada para un mandatario de un país de 3,4 millones de habitantes, estable y enclavado entre los gigantes Brasil y Argentina. Su nombre recorrió el mundo en 2012 con un aplaudido discurso en la conferencia de la ONU Rio+20. Sin corbata, subió al estrado de la conferencia y despotricó contra el consumismo. Un año después fue aún más duro en la asamblea general de la ONU, donde criticó que la humanidad haya “sacrificado a los viejos dioses inmateriales” para ocupar “el templo con el dios mercado”. En su modesta chacra en la periferia de Montevideo, que se rehusó a abandonar durante su presidencia, recibió a personalidades como el rey emérito de España Juan Carlos y a figuras del espectáculo como el director de cine Emir Kusturica. El cineasta serbio, fascinado por la personalidad del ‘Pepe’, hizo un documental sobre su vida que estrenó en 2018. Sin pelos en la lengua, algunas de sus frases fueron portada a lo largo del mundo. Impulsó la legalización del mercado de marihuana con un inédito plan que puso al Estado a manejar desde la producción a la comercialización el cannabis, y tomó otras decisiones polémicas como recibir presos de Guantánamo, en acuerdo con el entonces presidente estadounidense Barack Obama.",2025-11-16T21:32:01.293813,2025-05-14T00:00:00,2025-11-16T21:32:01.670975,Los Andes,10417,,422,"El expresidente de Uruguay, José Mujica, murió ayer, a los 89 años, víctima de un cáncer al esófago que le fue diagnosticado hace un año atrás. “Con profundo dolor comunicamos que falleció nuestro compañero Pepe Mujica. Presidente, militante, referente y conductor. Te vamos a extrañar mucho viejo querido. Gracias por todo lo que nos diste […]",,Ejemplo de gobernante: José Mujica muere a los 89 años,https://losandes.com.pe/ejemplo-de-gobernante-jose-mujica-muere-a-los-89-anos/?signup
Diario los Andes,2026,General,"INSTITUCIONAL: La Municipalidad Provincial de San Román, a través de la Gerencia de Desarrollo Urbano, identificó alrededor de 90 viviendas que estarían invadiendo la faja marginal del río Torococha. Estas construcciones ilegales, realizadas por personas inescrupulosas, generaron un grave problema afectando el cauce natural del río y provocando inundaciones. Ante esta situación, el alcalde Lic. Oscar Cáceres Rodríguez dispuso que, se inicie con la demolición de estas viviendas respetando el debido proceso, para recuperar la faja marginal y restablecer el flujo natural del río, debido a que estas invasiones representan el principal motivo de las inundaciones, especialmente en sectores críticos, donde el cauce del río se ha reducido a menos de tres metros debido a rellenos con desmonte para la venta ilegal de terrenos. El gerente de Desarrollo Urbano, Ing. Hugo Apaza Cabrera, informó que estas acciones se realizarán con todos los procedimientos legales necesarios, con el respaldo de la Procuraduría, el Ministerio Público y la Policía Nacional. Asimismo, se coordinará con el ANA para garantizar la ubicación precisa de los hitos que delimitan la zona protegida, a fin de evitar futuras invasiones, en esta zona considerada como intangible por ley. Residuos sólidos colapsaron río Torococha y buzones de desagüe Imágenes impactantes muestran la grave situación del río Torococha, cuyo cauce se encuentra completamente obstruido por una gran cantidad de residuos sólidos. Esta acumulación de basura es la principal causa de las inundaciones que están afectando diferentes zonas de la ciudad de Juliaca. La irresponsabilidad de algunos ciudadanos, quienes arrojan basura a los drenajes, es la principal responsable de esta problemática, sumado a la carencia de un sistema adecuado de evacuación de aguas pluviales. Los residuos sólidos bloquean el flujo normal del agua. Esto sumado al incremento de las precipitaciones pluviales en las últimas horas ha agravado las afectaciones a diferentes sectores de la ciudad.",2025-11-16T21:32:01.293813,2025-01-28T00:00:00,2025-11-16T21:32:01.667072,Los Andes,10416,https://losandes.com.pe/wp-content/uploads/2025/01/WhatsApp-Image-2025-01-28-at-3.29.26-PM-1024x682.jpeg,305,"INSTITUCIONAL: La Municipalidad Provincial de San Román, a través de la Gerencia de Desarrollo Urbano, identificó alrededor de 90 viviendas que estarían invadiendo la faja marginal del río Torococha. Estas construcciones ilegales, realizadas por personas inescrupulosas, generaron un grave problema afectando el cauce natural del río y provocando inundaciones. Ante esta situación, el alcalde Lic. […]",,Juliaca: invasión de la faja marginal del río Torococha causó inundaciones,https://losandes.com.pe/juliaca-invasion-de-la-faja-marginal-del-rio-torococha-causo-inundaciones/?signup
Diario los Andes,1047,General,"Arequipa enfrenta una crisis de seguridad debido a la disminución de efectivos policiales. Al menos 80 agentes fueron enviados a Lima para operaciones de prevención y control del orden público, justo cuando la ciudad necesita combatir la creciente delincuencia. La orden del general PNP Colin Sim Galván generó preocupación, ya que otras ciudades como Piura, Lambayeque y Puno también se ven afectadas. Días previos, Arequipa había implementado el «Plan 100 Días» para combatir la delincuencia, pero la disminución de efectivos policiales puede afectar negativamente estos esfuerzos. Más empero, un accidente de un bus que transportaba agentes policiales hacia Lima empeoró la situación. Ahora la lucha contra la inseguridad, dependerá de la disponibilidad de recursos y efectivos policiales en la ciudad. PORTADA ¡Buenos días Arequipa! Esta es la portada del #DiarioLosAndes para hoy viernes #25deOctubre del 2024.EDICIÓN DIGITAL AREQUIPAMÁS INFORMACIÓNLea su diario Los Andes ingresando aquí 👇👇👇https://t.co/eLHcE3LgDa pic.twitter.com/khxcPhsjTM",2025-11-16T21:32:01.293813,2024-10-25T00:00:00,2025-11-16T21:32:01.666732,Los Andes,10415,,147,"Por: MTC Arequipa enfrenta una crisis de seguridad debido a la disminución de efectivos policiales. Al menos 80 agentes fueron enviados a Lima para operaciones de prevención y control del orden público, justo cuando la ciudad necesita combatir la creciente delincuencia. La orden del general PNP Colin Sim Galván generó preocupación, ya que otras ciudades como Piura, Lambayeque […]",,Envían policías arequipeños a Lima y dejan a Arequipa con menos efectivos,https://losandes.com.pe/envian-policias-arequipenos-a-lima-y-dejan-a-arequipa-con-menos-efectivos/
Diario los Andes,1987,General,"Sin duda el tema de la salubridad es bastante preocupante en la ciudad de Juliaca, debido a la presencia, entre uno de sus casos, de la excesiva cantidad de perros callejeros. Esto podría provocar casos de rabia canina como en anteriores años donde ha generado permanente preocupación en los profesionales de la Rede de Servicios de Salud (Redess) San Román. Y es justamente esta última institución la que en la actualidad ha reportado durante el presente año 588 personas mordidas. Alexei Quispe Mamani, coordinador del área de Zoonosis de la mencionada institución, ha añadido que los casos de mordedura de canes en lo que va del presente año superan los mil 200 casos. El especialista refirió que en muchos de los casos de los considerados severos, son mordeduras registradas en el rostro de la víctima y en menores de edad entre los 2 y 4 años. “Tenemos en lo que va del año un número considerable de casos, estas mordeduras consideradas graves de los que están llegando al hospital y están siendo atendidos y es necesario mencionarlos”, señaló tras considerar que regalar una mascota no es recomendable durante estas fiestas de fin de año. Sin embargo, precisó que en lo que va de este año 2024 no se han registrado casos de rabia canina, como los ocurridos en anteriores años, principalmente en el sector de la salida a Puno. Asimismo, advirtió que hay una baja vacunación de perros, motivo por el cual continúan insistiendo que los propietarios de los animales, puedan llevar a sus mascotas hacia los centros de salud. De esta forma mencionó que a nivel de la provincia de San Román se tiene identificado una población de 45 mil 307 canes y según la Organización Mundial de la Salud (OMS) deberían estar vacunados el 80%. Finalmente refirió que en lo que va de las jornadas de inmunización alcanzaron solo a un 73% de vacunación, lo cual representa una vez más, dificultades en este sentido. Cobertura de vacunación antirrábica apenas alcanzó el 73 % en la provincia de San Román.",2025-11-16T21:32:01.293813,2024-12-11T00:00:00,2025-11-16T21:32:01.665827,Los Andes,10414,,341,"Por: Eduardo Mamani Sin duda el tema de la salubridad es bastante preocupante en la ciudad de Juliaca, debido a la presencia, entre uno de sus casos, de la excesiva cantidad de perros callejeros. Esto podría provocar casos de rabia canina como en anteriores años donde ha generado permanente preocupación en los profesionales de la […]",,Redess San Román reporta 588 mordeduras graves,https://losandes.com.pe/redess-san-roman-reporta-588-mordeduras-graves/?signup
Diario los Andes,1016,General,"Policías de la comisaría de Juliaca intervinieron a Yonatan Quispe M. (33) chofer de una combi de servicio urbano, acusado de haber abusado sexualmente de una menor de 12 años, quien sería su cobradora. La presunta víctima le contó a los agentes del orden que, en horas de la noche del jueves, el profesional del volante, le hizo beber licor en una vivienda del jirón Conima, en el barrio Tambopata de la ciudad de Juliaca. Posteriormente el presunto depravado abusó de ella en el interior del domicilio. La menor logró escapar y pedir auxilio al personal policial que se encontraba patrullando por ese sector, encontrándose en ese momento la agraviada con una profunda crisis emocional. Al tener conocimiento, los agentes del orden intervinieron a Quispe en su vivienda. El chofer será investigado por estar involucrado en el presunto delito Contra la Libertad Sexual en la modalidad de Violación Sexual de menor de edad, quedando en calidad de detenido para luego ser puesto a disposición de la Depincri – Juliaca.",2025-11-16T21:32:01.293813,2025-05-31T00:00:00,2025-11-16T21:32:01.664218,Los Andes,10413,,169,"Policías de la comisaría de Juliaca intervinieron a Yonatan Quispe M. (33) chofer de una combi de servicio urbano, acusado de haber abusado sexualmente de una menor de 12 años, quien sería su cobradora. La presunta víctima le contó a los agentes del orden que, en horas de la noche del jueves, el profesional del […]",,Juliaca: Chofer es acusado de violar a menor,https://losandes.com.pe/juliaca-chofer-es-acusado-de-violar-a-menor/?signup
Diario los Andes,1748,General,"Arequipa vive bajo la constante amenaza de una erupción del volcán Misti, uno de los más vigilados del país. Así lo advirtió recientemente el Instituto Geofísico del Perú (IGP), tras presentar los resultados de una evaluación técnico-científica realizada en el distrito de Paucarpata, uno de los más poblados de la ciudad, con más de 131 mil habitantes. El informe revela una preocupante realidad: el distrito se expande precisamente hacia los flancos del volcán, construyéndose sobre antiguos depósitos volcánicos como lahares, avalanchas de escombros y flujos piroclásticos. La investigación, presentada por el ingeniero John Cruz del área de Codificación del IGP, detalla que Paucarpata está asentado sobre antiguos flujos y avalanchas de escombros, lo que lo hace vulnerable a lahares, avalanchas y flujos piroclásticos. Estos fenómenos, advierte el estudio, pueden arrasar viviendas, vías y servicios básicos. Incluso en un escenario de peligro bajo, las simulaciones indican que se verían afectadas al menos 850 viviendas, 13 instituciones educativas y 32 puentes. El problema no solo es geológico, sino también social. El IGP alertó que la población, muchas veces por desconocimiento, agrava su propia vulnerabilidad. Un ejemplo es la quebrada Huarangal, donde el arrojo de escombros y basura ha reducido su cauce natural, lo que aumentaría el impacto de un eventual lahar. “Nosotros mismos nos ponemos en riesgo”, cuestionó el presidente ejecutivo del IGP, Hernando Tavera, al referirse a la expansión hacia áreas peligrosas. Paucarpata, junto con Miraflores y Mariano Melgar, ya cuenta con el diagnóstico, y ese mismo día Cayma presentó su solicitud. Con este informe se debe elaborar un plan de gestión reactivo ante una posible erupción.",2025-11-16T21:32:01.293813,2025-08-08T00:00:00,2025-11-16T21:32:01.662282,Los Andes,10412,,266,"Arequipa vive bajo la constante amenaza de una erupción del volcán Misti, uno de los más vigilados del país. Así lo advirtió recientemente el Instituto Geofísico del Perú (IGP), tras presentar los resultados de una evaluación técnico-científica realizada en el distrito de Paucarpata, uno de los más poblados de la ciudad, con más de 131 […]",,Arequipa: Paucarpata en riesgo ante una erupción volcánica,https://losandes.com.pe/arequipa-paucarpata-en-riesgo-ante-una-erupcion-volcanica/?signup
Diario los Andes,1726,General,"La Contraloría General de la República ha encontrado el incumplimiento de las obligaciones ambientales por parte de siete municipalidades provinciales de la región. Según una serie de informes elaborados entre mayo y julio, los municipios de Arequipa, Camaná, Caravelí, Castilla, Caylloma, Condesuyos e Islay no cuentan con el Plan de Recuperación de Áreas Degradadas por Residuos Sólidos Municipales, instrumento obligatorio para remediar zonas contaminadas por acumulación de residuos sin tratamiento técnico ni sanitario. Las áreas degradadas por residuos sólidos (ADRS) son focos de riesgo ambiental y sanitario que afectan el ecosistema, el aire, el agua y la salud de las comunidades. Aunque la ley exige que los municipios presenten sus planes de recuperación ante el OEFA, ninguna de las siete provincias lo ha hecho. La Contraloría advierte que esta omisión impide ejecutar acciones de remediación, frena medidas para proteger la biodiversidad y aumenta el riesgo de impactos graves en la salud pública. El plazo inicial para la presentación del Plan de Recuperación venció el 10 de enero, según lo dispuesto en el D.S. N.º 001-2022-MINAM. Luego de dicho plazo fue ampliado por un año mediante la Ley N.º 32212, publicada el 21 de diciembre de 2024, estableciendo como fecha límite definitiva el 10 de enero de 2026. No obstante, la Contraloría advierte que ninguna de las municipalidades observadas ha iniciado ni ha registrado avances formales en la elaboración del plan correspondiente. Según el Inventario Nacional de Áreas Degradadas por Residuos Sólidos del OEFA, al 30 de abril existen 1,996 áreas degradadas en el país; 1,946 requieren recuperación y 50, reconversión. De ellas, 1,904 no tienen plan aprobado.",2025-11-16T21:32:01.293813,2025-08-07T00:00:00,2025-11-16T21:32:01.660520,Los Andes,10411,,267,"La Contraloría General de la República ha encontrado el incumplimiento de las obligaciones ambientales por parte de siete municipalidades provinciales de la región. Según una serie de informes elaborados entre mayo y julio, los municipios de Arequipa, Camaná, Caravelí, Castilla, Caylloma, Condesuyos e Islay no cuentan con el Plan de Recuperación de Áreas Degradadas por […]",,Arequipa: Sin plan para recuperar áreas contaminadas,https://losandes.com.pe/arequipa-sin-plan-para-recuperar-areas-contaminadas/?signup
Diario los Andes,1890,General,"La consejera regional Marleny Arminta y las regidoras provinciales Cleopatra Chávez y Patricia Hidalgo fueron vistas recibiendo al candidato presidencial Alfonso López Chao durante su reciente visita a la ciudad de Arequipa, donde realizó una actividad proselitista como parte de su campaña con el partido Ahora Nación. La presencia de estas autoridades genera cuestionamientos, ya que esta acción podría constituir una vulneración al principio de neutralidad electoral establecido por la ley. De acuerdo con el marco legal vigente, este principio —establecido en el artículo 186° de la Ley Orgánica de Elecciones y desarrollado en la Resolución N° 112-2025-JNE del Jurado Nacional de Elecciones (JNE)— obliga a todos los funcionarios y autoridades públicas a actuar con imparcialidad durante el proceso electoral, el cual fue convocado oficialmente el 25 de marzo de 2025 por la presidenta de la República. Durante el periodo electoral, se encuentra prohibido que autoridades en ejercicio participen en actividades que favorezcan o perjudiquen a algún candidato, partido o agrupación política. Esta disposición incluye la asistencia a mítines, caravanas o cualquier acto proselitista, aun si no se utilizan recursos públicos para ello. El hecho podría ser materia de investigación por parte del Jurado Electoral Especial (JEE), que tiene competencia para evaluar si hubo infracción al deber de neutralidad. A la consejera Arminta se le observó incluso participando en las caravanas organizadas en favor del candidato. Al ser consultada por ello, la fiscalizadora indicó que asistió como parte del recibimiento, ya que está inscrita en el partido. La misma situación se repite con Cleopatra Chávez y Patricia Hidalgo que aparecen afiliadas a Ahora Nación desde el 24 de julio del año pasado. Estas manifestaciones públicas las coloca bajo la lupa del ente electoral y de la opinión pública.",2025-11-16T21:32:01.293813,2025-06-13T00:00:00,2025-11-16T21:32:01.654921,Los Andes,10410,,288,"La consejera regional Marleny Arminta y las regidoras provinciales Cleopatra Chávez y Patricia Hidalgo fueron vistas recibiendo al candidato presidencial Alfonso López Chao durante su reciente visita a la ciudad de Arequipa, donde realizó una actividad proselitista como parte de su campaña con el partido Ahora Nación. La presencia de estas autoridades genera cuestionamientos, ya […]",,Arequipa: Consejera y regidoras habrían vulnerado neutralidad,https://losandes.com.pe/arequipa-consejera-y-regidoras-habrian-vulnerado-neutralidad/
Diario los Andes,1318,General,"Todo indica que la feria de segunda mano, conocida como “La Cachina”, se ha vuelto el lugar preferido de los delincuentes. En la víspera, cuando la Policía Nacional del Perú celebraba su 30 aniversario de creación institucional en la plaza de Armas, agentes del escuadrón verde Grupo Terna PNP Puno, capturaron en flagrancia de delito a dos facinerosos en el lugar de expendio de diversos productos. Según fuentes policiales, la intervención de ambos sujetos, identificados como Heorge Michael Quispe Castro (29), natural de Puno, conocido como “El Negro”, y Percy Condorhuacho Cavero (32), natural de la región Cusco, alias “El cusqueño”, se produjo al promediar las 11:30 horas, en las inmediaciones del jirón Juli con Carabaya. Aprovechando la distracción de una de sus víctimas, identificada como Arasely Choque Ticona (22), quien se encontraba realizando compras, los dos delincuentes le sustrajeron un celular marca Samsung modelo J7 Neo, valorizado en aproximadamente mil 200 soles. A mérito de la denuncia fue que los agentes de inteligencia lograron ubicar y capturar a los delincuentes que aún caminaban merodeando por la concurrida feria, que se realiza todos los jueves en la parte baja de la Ciudad del Lago. Actualmente, los intervenidos continúan en calidad de detenidos en la comisaría central de Puno.",2025-11-16T21:32:01.293813,2018-12-07T00:00:00,2025-11-16T21:32:01.649899,Los Andes,10409,,208,"Todo indica que la feria de segunda mano, conocida como “La Cachina”, se ha vuelto el lugar preferido de los delincuentes. En la víspera, cuando la Policía Nacional del Perú celebraba su 30 aniversario de creación institucional en la plaza de Armas, agentes del escuadrón verde Grupo Terna PNP Puno, capturaron en flagrancia de delito […]",,Fueron capturados mientras sustraían pertenencias en «La Cachina»,https://losandes.com.pe/fueron-capturados-mientras-sustraian-pertenencias-en-la-cachina/?signup
Diario los Andes,3277,General,"Una violenta balacera dejó como saldo dos personas fallecidas y otras dos gravemente heridas en la cuadra siete de la avenida Puno, en el sector de Alto Libertad, distrito de Cerro Colorado. Todos los involucrados son ciudadanos de nacionalidad venezolana. El tiroteo se produjo a escasas dos cuadras del estadio Arturo Díaz Huerta, lo que generó alarma entre los vecinos, quienes rápidamente alertaron a la Policía Nacional y al personal de serenazgo. Fueron estos últimos quienes trasladaron a los heridos al hospital Honorio Delgado Espinoza. Según las primeras diligencias realizadas por la Policía, se habrían efectuado al menos 39 disparos, en lo que parece haber sido un fuego cruzado. En la escena se encontró un automóvil con placa V4C-334, dentro del cual yacía uno de los fallecidos que habría sido identificado como Víctor Antonio Antun Colmenares, mientras que el segundo cuerpo no identificado fue hallado sobre el pavimento. También se ubicó una motocicleta en medio de la vía, un arma de fuego, dos celulares y varios morrales que serán sometidos a pericias. Los heridos fueron identificados como Carlos Ignacio Gonzales Terán (19), quien recibió cinco impactos de bala, y Leonardo Rodríguez (26), con impactos de proyectil y heridas graves en la boca. Pese a su estado, Gonzales logró proporcionar a los agentes algunos detalles del ataque. Las hipótesis que se manejaban hasta el cierre de la presente edición incluyen un posible ajuste de cuentas o disputa territorial. Durante el operativo también fue detenido un varón, quien habría intentado sustraer un celular de la escena del crimen. “Fue llevado a la comisaría para su identificación y determinar su participación”, señaló el jefe de la región policial, general Olger Benavides. Una de las revelaciones más preocupantes del caso es que uno de los extranjeros involucrados aparentemente no contaba con carné de extranjería, por lo que su permanencia en el país sería ilegal. Este hecho pone en evidencia los vacíos en el control migratorio en la ciudad. Hasta el hospital llegaron las parejas de los varones que no se conocerían. Vecinos del distrito denunciaron que existe una gran cantidad de ciudadanos venezolanos que circulan en motocicletas en la plaza Las Américas y otros puntos del distrito de Cerro Colorado, sin que se realicen operativos de control de identidad. Esta inacción, según señalaron, podría constituir una omisión de funciones por parte de la Policía Nacional. Además, criticaron la falta de medidas efectivas por parte de la Municipalidad Distrital de Cerro Colorado a cargo del alcalde Manuel Vera para frenar esta creciente ola de inseguridad. Esta sería la cuarta balacera registrada en el distrito en lo que va del año. El 31 de enero, el dueño de una pollería resultó herido tras ser atacado en su propio negocio. Un día después, desconocidos dispararon contra un motorizado en plena avenida Aviación. Posteriormente, el 10 de febrero, una balacera en la urbanización Villa Chachani dejó un muerto y un herido. Pese a estos antecedentes, no se han implementado con eficiencia patrullajes permanentes. Las identidades de los fallecidos aún están por confirmarse mediante peritajes, mientras continúan las diligencias para determinar cómo se produjo el enfrentamiento armado.",2025-11-16T21:32:01.293813,2025-05-08T00:00:00,2025-11-16T21:32:01.648741,Los Andes,10408,,518,"Una violenta balacera dejó como saldo dos personas fallecidas y otras dos gravemente heridas en la cuadra siete de la avenida Puno, en el sector de Alto Libertad, distrito de Cerro Colorado. Todos los involucrados son ciudadanos de nacionalidad venezolana. El tiroteo se produjo a escasas dos cuadras del estadio Arturo Díaz Huerta, lo que […]",,Fuego cruzado entre dos bandas deja dos fallecidos en Arequipa,https://losandes.com.pe/fuego-cruzado-entre-dos-bandas-deja-dos-fallecidos-en-arequipa/?signup
Diario los Andes,2316,General,"Escribe: Eduardo Mamani En Juliaca se alistan diversas actividades para conmemorar dos años de las protestas sociales que dejaron 18 muertos en los alrededores del aeropuerto internacional Inca Manco Cápac y las calles de la Ciudad Calcetera, producto de la represión policial durante el año 2023. Raúl Samillán Sanga, presidente de la Asociación de Mártires y Víctimas del 9 de Enero, informó que las actividades se llevarán a cabo los días 7, 8 y 9 de enero, como un homenaje a las víctimas y un recordatorio de las luchas sociales. El programa contempla para el 7 de enero una exposición fotográfica que busca rememorar los hechos y generar reflexión en la población. El 8 de enero, se realizarán actividades culturales vinculadas al arte y la memoria colectiva. Finalmente, el 9 de enero se llevará a cabo una movilización por las principales calles de Juliaca, la cual culminará con la presentación de artistas invitados. A pesar de los esfuerzos de la organización, lamentan que la municipalidad provincial aún no haya otorgado el permiso para usar el jirón Jáuregui donde esperan se desarrollen las actividades conmemorativas. Samillán Sanga en ese sentido ha expresado su preocupación por esta falta de autorización y exhortó a las autoridades locales a facilitar los espacios necesarios para esta importante actividad. Por otro lado, las investigaciones sobre las muertes ocurridas en las protestas no han mostrado avances significativos. Hasta el momento, ningún efectivo policial ni alto mando ha sido sancionado por los hechos, lo que genera un clima de descontento y frustración entre las familias de las víctimas y la sociedad civil. El comité organizador extendió la invitación a diversas asociaciones y colectivos de la ciudad de Juliaca, así como a la población y sus organizaciones de base, para que se sumen a las actividades programadas. La municipalidad inauguró un monumento en honor a los mártires caídos frente al aeropuerto y anunció el cambio de denominación de la avenida Independencia. Mientras tanto el dirigente Lucio Ccallo Callata, anunció la adhesión de diferentes organizaciones de la zona sur de la región, quienes se trasladarán hasta la Ciudad de los Vientos para ser parte de las actividades conmemorativa La Presidenta de la República hasta ahora no ha vuelto a la región Puno.",2025-11-16T21:32:01.293813,2024-12-28T00:00:00,2025-11-16T21:32:01.647039,Los Andes,10407,,372,"Escribe: Eduardo Mamani En Juliaca se alistan diversas actividades para conmemorar dos años de las protestas sociales que dejaron 18 muertos en los alrededores del aeropuerto internacional Inca Manco Cápac y las calles de la Ciudad Calcetera, producto de la represión policial durante el año 2023. Raúl Samillán Sanga, presidente de la Asociación de Mártires […]",,Juliaca: actividades por la masacre del 9 de enero serán tres días,https://losandes.com.pe/juliaca-actividades-por-la-masacre-del-9-de-enero-seran-tres-dias/?signup
Diario los Andes,1138,General,"Siete agentes de la Policía, pertenecientes al escuadrón Verde Terna de la División Policial Juliaca, fueron detenidos tras ser identificados como presuntos autores de un asalto a mano armada ocurrido en la salida a Lampa. El asalto fue grabado por vecinos y difundido en redes sociales. Las imágenes permitieron a agentes especializados de la Policía identificar a los “malos” efectivos. Los detenidos son: Víctor José Liñan Esquerre, Israel Josué Díaz del Olmo Vizcarra, Arnold Diego Quispe Rivas, Luis Antonio Chucos Salvador, Jaider Lee Tacca Chambi, Michael James Ventura Javier y Jhon Yeison Mancilla Quispe. El jefe de la Región Policial Puno, Francisco Ninalaya, confirmó el asalto y descartó cualquier operativo como se intentó hacer ver tras conocidos los hechos. “Es un robo cometido por delincuentes”, enfatizó la autoridad policial. La intervención a los sospechosos se realizó tras verificar la utilización de sus armas de reglamento. Uno de los efectivos detenidos tiene antecedentes por “arranchamiento”. Dirigentes de la ciudad de Juliaca exigen la reorganización de esta institución debido a los últimos acontecimientos.",2025-11-16T21:32:01.293813,2025-04-25T00:00:00,2025-11-16T21:32:01.645902,Los Andes,10406,,171,"Por: Los Andes Siete agentes de la Policía, pertenecientes al escuadrón Verde Terna de la División Policial Juliaca, fueron detenidos tras ser identificados como presuntos autores de un asalto a mano armada ocurrido en la salida a Lampa. El asalto fue grabado por vecinos y difundido en redes sociales. Las imágenes permitieron a agentes especializados […]",,La cárcel espera a “polidelincuentes” de Juliaca,https://losandes.com.pe/puno-la-carcel-espera-a-polidelincuentes/?signup
Diario los Andes,1296,General,"Duro revés para la provincia de Lampa. Dos procesos que estaban en marcha se han “caído” y la preocupación tiene en el tiempo a uno de los factores en contra. Sobre este tema el alcalde de la referida jurisdicción, Heráclides Ojeda Huarilloclla, junto a una comitiva se trasladó hasta la sede del Gobierno Regional de Puno, para manifestar su preocupación al gobernador Richard Hancco. Un primer proceso de licitación está referido al hospital Antonio Barrionuevo de la Ciudad Rosada. “Se trata de un proyecto que supera los S/ 132 millones y es de suma urgencia para nuestra población, la infraestructura del hospital ha colapsado”, resaltó el burgomaestre lampeño. De acuerdo al portal del Organismo Especializado Para las Contrataciones Públicas Eficientes (OECE) son dos empresas las que han mostrado su interés; sin embargo este no ha prosperado en este concurso que tiene por finalidad la elaboración del expediente técnico y la ejecución de la obra. “Esperemos que en el más corto plazo, se pueda volver a lanzar el proceso”, comentó la autoridad edil. No es la única preocupación de Ojeda Huarilloclla. “Nos hemos enterado que el proceso para la elaboración del expediente técnico para la restauración del puente colonial también se ha caído, lo cual lamentamos”, refirió el burgomaestre.",2025-11-16T21:32:01.293813,2025-07-23T00:00:00,2025-11-16T21:32:01.644656,Los Andes,10405,,208,"Duro revés para la provincia de Lampa. Dos procesos que estaban en marcha se han “caído” y la preocupación tiene en el tiempo a uno de los factores en contra. Sobre este tema el alcalde de la referida jurisdicción, Heráclides Ojeda Huarilloclla, junto a una comitiva se trasladó hasta la sede del Gobierno Regional de […]",,Gobierno Regional Puno da duro revés a Lampa,https://losandes.com.pe/gobierno-regional-puno-da-duro-reves-a-lampa/?signup
Diario los Andes,1556,General,"El Día de Puno se celebra cada 4 de noviembre, fecha significativa en Perú ya que conmemora la fundación de la ciudad de San Carlos de Puno en 1668. Sin embargo, más allá de su importancia histórica, el Día de Puno es una oportunidad para destacar la riqueza cultural y folclórica de esta región, reconocida por su música, danzas y tradiciones ancestrales que son un pilar en la identidad del altiplano peruano. La celebración se remonta al año 1668, cuando el virrey Pedro Antonio Fernández de Castro, Conde de Lemos, fundó oficialmente la ciudad de Puno. Pero además, la fecha es una celebración del origen mítico de los incas, pues se dice que desde el Lago Titicaca, ubicado en esta región, emergieron Manco Cápac y Mama Ocllo, quienes dieron inicio a la civilización inca. Durante esta festividad, Puno se convierte en el escenario de un espectáculo cultural que incluye procesiones, ferias, y sobre todo, danzas tradicionales. Conocida como la “Capital Folclórica del Perú”, Puno alberga más de 300 danzas típicas, algunas de las cuales son representativas en el Día de Puno. La Diablada Puneña: Una de las danzas más emblemáticas de la región, representa la lucha entre el bien y el mal, con personajes que incluyen ángeles, diablos y la figura de la Virgen. La Morenada: Originalmente una danza de crítica social, representa a esclavos africanos que fueron traídos a trabajar en las minas. DATO El Día de Puno no solo promueve la preservación de las tradiciones, sino que también impulsa el turismo en la región altiplánica. Por: Jhon Carlos Flores",2025-11-16T21:32:01.293813,2024-11-04T00:00:00,2025-11-16T21:32:01.635498,Los Andes,10404,,261,"El Día de Puno se celebra cada 4 de noviembre, fecha significativa en Perú ya que conmemora la fundación de la ciudad de San Carlos de Puno en 1668. Sin embargo, más allá de su importancia histórica, el Día de Puno es una oportunidad para destacar la riqueza cultural y folclórica de esta región, reconocida […]",,Puno y una tradición que enorgullece,https://losandes.com.pe/puno-y-una-tradicion-que-enorgullece/?signup
Diario los Andes,816,General,"El viceministro de Orden Interno, Félix Pérez Rodríguez, arribó a Juliaca para reunirse con autoridades de Puno y abordar temas de in seguridad y detención de efectivos policiales involucrados en corrupción. A su llegada, Pérez fue recibido con un plantón organizado por dirigentes. Con aren gas, los manifestantes exigieron que se cambie a todos los efectivos policiales y también se investigue a Inspectoría de la Policía. Ante la presión social, la consejera de San Román, María Elena Mamani, junto al representante de la Defenso ría del Pueblo, Nivardo Enríquez, intercedieron para que al menos un di rigente pueda participar en la reunión. “La Policía se ha con vertido en enemiga del pueblo”, señalaron, en referencia a casos de agentes involucrados en asaltos y extorsiones, sobre todo en las últimas semanas.",2025-11-16T21:32:01.293813,2025-04-29T00:00:00,2025-11-16T21:32:01.634054,Los Andes,10403,,130,"El viceministro de Orden Interno, Félix Pérez Rodríguez, arribó a Juliaca para reunirse con autoridades de Puno y abordar temas de in seguridad y detención de efectivos policiales involucrados en corrupción. A su llegada, Pérez fue recibido con un plantón organizado por dirigentes. Con aren gas, los manifestantes exigieron que se cambie a todos los […]",,Viceministro de Orden Interno llega a Juliaca tras hechos de inseguridad,https://losandes.com.pe/viceministro-de-orden-interno-llega-a-juliaca-tras-hechos-de-inseguridad/?signup
Diario los Andes,1027,General,"Marco Huaracha (37) suplantó la identidad de más de 50 mujeres con el objetivo de manipular las imágenes con la inteligencia artificial (IA) y crear imágenes falsas con contenido sexual explícito. La Fiscalía Provincial Transitoria Especializada en Ciberdelincuencia detuvo el 18 de junio, preliminarmente a M. Huaracha e hizo el allanamiento de su vivienda. La investigación inició en el 2024 y se reveló que el acusado actuaba desde el 2014 bajo distintos alias. Utilizando tecnología de edición recreaba con IA usando las fotografías de sus víctimas. El acusado habría creado una red de perfiles falsos de mujeres, con los que interactuaba con personas cercanas a las víctimas, generando confusión, acoso y daños a su honor e imagen. En el allanamiento incautaron laptops, celulares y discos duros donde se evidenció que las fotos eran manipuladas mediante “deepfake” para escenas sexualizadas sin su consentimiento. Además, el contenido que era compartido en un grupo cerrado, aumentó el daño y la exposición no autorizada.",2025-11-16T21:32:01.293813,2025-06-20T00:00:00,2025-11-16T21:32:01.633512,Los Andes,10402,,160,"Marco Huaracha (37) suplantó la identidad de más de 50 mujeres con el objetivo de manipular las imágenes con la inteligencia artificial (IA) y crear imágenes falsas con contenido sexual explícito. La Fiscalía Provincial Transitoria Especializada en Ciberdelincuencia detuvo el 18 de junio, preliminarmente a M. Huaracha e hizo el allanamiento de su vivienda. La […]",,Arequipa: Creaba imágenes sexuales de 50 mujeres,https://losandes.com.pe/arequipa-creaba-imagenes-sexuales-de-50-mujeres/?signup
Diario los Andes,2890,General,"En un esfuerzo por asegurar la imparcialidad del Estado durante el proceso electoral de 2026, el Gobierno promulgó el Decreto Supremo Nº 054-2025-PCM, mediante el cual establece una serie de disposiciones que buscan garantizar la neutralidad de los funcionarios públicos durante el periodo electoral. El decreto responde al mandato constitucional que exige que los servidores públicos actúen al servicio de la Nación sin favorecer a ninguna agrupación política. La medida cobra especial relevancia tras la convocatoria oficial a Elecciones Generales del 12 de abril de 2026, mediante el Decreto Supremo Nº 039-2025-PCM, que contempla la elección del presidente de la República, vicepresidentes, senadores, diputados y representantes al Parlamento Andino. El Decreto Supremo impone el respeto a principios como neutralidad, discreción, legalidad, equidad, igualdad, transparencia e integridad pública. Todos los funcionarios, directivos y servidores del Estado, sin distinción de régimen laboral o contractual, están obligados a cumplir la norma. Se prohíbe expresamente realizar actos de proselitismo político durante la jornada laboral, usar bienes públicos con fines electorales, así como permitir o facilitar el uso de infraestructuras del Estado para eventos partidarios. Además, se veta cualquier tipo de opinión política que emitan funcionarios de confianza a través de medios de comunicación o redes sociales, incluso fuera del horario laboral. Las principales restricciones son que no se podrá utilizar la imagen, nombre o cargo de un funcionario en campañas publicitarias financiadas con recursos del Estado. Asimismo está prohibido difundir propaganda electoral dentro de las instituciones públicas. También se sancionará el condicionamiento de servicios públicos a la afinidad política de los ciudadanos. Finalmente los funcionarios que postulen a cargos públicos deberán abstenerse de participar en inauguraciones de obras o reparto de bienes desde 90 días antes del sufragio. Cualquier ciudadano podrá reportar infracciones a través de la Plataforma Digital Única de Denuncias del Ciudadano (https://denuncias. servicios.gob.pe), de forma anónima o reservada. Las entidades están obligadas a investigar estos casos, adoptar medidas de protección para los denunciantes y, en caso corresponda, derivarlos a los Jurados Electorales Especiales. El decreto también se extiende al Congreso, al Poder Judicial y a los Organismos Constitucionales Autónomos, que deberán emitir disposiciones internas para asegurar el cumplimiento del deber de neutralidad. La promulgación de esta norma se da en un contexto de creciente desconfianza ciudadana hacia las instituciones del Estado. El Gobierno busca, con estas disposiciones, no solo prevenir el uso indebido de recursos públicos, sino también reforzar la integridad institucional en un proceso electoral clave para la democracia peruana.",2025-11-16T21:32:01.293813,2025-06-09T00:00:00,2025-11-16T21:32:01.632301,Los Andes,10401,,410,"En un esfuerzo por asegurar la imparcialidad del Estado durante el proceso electoral de 2026, el Gobierno promulgó el Decreto Supremo Nº 054-2025-PCM, mediante el cual establece una serie de disposiciones que buscan garantizar la neutralidad de los funcionarios públicos durante el periodo electoral. El decreto responde al mandato constitucional que exige que los servidores […]",,Conozca las reglas para asegurar neutralidad de funcionarios,https://losandes.com.pe/conozca-las-reglas-para-asegurar-neutralidad-de-funcionarios/?signup
Diario los Andes,945,General,"La Contraloría General de la República identificó un perjuicio económico de S/ 44 mil 620 en la Municipalidad Provincial de Moho, a raíz de irregularidades en la ejecución de la obra “Mejoramiento del servicio de accesibilidad a la adquisición de productos de primera necesidad en la plataforma comercial del centro poblado Occopampa”, ejecutada vía administración directa por un monto de S/ 562 mil 991. De acuerdo con el Informe de Auditoría de Cumplimiento n.º 018-2025-2-0185, se detectó que un funcionario aprobó el estudio de preinversión pese a deficiencias técnicas e incumplimientos de los términos de referencia, generando un perjuicio de S/ 6 mil 400. Asimismo, se verificó que otros funcionarios recepcionaron materiales que no cumplían las especificaciones técnicas, ocasionando un daño adicional de S/ 26 mil 220. El informe también reveló que el supervisor trabajaba en otro municipio incurriendo en doble remuneración del Estado.",2025-11-16T21:32:01.293813,2025-10-29T00:00:00,2025-11-16T21:32:01.631313,Los Andes,10400,,144,"La Contraloría General de la República identificó un perjuicio económico de S/ 44 mil 620 en la Municipalidad Provincial de Moho, a raíz de irregularidades en la ejecución de la obra “Mejoramiento del servicio de accesibilidad a la adquisición de productos de primera necesidad en la plataforma comercial del centro poblado Occopampa”, ejecutada vía administración […]",,Puno: Hacen plataforma al caballazo en Moho,https://losandes.com.pe/puno-hacen-plataforma-al-caballazo-en-moho/?signup
Diario los Andes,2468,General,"Puno. La Contraloría General identificó un perjuicio económico por US$ 208,952.64 en contra de la Empresa de Generación Eléctrica San Gabán, ubicada en nuestro departamento, en el marco del proceso de compra de dos turbinas Pelton para la central hidroeléctrica San Gabán II. Asimismo, identificó la presunta responsabilidad administrativa y penal en 6 funcionarios o servidores de la entidad. Las observaciones se encuentran detalladas en el Informe de Auditoría de Cumplimiento N° 281-2018-CG/COREPU-AC, el cual fue remitido al Órgano Instructor competente y a la Procuraduría Pública encargada de los asuntos judiciales de la Contraloría General para el inicio del procedimiento sancionador y acciones legales, respectivamente, respecto a los funcionarios y servidores comprendidos en el documento. Entre las observaciones realizadas se considera el otorgamiento de la buena pro, adicionales y ampliaciones de plazo que no correspondían, así como la inaplicación de penalidades en la adquisición de dos rodetes Pelton, afectando los intereses del Estado, ocasionando un perjuicio económico de US$ 208,952.64. Según las investigaciones, se habría determinado que el comité especial otorgó la buena pro a un consorcio cuya propuesta no cumplía con los requisitos técnicos mínimos establecidos en las bases de proceso, asignándole un puntaje mayor al acreditado en su propuesta. Asimismo, la Gerencia General, Asesoría Legal y Gerencia de Producción (administrador del contrato), inobservaron los requisitos y procedimientos para la aprobación de adicionales, deductivos y ampliaciones de plazo, suscribiendo de común acuerdo con el consorcio adendas sin contar con el sustento necesario. Del mismo modo, el consorcio no cumplió con la entrega de la totalidad de los suministros contratados en el plazo estipulado, omitiéndose con ello la aplicación de penalidad por mora que asciende a US$ 48,952.64; por otro lado, la empresa no observó el incumplimiento del Rendimiento medio Ponderado Garantizado por el consorcio, no considerando la aplicación de otra penalidad por US$ 160,000.00. En ese marco, la Contraloría recomendó disponer al titular, a los comités de selección y a las unidades orgánicas de la empresa que establezcan mecanismos para la revisión y validación de expedientes de contratación y bases de procedimientos de selección, con la finalidad de cautelar que estas contengan las condiciones y requisitos establecidos en la normativa de contrataciones.",2025-11-16T21:32:01.293813,2019-01-07T00:00:00,2025-11-16T21:32:01.630246,Los Andes,10399,,363,"Puno. La Contraloría General identificó un perjuicio económico por US$ 208,952.64 en contra de la Empresa de Generación Eléctrica San Gabán, ubicada en nuestro departamento, en el marco del proceso de compra de dos turbinas Pelton para la central hidroeléctrica San Gabán II. Asimismo, identificó la presunta responsabilidad administrativa y penal en 6 funcionarios o […]",,Faenón en empresa eléctrica San Gabán,https://losandes.com.pe/faenon-en-empresa-electrica-san-gaban/?signup
Diario los Andes,6997,General,"Dos nuevos proyectos se han sumado a la lista de proyectos que el Gobierno Regional de Arequipa (GRA) de Rohel Sánchez Sánchez ha decidido transferir su ejecución al Gobierno Nacional. Se trata de la construcción del hospital Goyeneche y la nueva edificación del Instituto Regional de Enfermedades Neoplásicas (IREN) del Sur. Estos proyectos se suman a la larga lista de otros que la gestión ha decidido que sea de ejecución del Ejecutivo, como por ejemplo Majes Siguas II, parte de los componentes de la vía Arequipa-La Joya, así como la construcción de diversas carreteras en la región, con ello el Gobierno centraliza las obras que la región Arequipa debería manejar. Bajo este panorama, los grandes proyectos están bajo control del Ejecutivo central y, con ello, los millonarios presupuestos que deberían manejarse localmente son administrados desde Lima, dejando al gobierno regional como un simple espectador. Es más, el gobernador ahora se desentiende con la población al momento de informar sobre el avance de los mismos. El hospital Goyeneche, uno de los más antiguos de Arequipa, enfrenta un grave deterioro mientras se espera la construcción de una nueva infraestructura encargada a Francia, con un presupuesto superior a los 500 millones de dólares. A pesar del avance del expediente técnico, el hospital actual sufre graves carencias, lo que ha generado la preocupación del personal médico. El GRA ordenó el cierre de las IOARR, procesos de adquisición y mantenimiento de equipos, por más de 42 millones de soles, bajo el argumento de que el nuevo hospital contará con todo el equipamiento. Sin embargo, la obra tardará al menos cinco años, y mientras tanto, equipos vitales como el tomógrafo, el mamógrafo, torres laparoscópicas y un resonador magnético están inoperativos o no se pueden adquirir, dejando todo en manos del Ejecutivo. El consejero regional Fernando Cornejo calificó esta decisión como equivocada y pidió una rectificación, señalando que los pacientes están siendo perjudicados. El gerente regional de Salud, Rafael Gallegos, admitió la falta de presupuesto para atender estas necesidades urgentes y afirmó que solo se destinan alrededor de 15 mil soles por hospital para mantenimiento. En enero, el cuerpo médico intentó recaudar fondos mediante una rifa para comprar una torre laparoscópica, pero el proceso oficial de compra también quedó paralizado. Mientras se construye el nuevo hospital, los trabajadores temen que la falta de equipos comprometa la atención médica y exigen al GRA reconsiderar su decisión. Otra obra anunciada con bombos y platillos, es la construcción del IREN Sur por parte de la Autoridad Nacional de Infraestructura (ANIN) del Gobierno nacional, sí, el Ejecutivo y no el Gobierno Regional. Esta es otra obra que la gestión de Rohel centraliza con el Ejecutivo, la cual, si bien es de beneplácito para la población del sur del Perú, el gobernador se ha empeñado en cambiar su ubicación hacia el Cono Norte, bajo una serie de especulaciones sin mayor sustento técnico, provocando malestar entre personal médico y pacientes oncológicos en la ciudad. La construcción, que se prevé demandará 4 años, incluirá infraestructura, equipamiento y mobiliario con una inversión de S/ 1,180 millones. La atención en el actual IREN Sur continuará con normalidad durante la construcción, y los pacientes serán trasladados al nuevo hospital solo al final de la obra. Presentada como una de las principales promesas viales, la autopista Arequipa–La Joya simboliza la fragmentación institucional. El GRA firmó convenios, impulsó perfiles y hasta anunció avances, pero terminó delegando el control de cada componente: unos al Ministerio de Transportes, otros al mecanismo de Obras por Impuestos, y otros más aún sin ejecutor definido. La obra, iniciada en 2013, avanza lentamente. El primer componente, el puente metálico de arco sobre el río Chili, adjudicado en 2017, ha pasado por paralizaciones, cambios de contratista y problemas de supervisión. Recién en abril de 2025 se otorgó la buena pro a un nuevo consorcio para continuar con la supervisión, pese a que una de sus partes fue sancionada. El segundo componente, el túnel mellizo, está a cargo del sector privado mediante Obras por Impuestos, con una inversión superior a los S/ 113 millones. El convenio fue firmado en febrero de 2025, pero el inicio de obra está previsto recién para 2026. La vía principal (componente 3) y el intercambio con la Panamericana (componente 4), claves para el descongestionamiento de la zona sur, siguen sin ejecutor claro. Cada tramo, cada componente, depende ahora de voluntades externas. El GRA observa, pero ya no decide. Cómo olvidar sobre la transferencia de Majes II del GRA al Gobierno nacional. Majes Siguas II, el proyecto emblemático que prometía irrigar más de 38 mil hectáreas en la pampa arequipeña y dinamizar el sur agrícola del país, también ha sido cedido. Aunque fue iniciado por el GRA, ha sido subordinado al Ministerio de Desarrollo Agrario y Riego (Midagri), que coordina directamente con la concesionaria Cobra. La gobernación se ha vuelto un mediador sin peso real. Sánchez, lejos de exigir el control que tuvo el GRA en el pasado, ha legitimado el repliegue regional. Hace algunos días, durante la visita del ministro de Desarrollo Agrario y Riego, Ángel Manero Campos, se escuchó un aparente giro en la postura del gobernador Rohel Sánchez, quien hasta hace poco se mostraba firme en su rechazo a que la empresa concesionaria, Cobra (Angostura Siguas S.A.), ejecute la obra, ahora es distinto y la decisión ya no depende de él ni del GRA. En septiembre de 2023, Sánchez fue tajante: “Cobra lo único que hizo en 13 años fue aprovecharse de la confianza y burlarse de la esperanza de todo un pueblo”. Con esa declaración, el Gobierno Regional de Arequipa declaró la caducidad del contrato, acusando múltiples incumplimientos y cuestionando el uso de los más de 160 millones de dólares entregados por el Estado peruano, Pese a la cercanía de Rohel Sánchez con el gobierno de Dina Boluarte, cada vez más obras se paralizan con la misma excusa: falta de presupuesto. Los obreros quedan a la espera y las nuevas infraestructuras siguen estancadas. Solo la primera etapa de la autopista Arequipa–La Joya está en marcha. de los cuales solo se habrían justificado 106 millones. Menos de dos años después, el tono cambió. El gobernador afirmó en los últimos días que “no es relevante quién ejecute la obra”, y que lo único que importa es que esta se concrete. La administración regional ya cedió la conducción del proyecto al Ejecutivo Nacional y ahora espera pasivamente que el Ministerio de Desarrollo Agrario y Riego (MIDAGRI), que ha suscrito un acuerdo de confidencialidad, anuncie oficialmente el retorno de Cobra y el reinicio de los trabajos en enero de 2026. Lo cuestionable en estas decisiones, es que la delegación de estos proyectos al Ejecutivo nacional no garantiza que se vayan a ejecutar de forma correcta y en los plazos establecidos.",2025-11-16T21:32:01.293813,2025-05-19T00:00:00,2025-11-16T21:32:01.629166,Los Andes,10398,,1127,Dos nuevos proyectos se han sumado a la lista de proyectos que el Gobierno Regional de Arequipa (GRA) de Rohel Sánchez Sánchez ha decidido transferir su ejecución al Gobierno Nacional. Se trata de la construcción del hospital Goyeneche y la nueva edificación del Instituto Regional de Enfermedades Neoplásicas (IREN) del Sur. Estos proyectos se suman […],,Gobierno Regional Arequipa apuesta por la recentralización,https://losandes.com.pe/gobierno-regional-arequipa-apuesta-por-la-recentralizacion/?signup
Diario los Andes,1983,General,"Luego del accidente ocurrido el pasado 10 de noviembre en la ruta Juliaca – Sandia, donde murieron 11 pasajeros, se conoció que el único sobreviviente a la tragedia, Thiago, un niño de 4 años, se encuentra fuera de peligro tras días de intensa lucha por vivir. Así lo dio a conocer la tía del menor, Lizeth Huanca Choque, quién agradeció las muestras de solidaridad de la población del departamento de Puno por colaborar económicamente para la intervención del menor. Asimismo reconoció a quienes donaron sangre, pues el menor requería de varias unidades tras quedar en estado crítico y ser la única persona que quedó con signos vitales tras el fatal accidente donde murieron todos los pasajeros. En su alocución la también prima de los padres del menor, ha señalado que la recaudación mediante la cuenta Yape fue alrededor de S/ 8 mil 820, dinero entregado a la tía del menor Liz Chirinos para los gastos necesarios. “Quedamos eternamente agradecidos porque son personas que no son directamente familiares nuestros, pero nos han ayudado y apoyado y espero que Dios las almas benditas y el angelito Thiago los pueda bendecir”, sostuvo tras indicar que el menor en la actualidad ya ha dejado las instalaciones de una clínica local y se encuentra recuperándose en su domicilio. Igualmente ha recordado el duro momento que les tocó vivir pues durante la intervención quirúrgica que se le practicó al menor, sus padres eran enterrados en el cementerio La Capilla de la ciudad de Juliaca. Finalmente indicó que luego de la recuperación verán con cuál de sus familiares se quedará el menor, ya que en el accidente perdió a su padre y madre. De la misma manera explicó que el menor ya se encuentra fuera de peligro y va a ingresar en una etapa de recuperación. El fatídico 10 de noviembre, Thiago sobrevivió de milagro a un accidente donde murieron sus padres y la unidad en la que viajaba quedó destrozada. Algunos consideran un milagro el hecho de que el niño de cuatro años sobreviviera.",2025-11-16T21:32:01.293813,2024-11-30T00:00:00,2025-11-16T21:32:01.626959,Los Andes,10397,,338,"Luego del accidente ocurrido el pasado 10 de noviembre en la ruta Juliaca – Sandia, donde murieron 11 pasajeros, se conoció que el único sobreviviente a la tragedia, Thiago, un niño de 4 años, se encuentra fuera de peligro tras días de intensa lucha por vivir. Así lo dio a conocer la tía del menor, […]",,Puno: el pequeño Thiago se encuentra fuera de peligro,https://losandes.com.pe/el-pequeno-thiago-se-encuentra-fuera-de-peligro/?signup
Diario los Andes,1090,General,"Tres presuntos delincuentes identificados como Edwin Adco Hualla (38), Noé Moisés Flores Monroy (31) y Deivi Darwin Mamani Hilasaca (32), fueron detenidos por el Grupo Terna de la Policía en el preciso instantes en el que departían unos tragos mirando el partido de fútbol entre Venezuela y Perú. Todo ocurrió en la urbanización Villa Médica de la ciudad de Juliaca. Los agentes del orden venían siguiendo a los delincuentes tras tomar conocimiento sobre el robo de una motocicleta la mañana del martes 25 de marzo. La intervención se produjo a las 20:00 ho ras aproximadamente, cuando los tres celebraban una de sus tantas fechorías con whisky y alentando a la selección peruana. Al enterarse del operativo policial, los vecinos intentaron hacer justicia con sus propias manos; por eso los polícias tuvieron que salir raudamente con los detenidos. En la casa de los malhechores se encontró además de la moto robada, una mototaxi, autopartes y un arma de fuego. Los moradores sacaron enseres del inmueble y los quemaron. La Unidad de Servicios Especiales tuvo que llegar para dar seguridad.",2025-11-16T21:32:01.293813,2025-03-27T00:00:00,2025-11-16T21:32:01.623758,Los Andes,10396,,178,"Por: Los Andes Tres presuntos delincuentes identificados como Edwin Adco Hualla (38), Noé Moisés Flores Monroy (31) y Deivi Darwin Mamani Hilasaca (32), fueron detenidos por el Grupo Terna de la Policía en el preciso instantes en el que departían unos tragos mirando el partido de fútbol entre Venezuela y Perú. Todo ocurrió en la […]",,Juliaca: malhechores caen en plena jarana,https://losandes.com.pe/malhechores-caen-en-plena-jarana/?signup
Diario los Andes,1577,General,"En medio de la paralización indefinida de mineros informales que bloquean diversos tramos de la Panamericana Sur, un trágico accidente se registró la noche del lunes en el sector de Ocoña, provincia de Camaná. Un conductor de aproximadamente 36 años falleció al caer por un acantilado de entre 80 y 100 metros de profundidad. Según informó el comandante Vargas, jefe de la Policía de Carreteras de Quilca, el hombre identificado como Moisés Sánchez Martínez, de 67 años, descendió de su camión para hacer una necesidad fisiológica, pero resbaló y cayó por la pendiente. La alerta fue dada por otros transportistas que se encontraban en la zona, tras lo cual se convocó a los bomberos para realizar el rescate. El cuerpo fue hallado sin vida y posteriormente trasladado a la morgue por disposición del Ministerio Público. El fallecido viajaba solo, como ocurre con muchos conductores de carga pesada. El camión quedó bajo custodia policial en espera de que los propietarios lo recojan. El hecho ocurrió en medio de los bloqueos que mantienen los mineros en los kilómetros 618 (Chala) y 782 (puente Ocoña) de la vía Panamericana. La policía confirmó que desde hace dos días no se permite el tránsito vehicular, ni de día ni de noche, lo que genera largas filas de vehículos varados, entre camiones, buses y camionetas. “Estimamos que hay alrededor de 1,400 mineros en Chala y entre 800 a 900 en Ocoña”, indicó el comandante Vargas. Pese al tenso escenario, hasta el momento no se han reportado enfrentamientos entre los manifestantes, los transportistas ni las fuerzas del orden.",2025-11-16T21:32:01.293813,2025-07-09T00:00:00,2025-11-16T21:32:01.621481,Los Andes,10395,,261,"En medio de la paralización indefinida de mineros informales que bloquean diversos tramos de la Panamericana Sur, un trágico accidente se registró la noche del lunes en el sector de Ocoña, provincia de Camaná. Un conductor de aproximadamente 36 años falleció al caer por un acantilado de entre 80 y 100 metros de profundidad. Según […]",,Arequipa: Conductor muere al caer de acantilado tras bloqueo,https://losandes.com.pe/arequipa-conductor-muere-al-caer-de-acantilado-tras-bloqueo/?signup
Diario los Andes,623,General,"Polobaya. Se colocará un punto de inspección en 7 Toldos, Polobaya, para supervisar a minivanes que transporten pasajeros al Santuario de Chapi, ya que deben contar con un permiso otorgado por la comuna provincial. El subgerente de Transporte, Ángel Coila Pacosonco, informó que otros 3 puntos de paraderos serán instalados desde el 28 de abril hasta el 1 de mayo, en las avenidas Kennedy y De Las Convenciones. “Ahí mismo se les entregará el permiso, cuesta S/72.30 para los vehículos M2 y M3”, explicó. Participarán 30 inspectores de transporte, 30 serenos, Policía Nacional, y funcionarios de la comuna provincial. (BCZ)",2025-11-16T21:32:01.293813,2019-04-05T00:00:00,2025-11-16T21:32:01.620190,Los Andes,10394,,100,"Polobaya. Se colocará un punto de inspección en 7 Toldos, Polobaya, para supervisar a minivanes que transporten pasajeros al Santuario de Chapi, ya que deben contar con un permiso otorgado por la comuna provincial. El subgerente de Transporte, Ángel Coila Pacosonco, informó que otros 3 puntos de paraderos serán instalados desde el 28 de abril […]",,Colocarán punto de inspección en 7 Toldos,https://losandes.com.pe/colocaran-punto-de-inspeccion-en-7-toldos/?signup
Diario los Andes,1068,General,"La Gerencia de Infraestructura de la Municipalidad Provincial de San Román declaró improcedente la solicitud de ampliación de plazo Nº 01 presentada por la empresa Contratistas Generales Kaliss E.I.R.L., responsable de la ejecución de la obra “Mejoramiento del Servicio de Movilidad Urbana en la avenida Independencia”, en el distrito de San Miguel. La solicitud, que planteaba una ampliación de 26 días calendario, fue rechazada tras la evaluación técnica de la gerencia correspondiente y con la ratificación del asesor legal de la comuna, siendo finalmente refrendada por el gerente municipal, Dante Coasaca Núñez. La obra forma parte del Contrato de Ejecución de Obra Nº 010-2024-MPSRJ, derivado de la Licitación Pública Nº 011-2024, y contempla trabajos en el tramo comprendido entre la avenida Circunvalación y el jirón 21 de Abril, en la urbanización Anexo Horacio Zeballos Gámez. Esta negativa a ampliar el plazo representa una alerta temprana sobre las dificultades que ya enfrenta el proyecto, que fue anunciado como una obra emblemática de la actual gestión.",2025-11-16T21:32:01.293813,2025-05-02T00:00:00,2025-11-16T21:32:01.619109,Los Andes,10393,https://losandes.com.pe/wp-content/uploads/2025/05/WhatsApp-Image-2025-05-01-at-5.32.43-PM-1024x494.jpeg,164,"La Gerencia de Infraestructura de la Municipalidad Provincial de San Román declaró improcedente la solicitud de ampliación de plazo Nº 01 presentada por la empresa Contratistas Generales Kaliss E.I.R.L., responsable de la ejecución de la obra “Mejoramiento del Servicio de Movilidad Urbana en la avenida Independencia”, en el distrito de San Miguel. La solicitud, que […]",,Municipalidad Provincial de San Román niega ampliación de plazos,https://losandes.com.pe/municipalidad-provincial-de-san-roman-niega-ampliacion-de-plazos/?signup
Diario los Andes,201,General,"Diario referente del sur del Perú, espacio de reflexión sobre el desarrollo humano y su relación con el medio ambiente, la sociedad y la economía © 2024 Diario los Andes. Todos los derechos reservados.",2025-11-16T21:32:01.293813,2025-08-08T00:00:00,2025-11-16T21:32:01.614903,Los Andes,10392,,34,"Diario referente del sur del Perú, espacio de reflexión sobre el desarrollo humano y su relación con el medio ambiente, la sociedad y la economía © 2024 Diario los Andes",,AREQUIPA: Diario Los Andes 08/08/2025,https://losandes.com.pe/arequipa-diario-los-andes-08-08-2025/?signup
Diario los Andes,1584,General,"Cinco narcotraficantes fueron capturados por la policía cuando trasladaban 74 kilogramos de droga camuflados en una camioneta. Aparentemente, el cargamento ilícito provenía desde la provincia de Sandia y tenía como destino el país vecino de Bolivia. La intervención se ejecutó cerca de las 17:00 horas del último lunes, en el Centro Poblado San Miguel de Tiqui Tiqui del distrito de Vilquechico (Huancané), cuando un “colaborador” informó sobre los movimientos de una banda que se dedicaría al abastecimiento de droga. Los agentes del grupo Orión de la Dirección Antidrogas (Dirandro) de Perú, en trabajo conjunto con los efectivos de la DEPOTAD, DIVIAC y DIGIMIN de la Ciudad Calcetera, mediante un trabajo de inteligencia, decidieron ir tras los pasos de los “narcos”. Fue en el Centro Poblado de Tiquitiqui donde la policía y el fiscal especializado en Tráfico Ilícito de Drogas lograron intervenir la camioneta marca Nissan de color negro con placa de rodaje C5L – 946, conducida por Julio Parra Quispe (31). En el vehículo viajaban otras cuatro personas, que se mostraron nerviosas ante la presencia policial. Ellas fueron identificadas como Walter Iban Chipana Quispe (24), Brígida Quispe Parra (30), Juana Quispe Parra (45) y Rosa Quispe Parra (39), esta última la propietaria del carro. Al proceder con el registro, se halló en la parte baja de la tolva y en una “canaleta” de la cabina del vehículo, 72 paquetes tipo ladrillo de color azul, los cuales tenían el sello de un “delfín”. Al ser sometidos a la prueba del reactivo de campo, dio positivo para alcaloide de cocaína.",2025-11-16T21:32:01.293813,2018-12-05T00:00:00,2025-11-16T21:32:01.613152,Los Andes,10391,,258,"Cinco narcotraficantes fueron capturados por la policía cuando trasladaban 74 kilogramos de droga camuflados en una camioneta. Aparentemente, el cargamento ilícito provenía desde la provincia de Sandia y tenía como destino el país vecino de Bolivia. INTERVENCIÓN La intervención se ejecutó cerca de las 17:00 horas del último lunes, en el Centro Poblado San Miguel […]",,«Narcos» caen con 73 kilos de droga y dejan al descubierto nueva ruta del narcotráfico,https://losandes.com.pe/narcos-caen-con-73-kilos-de-droga-y-dejan-al-descubierto-nueva-ruta-del-narcotrafico/?signup
Diario los Andes,2844,General,"Durante este 2018 se registraron diferentes actos delincuenciales, detenciones e incluso muertes. Estas últimas, principalmente a causa de aparatosos accidentes de tránsito, preocupando y alertando a la población de la ciudad de Juliaca (San Román). Los casos más atendidos hasta noviembre del 2018 por el personal de la Policía Nacional y la Unidad de Serenazgo Municipal, fue la captura de presuntos delincuentes comunes, los cuales fueron sorprendidos infraganti. En algunas situaciones, los infractores de la ley se salvaron de morir linchados, pues fueron brutalmente golpeados. Según las estadísticas proporcionadas por la Subgerencia de Serenazgo Municipal, desde el 01 de enero al 30 de setiembre, cuando se realizaron 2 mil 902 patrullajes disuasivos contra la delincuencia, fueron detenidos alrededor de 720 individuos denunciados por robo de celulares, de unidades menores, violación de la propiedad privada, hurto de dinero en tiendas comerciales, entre otros delitos. Esta cifra representa más del 30% de intervenciones, y seguirá expandiéndose hasta fines de diciembre, debido a las fiestas de Navidad y Año nuevo, épocas en que los malhechores están al acecho de sus víctimas con el fin de delinquir. Accidentes de tránsito En segundo lugar están los accidentes de tránsito suscitados desde inicios de este año hasta noviembre pasado, en las principales vías de acceso a la ciudad. Los serenos acudieron a aproximadamente 500 casos, entre choques vehiculares, embistes, atropellos, despistes, etc., los cuales tuvieron consecuencias leves y fatales. Muchos de estos incidentes sobre la carretera fueron a causa de la irresponsabilidad e imprudencia de los conductores, quienes manejan sus vehículos a velocidad excesiva y bajo los efectos del alcohol, arriesgando sus vidas y la de los transeúntes. Otro tema preocupante son las constantes denuncias interpuestas por mujeres que fueron víctimas de violencia familiar por parte de sus respectivos cónyuges. Por día, uno o dos casos de agresión física y psicológica son reportados en la Comisaría de Familia, siendo un aproximado de más de 35 denuncias por mes. Esto, sin considerar que varias víctimas optan por guardar silencio, ya sea por miedo, vergüenza o amenazas de su agresor. Últimamente, los asaltos a mano armada y robos al paso vienen sembrando terror en la ciudadanía. Por semana se registran mínimamente 3 o 4 asaltos por hampones que ingresan a las viviendas, ya sea aprovechando la oscuridad de la noche o a plena luz del día, sin temor alguno. De acuerdo con la información de los peritos de investigación criminal, enero y agosto son los meses en que más se denunció el delito contra el patrimonio; mientras que en mayo y agosto se registraron delitos contra la vida y la salud; los delitos contra la libertad sexual, finalmente, se denunciaron más en septiembre.",2025-11-16T21:32:01.293813,2018-12-26T00:00:00,2025-11-16T21:32:01.608812,Los Andes,10390,,445,"Durante este 2018 se registraron diferentes actos delincuenciales, detenciones e incluso muertes. Estas últimas, principalmente a causa de aparatosos accidentes de tránsito, preocupando y alertando a la población de la ciudad de Juliaca (San Román). ESTADÍSTICAS Delincuencia Los casos más atendidos hasta noviembre del 2018 por el personal de la Policía Nacional y la Unidad […]",,Estos son los delitos con mayor incidencia en Juliaca,https://losandes.com.pe/estos-son-los-delitos-con-mayor-incidencia-en-juliaca/?signup
Diario los Andes,4509,General,"Fredy Ramos Ginez fue sentenciado a 30 años de prisión por matar a su propio hijo junto a su madre. Además, purgaba condena por abusar sexualmente de su propia hija. Si bien ya se tiene noticia sobre el alcalde de su pena, se repasa su caso que se hizo conocido como el del “Asesino del Costal”, que conmovió a todo Arequipa y otras ciudades del sur del país al iniciar el año 2019. La mañana del día 20 de enero del año 2019, en la carretera que une Arequipa y La Joya, una mujer pensó que alguien había dejado dos costales con basura en el frontis de su terreno. En realidad, eran los restos de María Elízabeth Maquera Maquera y su hijo, Kenyo Ramos Maquera. Ambos estaban reportados como desaparecidos, desde el 16 de enero de ese año. Durante la necropsia los peritos comprobaron que ambos habían sido estrangulados. En su funeral, la ausencia de Fredy Ramos Ginés, un colectivero de mediana edad, lo señaló como el principal sospechoso del crimen. Las preguntas eran inevitables: ¿Por qué ? ¿Cómo un padre puede quitarle la vida a su hijo que apenas había dejado de ser niño? ¿Por qué dejar a su hija de 17 años con su madre sapultada y su padre tras las rejas? Había que retroceder tres años atrás. La familia, fue formada por Fredy el transportista y María Elízabeth, la comerciante. Ambos con raices pu neñas y asentados en la Asoc. José Luis Bustamante y Rivero sector 11 manzana 47, lote 04 del distrito de Cerro Colorado. En el año 2001 procrearon a su primera hija y en el 2006 recibieron al segundo, al que pusieron Kenyo; el nombre de la ahora joven es mejor reservarlo. En los archivos judiciales se encuentra información sobre el primer crimen conocido de Fredy Ramos. El testimonio de la hija apunta que, la madrugada del martes 6 de diciembre del año 2016 cuando ella, una quinceañera y su hermano Ken yo de 11 años dormían en la habitación de sus padres, alguien invadió su cama. Esa persona aprovechó que es taba dormida para abusar de ella, quien se despertó cuando todo estaba a punto de consumarse. Cuando abrió los ojos por el dolor supo que el abusador era su propio padre. Al día siguiente le contó lo sucedido a su madre. Fredy se negó en redondo; pero, ante la insistencia, le ofreció a su hija un celular de S/ 200 soles y una matrícula en una academia de fútbol. Era una confesión a toda regla. JUICIO Y PELEA POR LA CASA La denuncia estaba interpuesta me nos de una semana después del hecho y partir de ese punto, empezaría una larga batalla legal entre Ginez y su es posa. Los parientes de María Maquera cuentan que Fredy apeló a las lágrimas para intentar convencer al juez para que declare su inocencia. Se dictó una orden para que Fredy se aleje de su familia pero, eso no era todo: la casa que ambos habían construído también estaba en disputa. “ La última vez que vi a María fue el 13 de enero (2019) Llegó de Puno el sábado en la tarde y encontró que la ropa de su suegra estaba debajo de su cama” cuenta la hermana de la víctima. Luego se supo que, una de las preocupaciones de Fredy era que su pareja se quede con la casa. Su desesperación crecía a medida que se acercaba en día de la lectura de su sentencia por violación a su hija y, todo indica que planificó desaparecer a toda su familia, comenzando con su hija, su primera víctima. Según informó la hija, Fredy te nía otra pareja y se había separado de María el año 2017, pero aún así, siempre iba a su casa a insultar o amenazar a la esposa. A Kenyo lo tenía absolutamente atemorizado mientras que María lo denunciaba en vano por múltiples agresiones. Entre el 13 y 15 de enero, Fredy logró ingresar a la casa. Fue ejecutivo. No gastó más fuerzas que las necesarias pues ahorcó a la que había sido la madre de sus hijos y a su hijo Kenyo. Guardó sus cuerpos en dos sacos y los lanzó como si fueran basura. en un descampado. La mañana del 21 de marzo, ca minando tranquilamente en una conocida avenida de la ciudad de Puno, Fredy Ramos Ginez fue capturado. La clave para ser identifica do como el culpable del crimen así como de su captura fue la geolocalización de su celular que lo ubico cerca a la casa de sus víctimas la no che de su desaparición y, posterior mente, merodeando en la ciudad de Puno. Enmarrocado y, ante las cámaras, se negó a reconocer su responsabilidad en el crimen. Su hija lo calificó de un enfermo y dijo que, al momento del crimen, tenía otra pareja. Dicen que a los violadores los violan en los penales y para mucha gente ni con eso pagaría todo el daño que le hizo a su propia familia.",2025-11-16T21:32:01.293813,2025-06-16T00:00:00,2025-11-16T21:32:01.604678,Los Andes,10389,,837,"Fredy Ramos Ginez fue sentenciado a 30 años de prisión por matar a su propio hijo junto a su madre. Además, purgaba condena por abusar sexualmente de su propia hija. Si bien ya se tiene noticia sobre el alcalde de su pena, se repasa su caso que se hizo conocido como el del “Asesino del […]",,Arequipa: La historia completa del ‘Asesino del Costal’,https://losandes.com.pe/arequipa-la-historia-completa-del-asesino-del-costal/?signup
Diario los Andes,1292,General,"El jefe de la IX Macro Región Policial, general PNP Olger Benavides, expresó que los 100 patrulleros que el Gobierno Regional de Arequipa (GRA) prometió para la Policía Nacional del Perú, serán entregados a fines de agosto o a más tardar a inicios de setiembre. El general PNP manifestó que los patrulleros serán distribuidos para reposición de vehículos en las comisarías de la región. Una de ellas, es la comisaría de Ciudad Municipal en el distrito de Cerro Colorado. Hay que precisar que, los patrulleros, serán adquiridos mediante la modalidad de obras por impuestos, con un presupuesto de 19 millones 620 mil soles Hay que recordar que, la pretendida compra de patrulleros por parte de la gestión del gobernador Rohel Sánchez arrastra serios antecedentes de corrupción. -En el 2023, se pretendió adquirir 25 patrulleros, sin embargo, en la compra se sospechaba de una presunta sobrevaloración por cada vehículo. Se asignó para la referida adquisición 6 millones de soles y cada camioneta costaría a S/ 245 mil, pero su precio en el mercado era de S/ 88 mil. Aquella vez el Consorcio Virgen de Chapi, integrado por los grupos empresariales A&T SAC, AJV EIRL y Cárdenas SAC ganaron la buena pro para la compra, empero, se descubrió graves irregularidades en el proceso y este fue anulado.",2025-11-16T21:32:01.293813,2025-06-17T00:00:00,2025-11-16T21:32:01.602328,Los Andes,10388,,215,"El jefe de la IX Macro Región Policial, general PNP Olger Benavides, expresó que los 100 patrulleros que el Gobierno Regional de Arequipa (GRA) prometió para la Policía Nacional del Perú, serán entregados a fines de agosto o a más tardar a inicios de setiembre. El general PNP manifestó que los patrulleros serán distribuidos para […]",,Patrulleros del Gobierno Regional Arequipa para agosto,https://losandes.com.pe/patrulleros-del-gobierno-regional-arequipa-para-agosto/?signup
Diario los Andes,953,General,"Los vecinos del barrio Zarumilla lograron recuperar un área de más de 10 mil metros cuadrados ubicados junto al cuartel Francisco Bolognesi en Juliaca. Tras 14 años de lucha, aseguran que estos terrenos pertenecen al Estado y deben destinarse para el beneficio público. “El 10 de diciembre del 2021, se tuvo una lucha feroz contra estas personas que contrataron una organización para tomar estos terrenos”, señaló Marcelino Mamani Lima, presidente del referido barrio. Según los vecinos, el alcalde y el exprocurador Óscar Mendoza confirmaron el 30 de marzo que el área se destinará a recreación pública. “En el barrio no vamos a dar un paso atrás”, afirmaron con determinación ante cualquier intento de usurpación. Los terrenos serán entregados por la Procuraduría a la gerencia de administración y bienes patrimoniales para su gestión. Este espacio se suma a otros 12 mil metros cuadrados en la zona sur y más de 1200 metros cuadrados del inicial 332.",2025-11-16T21:32:01.293813,2025-04-03T00:00:00,2025-11-16T21:32:01.601037,Los Andes,10387,,155,"Escribe: Zenaida Zea Los vecinos del barrio Zarumilla lograron recuperar un área de más de 10 mil metros cuadrados ubicados junto al cuartel Francisco Bolognesi en Juliaca. Tras 14 años de lucha, aseguran que estos terrenos pertenecen al Estado y deben destinarse para el beneficio público. “El 10 de diciembre del 2021, se tuvo una […]",,Juliaca: Zarumilla recupera terreno tras 14 años,https://losandes.com.pe/zarumilla-recupera-terreno-tras-14-anos/?signup
Diario los Andes,301,General,"Guarda mi nombre, correo electrónico y sitio web en este navegador para la próxima vez que comente. Diario referente del sur del Perú, espacio de reflexión sobre el desarrollo humano y su relación con el medio ambiente, la sociedad y la economía © 2024 Diario los Andes. Todos los derechos reservados.",2025-11-16T21:32:01.293813,2025-11-15T00:00:00,2025-11-16T21:32:01.599554,Los Andes,10386,,51,"Guarda mi nombre, correo electrónico y sitio web en este navegador para la próxima vez que comente",,PUNO: Diario Los Andes 15/11/2025,https://losandes.com.pe/puno-diario-los-andes-15-11-2025/
Diario los Andes,1755,General,"Una mujer vivió momentos de terror luego de que fuera víctima de un asalto a mano armada por parte de tres avezados delincuentes, quienes la arrastraron por varios metros para robarle su cartera con 5 mil soles. El dinero lo había retirado de una entidad bancaria apenas unos minutos antes. VÍCTIMALa víctima se identificó como Sonia Hancco Vilca, quien refirió que tres sujetos la interceptaron cerca de las 15:45 horas de ayer, cuando bajaba de una línea de transporte urbano por las inmediaciones del jirón Tungsteno de la urbanización César Vallejo, en la salida a Arequipa. Lo primero que hicieron los “marcas” fue esperar a que ella avance unos metros con dirección a su vivienda, para luego sorprenderla por la espalda. Uno de ellos la “cogoteó”, mientras que otro intentaba arrancharle el bolso con el dinero. Al ver que la mujer oponía resistencia, los malhechores decidieron arrastrarla en un charco de lodo y realizando disparos al aire, a fin de atemorizarla; tras conseguir el botín, emprendieron su huida con rumbo desconocido. SEGUIMIENTOLos detectives señalaron que los “marcas” ya sabían que la agraviada tenía 5 mil soles en su poder, por lo que siguieron desde la entidad financiera de donde retiró el dinero hasta el momento en que descendió del vehículo de transporte. En el momento de la intervención, la víctima aún se encontraba en shock, teniendo vagos recuerdos de lo sucedido. Los agentes ya vienen investigando los hechos para dar con el paradero de los facinerosos, que vienen causando terror en la Ciudad Calcetera. La policía recomendó a aquellas personas que retiren fuertes montos de dinero en las entidades bancarias a percatarse de cualquier movimiento extraño a su alrededor y de evitar mostrar los billetes al público.",2025-11-16T21:32:01.293813,2018-12-18T00:00:00,2025-11-16T21:32:01.595829,Los Andes,10385,,287,"Una mujer vivió momentos de terror luego de que fuera víctima de un asalto a mano armada por parte de tres avezados delincuentes, quienes la arrastraron por varios metros para robarle su cartera con 5 mil soles. El dinero lo había retirado de una entidad bancaria apenas unos minutos antes. VÍCTIMALa víctima se identificó como […]",,“Marcas” la siguieron en una moto lineal para robarle el dinero que había retirado,https://losandes.com.pe/marcas-la-siguieron-en-una-moto-lineal-para-robarle-el-dinero-que-habia-retirado/?signup
Diario los Andes,1932,General,"El alcalde de la Municipalidad Provincial de San Román, Óscar Cáceres Rodríguez, informó que, a través de la Procuraduría Municipal, se ha dispuesto interponer un recurso de oposición contra la medida cautelar que frena la construcción del Colegio de Alto Rendimiento (COAR) en los terrenos del Campamento Taparachi. Según la municipalidad, el Sindicato de la Dirección Regional de Transportes, representado por Luis Espezúa, habría presentado información incorrecta con dolo para apropiarse del predio. Se les acusa de un fraude procesal que habría inducido al juzgado a incurrir en un delito. Por ello, el procurador Walter Mamani presentó el recurso de oposición a la medida emitida por el juez Guido Chevarría Tisnado, alegando que carece de legitimidad, verosimilitud y razonabilidad, y favorece a terceros sobre el interés público. También considera que debe ser investigado por prevaricato. Además, solicitó que se deje sin efecto la medida cautelar y se remitan copias al Ministerio Público. Busca iniciar acciones legales por peculado de uso y otros delitos contra quienes resulten responsables de este presunto ilícito. Por su parte, el burgomaestre cuestionó la resolución judicial, porque podría sentar un peligroso precedente para que sindicatos de cualquier institución intenten usurpar o apropiarse indebidamente de terrenos del Estado. La comuna edil informó que mediante el Acuerdo de Concejo N° 035-2025, se aprobó la reversión del predio de 38,400 m² a favor de la Municipalidad de San Román. A la vez, quedó sin efecto el acuerdo de donación de 1969 a la Oficina Regional de Infraestructura Vial. La reversión se basa en el testimonio N° 78 del 15 de febrero de 1971, que indicaba un plazo máximo de dos años para usar el terreno donado. De no cumplirse, el predio debía revertir a la municipalidad, como finalmente se concretó. El alcalde aseguró que en el terreno se construirá dicha infraestructura educativa.",2025-11-16T21:32:01.293813,2025-06-11T00:00:00,2025-11-16T21:32:01.592057,Los Andes,10384,,303,"El alcalde de la Municipalidad Provincial de San Román, Óscar Cáceres Rodríguez, informó que, a través de la Procuraduría Municipal, se ha dispuesto interponer un recurso de oposición contra la medida cautelar que frena la construcción del Colegio de Alto Rendimiento (COAR) en los terrenos del Campamento Taparachi. Según la municipalidad, el Sindicato de la […]",,Impugna medida cautelar por predio del COAR en Juliaca,https://losandes.com.pe/impugna-medida-cautelar-por-predio-del-coar-en-juliaca/?signup
Diario los Andes,2692,General,"Es una de las ciudades con mayor crecimiento poblacional en el sur, su progreso económico ha sido fruto de múltiples factores como el comercio y la informalidad, Juliaca es una ciudad muy joven a comparación de los vecinos como: Lampa, Huancané o Puno, pero con un porvenir que dará mucho más de qué hablar, como decía el poeta Rodrigo, Juliaca es alma tendida al porvenir. Así como el crecimiento poblacional y el crecimiento urbano, de igual manera se han multiplicado sus problemas, la informalidad, el desorden, el transporte urbano. Pero el peor de sus males es la elección de sus autoridades, del actual burgomaestre en el pasado fue un agente de Montesinos, y en la actualidad anda en pésimas juntas con el fujimorismo y López Aliaga, y todas las veces que puede aplaude a la señora Boluarte pese a que más de dos decenas de juliaqueños fueron asesinados por los agentes del Estado del actual régimen. Prefirió guardar silencio sobre lo acontecido del 9 de enero, se sospecha que cooperó con abastecimiento de municiones usando los carros de serenazgo para dispersar a los manifestantes del fatídico 9 de enero en Juliaca. ¿Hizo algún gesto para exigir justicia, por la vida de los paisanos? Abreviando los males de Juliaca, otras de sus prácticas, aparte de elegir pésimas autoridades es el uso de costumbres obsoletas de una sociedad decadente, y para resumir mis líneas, ¿son necesarios los desfiles por el aniversario? ¿Desde cuándo se practica esta huachafería del desfile en nuestro Juliaca? ¿Por qué inducir a los estudiantes al desfile? ¿Qué capacidades se desarrolla en los estudiantes al desfilar? ¿Por qué perjudicar las horas académicas y perdiendo el tiempo en el desfile? ¿Acaso los desfiles no es propio de los militares o de la Policía? ¿Y los militares de Juliaca con qué honor desfilarían? ¿Acaso han podido defender al menos los terrenos del cuartel de Zarumilla? ¿Por qué han permitido que los traficantes de terrenos invadan los terrenos del cuartel? Por otro lado, ¿hay tanta necesidad que alcaldes de otras provincias y distritos vengan a desfilar con su comitiva de funcionarios? ¿En sus municipalidades, no se perjudicarán a los usuarios por venir a desfilar? Si tiempo que se pierde en los desfiles se empleara para optimizar la gestión pública, quizá tendríamos una ciudad con mayores obras y que los trabajos puedan ser entregados en la brevedad posible, y no estar sobrevalorando ni estar ampliando los proyectos de inversión. Abandonando nuestras preguntas pesimistas, ojalá, las interrogantes que preceden encuentren respuestas en algún ciudadano, en algún lector perspicaz, en un juliaqueño o juliaqueñista que sueña con una ciudad más segura y moderna.",2025-11-16T21:32:01.293813,2025-07-15T00:00:00,2025-11-16T21:32:01.586553,Los Andes,10383,,438,"Escribe: Pío Chambi Es una de las ciudades con mayor crecimiento poblacional en el sur, su progreso económico ha sido fruto de múltiples factores como el comercio y la informalidad, Juliaca es una ciudad muy joven a comparación de los vecinos como: Lampa, Huancané o Puno, pero con un porvenir que dará mucho más de […]",,CIUDAD MARAVILLOSA III,https://losandes.com.pe/ciudad-maravillosa-iii/?signup
Diario los Andes,1537,General,"Tal como lo había advertido Los Andes, se confirmaron una serie de irregularidades en contratos y pagos en personal del proyecto Catastro, Titulación y Registro de Tierras en el Perú o PTRT3 y los implicados están a poco de responder ante un fiscal por el hecho. Son siete trabajadores contratados irregularmente y luego remunerados, de la misma manera se ha calculado una pérdida de S/ 669 mil 555. Los trabajadores contratados irregularmente durante el año 2023 fueron Cristian Challapa Zuluaga, Danilo Copa Coari, Ronald Huancachoque Soncco, Alex Mamani Añamuro, Edson Ccama Rojas, Dante Apaza Roque y Leidy Curasi Quispe. Todo ellos contratados por Oscar Omar Tejada Méndez, uno de los principales responsables de la contratación. Mediante la revisión de su documentación se pudo constatar que no cumplían con el perfil requerido. No solo eso, sino que también fueron remunerados a pesar de que no demostraron haber cumplido el servicio para el cual se les había contratado. Por ejemplo, para contratar a una persona que brinde el servicio de CAD GIS por la suma de S/ 18 mil por un plazo de 90 días, se contrató a Cristian Challapa, quien no cumplía con la experiencia en uso del software CAD -GIS. El caso es el mismo con los demás mencionados. De igual manera, se firmaron conformidades para pagarles a pesar de que no cumplieron con el trabajo requerido. En el caso de Marco Gayoso, por ejemplo, no hay ni siquiera una evidencia de su trabajo realizado en marzo del 2023. Un verdadero festín, ahora confirmado por la Contraloría.",2025-11-16T21:32:01.293813,2025-06-19T00:00:00,2025-11-16T21:32:01.582242,Los Andes,10382,,257,"Tal como lo había advertido Los Andes, se confirmaron una serie de irregularidades en contratos y pagos en personal del proyecto Catastro, Titulación y Registro de Tierras en el Perú o PTRT3 y los implicados están a poco de responder ante un fiscal por el hecho. Son siete trabajadores contratados irregularmente y luego remunerados, de […]",,Confirman festín de contratos en proyecto de titulación PTR del GORE Puno,https://losandes.com.pe/confirman-festin-de-contratos-en-proyecto-de-titulacion-ptr-del-gore-puno/?signup
Diario los Andes,967,General,"Un grupo de vecinos de las urbanizaciones La Pampilla, 9 de Octubre y Concordia llegaron hasta la sede de la Municipalidad Provincial de San Román para protestar y exigir la ejecución del proyecto de pavimentación y veredas en sus calles. Los manifestantes denunciaron que este proyecto lleva más de ocho años de espera. Según señalaron, la anterior gestión municipal no levantó las observaciones técnicas, y en los tres años de la actual administración tampoco se ha avanzado en el proceso. Indicaron que, pese a que el Ministerio de Vivienda, Construcción y Saneamiento ya levantó la observación relacionada a la duplicidad de código de inversiones, hasta ahora la comuna provincial no incluye sus vías en la cartera de proyectos. “Son calles que están dentro del primer anillo de la ciudad de Juliaca, deberían ser prioritarias”, reclamaron los dirigentes vecinales, quienes además increparon al alcalde Óscar Cáceres Rodríguez por no cumplir su promesa electoral.",2025-11-16T21:32:01.293813,2025-09-04T00:00:00,2025-11-16T21:32:01.581140,Los Andes,10381,,152,"Un grupo de vecinos de las urbanizaciones La Pampilla, 9 de Octubre y Concordia llegaron hasta la sede de la Municipalidad Provincial de San Román para protestar y exigir la ejecución del proyecto de pavimentación y veredas en sus calles. Los manifestantes denunciaron que este proyecto lleva más de ocho años de espera. Según señalaron, […]",,Alcalde de Juliaca Oscar Cáceres olvida promesas,https://losandes.com.pe/alcalde-de-juliaca-oscar-caceres-olvida-promesas/?signup
Diario los Andes,1159,General,"El auditorio de la Corte Superior de Justicia no fue suficientemente espacioso para albergar a los asistentes al I Congreso Regional de Comunicadores Sociales de Puno, que en la víspera desarrolló su jornada inaugural. Este evento, que tiene por finalidad reconocer el campo ocupacional de los egresados de esta escuela profesional para luego defender sus derechos laborales y fortalecer sus competencias de empleabilidad, tuvo como ponentes a Mónica Veco Ordoñez y Julio César Navarro Falconi, quienes expusieron los temas “Periodismo de investigación en actos de corrupción” y “Comunicación institucional en situación de crisis”, respectivamente. Asimismo, se desarrollaron dos mesas temáticas, en las que se expusieron ideas sobre las necesidades de capacitación y especialización, y la experiencia laboral de los comunicadores sociales. “Hay que reflexionar a nivel de la universidad, qué cosa se está enseñando y con qué tipo de enfoque se está enseñando; muchas veces revisamos lo universal, pero la reflexión local debería ir de la mano para estar un poco más ligados con nuestra realidad”, indicó Hugo Supo, participante de una de las mesas temáticas.",2025-11-16T21:32:01.293813,2018-11-09T00:00:00,2025-11-16T21:32:01.579350,Los Andes,10380,,176,"El auditorio de la Corte Superior de Justicia no fue suficientemente espacioso para albergar a los asistentes al I Congreso Regional de Comunicadores Sociales de Puno, que en la víspera desarrolló su jornada inaugural. Este evento, que tiene por finalidad reconocer el campo ocupacional de los egresados de esta escuela profesional para luego defender sus […]",,Comunicadores en congreso regional,https://losandes.com.pe/comunicadores-en-congreso-regional/?signup
Diario los Andes,1656,General,"Las ollas comunes en Arequipa atraviesan una etapa crítica por la reducción del apoyo estatal y la limitada variedad de alimentos que reciben para atender a personas en situación vulnerable. Así lo denunció Abel Capira, presidente de la olla común 54, ubicada en la margen derecha del distrito de Cerro Colorado. Actualmente, esta organización solidaria atiende a más de 60 personas diariamente, pero el Programa de Complementación Alimentaria (PCA) solo les entrega insumos para 34 beneficiarios. Entre los víveres que reciben figuran lentejas, arroz, atún y un poco de aceite, lo que según Capira no permite preparar platos variados ni cubrir las necesidades alimenticias básicas de sus usuarios. “La ayuda se ha reducido bastante. Antes con el programa Qali Warma teníamos avena, leche, frejol, arvejas. Ahora solo nos entregan cuatro productos”, señaló. Explicó también que, debido al recorte presupuestal y al encarecimiento de los alimentos, el gobierno ya les ha informado que no será posible aumentar las dotaciones este año. Frente a esta situación, las ollas comunes recurren a colectas en mercados como Acomare, Señor de Huanca y Asocomat, además de aprovechar donaciones de ONG. Sin embargo, Capira afirmó que estas acciones apenas alcanzan para sostener el servicio. El dirigente también pidió que se brinde algún tipo de apoyo a los voluntarios que han puesto sus recursos al servicio de estas ollas. Pese al escenario adverso, mantienen la esperanza en el anuncio del alcalde provincial, Víctor Hugo Rivera, quien señaló que el 70 % de las utilidades de las actividades por el aniversario de Arequipa serán para las ollas comunes y comedores",2025-11-16T21:32:01.293813,2025-07-30T00:00:00,2025-11-16T21:32:01.577475,Los Andes,10379,,262,"Las ollas comunes en Arequipa atraviesan una etapa crítica por la reducción del apoyo estatal y la limitada variedad de alimentos que reciben para atender a personas en situación vulnerable. Así lo denunció Abel Capira, presidente de la olla común 54, ubicada en la margen derecha del distrito de Cerro Colorado. Actualmente, esta organización solidaria […]",,Arequipa: Alertan de reducción de apoyo a ollas comunes,https://losandes.com.pe/arequipa-alertan-de-reduccion-de-apoyo-a-ollas-comunes/?signup
Diario los Andes,861,General,"El integrante del cuerpo de bomberos San Román 53, Ricardo Arestegui Bedoya, se ha unido a la solicitud de apertura de las calles del centro de la ciudad de Juliaca para el paso de las unidades vehiculares. Ha referido que en la última emergencia suscitada en la plaza Mayor con la quema de un arbolito, tuvieron inconvenientes para llegar hacia esta zona de la ciudad. Ha mencionado que transitar por el jirón Santa Cruz es casi imposible debido a la excesiva cantidad de vehículos en la zona. En ese sentido ha sugerido que las calles San Román, Jorge Chávez, Jáuregui, Cusco y otros puedan aperturarse para el tránsito de las unidades vehiculares. Por otro lado, ha instado a las familias juliaqueñas a tener mucho cuidado con las celebraciones durante estas fiestas de fin de año, ante el manejo de aparatos pirotécnicos, accidentes de tránsito e incendios.",2025-11-16T21:32:01.293813,2024-12-14T00:00:00,2025-11-16T21:32:01.573301,Los Andes,10378,,146,"Escribe: Los Andes El integrante del cuerpo de bomberos San Román 53, Ricardo Arestegui Bedoya, se ha unido a la solicitud de apertura de las calles del centro de la ciudad de Juliaca para el paso de las unidades vehiculares. Ha referido que en la última emergencia suscitada en la plaza Mayor con la quema […]",,Juliaca: bomberos piden apertura de calles,https://losandes.com.pe/juliaca-bomberos-piden-apertura-de-calles/?signup
Diario los Andes,1326,General,"Allegados al rector de la Universidad Andina Néstor Cáceres Velázques, Félix Ochatoma negaron que haya organizado una asamblea para cambiar los estatutos de la universidad y ampliar la edad para el ejercicio del cargo. “ El doctor no celebró asamblea. La responsabilidad de dicha asamblea es de la Comisión de Estatuto” indicaron desde el rectorado. Además, argumentaron que, por el momento, se apoyan en una sentencia del Tribunal Constitucional que otorgó a Ochatoma la posibilidad de ejercer la docencia universitaria hasta los 75 años. Como se recuerda, en la víspera, se difundió un texto que indicaba que una asamblea universitaria de la UANCV amplió hasta los 75 años el límite de edad para ejercer como rector. “Según fuentes in ternas, se realizó sin convocar a una participación amplia ni transparente de la comunidad universitaria. Diversos trabajadores y docentes habían denunciado con anterioridad que las verdaderas intenciones de las recientes movilizaciones internas eran, precisamente, allanar el camino para esta modificación normativa que permitiría a miembros de la actual administración continuar en funciones pese a haber alcanzado la edad límite”, decía el texto, Según indicaron desde el rectorado, el texto tiene la intención de desestabilizar la gestión señalándola de querer enquistarse en el cargo.",2025-11-16T21:32:01.293813,2025-08-27T00:00:00,2025-11-16T21:32:01.572599,Los Andes,10377,,202,"Allegados al rector de la Universidad Andina Néstor Cáceres Velázques, Félix Ochatoma negaron que haya organizado una asamblea para cambiar los estatutos de la universidad y ampliar la edad para el ejercicio del cargo. “ El doctor no celebró asamblea. La responsabilidad de dicha asamblea es de la Comisión de Estatuto” indicaron desde el rectorado. […]",,Juliaca: Desmienten ampliación de edad para rector de la UANCV,https://losandes.com.pe/juliaca-desmienten-ampliacion-de-edad-para-rector-de-la-uancv/?signup
Diario los Andes,5799,General,"Las 13 iniciativas presentadas en el presente año para crear casas de estudios tienen como antecedentes proyectos de Ley que fueron una gran promesa y datan en algunos casos de hace 23 años, es la realidad. Escribe: Javier Calderón Propulsar proyectos de Ley para la creación de nuevas universidades en la región Puno está de moda. Los abanderados de este “logro” son principalmente los congresistas Flavio Cruz Mamani y Wilson Quispe Mamani. A manera de infidencia, este cronista entrevistó hace poco a un alcalde provincial. Aunque la entrevista giraba en torno a otro tema, me confesó en voz baja su entusiasmo por también propulsar la creación de una universidad en la jurisdicción a la que representa. ¿Por qué esa idea?, retruqué. Su respuesta fue: “Porque como en otras provincias lo están haciendo, la gente ahora me exige, ‘alcalde no podemos quedarnos atrás’, debemos tener nuestra universidad”. Lo dicho por la autoridad me recuerda el título de un libro, “De dónde venimos los cholos” del periodista peruano afincado en EE.UU. Marco Avilés. En una parte, el escritor contextualiza una frase común “nos hicieron los cholitos”, refiriéndose a como nos “tragamos” algunos cuentos tan fácilmente. “Cuentos chinos” del periodista argentino Andrés Oppenheimer, con ejemplos nos muestra la mentira populista. Y todo hace indicar que, las tan ansiadas nuevas universidades públicas en la región Puno, pasarán a engrosar las más variopintas historias demagógicas que se han construido en nuestro país y especialmente en la región Puno. Estas dudas se originan a partir de viejas historias, en cuanto a iniciativas legislativas vinculadas a la creación de nuevas universidades en la región Puno. El 23 de octubre de 1995, el congresista Roger Cáceres Velásquez. presentó el proyecto de Ley N° 00558 a través del cual se impulsaba la creación de la Universidad Nacional de Juliaca, esta casa de estudios se hizo realidad varios años después, pero, a partir de otra iniciativa. Varios años después, el 30 de abril de 2001, el proyecto de Ley N° 01732 que crea la Universidad Nacional José Domingo Choquehuanca, en la ciudad de Juliaca, fuie presentado en el Congreso de la República. El documento llevaba la rúbrica del entonces congresista Fernán Altuve-Febres Lores. Han pasado 23 años desde entonces y el proyecto no pasó de ser una entusiasta idea. Era el periodo parlamentario 2000-2001. Unos años después, en el periodo congresal 2001-2006 la congresista por Puno, Paulina Arpasi Velásquez el 6 de marzo de 2003, presentaba su proyecto de Ley N° 05842, a través del cual debía crearse la Universidad Nacional Manuel Núñez Butrón en la ciudad de Puno. Una vez más, la propuesta no pasó de ser una anécdota más. Poco tiempo después el 19 de octubre de 2006, el entonces parlamentario puneño, Tomás Cenzano, a través del proyecto de Ley N° 00499, propone crear la Universidad Nacional Tecnológica de Juliaca (UNATEJ), sobre la base del Instituto Superior Tecnoló gico Público “Manuel Núñez Butrón”. La propuesta entusiasmó a muchos, más, desde entonces hasta hoy, nada de nada. El 3 de abril de 2008, el entonces congresista de la República por Puno, Yonhy Lescano, presenta el proyecto de Ley N° 2285 a través del cual se crea la Universidad Nacional Aimara. Los parlamentarios de esa época lo secundan, pero, una vez más “no pasó nada”. Continuando con este recuento, el 3 de noviembre de 2008, ingresa el proyecto de Ley N° 02832 iniciativa a través de la cual se crea la Universidad Binacional Peruano-Boliviana Quechua y Aimara. La iniciativa es presentada por los congresistas de entonces, Aldo Estrada, Tomás Cenzano, y Yonhy Lescano. Al igual que las otras iniciativas legislativas esta pretensión quedó trunca. En el 2011 ya hubo una primera intención para la creación de la Universidad Aimara de Pomata, a través del proyecto de Ley N° 01216. Inclusive se promulgó la Ley Nº 29971 para su creación; sin embargo esto no ocurrió. En el 2024 una nueva propuesta legislativa se ha gestado, más, habrá que esperar. El 4 de enero de 2012, el entonces congresista, Rubén Condori Cusi, presentó el proyecto de Ley N° 00679 a través del cual se debía crear la Universidad Binacional Indígena Peruano – Boliviana, todo quedó en intenciones. Asimismo, el 18 de mayo de 2017, el entonces parlamentario puneño Lucio Ávila Rojas, presentó el proyecto de Ley N° 01413 para la creación de la Universidad Autónoma Pluricultural Aimara (UNAPA). Mientras que, el 9 de septiembre de 2020, el parlamentario de entonces Rubén Ramos, presentó el proyecto de Ley N° 06179, documento a través del cual se crearía la Universidad Nacional Intercultural Aimara y Quechua. El 24 de abril de 2017 el hoy fallecido congresista Moisés Mamani, presentó su iniciativa legislativa N° 01291 con la finalidad de crear la Universidad Nacional Aimara Sur. Más adelante, el 20 de julio de 2021, Irene Carcausto, por entonces congresista de la República, presentaba el proyecto de Ley N° 08099 por el cual se creaba la Universidad Nacional Pedro Vilcapaza Alarcón de Azángaro, de esa iniciativa solo queda el recuerdo. Son 12 proyectos de Ley que en el pasado también llamaron la atención, al querer edificar universidades a lo largo y ancho de la región Puno, esta data nos permite ver claramente que ninguna de ellas, salvo la creación de la Universidad Nacional de Juliaca (UNA) llegó a concretarse. En el 2024 son 13 iniciativas legislativas las que buscan crear universidades; sin embargo y teniendo la experiencia pasada, hasta el momento ninguna de ellas se ha hecho realidad por diferentes factores que se presentaron. 12 Es el número de universidades que intentaron ser realidad en algún momento, sin embargo, hasta la fecha ninguna siquiera ha asomado a crearse, como es el caso de la Universidad Nacional de Juliaca.",2025-11-16T21:32:01.293813,2024-12-16T00:00:00,2025-11-16T21:32:01.564812,Los Andes,10376,"https://losandes.com.pe/wp-content/uploads/2024/12/Captura-de-pantalla-2024-12-16-075646.png, https://losandes.com.pe/wp-content/uploads/2024/12/Captura-de-pantalla-2024-12-16-075708.png",950,"Las 13 iniciativas presentadas en el presente año para crear casas de estudios tienen como antecedentes proyectos de Ley que fueron una gran promesa y datan en algunos casos de hace 23 años, es la realidad. Escribe: Javier Calderón Propulsar proyectos de Ley para la creación de nuevas universidades en la región Puno está de […]",,El viejo cuento de las universidades en Puno,https://losandes.com.pe/el-viejo-cuento-de-las-universidades/?signup
Diario los Andes,1437,General,"Al cierre del primer semestre del año, once municipalidades distritales de la región Puno evidencian una alarmante ineficiencia en la ejecución de sus presupuestos. Según datos oficiales del portal Consulta Amigable del Ministerio de Economía y Finanzas (MEF), ninguna de estas comunas alcanza el 5% de ejecución presupuestal, lo que revela una grave parálisis en la gestión pública a nivel local. El caso más crítico es el de la Municipalidad Distrital de Rosaspata, liderada por el alcalde Wilber Choque Peralta, que apenas ha ejecutado el 0.8% de su presupuesto anual. Le siguen la Municipalidad Distrital de Atuncolla, con Gregorio Machaca Vilca al mando, y la Municipalidad de Tinicachi, con Hermógenes Mamani Uchasara, ambas con un 1.2 % de ejecución. Otros distritos con cifras preocupantes son: San Antonio (Eloy Arturo Ticona Álvarez): 1.9 %, Yanahuaya (Mauro Laura Sullca): 2.4 %, Calapuja (Elías Yana Viveros): 2.8 %, José Domingo Choquehuanca (Mario Luque Idme): 3.3 %, San Juan de Salinas (Ancisar Cuevas Mamani): 4.0 %, Corani (Patricio Dávila Castellanos): 4.2 %, Conima (Abraham Ángel Apaza Apaza): 4.7 %, Patambuco (Alex Augusto Condori Condori): 4.8 %. Estos bajos niveles de ejecución presupuestal resultan aún más graves si se considera que muchos de estos distritos enfrentan severas carencias en servicios básicos, infraestructura vial, agua potable y saneamiento. La falta de ejecución retrasa el desarrollo local.",2025-11-16T21:32:01.293813,2025-06-14T00:00:00,2025-11-16T21:32:01.563162,Los Andes,10375,,220,"Al cierre del primer semestre del año, once municipalidades distritales de la región Puno evidencian una alarmante ineficiencia en la ejecución de sus presupuestos. Según datos oficiales del portal Consulta Amigable del Ministerio de Economía y Finanzas (MEF), ninguna de estas comunas alcanza el 5% de ejecución presupuestal, lo que revela una grave parálisis en […]",,11 municipalidades distritales no llegan ni al 5% de ejecución presupuestal a medio año,https://losandes.com.pe/11-municipalidades-distritales-no-llegan-ni-al-5-de-ejecucion-presupuestal-a-medio-ano/?signup
Diario los Andes,5788,General,"En las regiones de Arequipa y Puno han pasado varios gobernadores y ninguno ha sido capaz de destrabar los denominados, proyectos emblemáticos más aún en el sector Salud donde las brechas en los servicios son evidentes. En este mes, el Congreso de la República aprobará el presupuesto público para el año 2025 y como ocurre una y otra vez, parte de ese desembolso será para proyectos “sin vida”. En síntesis, montos que irán a parar a la “congeladora”. Veamos. En octubre de este año, un nuevo informe de la Contraloría General de la República revela el panorama en cuanto a proyectos paralizados y los miles de millones que se dejan de ejecutar. En el país son 2 mil. El ente de control señala como el principal inconveniente la falta de recursos financieros, que representa 579 casos de paralización. Según el sistema de Infobras, consultado para esta publicación, las entidades públicas han reportado que el costo actualizado para la ejecución de los diferentes proyectos de infraestructura alcanza los 33 mil 149 millones de soles, de los que falta ejecutar 15 mil 576 millones de soles. El reporte refiere que los gobiernos regionales representan el mayor número de obras paralizadas, con mil 669; seguidas por las 316 obras adjudicadas por el gobierno nacional. Finalmente, los gobiernos locales representan la menor parte con 275 obras paralizadas. El ranking de los territorios con mayor número de obras paralizadas es liderado por Cusco (325), Puno (288), Lima (158), Áncash (151), Cajamarca (134), Ayacucho (134) y Arequipa (110); mientras que la menor cantidad de proyectos detenidos se encuentra en Tumbes (7), la Provincia Constitucional del Callao (7), Madre de Dios (17), Ucayali (22) e Ica (24). INVERSIÓN EN AREQUIPA Para fines de esta publicación centraremos el análisis en obras denominadas emblemáticas y que por una u otra razón “no ven todavía la luz”. En la región Arequipa existen 110 obras paralizadas, en la actualidad. Uno de estos proyectos pendientes es el Mejoramiento y ampliación de los servicios de salud del establecimiento de salud Maritza Campos del distrito de Cerro Colorado, provincia de Arequipa. El proyecto de presupuesto público para el año 2025, contempla un presupuesto de S/15 millones 082 mil 176. Las dudas para su ejecución y culminación provienen de lo ocurrido en el 2024. El Gobierno Regional de Arequipa destinó cerca de S/5 millones y únicamente se ejecutaron poco más de S/ 362 mil, lo que representa un avance de apenas el 7.4 %. Otro de los proyectos que aún duerme el sueño de los justos es el Mejoramiento de los servicios de salud del hospital Camaná, distrito y provincia de Camaná. Para el año que viene se ha previsto un presupuesto de únicamente S/ 750 mil 038. Y es que, en el PIA 2024 se contempló la inversión de S/8 millones 514 mil. No se movió ni un sol. La Contraloría refiere que ayudará a destrabar estos proyectos que deberían, en el papel ya estar sirviendo a la población, en cambio cada año se destinan presupuestos básicamente para labores administrativas. Otra infraestructura de salud pendiente es el Mejoramiento de los servicios de salud del establecimiento de salud Cotahuasi, en el distrito de Cotahuasi, provincia La Unión. Para el año 2025 se prevé un presupuesto de S/2 millones. Empero el año pasado, el PIA contemplaba un presupuesto superior a los S/8 millones que, evidentemente no se utilizó en algún avance de esta edificación. Por el contrario, el PresupuestoInstitucional Modificado (PIM) permite notar el recorte de más de S/ 4 millones. ¿A donde fue a parar ese monto? solo el gobernador regional y su equipo de gestión lo saben. Estas son algunas muestras de la triste realidad en cuanto a la inversión pública en la región Arequipa. Por supuesto, proyectos de infraestructura vial están en similar situación. La situación en la región Puno no es muy distinta a la de Arequipa. Uno de los proyectos que grafica la ineficiencia en el aparato público, es el proyecto para la construcción del hospital Materno Infantil de la ciudad de Juliaca. Se trata de una obra que a estas alturas debió estar funcionando, considerando que, su ejecución inició en el lejano 2012 con un presupuesto de S/139 millones. En el 2024 se le asignó S/18 millones y apenas se ejecutó S/708 mil, prácticamente nada. Para el 2025 se le está asignando S/15 millones. Sin embargo la posibilidad de reinicio es un misterio, considerando que la actual gestión del Gobierno Regional de Puno, apenas pudo hacer el “corte” de obra. Otro de los proyectos emblemáticos en la región altiplánica es el proyecto Fortalecimiento de la Capacidad Resolutiva del hospital regional Manuel Núñez Butrón de la ciudad de Puno. El monto de inversión según el expediente técnico es de S/ 390 millones. En tres años, no ha movido absolutamente nada para su continuidad. De este proyecto se sabe que, existe la intención de ejecutarlo a través de la modalidad de Gobierno a Gobierno. En el 2017, la entonces gestión de Juan Luque Mamani, anunciaba con bombos y platillos el proyecto Mejoramiento de los servicios de Salud del hospital Rafael Ortíz Ravines de Juli, provincia de Chucuito con una inversión inicial de S/ 124 millones. Siete años después, ni siquiera se ha completado el proceso de licitación. Este año se le asignó S/ 18 millones que, evidentemente no se ejecutarán. El 2025 tendrá S/ 27 millones. La Contraloría General de la República dio a conocer su predisposición para apoyar a destrabar los grandes proyectos de inversión pública, sin embargo, pasados los años estos emprendimientos literalmente se han entrampado. 8 Grandes infraestructuras hospitalarias no se han podido concretar en las regiones de Arequipa y Puno. En algunos casos la corrupción fue el gran escollo y en otro la ineficiencia de los equipos técnicos.",2025-11-16T21:32:01.293813,2024-11-11T00:00:00,2025-11-16T21:32:01.555452,Los Andes,10374,,960,"En las regiones de Arequipa y Puno han pasado varios gobernadores y ninguno ha sido capaz de destrabar los denominados, proyectos emblemáticos más aún en el sector Salud donde las brechas en los servicios son evidentes. En este mes, el Congreso de la República aprobará el presupuesto público para el año 2025 y como ocurre […]",,Gobiernos Regionales de Puno y Arequipa destinaron millones para el 2025 a proyectos congelados,https://losandes.com.pe/millones-a-la-congeladora/?signup
Diario los Andes,1589,General,"Una niña de 12 años fue ultrajada sexualmente por un adolescente de 16 años. La agraviada está grave. Ambos menores, horas antes de la agresión, estuvieron libando licor. El último lunes por la noche, el escolar de iniciales J.F.Y.S.A. (16) y la púber F.H.M. (12) compraron una botella de licor y se fueron a tomar al parque de la Cooperativa 58, en Paucarpata. El jovencito mareado por el alcohol aprovechó que la niña estaba en completo estado de ebriedad y la ultrajó. La menor al reaccionar tenía dolor y sangre entre sus piernas. Se levantó del suelo y fue a buscar a su mamá que vende caramelos en la puerta del mall de Porongoche. Agentes de la comisaría de Jesús María evacuaron a la víctima hasta el hospital Honorio Delgado, el diagnóstico del médico fue hemorragia por desgarro vaginal. La paciente fue operada de emergencia, su estado de salud es delicado. El adolescente y la agraviada son compañeros del colegio, él también vende caramelos en la puerta del centro comercial. A las 07:30 horas de ayer, el menor infractor fue ubicado en su casa, ubicada en el pueblo joven Cerrito Belén, en Mariano Melgar. La policía entrevistó a Eva A.Q. (41), madre del adolescente, quien estaba en aparente estado de ebriedad, libaba con otra mujer y dos varones. El escolar fue trasladado a la dependencia policial por el presunto delito de violación. En su defensa indicó que tuvieron relaciones sexuales consentidas. Trascendió, que el menor infractor escapó de un albergue del Programa Integral Nacional para el Bienestar Familiar, estuvo albergado por el abandono moral de sus padres.",2025-11-16T21:32:01.293813,2019-05-01T00:00:00,2025-11-16T21:32:01.553955,Los Andes,10373,,267,"Una niña de 12 años fue ultrajada sexualmente por un adolescente de 16 años. La agraviada está grave. Ambos menores, horas antes de la agresión, estuvieron libando licor. El último lunes por la noche, el escolar de iniciales J.F.Y.S.A. (16) y la púber F.H.M. (12) compraron una botella de licor y se fueron a tomar […]",,Adolescente abusó de amiga de 12 años,https://losandes.com.pe/adolescente-abuso-de-amiga-de-12-anos/?signup
Diario los Andes,742,General,"Puno. Se ha cumplido una semana desde que no se sabe nada del paradero del estudiante de psicología, Cristhian Dercy Cahua Vilavila, de 21 años de edad. Lo último que en concreto se conoce es que el día se su desaparición, el estudiante se iba a reunir con unos compañeros de la universidad para realizar un trabajo grupal en el parque Dante Nava, ubicado en el cercado de Puno; luego de ello, se supo que fue a libar licor con unos amigos en una casa abandonada en el Centro Poblado de Salcedo. Hasta ayer, fuentes cercanas al Departamento de Investigación Criminal de Puno informaron que no hay ningún rastro del estudiante. En tanto, los amigos y conocidos del estudiante continúan pegando carteles en las calles para dar con su ubicación.",2025-11-16T21:32:01.293813,2018-12-19T00:00:00,2025-11-16T21:32:01.552633,Los Andes,10372,,130,"Puno. Se ha cumplido una semana desde que no se sabe nada del paradero del estudiante de psicología, Cristhian Dercy Cahua Vilavila, de 21 años de edad. Lo último que en concreto se conoce es que el día se su desaparición, el estudiante se iba a reunir con unos compañeros de la universidad para realizar […]",,Se cumple una semana de la desaparición de Cristhian Cahua,https://losandes.com.pe/se-cumple-una-semana-de-la-desaparicion-de-cristhian-cahua/?signup
Diario los Andes,1991,General,"El tránsito vehicular en la ciudad de Juliaca, en el último tramo del presente año, se ha convertido en un verdadero dolor de cabeza, tanto para transportistas como para los transeúntes. Así se pudo notar durante este lunes en varias zonas de la ciudad, donde el tránsito se tornó insostenible, principalmente en horarios de mayor tráfico. La avenida Circunvalación, Centro Comercial 1, Centro Comercial 2, jirón Cahuide, salida Cusco, jirón San Román, Tumbes, Piérola, Huancané, Lima, Sandia, y otros se tornaron muy dificultosos por la excesiva cantidad de vehículos. Según algunos transportistas este problema trae consigo la demora en el paso y las llegadas tardías a sus destinos, generando pérdidas económicas. Asimismo cuestionaron la ausencia de efectivos de la Policía Nacional del Perú del área de Tránsito para liberar estas zonas. En otro momento objetaron la ausencia del representante de la gerencia de Transportes y Circulación Vial de la municipalidad, básicamente por omitir soluciones a este problema. Sumado a la excesiva carga vehicular en las calles, está el proyecto de mejoramiento de rápido Impacto PMRI II, que ha hecho que varias vías se cierren por los trabajos en la calzada. Por su parte un transportista de la empresa “Conejo Veloz”, ha mencionado que ni siquiera la presencia del intercambio vial de la salida a Cusco, le da solución a este tema debido a que en la actualidad está cerrada temporalmente. Asimismo ha cuestionado que calles nuevas estén siendo derruidas como parte de la instalación de un sistema de saneamiento básico. “Muchas calles del centro de la ciudad están siendo abiertas en cuanto a su calzada para la instalación de tuberías, pero estas debían instalarse antes de que se coloque la capa asfáltica”, señaló. Cabe indicar que la situación podría empeorar durante los próximos días si no se ajusta un plan estratégico por parte de las autoridades de turno. Transportistas, por ejemplo, consideran que no hay ningún tipo de planificación.",2025-11-16T21:32:01.293813,2024-12-10T00:00:00,2025-11-16T21:32:01.548480,Los Andes,10371,,319,"Por: Eduardo Mamani El tránsito vehicular en la ciudad de Juliaca, en el último tramo del presente año, se ha convertido en un verdadero dolor de cabeza, tanto para transportistas como para los transeúntes. Así se pudo notar durante este lunes en varias zonas de la ciudad, donde el tránsito se tornó insostenible, principalmente en […]",,Tránsito vehicular en Juliaca es más caótico que nunca,https://losandes.com.pe/transito-vehicular-en-juliaca-es-mas-caotico-que-nunca/?signup
Diario los Andes,3159,General,"El sentenciado por el delito contra la administración pública, Efraín Condori Rivera, está de vuelta como director de la Unidad de Gestión Educativa Local (UGEL) de Yunguyo y ha desatado una auténtica cacería de brujas contra los trabajadores administrativos que lo denunciaron y se opusieron a él en el pasado. De acuerdo con la denuncia de los trabajadores administrativos de la UGEL Yunguyo, como parte de su venganza, Efraín Condori ha colocado a allegados cuya única misión es destituir a los enemigos de su benefactor. Para esto, ha nombrado a Jesús Rivera Cahuana, sobrino del consejero regional de Yunguyo, Rolando Rivera Ceballos, en el cargo de jefe de Gestión Institucional, aunque en la práctica también funge como jefe de Recursos Humanos. David Paredes Mansilla está en el área de Asesoría Jurídica y se encarga, supuestamente, de fabricar expedientes para procesos administrativos disciplinarios y hostigar al personal incómodo. Otro de los “colocados“ es Edgar Escobar Ginez, como asistente en Servicios de Educación y Cultura en el área de Gestión Pedagógica. Además, Cristian Quispe Japura es especialista en procesos administrativos y disciplinarios, y Jhon Vargas Quispe está como especialista en Abastecimiento y Contrataciones. Estos nombramientos se habrían pasado por alto las normas sobre la designación de personal, y para financiar estos puestos, se habrían violado regulaciones sobre el uso de recursos. Vicenta Gómez, secretaria del área de Administración de la UGEL Yunguyo, contó que, en años anteriores, Efraín Condori fue suspendido de su cargo a raíz de denuncias presentadas por, entre otras personas, el especialista en Finanzas y el Planificador. Estas dos personas fueron removidas el año pasado, pero tras recurrir a SERVIR, fueron repuestas en sus puestos. Sin embargo, nuevamente se les ha iniciado procesos administrativos para removerlos. Lo mismo ocurre con todo el personal que es considerado “incómodo” por quien busca ser el “amo y señor” de la UGEL Yunguyo, según la denuncia. No se puede entender lo que sucede ahora sin echar una mirada a los hechos pasados en esta UGEL. En el año 2022, Efraín Condori fue acusado de desfalcar S/ 150 mil de la UGEL Yunguyo mediante la disposición de los fondos CAFAE de dicha institución. A raíz de esta acusación, fue separado provisionalmente de su cargo tras una movilización en septiembre de ese año. La suspensión duró 40 días y, tras ciertos trámites, volvió a su cargo el 8 de febrero de 2023. A los pocos meses fue nuevamente retirado del cargo provisionalmente, pero retornó el 9 de enero del mismo año. En noviembre de 2023, el Poder Judicial lo sentenció a un año y ocho meses de pena privativa de libertad, con suspensión, por lo que recientemente, al pagar parte de la pena, Efraín Condori pudo reasumir el cargo. En la víspera, un grupo de trabajadores de la UGEL Yunguyo, arribó a la capital de la región, para, con carteles en mano exigir en el frontis de la sede del Gobierno Regional de Puno, cesar en el cargo al referido funcionario. La fiscalía abrió una investigación sobre el desfalco del año 2022, pero no hay resultados. Por: J. Carlos Flores Vargas",2025-11-16T21:32:01.293813,2024-11-19T00:00:00,2025-11-16T21:32:01.546686,Los Andes,10370,https://losandes.com.pe/wp-content/uploads/2024/11/Captura-de-pantalla-2024-11-19-082200-1024x661.png,516,"El sentenciado por el delito contra la administración pública, Efraín Condori Rivera, está de vuelta como director de la Unidad de Gestión Educativa Local (UGEL) de Yunguyo y ha desatado una auténtica cacería de brujas contra los trabajadores administrativos que lo denunciaron y se opusieron a él en el pasado. COPAMIENTO De acuerdo con la […]",,Puno: sentenciado se venga de trabajadores de la UGEL,https://losandes.com.pe/sentenciado-se-venga-de-trabajadores-de-la-ugel/?signup
Diario los Andes,1655,General,"El partido político Ahora Nación ya cuenta con una lista preliminar de candidatos para competir en las Elecciones Generales 2026 por la región Puno, según información difundida por el Tribunal Electoral Nacional de dicha organización política. Para el Senado, en el distrito electoral múltiple correspondiente a Puno, fueron presentados como precandidatos, Jorge Enrique Sotomayor Perales, Alejandrina Quispe Poma. En cuanto a la lista de diputados por Puno, los postulantes definidos hasta el momento son, Helard Bladimir Sonco Villanueva, Karin Mavel Castro Quilli, Mirella Shirley Camapaza Quispe, Juan José Espinoza Barrantes, Gleni Thaliz Rodrigo Mamani. Asimismo, el partido contará con un candidato adicional designado directamente por la organización política, conforme a sus normas internas. Ahora Nación es liderado por Alfonso López Chau, exrector de la Universidad Nacional de Ingeniería y actual precandidato presidencial. De acuerdo con el cronograma electoral interno del partido, las elecciones primarias abiertas se realizarán el 30 de noviembre, mientras que la elección mediante delegados está programada para el 7 de diciembre. Finalmente, las Elecciones Generales 2026 se desarrollarán el 12 de abril, fecha en la que los ciudadanos elegirán al próximo presidente de la República, así como a los nuevos senadores, diputados y parlamentarios andinos. Según fuentes del partido político han habido fricciones internas para determinar las candidaturas, pero al final tuvieron que tomar la decisión y ahora los antes referidos tienen la responsabilidad de llevar adelante la campaña del partido Ahora Nación que participa por primera vez.",2025-11-16T21:32:01.293813,2025-11-15T00:00:00,2025-11-16T21:32:01.546207,Los Andes,10369,,241,"El partido político Ahora Nación ya cuenta con una lista preliminar de candidatos para competir en las Elecciones Generales 2026 por la región Puno, según información difundida por el Tribunal Electoral Nacional de dicha organización política. Para el Senado, en el distrito electoral múltiple correspondiente a Puno, fueron presentados como precandidatos, Jorge Enrique Sotomayor Perales, […]",,Los candidatos de López Chau para senadores y diputados por Puno,https://losandes.com.pe/los-candidatos-de-lopez-chau-para-senadores-y-diputados-por-puno/
Diario los Andes,201,General,"Diario referente del sur del Perú, espacio de reflexión sobre el desarrollo humano y su relación con el medio ambiente, la sociedad y la economía © 2024 Diario los Andes. Todos los derechos reservados.",2025-11-16T21:32:01.293813,2024-11-15T00:00:00,2025-11-16T21:32:01.543292,Los Andes,10368,,34,"Diario referente del sur del Perú, espacio de reflexión sobre el desarrollo humano y su relación con el medio ambiente, la sociedad y la economía © 2024 Diario los Andes",,PUNO: Diario los Andes 15/11/2024,https://losandes.com.pe/puno-diario-los-andes-15-11-2024/?signup
Diario los Andes,1366,General,"El gobernador regional de Puno, Richard Hancco Soncco, expresó su incomodidad frente a la intervención del Ministerio Público que se apersonó a la institución que dirige, cuestionando la celeridad con la que actúan los fiscales en comparación con otros casos. “El otro día el Ministerio Público, vino acá de una noticia de que una empresa consorciada de Perú Birf estaba inhabilitada, cuando esto se ha convocado con la ley anterior. En media hora estaba aquí parado la fiscalía. Yo no sé si el Ministerio Público tiene trabajo o no. Hay cosas incluso que son mucho más graves. Me paraliza todo arriba, tiene que sacar copias, eso no es razonable”, declaró Hancco visiblemente incómodo. El gobernador señaló que su administración no permitirá abusos de ninguna entidad en el proceso de fiscalización de obras y exhortó a que las intervenciones se realicen de manera equilibrada. En ese sentido, también hizo un llamado a la Sunafil a actuar con criterio. “Nos hemos reunido con la Sunafil, le damos el espacio, pero si hay un exceso, a partir de eso hay un cargamontón. Sunafil tiene que ir razonablemente a las obras”, agregó. Hancco sostuvo que su gestión es abierta a la supervisión, pero insistió en que las instituciones deben actuar con responsabilidad y proporcionalidad, evitando generar trabas innecesarias en la ejecución de proyectos de inversión pública.",2025-11-16T21:32:01.293813,2025-08-22T00:00:00,2025-11-16T21:32:01.542606,Los Andes,10367,,222,"El gobernador regional de Puno, Richard Hancco Soncco, expresó su incomodidad frente a la intervención del Ministerio Público que se apersonó a la institución que dirige, cuestionando la celeridad con la que actúan los fiscales en comparación con otros casos. DURAS PALABRAS “El otro día el Ministerio Público, vino acá de una noticia de que […]",,Richard Hancco: “Yo no sé si el Ministerio Público tiene trabajo o no”,https://losandes.com.pe/richard-hancco-yo-no-se-si-el-ministerio-publico-tiene-trabajo-o-no/?signup
Diario los Andes,1546,General,"El accidente ocurrió al mediodía en un lote de Villa Continental (Cayma) mientras realizaban trabajos de construcción; las autoridades investigan responsabilidades y protocolos de seguridad. Alrededor de las 12:00 p.m. del día 21 de octubre de 2025, en el sector de Villa Continental, manzana O-lote 03 en el distrito de Cayma (Arequipa), se produjo el colapso de una vivienda en construcción que dejó como saldo a un obrero fallecido y otro herido. La obra pertenecía a Sonia Vilca Mamani y estaba en pleno desarrollo cuando ocurrió el siniestro. Los obreros involucrados fueron identificados como Herlin Gómez, quien murió en el lugar tras quedar sepultado, y Hernán Copacondori, que resultó herido y fue evacuado por ambulancia municipal junto con personal de serenazgo hacia un hospital para su atención. La Comisaría de Casimiro Cuadros y el personal de la Gerencia de Seguridad Ciudadana de la Municipalidad Distrital de Cayma se hicieron presentes para realizar las diligencias correspondientes. Hasta el momento, no se han dado a conocer los detalles técnicos sobre qué provocó el derrumbe, aunque la rápida movilización de los vecinos y servicios de emergencia evidenció la magnitud del incidente. Este tipo de accidentes resalta la importancia de cumplir con las medidas de seguridad en obras civiles, supervisión técnica adecuada y la contratación de personal capacitado. Se espera que las autoridades competentes profundicen la investigación para determinar responsabilidades y evitar que hechos similares vuelvan a ocurrir en la zona",2025-11-16T21:32:01.293813,2025-10-21T00:00:00,2025-11-16T21:32:01.541010,Los Andes,10366,"https://losandes.com.pe/wp-content/uploads/2025/10/image-110-576x1024.png?wsr, https://losandes.com.pe/wp-content/uploads/2025/10/image-109-576x1024.png?wsr",237,El accidente ocurrió al mediodía en un lote de Villa Continental (Cayma) mientras realizaban trabajos de construcción; las autoridades investigan responsabilidades y protocolos de seguridad.,,AREQUIPA: Obrero muere y otro resulta herido tras derrumbe en obra de vivienda en Cayma,https://losandes.com.pe/arequipa-obrero-muere-y-otro-resulta-herido-tras-derrumbe-en-obra-de-vivienda-en-cayma/?signup
Diario los Andes,1368,General,"Un indefenso anciano identificado como Benedicto Colque Flores, de 82 años, que caminaba en soledad hacia el centro de la Ciudad del Lago, tuvo que ser evacuado al área de emergencias del hospital regional Manuel Núñez Butrón tras ser atacado ferozmente por un perro callejero. El hecho ocurrió aproximadamente al mediodía de ayer, en el jirón Aviación del barrio Villa Paxa. Allí, el octogenario fue encontrado en el piso y muy adolorido. Fueron algunos vecinos de la zona que, al notar la escena, comunicaron el hecho a los policías. A bordo de un patrullero, los agentes de la comisaría de Puno acudieron al lugar y evacuaron al agraviado hasta el nosocomio regional, a donde llegó al promediar las 12:40 horas. “Adentro me ha mordido ese perro”, dijo el anciano mientras esperaba ser atendido por los galenos de turno, quienes por su parte manifestaron que tuvieron que hacerle varios puntos de sutura en su pierna del lado izquierdo, a fin de curarle la herida abierta que tenía producto del ataque del can. “Cuando hemos llegado el anciano solo estaba tirado; ya no hemos visto al perro”, contó uno de los policías, precisando además que desconocía si el can tenia rabia o no. Tras ser asistido, los agentes que lo socorrieron lo trasladaron de regreso hasta su vivienda, ubicada en el jirón Pirua Piruani, donde dijo que vivía acompañado solamente de su esposa.",2025-11-16T21:32:01.293813,2018-12-10T00:00:00,2025-11-16T21:32:01.538329,Los Andes,10365,,231,"Un indefenso anciano identificado como Benedicto Colque Flores, de 82 años, que caminaba en soledad hacia el centro de la Ciudad del Lago, tuvo que ser evacuado al área de emergencias del hospital regional Manuel Núñez Butrón tras ser atacado ferozmente por un perro callejero. El hecho ocurrió aproximadamente al mediodía de ayer, en el […]",,Anciano es evacuado a hospital luego de ser atacado por un perro callejero,https://losandes.com.pe/anciano-es-evacuado-a-hospital-luego-de-ser-atacado-por-un-perro-callejero/?signup
Diario los Andes,996,General,"La Contraloría General de la República alertó a la Municipalidad Distrital de Vilquechico sobre deficiencias en la obra “Construcción de captación de agua, línea de conducción y reservorio en el sistema de riego en el distrito de Vilquechico, provincia de Huancané, departamento de Puno”, valorizada en más de S/ 1 millón. El ente de control refiere que la obra carece de estudios técnicos esenciales y que se encuentra abandonada, con trabajos inconclusos (zanjas abiertas), así como materiales expuestos a la intemperie. También se identificaron tuberías instaladas sin el procedimiento de relleno y compactación establecidos en el expediente técnico, y almacenadas inadecuadamente. Asimismo, se verificó que la caseta de válvulas solo cuenta con acabados exteriores parciales, sin tarrajeo, pintado ni instalaciones complementarias, y no cuenta con planos específicos en ninguna especialidad que respalden su diseño y ejecución. La revisión del expediente revela falta de estudios específicos.",2025-11-16T21:32:01.293813,2025-09-30T00:00:00,2025-11-16T21:32:01.535072,Los Andes,10364,,145,"La Contraloría General de la República alertó a la Municipalidad Distrital de Vilquechico sobre deficiencias en la obra “Construcción de captación de agua, línea de conducción y reservorio en el sistema de riego en el distrito de Vilquechico, provincia de Huancané, departamento de Puno”, valorizada en más de S/ 1 millón. El ente de control […]",,Puno: Alcalde de Vilquechico abandona obra,https://losandes.com.pe/puno-alcalde-de-vilquechico-abandona-obra/?signup
Diario los Andes,1111,General,"La vida de Miriam Sucari Sucapuca (35) se apagó en un segundo. Fue la tarde de ayer, cerca a las 16:30 horas, debajo del bypass de Juliaca, en el óvalo de la salida a Cusco, en la intersección de las avenidas Circunvalación e Independencia. Su muerte fue instantánea. Ella se desplazaba junto a su pareja, Miguel Gil Pari (41) a bordo de su motocicleta, cuando un volquete con matrícula AJS-788 conducido por Enrique Sucasaca Chayña (21) impactó contra el vehículo menor. A consecuencia del choque, ambos salieron despedidos algunos metros. Ella no sobrevivió al accidente de tránsito. Él lucha por su vida. En contados minutos llegó Serenazgo de la agencia San Pablo.Uno de los serenos tomó el brazo de la mujer: “Está muerta, no tiene signos vitales”, comunicó. El chofer del volquete dijo no tener la culpa, porque aseguró que la motocicleta “se cruzó imprudentemente en su camino”, igual, quedó detenido por los agentes de la Policía para ser investigado por lo ocurrido. El representante del Ministerio Público ordenó el levantamiento del cadáver. Algunos curiosos calificaron como muy peligrosa esta zona.",2025-11-16T21:32:01.293813,2025-01-21T00:00:00,2025-11-16T21:32:01.529639,Los Andes,10363,,181,"Por: Los Andes La vida de Miriam Sucari Sucapuca (35) se apagó en un segundo. Fue la tarde de ayer, cerca a las 16:30 horas, debajo del bypass de Juliaca, en el óvalo de la salida a Cusco, en la intersección de las avenidas Circunvalación e Independencia. Su muerte fue instantánea. Ella se desplazaba junto […]",,Mujer pierde la vida en trágico accidente en Juliaca,https://losandes.com.pe/juliaca-mujer-pierde-la-vida-en-accidente/?signup
Diario los Andes,1300,General,"Luego del problema suscitado en el barrio Chacarilla Alta, por la pavimentación de la segunda cuadra del jirón Cruz del Sur, la cual no estaría contemplada en la resolución gerencial que viabiliza la obra, las autoridades de la Municipalidad Provincial de Puno salieron a responder. El gerente de Ingeniería Municipal, Héctor Holguín Holguín, indicó que existe un error de tipeo en la numeración de cuadras en el plano sobre el cual se realizó el “Proyecto de mejoramiento de la infraestructura vial en el barrio Chacarilla Alta”. Según dijo, la primera cuadra fue considerada como la segunda y viceversa (cuadra 1 y 2), es decir, que la ejecución del pavimentado se estaría llevando correctamente. “Se les ha mostrado el expediente a los vecinos, para que verifiquen cómo es en realidad, y sí, es un error de tipeo, lo cual ha sido un error involuntario; la resolución se dio en función a ello, pero lo que manda para la ejecución de una obra son los planos. Ahora, esto se tiene que replantear desde el SNIP o desde donde se encuentre el error, para lo cual ya se han girado los documentos correspondientes”, indicó Holguín. Por otro lado, negó rotundamente, que exista algún tipo de influencia para favorecer a los familiares del regidor César Romero, que casualmente viven en la zona beneficiada.",2025-11-16T21:32:01.293813,2018-11-16T00:00:00,2025-11-16T21:32:01.528907,Los Andes,10362,,219,"Luego del problema suscitado en el barrio Chacarilla Alta, por la pavimentación de la segunda cuadra del jirón Cruz del Sur, la cual no estaría contemplada en la resolución gerencial que viabiliza la obra, las autoridades de la Municipalidad Provincial de Puno salieron a responder. El gerente de Ingeniería Municipal, Héctor Holguín Holguín, indicó que […]",,Un error de tipeo originó conflicto en obra de Chacarilla Alta,https://losandes.com.pe/un-error-de-tipeo-origino-conflicto-en-obra-de-chacarilla-alta/?signup
Diario los Andes,201,General,"Diario referente del sur del Perú, espacio de reflexión sobre el desarrollo humano y su relación con el medio ambiente, la sociedad y la economía © 2024 Diario los Andes. Todos los derechos reservados.",2025-11-16T21:32:01.293813,2025-08-16T00:00:00,2025-11-16T21:32:01.526037,Los Andes,10361,,34,"Diario referente del sur del Perú, espacio de reflexión sobre el desarrollo humano y su relación con el medio ambiente, la sociedad y la economía © 2024 Diario los Andes",,AREQUIPA: Diario Los Andes 16/08/2025,https://losandes.com.pe/arequipa-diario-los-andes-16-08-2025/?signup
Diario los Andes,1158,General,"Juliaca. A ritmo de caporales, Binacional sale al campo de juego del estadio Guillermo Briceño Rosamedina para recibir la visita de Sport Boys del Callao, por la fecha 16 del primer torneo de la Liga 1. El ‘Poderoso del Sur’ necesita de un triunfo para coronarse campeón del Torneo Apertura a falta de una fecha. De lo contrario, tendrá que salir a no perder ante Sporting Cristal en la última jornada de la Liga 1. Las ausencias en el equipo de Javier Arce son notorias. Hervé Kambou (expulsión) y Yorkman Tello (suspensión) no podrán estar presentes. El que vuelve con ‘bombos y platillos’ será Andy Polar, el habilidoso jugador cumplió su suspensión la fecha pasada y será tomado en cuenta desde el arranque. Con 33 puntos, y a 5 del su máximo perseguidor, Sporting Cristal, los puneños están concentrados en conseguir el triunfo que les permitirá gritar: ¡Campeones! Por su parte, Boys saldrá a malograr la fiesta del ‘Poderoso’. El equipo rosado es colero del torneo, e intentará sumar puntos en la complicada Juliaca. El duelo será emocionante. El estadio lucirá un lleno total para apoyar a Binacional en uno de sus partidos más trascendentales. (FGT)",2025-11-16T21:32:01.293813,2019-06-01T00:00:00,2025-11-16T21:32:01.525116,Los Andes,10360,,196,"Juliaca. A ritmo de caporales, Binacional sale al campo de juego del estadio Guillermo Briceño Rosamedina para recibir la visita de Sport Boys del Callao, por la fecha 16 del primer torneo de la Liga 1. El ‘Poderoso del Sur’ necesita de un triunfo para coronarse campeón del Torneo Apertura a falta de una fecha. […]",,El ‘Poderoso del Sur’ a un triunfo de ser campeón del torneo,https://losandes.com.pe/el-poderoso-del-sur-a-un-triunfo-de-ser-campeon-del-torneo/?signup
Diario los Andes,1145,General,"El presidente de la Federación Regional de Folclore y Cultura de Puno (FRFCP), Néstor Hancco, adelantó algunos detalles sobre la puesta en escena de la salida de la pareja mítica, Manco Cápac y Mama Ocllo, del lago Titicaca el próximo 5 de noviembre. En cuanto al recorrido, el dirigente refirió que todavía no se concretó si se iniciará en la isla de Los Uros o de algún otro lugar. “Estamos en coordinaciones, esto tiene que ver con un presupuesto para las lanchas y otros elementos”, comentó. En cuanto a la llegada, tampoco se tiene definido si será en el puerto principal de la Ciudad Lacustre o en su defecto en el jirón Banchero Rossi. A su vez, el vicepresidente de la FRFCP, José Luis Espezúa, confirmó la participación de 500 actores puneños quienes darán vida a la pareja mítica y todo su séquito. El lugar de la ceremonia principal será en el estadio del colegio Gran Unidad San Carlos. “Las coordinaciones con las diferentes instituciones están hechas, garantizamos un bonito espectáculo”, destacó. La FRFCP prevé desembolsar unos S/ 80 mil en esta actividad que se desarrollará desde las 6:00 de la mañana el martes 5 de noviembre.",2025-11-16T21:32:01.293813,2024-10-30T00:00:00,2025-11-16T21:32:01.523680,Los Andes,10359,,197,"El presidente de la Federación Regional de Folclore y Cultura de Puno (FRFCP), Néstor Hancco, adelantó algunos detalles sobre la puesta en escena de la salida de la pareja mítica, Manco Cápac y Mama Ocllo, del lago Titicaca el próximo 5 de noviembre. En cuanto al recorrido, el dirigente refirió que todavía no se concretó […]",,Puno: escenificación de la salida de Manco Cápac y Mama Ocllo será con 500 actores,https://losandes.com.pe/salida-de-manco-capac-y-mama-ocllo-el-5-de-noviembre-escenificacion-sera-con-500-actores/?signup
Diario los Andes,1594,General,"Padres de familia de la Institución Educativa Secundaria Rodolfo Diesel de la ciudad de Juliaca (San Román), nuevamente arribaron a Puno y sitiaron las instalaciones del Gobierno Regional de Puno (GRP), exigiendo que se concluya y entregue la infraestructura de su institución, ya que solo faltaría alrededor del 7%. Sin embargo, en la actualidad la empresa Consorcio del Sur Torre de Oro, encargada de la construcción, ha abandonado la obra, faltando poco para la conclusión de la misma, según refirió Adelina Machaca Paredes, directora de la IES Rodolfo Diesel. “La infraestructura solo falta para concluir un 6 a 7%, pero lamentablemente el señor (Juan) Luque ha contratado a una empresa ladrona, que ha cobrado su dinero y lo ha destinado para otra obra, de tal forma que nuestros proveedores de la ciudad de Juliaca quedan con una deuda de más o menos medio millón de soles”, dijo. En cuanto a la implementación que se realizaría mediante otro proyecto, indicó que no se les ha informado en qué estado se encuentra, ya que deben esperar a que se culmine en su totalidad la infraestructura, para hacer la entrega del equipamiento. “No nos informan, solo nos han dicho que ya se ha comprado, pero no nos han hecho la entrega… Tenemos que esperar a que la infraestructura se concluya para que nos muestren cuáles son las computadoras que han adquirido”, acotó. Finalmente, indicó que en la última reunión con funcionarios del GRP, estos se comprometieron a intervenir y terminar la construcción por administración directa. “Nunca cumplieron, han jugado con nosotros”, reclamó Adelina Machaca.",2025-11-16T21:32:01.293813,2018-12-19T00:00:00,2025-11-16T21:32:01.522496,Los Andes,10358,,261,"Padres de familia de la Institución Educativa Secundaria Rodolfo Diesel de la ciudad de Juliaca (San Román), nuevamente arribaron a Puno y sitiaron las instalaciones del Gobierno Regional de Puno (GRP), exigiendo que se concluya y entregue la infraestructura de su institución, ya que solo faltaría alrededor del 7%. Sin embargo, en la actualidad la […]",,Continúan protestas por construcción de la institución educativa Rodolfo Diesel,https://losandes.com.pe/continuan-protestas-por-construccion-de-la-institucion-educativa-rodolfo-diesel/?signup
Diario los Andes,1121,General,"La Policía y Fiscalía Antidrogas decomisaron 43 envoltorios de alcaloide de cocaína hábilmente camuflados en una pelota de fútbol. La intervención se realizó en el pabellón tres de mediana seguridad del establecimiento penitenciario de la ciudad de Juliaca, luego de que el personal del Instituto Nacional Penitenciario (INPE), advirtiera la presencia sospechosa de un balón dentro de un tacho de plástico. En el momento de la inspección las autoridades intervinientes constaron que dentro de la estructura ovalada, habían unos envoltorios de plástico conteniendo una sustancia blanquecina que al ser sometida a las pruebas de campo dio positivo para alcaloide de cocaína. El representante del Ministerio Público ordenó el decomiso de los pequeños paquetes e inició las investigaciones con la finalidad de determinar cómo es que ingresó el estupefaciente a este recinto carcelario. Por el momento se ha dispuesto el interrogatorio a los reclusos y también al personal del INPE. En la ruta Sina – Juliaca, jurisdicción de la provincia de Sandia, la Policía intervino a dos pasajeros que transportaban droga de alta pureza.",2025-11-16T21:32:01.293813,2024-11-23T00:00:00,2025-11-16T21:32:01.518049,Los Andes,10357,,173,"La Policía y Fiscalía Antidrogas decomisaron 43 envoltorios de alcaloide de cocaína hábilmente camuflados en una pelota de fútbol. La intervención se realizó en el pabellón tres de mediana seguridad del establecimiento penitenciario de la ciudad de Juliaca, luego de que el personal del Instituto Nacional Penitenciario (INPE), advirtiera la presencia sospechosa de un balón […]",,Juliaca: camuflan droga en una pelota,https://losandes.com.pe/juliaca-camuflan-droga-en-una-pelota/?signup
Diario los Andes,6226,General,"La ciudad más poblada de la región Puno enfrenta cada año una grave crisis en su sistema de evacuación de aguas pluviales, lo que debería ser una solución terminó siendo un dolor de cabeza que le cuesta a todos los juliaqueños. Desde su inicio en el año 2014, el proyecto del drenaje pluvial de la ciudad de Juliaca ha estado marcado por denuncias de corrupción. La licitación, otorgada por la gestión del fenecido alcalde David Mamani Paricahua al “Consorcio Uros” por S/ 200 millones, presentó indicios de favoritismo y falta de transparencia. Al poco tiempo, la Contraloría General de la República detectó un perjuicio económico de más de S/19 millones, debido a irregularidades en la elaboración del expediente técnico, la supervisión y la ejecución de la obra. El presidente del comité de fiscalización del drenaje pluvial, Raúl Huarecallo Ramos, recordó que a pesar de las advertencias de la Contraloría, la Municipalidad Provincial de San Román, con Oswaldo Marín Quiro de alcalde, continuó realizando pagos al “Consorcio Uros”, incluso por trabajos no ejecutados o con graves deficiencias. Asimismo, supervisores del Colegio de Ingenieros recomendaron la demolición de canales defectuosos en un tramo de más de 4 kilómetros. La obra quedó detenida en múltiples ocasiones, dejando zanjas abiertas y tuberías expuestas, representando un peligro para la población. Ante las evidentes irregularidades, en el 2015 la comuna edil rescindió el contrato con el consorcio. Sin embargo, la empresa constructora inició un proceso de arbitraje exigiendo una millonaria indemnización, lo que ha impedido la reactivación del proyecto y mantiene a la ciudad vulnerable ante las lluvias. Para Huarecallo, la gestión de Marín Quiro tuvo la oportunidad de denunciar a Uros y la empresa Supervisora Juliaca por incumplir con los términos contractuales y perjudicar a la población con trabajos defectuosos. Considera que en ese periodo se debieron recuperar cartas fianza, defender el pago por adelanto de materiales y otros. Hace unos días, el actual burgomaestre, Óscar Cáceres Rodríguez, confirmó que se deberá pagar S/ 27 millones al consorcio español por un arbitraje perdido. El alcalde mencionó que, a pesar de que solo se avanzó un 15 % de la obra, se perderá ese dinero que bien podría haberse destinado a otras obras que necesita la Ciudad de los Vientos. Cáceres culpó a sus antecesores David Mamani, Oswaldo Marín y David Sucacahua, asegurando que la situación es consecuencia de su falta de capacidad para defender los intereses del pueblo juliaqueño. Lo llamativo es que Rolando Málaga, exprocurador de las dos últimas gestiones ediles, ahora se desempeña como asesor legal del actual burgomaestre. El diario Los Andes buscó la versión de los aludidos, pero solo obtuvo respuesta de David Sucacahua, quien indicó que evitará declarar sobre el caso. Aunque Oswaldo Marín no respondió en esta ocasión, en años anteriores declaró a la prensa culpando a la dirigencia por la paralización de la obra. Al respecto, Raúl Huarecallo rechazó la postura de Marín Quiro, argumentando que no era viable continuar con una obra que presentaba múltiples deficiencias técnicas e indicios de corrupción, según advertencias de la Contraloría. Recordó que también se perdió el arbitraje con la empresa supervisora. En declaraciones a una emisora regional, el regidor Salvador Valdivia Cárdenas afirmó que la paralización del drenaje hace una década demuestra que el proceso estuvo amañado. Precisó que la obra inició con la entrega del terreno, pero luego se descubrió que esta fue parcial, ya que en zonas como la salida a Coata hubo oposiciones. Valdivia, quien integró el comité de fiscalización del Colegio de Ingenieros Consejo Departamental Puno, dijo que estas anomalías constan en la evaluación de los expedientes de las empresas. “Había compañías extranjeras, como los españoles, que nunca pisaron suelo peruano”, refirió y añadió que también faltó coherencia en los planos, las láminas de detalle y otros. Asimismo, durante la inspección de la tubería que desembocaría en el río Maravillas, visitaron el almacén del “Cons o r c i o Uros” y constataron que las tuberías estaban siendo fabricadas sin cumplir los procesos adecuados ni contar con certificación. Tras la resolución del contrato, el proyecto pasó al Ministerio de Vivienda, Construcción y Saneamiento (MVCS) con los saldos de obra; sin embargo, la entrega del nuevo expediente técnico se ha postergado por dos años. Raúl Huarecallo señaló que recién en septiembre se aprobaría el documento. Por su parte, el alcalde Oscar Cáceres asegura que la obra se financiará con los USD 700 millones que el Banco Interamericano de Desarrollo (BID) prestó para el Proyecto Integral de Agua y Alcantarillado (PIAA), y la Planta de Tratamiento de Aguas Residuales. Raúl Huarecallo señaló que la denuncia en la Fiscalía es la única esperanza para evitar la impunidad en el caso; sin embargo, el proceso, iniciado en 2018, no ha mostrado avances. Destacó que el caso llegó a esta instancia gracias al esfuerzo de la dirigencia y una comisión investigadora del Congreso. Mientras se resuelven controversias, se espera por un nuevo expediente técnico y el financiamiento para el proyecto integral de agua y alcantarillado, la población juliaqueña termina sumergida cada temporada de lluvias. El exdirigente de la central de barrios de la Ciudad Calcetera, Remigio Calla Sancho, a manera de acciones paliativas, invocó a la actual autoridad edil limpiar los canales pluviales de las zonas adyacentes al mercado Túpac Amaru donde como todos los años se registran inundaciones. “Nosotros los pobladores de la salida a Huancané estamos muy preocupados por esta gestión ya que tenemos avenidas importantes, como Tambopata y Santa Rosa que año tras año se inundan”, remarcó el dirigente. Desde el 2014, año en que inició el proyecto del drenaje pluvial las esperanzas estuvieron centradas en su culminación y así solucionar el problema de las inundaciones en Juliaca, eso no ha ocurrido y no ocurrirá en mucho tiempo. 27 Millones es lo que debe pagar la municipalidad de San Román al “Consorcio Uros” tras perder el arbitraje. Los daños y perjuicios a la ciudad de Juliaca tienen un precio alto.",2025-11-16T21:32:01.293813,2025-03-17T00:00:00,2025-11-16T21:32:01.517208,Los Andes,10356,https://losandes.com.pe/wp-content/uploads/2025/03/Screenshot_20250317_111517_com.microsoft.office.officehubrow-1024x732.png,991,"La ciudad más poblada de la región Puno enfrenta cada año una grave crisis en su sistema de evacuación de aguas pluviales, lo que debería ser una solución terminó siendo un dolor de cabeza que le cuesta a todos los juliaqueños. Escribe: Zenaida Zea Desde su inicio en el año 2014, el proyecto del drenaje […]",,Juliaca bajo el agua…y la corrupción,https://losandes.com.pe/juliaca-bajo-el-agua-y-la-corrupcion/?signup
Diario los Andes,1020,General,"La mañana de este jueves 7 de noviembre, una madre de familia demostró un notable valor al enfrent4rse a dos delincuentes que intentaron robar en su hogar, ubicado en la urbanización Santa Flora, en la ciudad d Juliaca. Cuando la mujer de 39 años de edad, salió de su vivienda hacia su puesto de venta de «chicharrón» cerca de una Posta médica, dejando la puerta semiabierta. Los sujetos ingresaron a su domicilio y uno de ellos comenzó a registrar el cuarto de la víctima. Al darse cuenta de la presencia de los intrusos, la mujer se defendió activamente; sin embargo, uno de los sujetos la golpeó en la cabeza con la cacha de un arma de fuego. Los gritos de la madre de familia alertaron a los vecinos, quienes salieron a ver lo que sucedía. Los delincuentes al verse descubiertos, huyeron del lugar en un vehículo oscuro, sin llevarse objetos de valor. La madre de familia resulto con heridas por lo que tuvo que ser evacuada de inmediato al hospital Carlos Monge Medrano, donde se le diagnosticó contusión de cabeza.",2025-11-16T21:32:01.293813,2024-11-07T00:00:00,2025-11-16T21:32:01.516029,Los Andes,10355,,180,"La mañana de este jueves 7 de noviembre, una madre de familia demostró un notable valor al enfrent4rse a dos delincuentes que intentaron robar en su hogar, ubicado en la urbanización Santa Flora, en la ciudad d Juliaca. Cuando la mujer de 39 años de edad, salió de su vivienda hacia su puesto de venta […]",,Juliaca: Madre de familia termina herida tras evitar robo en su vivienda,https://losandes.com.pe/juliaca-madre-de-familia-termina-herida-tras-evitar-robo-en-su-vivienda/?signup
Diario los Andes,782,General,"Agentes de la Unidad de Protección Vehicular (Uprove) de Puno, la tarde del pasado martes detuvieron a un sujeto llamado Francisco Avendaño Flores, de 35 años, quien conducía un vehículo involucrado en un robo. Según los agentes del orden, el vehículo marca Toyota, color gris y de placa de rodaje Z3V-064, que conducía el intervenido, habría participado en el hurto de otro auto color gris oscuro de matrícula V7K-500, de propiedad de Jhanet Flores, del interior del Depósito Municipal, ubicado en el interior del Terminal Terrestre de Puno. Según se sabe, el hecho delictivo ocurrió el pasado 12 de noviembre, aproximadamente a las 19.30 horas. Actualmente, Avendaño Flores permanece en calidad de detenido en la dependencia policial, hasta que se esclarezca el robo de la unidad.",2025-11-16T21:32:01.293813,2018-11-15T00:00:00,2025-11-16T21:32:01.515021,Los Andes,10354,,126,"Agentes de la Unidad de Protección Vehicular (Uprove) de Puno, la tarde del pasado martes detuvieron a un sujeto llamado Francisco Avendaño Flores, de 35 años, quien conducía un vehículo involucrado en un robo. Según los agentes del orden, el vehículo marca Toyota, color gris y de placa de rodaje Z3V-064, que conducía el intervenido, […]",,Robaron auto del Depósito Municipal,https://losandes.com.pe/robaron-auto-del-deposito-municipal/?signup
Diario los Andes,1993,General,"La justicia sigue siendo esquiva para Brizz Maylen Salcedo Añasco, la enfermera que fue abusada sexualmente, cruelmente torturada y arrebatada de la vida por personal de su centro de labores. Ayer, su familia, desgarrada por el dolor, alzó la voz frente al penal de Juliaca, exigiendo cadena perpetua para sus verdugos. Los familiares de la joven madre expresaron su indignación por la lentitud del proceso judicial, ya que, Renato Francisco Quispe Ramos y Dino Álvarez Limahuay aún no han sido sentenciados, pese a que cumplen prisión preventiva desde abril de 2023. La madre de la fallecida cuestionó que, a pesar de las pruebas y la confesión de los imputados, aún no se haya dictado sentencia. “Mi hija casi ha sido descuartizada”, lamentó, denunciando que el retraso solo prolonga su dolor y refuerza la sensación de impunidad. Brizz, de 32 años, cayó en manos de sus agresores el 29 de marzo. Tras una larga agonía, falleció en el hospital Edgardo Rebagliati de Lima. Su madre, entre lágrimas, recordó que los médicos intentaron salvarle la vida amputándole una pierna, pero el daño era irreparable. Cuando Brizz dejó de respirar, sus hijos tenían solo siete meses, cuatro y seis años. Actualmente, están bajo la custodia de su abuela materna y arrastran severas secuelas emocionales debido al cruel asesinato de su madre. Según los deudos, los acusados han optado por guardar silencio, permitiendo que solo sus abogados hablen en su defensa. La madre de Brizz señaló que uno de ellos confesó la agresión y que incluso fue encontrado con la víctima agonizando. “Pido justicia para mi hermana, para mis sobrinos, por esos tres pequeños que claman por su madre. Ellos están en terapia, pero ¿quién les va a devolver a su mamá?”, expresó su hermana, quien exige cadena perpetua para los asesinos. Los jueces deberán emitir su veredicto a más tardar el 27 de febrero. Ayer se llevó a cabo una audiencia. Se espera que a más tardar el 27 del presente mes, el Juzgado dé a conocer su decisión.",2025-11-16T21:32:01.293813,2025-02-26T00:00:00,2025-11-16T21:32:01.514135,Los Andes,10353,,336,"Escribe: Zenaida Zea La justicia sigue siendo esquiva para Brizz Maylen Salcedo Añasco, la enfermera que fue abusada sexualmente, cruelmente torturada y arrebatada de la vida por personal de su centro de labores. Ayer, su familia, desgarrada por el dolor, alzó la voz frente al penal de Juliaca, exigiendo cadena perpetua para sus verdugos. Los […]",,Juliaca: familiares protestan pidiendo justicia para enfermera,https://losandes.com.pe/crueldad-sin-castigo-asesinos-de-enfermera-sin-sentencia/?signup
Diario los Andes,922,General,"El subgerente de Gestión de Riesgos y Desastres de la Municipalidad Provincial de San Román, Yuri Zapata Yactaco, informó que recientemente se ha aprobado el plan de contingencia por el periodo de lluvias en esta jurisdicción. Detalló que este plan proyecta un presupuesto de S/ 80 mil; monto que será utilizado para la atención de diversas emergencias que se puedan registrar durante este periodo del año. Añadió que también adquirieron una motocarga para trasladarse a las zonas de emergencia y varias motobombas para evacuar el empozamiento de las aguas. De la misma forma dijo que la zona de Túpac Amaru, avenida Circunvalación, hospital Carlos Monge Medrano, centro comercial 1 y 2, son las consideradas como altamente vulnerables para la inundaciones. El funcionario lamentó que el proyecto de drenaje pluvial no prospere hasta el momento. “Hay zonas críticas donde lamentablemente no se puede hacer mucho”, sostuvo.",2025-11-16T21:32:01.293813,2024-11-20T00:00:00,2025-11-16T21:32:01.512123,Los Andes,10352,,145,"El subgerente de Gestión de Riesgos y Desastres de la Municipalidad Provincial de San Román, Yuri Zapata Yactaco, informó que recientemente se ha aprobado el plan de contingencia por el periodo de lluvias en esta jurisdicción. Detalló que este plan proyecta un presupuesto de S/ 80 mil; monto que será utilizado para la atención de […]",,San Román: destinan 80 mil soles para emergencias por lluvias,https://losandes.com.pe/luz-verde-para-plan-por-lluvias/?signup
Diario los Andes,2083,General,"La Plataforma de Defensa Civil de la Municipalidad Provincial de Puno y cada una de las instituciones que la integran, se reunieron en la víspera con la finalidad de evaluar la moción de ordenanza municipal que “Declara en situación de emergencia el abastecimiento de agua potable en los sectores más vulnerables de la Ciudad Lacustre”. En un primer momento, el regidor Arturo Mamani Pandia, uno de los autores de la referida propuesta, explicó las razones de este planteamiento. “Por información de EMSA Puno, sabemos la situación crítica y la necesidad de activar mecanismos urgentes que nos ayuden a mitigar los efectos negativos por el déficit hídrico que se vive, en general en toda la región”, argumentó el fiscalizador edil. Por su parte, el jefe del Servicio Nacional de Meteorología e Hidrología (Senamhi), Sixto Flores, dio a conocer situaciones consideradas atípicas en estos tiempos. “Hemos tenido ‘buenas’ lluvias superando el promedio de los últimos diez años. Sin embargo, el caudal de los ríos de marzo a abril ha disminuido en un 50 %. La razón es que, las temperaturas se han incrementado. En el día hace mucho calor y en la noche frío extremo. Esto ha acelerado el proceso de evaporación del lago Titicaca. De abril a la fecha, su nivel ha descendido 92 centímetros”, remarcó el funcionario. Mientras que, el gerente de EMSA Puno, Luis Aguilar, advirtió de una problemática regional. “Esta secuencia deficitaria inició el 2021, desde ese año hemos elaborado planes de contingencia que están dando sostenimiento hasta la fecha, por eso los impactos son menores”, destacó el especialista. “la primacía de la realidad “pesa sobre” cualquier documento, el jueves estábamos por encima de los 5 centímetros para el tema de la captación, ahora está por debajo de la canastilla, ya no entra agua. La calidad del agua es otro factor negativo”, señaló Aguilar. Estos y otros considerandos han sido sometidos a un análisis técnico la tarde de ayer. En el corto plazo se espera el informe final. Dos proyectos de agua potable están en marcha, aunque hay un tramo por recorrer.",2025-11-16T21:32:01.293813,2024-11-13T00:00:00,2025-11-16T21:32:01.504618,Los Andes,10351,,344,"La Plataforma de Defensa Civil de la Municipalidad Provincial de Puno y cada una de las instituciones que la integran, se reunieron en la víspera con la finalidad de evaluar la moción de ordenanza municipal que “Declara en situación de emergencia el abastecimiento de agua potable en los sectores más vulnerables de la Ciudad Lacustre”. […]",,Servicio de agua potable en Puno en inminente peligro,https://losandes.com.pe/servicio-de-agua-potable-en-puno-en-inminente-peligro/?signup
Diario los Andes,1466,General,"El congresista puneño Lucio Ávila, en conferencia de prensa, anunció que viene buscando, a través de la Comisión de Presupuesto del Congreso, financiamiento para la ejecución de un proyecto para mejorar las condiciones del concurso de danzas en traje de luces y autóctonos de la Festividad de la Candelaria, el cual costará 6 millones 900 mil soles. Este proyecto, que se basa en los estudios del proyecto con código SNIP 2419094 “Mejoramiento de los servicios turísticos y culturales de la Festividad Virgen de la Candelaria” contempla la compra de un cobertor acondicionado a los distintos requerimientos que los conjuntos de danzas de trajes de luces y autóctonas han estado solicitando los últimos años. Además de esta compra, se tiene programada la construcción de tribunas y la remuneración de personal capacitado para el mejor desarrollo de la parada en veneración a la Mamita Candelaria. “(Se contempla) la compra de un cobertor propio que va a ser administrado por la municipalidad de Puno, tribunas y pasadizos; asimismo, se destinará presupuesto para el personal que pueda poner orden en la parada”, mencionó el legislador. Cabe señalar que esta festividad es considerada Patrimonio Inmaterial de la Humanidad y que, en palabras del director de la oficina Desconcentrada de Cultura de Puno, Gary Mariscal, le pertenece a todo el mundo, por lo que conlleva una gran responsabilidad corregir año a año las deficiencias que se puedan presentar eventualmente.",2025-11-16T21:32:01.293813,2018-11-20T00:00:00,2025-11-16T21:32:01.502821,Los Andes,10350,,233,"El congresista puneño Lucio Ávila, en conferencia de prensa, anunció que viene buscando, a través de la Comisión de Presupuesto del Congreso, financiamiento para la ejecución de un proyecto para mejorar las condiciones del concurso de danzas en traje de luces y autóctonos de la Festividad de la Candelaria, el cual costará 6 millones 900 […]",,Lucio Ávila anunció que buscan 6 millones de presupuesto para la Candelaria,https://losandes.com.pe/lucio-avila-anuncio-que-buscan-6-millones-de-presupuesto-para-la-candelaria/?signup
Diario los Andes,741,General,"Ichu. Tras los resultados de la necropsia, las autoridades descartaron que Verónica Quispe (21) haya fallecido producto de una supuesta golpiza propinada por su pareja. Cabe recordar que la gestante natural de Ichu, la madrugada del sábado, fue evacuada al hospital de Puno tras presentar complicaciones en su salud. Luego de permanecer allí un tiempo aproximado de media hora, dejó de existir. Pese a que los familiares de la gestante denunciaron a la pareja de ésta de haber originado su deceso, los resultados de la autopsia, que arrojaron muerte por edema cerebral, descartarían tal acusación. Nuestras fuentes además informaron que la joven no había acudido a sus controles, por lo cual su bebé tenía 10 días de fallecido en su vientre.",2025-11-16T21:32:01.293813,2018-12-31T00:00:00,2025-11-16T21:32:01.501379,Los Andes,10349,,121,"Ichu. Tras los resultados de la necropsia, las autoridades descartaron que Verónica Quispe (21) haya fallecido producto de una supuesta golpiza propinada por su pareja. Cabe recordar que la gestante natural de Ichu, la madrugada del sábado, fue evacuada al hospital de Puno tras presentar complicaciones en su salud. Luego de permanecer allí un tiempo […]",,Gestante murió por un edema cerebral,https://losandes.com.pe/gestante-murio-por-un-edema-cerebral/?signup
Diario los Andes,1983,General,"Dos varones que iban a bordo de sus motocicletas hallaron la muerte en sendos accidentes de tránsito en la ciudad de Arequipa, al impactar sus unidades con otros vehículos. Se conoció que una de las víctimas era un padre de familia. Uno de estos accidentes ocurrió la mañana de ayer en el distrito de Cerro Colorado, en el sector de La Libertad, exactamente en la intersección de las calles Nicolás de Piérola y la segunda cuadra de la calle Cajamarca. En este lugar, un motociclista habría sido embestido por un bus del Sistema Integrado de Transportes (SIT), con placa de rodaje V8X957, que pertenece a la empresa de transporte Cotaspa, que cubre la ruta Socabaya–Cerro Colorado. Producto del impacto, el conductor de la unidad lineal, identificado como Porfirio Choquechampi Sallo (54), llevó la peor, parte pereciendo en el lugar. Se conoció que la víctima era padre de familia. Hasta la zona llegó la Policía y un representante del Ministerio Público para el levantamiento del cadáver. Aquiles de la Cruz (36), chofer de la unidad de servicio público, fue detenido por la Policía y trasladado a Medicina Legal para los exámenes correspondientes. Asimismo, a las 4 horas de ayer, en la Panamericana Sur, en el tramo que une Arequipa con el distrito de La Joya, un varón que iba a bordo de su moto perdió la vida luego de impactar su vehículo contra una miniván. De acuerdo a información preliminar de la Policía, en el kilómetro 4 de la vía, la unidad menor con matrícula B1- 0228, habría invadido el carril contrario e impactó frontalmente contra la unidad vehícular. Producto del choque, el motociclista salió disparado de su unidad, cayó pesadamente sobre el pavimento y falleció de forma instantánea. Mauro Ramos Apaza (42), conductor de la miniván con placa de rodaje VDX-964, fue detenido por homicidio culposo. Hasta el lugar llegaron efectivos policiales que se encargarán de investigar las causas del accidente de tránsito con el objetivo de determinar responsabilidades",2025-11-16T21:32:01.293813,2025-07-01T00:00:00,2025-11-16T21:32:01.498185,Los Andes,10348,,329,"Dos varones que iban a bordo de sus motocicletas hallaron la muerte en sendos accidentes de tránsito en la ciudad de Arequipa, al impactar sus unidades con otros vehículos. Se conoció que una de las víctimas era un padre de familia. Uno de estos accidentes ocurrió la mañana de ayer en el distrito de Cerro […]",,Arequipa: Motociclistas impactan sus unidades y mueren en el acto,https://losandes.com.pe/arequipa-motociclistas-impactan-sus-unidades-y-mueren-en-el-acto/?signup
Diario los Andes,6054,General,"Justificar gastos es una habilidad adquirida por los consejeros de la región Puno. Algunos más que otros, se esfuerzan, otros, ni hacen el intento y no tienen reparos en “presentar” informes de su labor fiscalizadora, en blanco. Basta revisar el balance semestral sobre el monto destinado al fortalecimiento de la función de fiscalización del año 2024. Destaca Jhon Aquice Aquice, consejero de la provincia de Lampa, “Jhoncito” para los amigos. El fiscalizador reporta gastos por un total de S/ 16 mil 099.2, a partir de la contratación de abogados e ingenieros civiles y el alquiler de una camioneta. ¿Ha justificado el monto utilizado? No. Nada de nada. Es decir, nadie sabe los resultados obtenidos a partir de su “encomiable” labor fiscalizadora. Víctor Raúl Tacuri Idme, consejero de la provincia de Carabaya, es más “económico”. Él reporta gastos por S/ 11 mil 801.6. A diferencia de su homólogo de Lampa, él prefiere prescindir de contratar un abogado o un ingeniero civil y recurre a la contratación de un asistente técnico que le sale S/ 400.00. La consejera de la provincia de San Román, María Elena Mamani Apaza, reporta gastos por S/ 14 mil 251.2. Al igual que sus colegas, en su afán de supervisar las obras que se ejecutan den tro de su jurisdicción suele contratar profesionales para fortalecer su tarea. Entre los gastos que realizó, llama la atención más de uno. Por ejemplo, el 31 de octubre de 2024, solicitó la contratación de un ingeniero civil por S/ 500.00. Una de las conclusiones a las que arribó tras visitar el proyecto de Mejoramiento de los Servicios de Educación Superior del Instituto Superior Tecnológico Publico Cabanillas, en compañía del referido profesional, es que hubo dificultades por el desorden en el que se encontraba el almacén. Asimismo, la consejera por la provincia de Puno, Giorni Bautista Ticona, reporta gastos en el 2024 por S/ 14 mil 181.8. Lo curioso aquí es que, mientras otros contratan un ingeniero civil a S/ 500.00, a la fiscalizadora le sale más caro hacerse de los servicios de un profesional de la rama, S/ 1020,00 es el monto. El consejero regional por la provincia de Azángaro, Reynaldo Choquehuanca Rivera, a veces queda exhausto tras un día de fiscalización. Aunque no se conoce algún resultado importante, también reporta gastos, similares a los de sus colegas. Durante el año pasado ha gastado S/ 9 mil 743.20. Cuenta como uno de sus logros, haber descubierto el retraso en la atención de los requerimientos, sin duda, un hallazgo que decantará en alguna denuncia penal contra los responsables del proyecto de Mejoramiento de capacidades productivas para promover la seguridad alimentaria en la reactivación económica. Al consejero regional por la provincia de Melgar, Esteban Mamani Quispe, le cayó recontra mal información propalada por Diario Los Andes, respecto a su parsimoniosidad para reaccionar ante el recorte presupuestal de la obra Mejoramiento y ampliación del servicio deportivo del estadio Municipal de Ayaviri. El fiscalizador, herido en su orgullo, asegura que ya nadie lee este matutino. Es más, en tono enfático aseguró que, no cederá a las extorsiones. Su entusiasmo en cambio, merma cuando de fiscalizar se trata. El representante melgarino apenas registra cuatro reportes de fiscalización, actividades por las cuales gastó S/ 6 mil 176. Destaca la intervención de la Rede de Servicios de Salud (Redess) Melgar. Para esta labor contrató una camioneta por el monto de S/ 2 mil 220.00. WALKER EL AHORRADOR Walker Mamani Ururi, es consejero por la provincia de El Collao. Su labor pasa desapercibida. En los corrillos del Consejo Regional dicen que le gusta guardar perfil bajo. Su labor habla por él y su pueblo sabrá juzgarlo, llegado el momento. Se entiende que es un error de tipeo pero, quedará para la anécdota los gastos que declaró para fiscalizar algunas de las obras en la jurisdicción a la que representa. P or ejemplo, en la obra Mejoramiento de la carretera Loani – Santa Rosa de Huayllata y construcción de la defensa ribereña del distrito de llave provincia de El Collao, el reporte de gastos refiere que, Mamani Ururi, gastó un sol en la adquisición de materiales y otro sol en el alquiler de una camioneta, total 2 soles. En otra oportunidad el fiscalizador collavino gastó S/ 3.00 en la fiscalización a la obra de Construcción y mejoramiento del Hospital II-I de llave, provincia de El Collao. A él por ejemplo, el ingeniero civil le costó un sol, gastó otro sol para alquilar una camioneta y a lo mejor, adquirió un lapicero por un sol. Centrado en su labor de fiscalizador, el representante de la provincia de El Collao, también se animó en diciembre del año pasado, supervisar la Red de Servicios de Salud (Redess) de la referida jurisdicción. Para esta actividad también reportó gastos por S/ 3.00. Claro esta vez, no mostró resultado alguno. Mamani Ururi es quizá, quien lidera las actividades de fiscalización en el Consejo Regional de Puno y según documentos oficiales, para esta tarea solo necesitó S/ 42.00 y no los miles que reportan sus homólogos. Finalmente, el consejero por Carabaya, Héctor Aguilar Narvaez, reporta gastos por S/16 mil 775.37. Enorme contraste con su colega de la provincia de El Collao. Los informes del fiscalizador carabaino tienen como principal característica la generalidad, pese a haber requerido la participación en sus labores de un abogado, ingeniero civil y un contador. ¿Hay manera de conocer los detalles de todos estos gastos? Seguramente sí; sin embargo, es altamente improbable acceder a esa información que, intuye este cronista, se guarda bajo siete llaves. ¿Quien fiscaliza a los fiscalizadores? Sería interesante saber el nombre de cada uno de esos profesionales que han acompañado a los consejeros en la ardua labor de fiscalizar. El reporte consultado para fines de esta publicación refiere que la ejecución presupuestal para el fortalecimiento de la función fiscalizadora alcanzó un 49.01 %, lo que representa un gasto de más de S/ 240 mil. Es decir, la labor de los consejeros sigue siendo endeble.",2025-11-16T21:32:01.293813,2025-07-15T00:00:00,2025-11-16T21:32:01.493531,Los Andes,10347,https://losandes.com.pe/wp-content/uploads/2025/07/gastos-1.jpg,995,"Justificar gastos es una habilidad adquirida por los consejeros de la región Puno. Algunos más que otros, se esfuerzan, otros, ni hacen el intento y no tienen reparos en “presentar” informes de su labor fiscalizadora, en blanco. Basta revisar el balance semestral sobre el monto destinado al fortalecimiento de la función de fiscalización del año […]",,El variopinto gasto de los consejeros regionales de Puno,https://losandes.com.pe/el-variopinto-de-los-consejeros-regionales-de-puno/?signup
Diario los Andes,945,General,"Medicina Legal de San Román intentó restar importancia al error garrafal de certificar como fallecido a un paciente vivo, tachándolo de “error involuntario” . Úrsula Sandoval, jefa encargada, argumentó que el fallo ocurrió el 4 de septiembre por un “traspapelamiento de documentos”, pero evitó asumir plena responsabilidad institucional. El responsable del certificado erróneo sería Milton Edgar Condori Quispe. Sandoval explicó que la confusión surgió al mezclarse documentos con una necropsia simultánea, aunque el error solo se detectó cuando el paciente falleció realmente el 8 de septiembre. El sistema SINADEF bloqueó emitir un nuevo certificado por el registro previo. La funcionaria minimizó la negligencia y culpó indirectamente a la familia del paciente, por no informar el incidente a tiempo; sin embargo, omitió explicar por qué la institución no corrigió el error. Sandoval descartó actos de corrupción y defendió al médico legista.",2025-11-16T21:32:01.293813,2025-09-12T00:00:00,2025-11-16T21:32:01.492370,Los Andes,10346,,140,"Medicina Legal de San Román intentó restar importancia al error garrafal de certificar como fallecido a un paciente vivo, tachándolo de “error involuntario” . Úrsula Sandoval, jefa encargada, argumentó que el fallo ocurrió el 4 de septiembre por un “traspapelamiento de documentos”, pero evitó asumir plena responsabilidad institucional. El responsable del certificado erróneo sería Milton […]",,San Román: Escándalo en Medicina Legal,https://losandes.com.pe/san-roman-escandalo-en-medicina-legal/?signup
Diario los Andes,1310,General,"El exgobernador regional de Puno, Juan Luque Mamani, cuestionó duramente al actual gobernador Richard Hancco por la demora en la entrega del estadio Guillermo Briceño Rosamedina en Juliaca, pese a que según afirmó, existe presupuesto asignado para su culminación. En recientes declaraciones, Luque expresó su preocupación ante versiones sobre un posible desmontaje del techo de la infraestructura del estadio. “Esto significa que el gobernador no está cumpliendo con sus responsabilidades”, expresó. Hay presupuesto. A no ser que esté esperando el famoso diezmo”, señaló con tono crítico. Luque pidió que se cumpla con el pago a los proveedores que instalaron los techos del estadio y que se haga entrega inmediata de la obra a la población. “Llamo a los dirigentes de la provincia de San Román y a las instituciones deportivas para que exijan una fecha oficial de entrega, y no estemos pensando en destechar una obra ya casi concluida”, añadió. En otros temas, respecto a los proyectos hospitalarios, la exautoridad regional dijo que Richard Hancco ha “fracasado”, porque no puede culminar el Hospital Materno Infantil de Juliaca, el Hospital de El Collao Ilave, no puede reiniciar el Hospital regional Manuel Núñez Butrón de Puno. Estas afirmaciones las dio a un medio de comunicación de carácter televisivo.",2025-11-16T21:32:01.293813,2025-05-23T00:00:00,2025-11-16T21:32:01.491815,Los Andes,10345,,206,"El exgobernador regional de Puno, Juan Luque Mamani, cuestionó duramente al actual gobernador Richard Hancco por la demora en la entrega del estadio Guillermo Briceño Rosamedina en Juliaca, pese a que según afirmó, existe presupuesto asignado para su culminación. En recientes declaraciones, Luque expresó su preocupación ante versiones sobre un posible desmontaje del techo de […]",,(VIDEO) Juan Luque a Richard Hancco: “no estemos pensando en destechar el estadio Briceño”,https://losandes.com.pe/video-juan-luque-a-richard-hancco-no-estemos-pensando-en-destechar-el-estadio-briceno/?signup
Diario los Andes,1567,General,"El alcalde provincial de Arequipa, Víctor Hugo Rivera, respaldó la propuesta de concesionar el Camal Municipal, con el objetivo de mejorar la administración y rentabilidad de esta infraestructura. Como se sabe, este organismo descentralizado se encuentra en una situación crítica, pues mantiene una cuantiosa deuda de 50 mil soles con proveedores de agua, además de tener un déficit acumulado de 300 mil soles. Sumado a ello, los trabajadores denuncian insalubridad en el recinto, además de falta de pagos, por otro lado los usuarios se quejan del robo sistemático de carne. Ambos bandos, exigen la destitución del actual gerente, Frank Pari Pacsi. El alcalde reconoció que la actual administración enfrenta dificultades, por lo que considera necesario contar con especialistas para reflotar el servicio. Sin embargo, ello no podrá realizarse hasta que se elijan nuevos miembros del directorio, quienes serán los encargados de designar al nuevo gerente. “Nosotros no, ni el alcalde ni los regidores, es la función del directorio del Camal”, recordó. Explicó que una eventual concesión permitiría que una empresa con experiencia asuma la gestión del camal y entregue las utilidades correspondientes a la comuna. Rivera aseguró que esta opción permitiría mejorar un servicio que, pese a ser rentable, actualmente se encuentra limitado por la falta de personal capacitado. Finalmente, Rivera reiteró su postura personal a favor de la concesión: “Yo personalmente apostaría para que una empresa especialista lo concesione… pero que tenga a los especialistas”, puntualizó.",2025-11-16T21:32:01.293813,2025-05-24T00:00:00,2025-11-16T21:32:01.487694,Los Andes,10344,,237,"El alcalde provincial de Arequipa, Víctor Hugo Rivera, respaldó la propuesta de concesionar el Camal Municipal, con el objetivo de mejorar la administración y rentabilidad de esta infraestructura. Como se sabe, este organismo descentralizado se encuentra en una situación crítica, pues mantiene una cuantiosa deuda de 50 mil soles con proveedores de agua, además de […]",,Alcalde de Arequipa Víctor Hugo Rivera respalda concesión del camal edil,https://losandes.com.pe/alcalde-de-arequipa-victor-hugo-rivera-respalda-concesion-del-camal-edil/?signup
Diario los Andes,952,General,"Personal de jardinería de la Municipalidad Provincial de San Román encontró la mano faltante del monumento al Padre Teodoro Sakata Andrade durante la madrugada del domingo 11 de agosto en la Plaza Bolognesi de la ciudad de Juliaca. El hallazgo ocurrió después que vecinos reportaran el acto vandálico contra la escultura de fibra de vidrio del recordado sacerdote. Máximo López de la subgerencia de Parques y Jardines, confirmó que la pieza recuperada corresponde a la mano que sostenía una Biblia en el monumento del religioso más querido de la provincia de San Román. “Nuestros compañeros que trabajan en el lugar lo han encontrado inmediatamente, lo han guardado”, informó el funcionario. La estructura vandalizada representa al Padre Sakata, considerado una figura ilustre de Juliaca, y fue inaugurada hace menos de un año como parte del ornato de la Plaza Bolognesi. Ahora mismo, se coordina con especialistas la reparación del referido monumento.",2025-11-16T21:32:01.293813,2025-08-12T00:00:00,2025-11-16T21:32:01.486666,Los Andes,10343,,150,Personal de jardinería de la Municipalidad Provincial de San Román encontró la mano faltante del monumento al Padre Teodoro Sakata Andrade durante la madrugada del domingo 11 de agosto en la Plaza Bolognesi de la ciudad de Juliaca. El hallazgo ocurrió después que vecinos reportaran el acto vandálico contra la escultura de fibra de vidrio […],,San Román: Recuperan “mano” del padre Sakata,https://losandes.com.pe/san-roman-recuperan-mano-del-padre-sakata/?signup
Diario los Andes,1116,General,"En una entrevista con Diario Los Andes, el gobernador regional de Puno, Richard Hancco Soncco, lamentó las expresiones del dirigente del centro poblado de Jayllihuaya, Marcelino Mamani Mamani, quien le acusa de haber recurrido a unos “gringuitos” que no representan a nadie, para supuestamente aparentar interés de parte de inversores del Reino Unido. “Llama la atención el comportamiento sistemático del señor que se opone absolutamente a todo cuanto se haga en torno al nuevo hospital regional Manuel Núñez Butrón de Puno, yo comprendo que su principal interés sea tener el hospital en el lugar donde vive, pero sobre esa pretensión está una decisión técnica”, comentó la autoridad. “Estamos en un momento crucial, el Gobierno debe firmar la adenda que nos permita incluir al hospital en este ‘paquete’. No es fácil programar un presupuesto de S/100 millones. Si la oposición de este grupo interrumpe la continuidad de este proyecto, que asuman luego su responsabilidad”, dijo Dato La decisión de edificar el nuevo hospital de Puno en uno u otro terreno será tras una evaluación técnica una vez superada la adenda.",2025-11-16T21:32:01.293813,2024-11-15T00:00:00,2025-11-16T21:32:01.483061,Los Andes,10342,,179,"En una entrevista con Diario Los Andes, el gobernador regional de Puno, Richard Hancco Soncco, lamentó las expresiones del dirigente del centro poblado de Jayllihuaya, Marcelino Mamani Mamani, quien le acusa de haber recurrido a unos “gringuitos” que no representan a nadie, para supuestamente aparentar interés de parte de inversores del Reino Unido. “Llama la […]",,“Zancadillas” al hospital de Puno,https://losandes.com.pe/zancadillas-al-hospital-de-puno/?signup
Diario los Andes,1643,General,"El gerente general del Gobierno Regional de Puno, Óscar Macedo, informó que el proyecto de renovación del grass sintético del estadio Enrique Torres Belón podría cambiar de modalidad de ejecución, pasando de contrata a administración directa, tras declararse desierto el proceso de licitación pública. Según explicó, la oficina de Abastecimientos sustentó un informe técnico que recomienda proceder con la pérdida de la buena pro debido al incumplimiento de requisitos por parte del postor ganador. “El postor no presentó la carta fianza de fiel cumplimiento, lo que constituye una falta grave dentro del proceso de contratación”, precisó. Macedo señaló que este inconveniente no es imputable al Gobierno Regional, sino al contratista, ya que los procedimientos administrativos deben cumplir con etapas obligatorias y documentación específica. “Nosotros gestionamos proyectos de mayor complejidad y velamos por la transparencia en cada proceso. Todo se realiza mediante un sistema digital que permite hacer seguimiento a los plazos y actos preparatorios”, añadió. El funcionario también adelantó que la Gerencia Regional de Infraestructura evaluará la posibilidad de ejecutar la obra por administración directa, considerando los tiempos y la necesidad de acelerar la intervención. “Amerita una evaluación técnica. Si los plazos lo permiten, podría modificarse la modalidad; de lo contrario, se continuará con un nuevo proceso de convocatoria”, puntualizó. El proyecto busca renovar el grass sintético del principal estadio de Puno, con el objetivo de mejorar las condiciones para el desarrollo deportivo y la realización de eventos regionales.",2025-11-16T21:32:01.293813,2025-11-15T00:00:00,2025-11-16T21:32:01.482573,Los Andes,10341,,239,"El gerente general del Gobierno Regional de Puno, Óscar Macedo, informó que el proyecto de renovación del grass sintético del estadio Enrique Torres Belón podría cambiar de modalidad de ejecución, pasando de contrata a administración directa, tras declararse desierto el proceso de licitación pública. Según explicó, la oficina de Abastecimientos sustentó un informe técnico que […]",,GORE Puno: evalúan cambio de modalidad para renovar grass de estadio Torres Belón,https://losandes.com.pe/gore-puno-evaluan-cambio-de-modalidad-para-renovar-grass-de-estadio-torres-belon/
Diario los Andes,949,General,"Los carnavales de Juliaca, como de costumbre, dejaron grandes cantidades de basura esparcidas por las calles. Según el gerente de Servicios Públicos, Arturo Oroz Bocángel, solo estas actividades generaron un aproximado de 10 toneladas de residuos sólidos. Oroz Bocángel, también presidente de la comisión de carnavales, señaló que el concurso “Tokoro de Oro”, en el cerro Huaynarroque, fue el escenario más difícil de limpiar. Mientras que tras la parada folclórica se recogieron cinco toneladas de basura. El funcionario explicó que la mayor parte de los residuos eran restos de comida y envases de tecnopor. “También se recogieron latas de cerveza, envases de espuma y botellas descartables”, precisó. Indicó que los trabajadores de limpieza realizaron un esfuerzo considerable. “A pesar del apoyo de voluntarios universitarios, las jornadas se extendieron hasta por dos días”, afirmó. Destacó el ejemplo de vecinos de la urbanización 28 de Julio.",2025-11-16T21:32:01.293813,2025-03-13T00:00:00,2025-11-16T21:32:01.477435,Los Andes,10340,,144,"Por: Los Andes Los carnavales de Juliaca, como de costumbre, dejaron grandes cantidades de basura esparcidas por las calles. Según el gerente de Servicios Públicos, Arturo Oroz Bocángel, solo estas actividades generaron un aproximado de 10 toneladas de residuos sólidos. Oroz Bocángel, también presidente de la comisión de carnavales, señaló que el concurso “Tokoro de […]",,Juliaca: carnavales dejó sobre todo basura,https://losandes.com.pe/carnavales-dejo-sobre-todo-basura/?signup
Diario los Andes,1721,General,"La inseguridad y la falta de atención municipal tienen en alerta a los pueblos jóvenes Buena Vista y Jerusalén, ubicados en el distrito de Mariano Melgar. Sin iluminación en sus vías de acceso y sin rondas policiales frecuentes, estas zonas se han convertido en puntos peligrosos, tomados por personas que consumen alcohol, drogas y realizan actos indebidos. Los vecinos protestaron exigiendo al alcalde Óscar Ayala medidas urgentes para mejorar la seguridad. Denuncian que su gestión ha sido deficiente y que desde septiembre pasado no responde a sus pedidos para iluminar y acondicionar las calles. “Nos dijeron que no era prioritario. Mientras tanto, seguimos en peligro”, afirmó un dirigente vecinal. El problema no es solo la falta de iluminación, sino también el deterioro de las vías, con desagües rotos, basura acumulada y caminos accidentados. Aunque los vecinos han hecho mejoras temporales, estas no bastan. “De noche, estas calles son intransitables y peligrosas. Estamos enfrentando esta situación solos”, denunció una residente. La inseguridad se agrava debido a la limitada presencia policial. Los vecinos indican que las rondas son esporádicas y no cubren las zonas críticas por temor a las condiciones accidentadas del terreno. “Necesitamos un compromiso real por parte del alcalde y de la policía. Aquí vivimos familias que merecen protección y condiciones dignas”, reclamó un habitante afectado. La comunidad exige un plan de acción que contemple la instalación de alumbrado público, la mejora de las vías y un incremento en la vigilancia policial. “Es urgente que las autoridades asuman su responsabilidad. No podemos seguir en este abandono”, concluyó un vocero vecinal. Escrito: Jean Carlo Frisancho",2025-11-16T21:32:01.293813,2024-11-21T00:00:00,2025-11-16T21:32:01.476453,Los Andes,10339,,264,"La inseguridad y la falta de atención municipal tienen en alerta a los pueblos jóvenes Buena Vista y Jerusalén, ubicados en el distrito de Mariano Melgar. Sin iluminación en sus vías de acceso y sin rondas policiales frecuentes, estas zonas se han convertido en puntos peligrosos, tomados por personas que consumen alcohol, drogas y realizan […]",,Arequipa: vecinos exigen seguridad a alcalde de Mariano Melgar,https://losandes.com.pe/arequipa-vecinos-exigen-seguridad-a-alcalde-de-mariano-melgar/
Diario los Andes,962,General,"La responsable del INEI en el distrito de Juliaca, Gleny Incahuanaco, informó que el trabajo de los censistas del Censo Nacional 2025 se ha visto afectado por diversos incidentes desde el inicio de la jornada censal, el pasado 4 de agosto. En esta primera etapa participan 203 censistas, aunque algunos han renunciado debido a las dificultades encontradas en el campo. Entre los casos más graves, se reporta que una censista casi fue asaltada en una cantina el sábado 9 de agosto, alrededor de las 10:00 de la mañana. La víctima, identificada como Edith Mamani Rojas, sufrió el intento de robo de su laptop mientras realizaba su labor. Asimismo, en las dos primeras semanas del censo, cinco censistas han sido mordidos por perros, uno de ellos el 13 de agosto, siendo atendido en la Clínica Americana. Otro trabajador sufrió la fractura de una pierna durante sus labores. Incahuanaco recordó que todos los censistas están plenamente identificados con credencial.",2025-11-16T21:32:01.293813,2025-08-14T00:00:00,2025-11-16T21:32:01.476055,Los Andes,10338,,157,"La responsable del INEI en el distrito de Juliaca, Gleny Incahuanaco, informó que el trabajo de los censistas del Censo Nacional 2025 se ha visto afectado por diversos incidentes desde el inicio de la jornada censal, el pasado 4 de agosto. En esta primera etapa participan 203 censistas, aunque algunos han renunciado debido a las […]",,San Román: Intentaron robar laptop a censista,https://losandes.com.pe/san-roman-intentaron-robar-laptop-a-censista/?signup
Diario los Andes,1725,General,"Escribe: Jeamilett Chirinos La Municipalidad Provincial de Arequipa contrató a siete promotores de seguridad ciudadana que no cumplían con el requisito de estatura mínima establecido en los términos de referencia. Así lo reveló el Informe de Acción de Oficio Posterior N° 004-2025-2-0353-AOP, elaborado por el Órgano de Control Institucional (OCI) de la comuna provincial. El documento señala que, pese a que la convocatoria exigía que los postulantes tuvieran una talla mínima de 1.65 metros en el caso de varones y 1.60 metros en mujeres, la gestión municipal suscribió órdenes de servicio con personas que no alcanzaban esas medidas. Los casos detectados incluyen contrataciones de trabajadores con alturas entre 1.50 y 1.61 metros. La investigación de la Contraloría se basó en la revisión de los certificados médicos expedidos por el Ministerio de Salud (MINSA), los cuales fueron adjuntados a los documentos de contratación. Son siete trabajadores, entre hombres y mujeres que fueron contratados desde abril de 2023 hasta agosto de 2023, con un plazo de servicio de 75 días calendario. A pesar de estas inconsistencias, la municipalidad emitió órdenes de servicio y comprobantes de pago a favor de estos trabajadores por montos que oscilaban entre S/ 950 y S/ 1,400 por mes, bajo el concepto de servicio temporal de promotores de seguridad ciudadana. La Contraloría recomendó al alcalde Víctor Hugo Rivera tomar acciones correctivas y deslindar responsabilidades en la contratación de estos trabajadores. Además, solicitó que la municipalidad remita un Plan de Acción en 20 días hábiles explicando las medidas para evitar que estas irregularidades se repitan. Tallas mínimas eran de 1.65 para varones y 1.60 para damas.",2025-11-16T21:32:01.293813,2025-02-27T00:00:00,2025-11-16T21:32:01.473349,Los Andes,10337,,267,"Escribe: Jeamilett Chirinos La Municipalidad Provincial de Arequipa contrató a siete promotores de seguridad ciudadana que no cumplían con el requisito de estatura mínima establecido en los términos de referencia. Así lo reveló el Informe de Acción de Oficio Posterior N° 004-2025-2-0353-AOP, elaborado por el Órgano de Control Institucional (OCI) de la comuna provincial. El […]",,Municipalidad de Arequipa contrató a gente que no cumplía requisitos para seguridad,https://losandes.com.pe/rivera-contrato-a-gente-de-baja-estatura-para-seguridad/
Diario los Andes,4673,General,"Las monumentales iglesias que han perdurado a lo largo de la historia de Arequipa, son parte de nuestra tradición. Pero existió un templo católico que lamentablemente no tuvo el mismo destino de otras construcciones religiosas, que hoy son constantemente visitadas y admiradas por propios y extraños. Se trata de la iglesia de San Camilo, un monumento único que existió en la ciudad y del que hoy en día, tan solo quedan algunos recuerdos y pocas fotografías. El templo fue construido el 17 de julio de 1817, pero la primera piedra se colocó mucho antes, en 1795, frente a una multitud de fieles arequipeños devotos de esa época. Se concluyó tras 15 años de arduo trabajo de los sacerdotes camilos de Arequipa, en especial, del llamado “buen padre” Juan José González. Según el historiador Rommel Arce Espinoza, Juan José González era el superior de la pequeña comunidad, y no dudó en vender sus bienes y propiedades para conseguir fondos y construir el templo religioso. Al final, la iglesia resultó verdaderamente espaciosa, con una cúpula muy bonita y alta, edificada con un estilo barroco colonial. En su interior, se presenciaban dos altares, la imagen del patriarca San Camilo de Lelis, de buena escultura, y a su lado, María Santísima de Exaltación de Tránsito. “Siempre fuimos una comunidad reducida, varias veces cerraron el templo, debido a que, para la apertura de una casa religiosa, era necesario tener entre 10 a 12 religiosos, según decreto de la ley española que existía en aquellos tiempos”, recuerda Sixto Alfredo Azabache Castro, reconocido padre camilo. Fue en 1868, que un gran terremoto sacudió Arequipa y devastó el gran templo de los camilos, dejándolo en ruinas para luego quedar en el olvido con el paso de los años. Rommel Arce menciona que ese mismo año, se tenía pensado que fuera reconstruido por la Comisión Central de Auxilios. Sin embargo, luego se planeó usar los materiales restantes del templo para una capilla y el resto para un nuevo hospital en el mismo terreno. Al final, no se hizo nada. Pasó un tiempo y los escombros fueron retirados, y el 6 de enero de 1881 se inauguró allí el mercado San Camilo. En el mismo lugar donde se erigía la magnífica iglesia, y hoy en día, es el mercado más popular de la ciudad. Muchos de los religiosos que integraron esta orden, tenían dotes de verdaderos médicos. Los camilos o llamados también “Padres de la Buena Muerte”, son una orden hospitalaria dedicada a los enfermos, y que incluso fue precursora de la organización internacional conocida como Cruz Roja. “Recorrían los hospitales con su emblemático hábito negro, con su cruz roja en el pecho, que simbolizaba el amor y el servicio a los enfermos de escasos recursos”, detalla Rommel Arce. La comunidad religiosa se asentó en el Perú hace 310 años. El primer padre camilo peruano fue el doctor José de la Cuadra Sandoval, que ayudaba a los enfermos de fiebre amarilla y cuya labor fue un ejemplo para muchos otros médicos y sacerdotes. A nuestra ciudad de Arequipa llegan alrededor del año 1750. En sus inicios, salían a las calles a pedir limosna, y con ese dinero se iban a asistir a los enfermos y moribundos del Hospital San Juan de Dios. Muchos de ellos regresaron al Convento de la Buena Muerte de Lima, luego del terremoto de 1868. Es que la iglesia de San Camilo nunca se reconstruyó y fue olvidada. El padre camilo Sixto Azabache Castro de 58 años de edad, muy querido y respetado en Arequipa, lleva 31 años al servicio de la comunidad. Fue capellán del Hospital Regional Honorio Delgado Espinoza, y párroco de la Iglesia de Nuestra Señora del Pilar. “Arequipa es muy tradicional a la fe, la gente tiene su corazón abierto a Dios, me gusta ayudar a los enfermos y luego encontrarlos en la calle, te saludan y se acuerdan de ti, todas esas experiencias me las llevo en el corazón”, expresa Sixto Azabache con un gesto de emoción. En la actualidad, la orden de los camilos todavía existe en la Iglesia del Pilar, aunque solo quedan tres representantes en Arequipa, los sacerdotes Alfredo Vásquez, Isaac Lino Linares y Antonio Ángeles Cervantes. Ellos asisten diariamente a las capillas de los hospitales Honorio Delgado y Goyeneche, brindando charlas y acompañando a los enfermos y moribundos en su dolor. “San Camilo de Lelis es el protector de todos los enfermos y de los hospitales del mundo católico. Y en estos tiempos modernos, los camilos siguen siendo hombres con gran corazón y manos para servir a los enfermos”, señala por su parte, Alfredo Vásquez Osorio, actual párroco de la Iglesia del Pilar. Muchos olvidaron su grandioso templo, pero los padres camilos, de manera silenciosa, siguen ayudando a quienes los necesiten.",2025-11-16T21:32:01.293813,2019-04-08T00:00:00,2025-11-16T21:32:01.467558,Los Andes,10336,,794,"Las monumentales iglesias que han perdurado a lo largo de la historia de Arequipa, son parte de nuestra tradición. Pero existió un templo católico que lamentablemente no tuvo el mismo destino de otras construcciones religiosas, que hoy son constantemente visitadas y admiradas por propios y extraños. Se trata de la iglesia de San Camilo, un […]",,El templo católico que se convirtió en un popular mercado de Arequipa,https://losandes.com.pe/el-templo-catolico-que-se-convirtio-en-un-popular-mercado-de-arequipa/?signup
Diario los Andes,1648,General,"La Corte Superior de Justicia de Lima, a través de la Décima Sala Penal de Apelaciones, suspendió por seis meses al cirujano plástico Víctor Barriga Fong, prohibiéndole ejercer la medicina tras la denuncia de mala praxis presentada por la diseñadora Cinthia Vigil. La medida, destacada el 10 de julio en Magaly TV La Firme, responde a acusaciones de Vigil, quien asegura que Fong le inyectó una sustancia nociva en lugar de ácido hialurónico, causando graves daños a su salud “Después de casi dos años, se empieza a hacer justicia”, expresó Vigil, aunque insistió en que Fong no debería volver a operar. El caso toma mayor relevancia por la presunta implicación de Fong en la muerte de la cantante folclórica Muñequita Milly, ocurrida en abril de 2024 tras una liposucción. Wilfredo Quispe, viudo de la artista, exigió en el programa una sanción definitiva: “Quiero que lo inhabiliten de manera permanente. No puede seguir operando. Solo mi hijo me da fuerzas”. La investigación sobre la muerte de Muñequita Milly, aún en etapa preliminar, señala que una perforación intestinal durante la cirugía causó una septicemia fatal. Este caso ha intensificado la indignación pública, ya que Fong continuó operando y promocionando sus servicios en redes sociales.La familia de ‘Muñequita Milly’, junto a Vigil, demanda que Fong no ejerza más. Wilfredo, hermano de la cantante, desmintió rumores sobre una indemnización de un millón de dólares, pero el abogado Ricardo Franco de la Cuba mencionó en Radio Nacional una posible compensación de 3.5 millones de soles y una pena de 4 a 8 años de prisión. “La vida de mi hermana no tiene precio”, afirmó Wilfredo.",2025-11-16T21:32:01.293813,2025-07-13T00:00:00,2025-11-16T21:32:01.462977,Los Andes,10335,,270,"La Corte Superior de Justicia de Lima, a través de la Décima Sala Penal de Apelaciones, suspendió por seis meses al cirujano plástico Víctor Barriga Fong, prohibiéndole ejercer la medicina tras la denuncia de mala praxis presentada por la diseñadora Cinthia Vigil. La medida, destacada el 10 de julio en Magaly TV La Firme, responde […]",,Dr. Fong suspendido mientras Muñequita Milly espera justicia,https://losandes.com.pe/dr-fong-suspendido-mientras-munequita-milly-espera-justicia/?signup
Diario los Andes,871,General,"Cansados de los hechos delictivos, los comerciantes del mercado Las Mercedes, específicamente los de la Plaza Dominical de la ciudad de Juliaca, capturaron a un presunto delincuente, al cual sometieron a la justicia popular, la mañana de ayer. Acusándolo de haber robado un equipo celular a un poblador, lo golpearon, desnudaron y pasearon en las inmediaciones del centro de abastos, para después amarrarlo a un asta metálica y colocarle un cartel en el cuello en el que se podía leer la frase “Soy ratero”. A pesar de esto, el imputado, cuya identidad no se conoció al cierre de la presente edición, no devolvió el equipo que habría sustraído. Ante la exigencia de los comerciantes, llamó varias veces a sus cómplices, pero estos nunca respondieron. Finalmente, los efectivos de la policía acudieron a la zona para rescatarlo y trasladarlo hasta la dependencia policial.",2025-11-16T21:32:01.293813,2024-03-04T00:00:00,2025-11-16T21:32:01.461782,Los Andes,10334,,142,"Cansados de los hechos delictivos, los comerciantes del mercado Las Mercedes, específicamente los de la Plaza Dominical de la ciudad de Juliaca, capturaron a un presunto delincuente, al cual sometieron a la justicia popular, la mañana de ayer. Acusándolo de haber robado un equipo celular a un poblador, lo golpearon, desnudaron y pasearon en las […]",,Capturan a ladrón en Las Mercedes,https://losandes.com.pe/capturan-a-ladron-en-las-mercedes/?signup
Diario los Andes,1471,General,"¡Tragedia! Un accidente de tránsito ocurrido la noche del domingo 10 de agosto en la provincia de Sandia, dejó como saldo lamentable diez muertos y 37 heridos. Pasadas las 22:30 horas, el ómnibus de la empresa “Selva Sur” se desplazaba con dirección a San Pedro de Putina Punco, procedente de Juliaca. Lamentablemente a la altura del sector Wayllabamba, el conductor del vehículo al parecer “pestañeó”, circunstancia fatal, pues, la unidad se despistó y precipitó al cauce del río Inambari. La Policía de Sandia se trasladó al lugar del trágico accidente e inició las labores de rescate, logrando rescatar a 37 personas atrapadas entre las estructuras del vehículo accidentado. Los heridos fueron trasladados al Hospital de Apoyo Sandia, donde recibieron atención médica inmediata. Entre los pasajeros rescatados se encuentran Rubén Quispe, Magaly Cuno, René Cruz, Gustavo Mamani, Pablo Cruz, Zenobia Quispe, Lourdes Lipa, Percy Arpita, María Timotea Sacaca y Maribel Larico. Todos recibieron atención médica y permanecen bajo observación en el nosocomio local Los rescatistas lograron recuperar los cadáveres de Wilber José Toque Romero (Conductor, Yobana Maritza Ugarte Calli, Felipe Huacantara Bustinza, Rubén Mamani Hancco, Senobia Ccari Sencara, Diego Gil Quispe Ccari, Angie Luz López Ccari, Yadira Cahuana López y dos personas que aún no han sido identificadas. Las autoridades investigan las causas de esta fatalidad que enluta familias de la provincia de Sandia.",2025-11-16T21:32:01.293813,2025-08-12T00:00:00,2025-11-16T21:32:01.461420,Los Andes,10333,,223,"¡Tragedia! Un accidente de tránsito ocurrido la noche del domingo 10 de agosto en la provincia de Sandia, dejó como saldo lamentable diez muertos y 37 heridos. Pasadas las 22:30 horas, el ómnibus de la empresa “Selva Sur” se desplazaba con dirección a San Pedro de Putina Punco, procedente de Juliaca. Lamentablemente a la altura […]",,¡Tragedia en Sandia!: Diez muertos y 37 heridos,https://losandes.com.pe/tragedia-en-sandia-diez-muertos-y-37-heridos/?signup
Diario los Andes,1699,General,"Al menos cuatro choferes fueron detenidos en circunstancias que los agentes realizaban un operativo policial con el fin de combatir la delincuencia. Los intervenidos tenían visibles síntomas de haber ingerido licor, infringiendo en el delito de peligro común. La primera intervención se suscitó a las 21:00 horas aproximadamente, en donde Adán Maraza Mayta (38), venía manejando el vehículo con placa de rodaje Z6W-817 por inmediaciones del jirón Carabaya de la ciudad de Juliaca, pero al ser interrogado por los agentes, tenía aliento a alcohol. Así mismo, ayer en la madrugada por la intersección de las avenidas Circunvalación con Tacna, se intervino al vehículo con placa Z5I-270, que venía siendo manejado por Bernardino Gonza Ticona (42), el mismo que conducía en estado etílico. En las inmediaciones del jirón San Martín también fue detenido, Clinton Quispe Ccori (25), quien manejaba la unidad con matrícula B7L-709, y presenta visibles síntomas de ebriedad por ello fue conducido hasta la comisaría del sector para las diligencias del caso. Finalmente, en el jirón Moquegua de esta localidad los efectivos pudieron intervenir la moto lineal con placa de rodaje 2403-4Z, que era conducida por Luis Alanguia Chucuya (22), quien también presenta visibles síntomas de ebriedad. Todos los intervenidos acabaron en la dependencia policial, en donde se les realizó la prueba de dosaje etílico, la misma que dio positivo para todos los casos, por ellos los choferes quedaron en calidad de detenidos. La policía informó que a pesar que estos operativos son constantes, los choferes continúan manejando en estado de ebriedad pudiendo ocasionar accidentes, por ello pidieron que sean más responsables.",2025-11-16T21:32:01.293813,2018-12-29T00:00:00,2025-11-16T21:32:01.461048,Los Andes,10332,,263,"Al menos cuatro choferes fueron detenidos en circunstancias que los agentes realizaban un operativo policial con el fin de combatir la delincuencia. Los intervenidos tenían visibles síntomas de haber ingerido licor, infringiendo en el delito de peligro común. INTERVENCIONES La primera intervención se suscitó a las 21:00 horas aproximadamente, en donde Adán Maraza Mayta (38), […]",,Ola de choferes ebrios en operativo policial,https://losandes.com.pe/ola-de-choferes-ebrios-en-operativo-policial/?signup
Diario los Andes,1806,General,"Una inspección a la obra de mejoramiento del servicio de movilidad urbana en la vía de articulación entre la salida Arequipa y la salida Puno, en la ciudad de Juliaca, ha revelado serias deficiencias en su ejecución. Los trabajos, realizados mediante ejecución directa y con un plazo de 90 días calendario, son responsabilidad total de la Municipalidad Provincial de San Román. Muro de contención inestable: Se constató que uno de los muros de contención prácticamente se encuentra en el aire, utilizando piedras de relleno inadecuadas. Según el expediente técnico, el relleno debía ser menor a 8 pulgadas, pero los encargados han utilizado rocas de mayor tamaño, comprometiendo la estabilidad de la estructura. Cambio de materiales sin autorización: El proyecto original especifica la colocación de una carpeta asfáltica en frío en varios tramos de la vía, pero se ha comprobado el uso de pavimento rígido de concreto, lo que representa un incumplimiento del expediente técnico y una desviación del presupuesto asignado. Deficiencias en otro muro de contención: En otra sección del proyecto, se detectaron cavidades, agregados gruesos y burbujas en el concreto del muro de contención. Estas fallas podrían facilitar la filtración de agua, lo que, a su vez, aceleraría el deterioro y eventual colapso de la estructura. Ausencia de medidas de seguridad: Durante la inspección, se observó a los trabajadores sin las adecuadas medidas de seguridad, lo que pone en riesgo su integridad física. Retraso en los plazos: El proyecto, que debía concluir a mediados de octubre, presenta un avance significativamente retrasado desde julio. Al momento de la inspección, la obra estaba lejos de su finalización. La información recabada corresponde al periodo del 14 al 18 de octubre de este año. Por: Jhon Carlos Flores",2025-11-16T21:32:01.293813,2024-11-12T00:00:00,2025-11-16T21:32:01.460501,Los Andes,10331,,285,"Una inspección a la obra de mejoramiento del servicio de movilidad urbana en la vía de articulación entre la salida Arequipa y la salida Puno, en la ciudad de Juliaca, ha revelado serias deficiencias en su ejecución. Los trabajos, realizados mediante ejecución directa y con un plazo de 90 días calendario, son responsabilidad total de […]",,Vía de articulación de salida a Puno y Arequipa es un fiasco,https://losandes.com.pe/via-de-articulacion-de-salida-a-puno-y-arequipa-es-un-fiasco/?signup
Diario los Andes,6922,General,"Nuestra lucha por un trato humano y de respeto para las madres migrantes cada día se ve más distante. El camino parece no tener luz al final del túnel, y es necesario que en la historia quede testimonio de las infamias a las que fuimos sometidas, y que nuestros derechos humanos, y de nuestros hijos, fueron sistemáticamente golpeados y violados por un Estado xenófobo y machista, con muchas ONGS, organismos internacionales y medios de comunicación en Perú, testigos impasibles, por el simple hecho de haber nacido en otra tierra. Autor: Inés Agresott González En los últimos meses y semanas, la masiva llegada al Perú de ciudadanas y ciudadanos venezolanos, huyendo de la crisis en su país, despertó la alarma en la sociedad y los medios frente a su presencia en las calles, tiendas, trabajos; presentándose casos de discriminación, racismo y agresiones, comportamiento conocido como xenofobia, tanto en actos públicos como medios y redes. Incluso no han faltado políticos y candidatos que emulando a Trump y los líderes neonazis europeos, buscan conseguir popularidad con un discurso demagógico de odio al extranjero, es decir xenófobo. Sin embargo la xenofobia no ha brotado de la nada, ni fue descubierta en el Perú con el arribo de miles de venezolanos. Siempre estuvo allí, lo que sucede es que las dimensiones de este último éxodo la hicieron más evidente, lo que hizo imposible silenciarla como se produjo en el pasado. Bastaría recordar los casos históricos de rechazo y hostilización a la población china, judía y japonesa a inicios de este siglo, y durante la segunda guerra mundial. O más recientemente las masivas expulsiones de ciudadanos colombianos, haitianos y cubanos, apenas cubierta por los medios, además de las campañas persecutorias a los artesanos y artistas callejeros por parte del ex ministro Urresti, así como contra los residentes en situación irregular, que se buscaba expulsarlos aun cuando fueran, como en muchos casos, padres y madres de peruanas y peruanos, quebrando familias al amparo de una ley migratoria retrógrada, machista y discriminatoria, vigente durante veinticinco años. Esto lo denunciamos en su momento en diferentes publicaciones impresas y virtuales, incluyendo esta revista, donde presenté mi caso y el de otras compañeras con las que hemos conformado el colectivo de Madres Migrantes Maltratadas. Nuestra lucha fue solitaria y muchas veces a contracorriente frente a un Estado cuando no hostil, indolente ante los reclamos de trato digno, ONGS que miraban al costado y medios de comunicación que contribuían a estigmatizarnos. Es cierto que hubo honrosas excepciones como la Defensoría del Pueblo, algunos parlamentarios y periodistas, sin los cuales no hubiera sido posible dar a conocer esta problemática que fue llevada hasta la relatoría de la Naciones Unidas. Asimismo que se pudiera cambiar la ley de migraciones por una más acorde a principios de derechos humanos y respeto a la familia, aunque lamentablemente su aplicación sigue estando en gran parte a merced de la buena o mala voluntad del funcionario de turno en la Superintendencia Nacional de Migraciones. En nuestro caso personal, un pequeño grupo de mujeres migrantes, varias de ellas exparejas de peruanos machistas y violentos, con niños peruanos, víctimas de violencia familiar, violadas ellas y sus hijos, asesinadas, atrapadas por leyes que no permiten sacar a nuestros hijos del país, y silenciadas por la prensa y los medios tradicionales. Blancos perfectos para descargar todo el odio xenófobo ante cada denuncia presentada, con la respuesta automática de lárgate para tu país. Un Ministerio de la Mujer que lejos de velar por las mujeres que no reconocen como tales por su condición de extranjeras, dicen que solo venimos a dañar la imagen de los hombres peruanos, la negativa de las comisarias en aceptar las denuncias de violencia, etc. etc. Los hijos reciben similar discriminación, porque los niños peruanos con un padre extranjero no reciben igual trato por el Estado, no todos los niños peruanos tienen los mismos derechos. Frente a estas denuncias no faltan quienes reclaman que no es cierto que los peruanos fueran xenófobos, y que se estaba exagerando casos aislados porque en el país se promueve el turismo y la inversión extranjera. Y es cierto, pero de lo que estamos hablando es de los foráneos residentes, que no llegaban ni a ochenta mil personas antes de la llegada de los venezolanos, y en especial quienes no tienen grandes recursos, sino tratan de salir adelante por sus propios esfuerzo y trabajo, al lado de sus familias. Es lo que la filósofa española Adela Cortina llamó aporofobia, en referencia al rechazo al otro no solo por su condición de tal, sino por su pobreza; la misma que también se ha reactivado en el caso venezolano. Esa xenofobia, acrecentada con el machismo que cobra la vida de mujeres todos los días, es promovida por un Estado manipulador que por temas políticos abrió una caja de pandora en un país que tiene viejas carencias y prejuicios, y que ahora puede culpar al que llega, mientras que las que seguimos aquí, con nuestros niños no nos iremos sin ellos, permaneceremos sobreviviendo a los embates de una total falta de humanidad para nosotras. Seguiremos siendo de lo que no se habla, las victimas perfectas para un Estado abusivo que ha decidido por su cultura machista aplicar la xenofobia selectiva entre sus lineamientos políticos. Actualmente la Superintendencia Nacional de Migraciones ha negado a varios miembros de nuestro grupo la residencia por hijos peruanos. Porque esos niños peruanos no necesitan a sus madres a su lado. Aducen incluso, con inhumanidad, en el caso de un emigrante cubano con pareja peruana que tuvo la desgracia de ver fallecer a su hijo al poco tiempo de nacido, que ya no podían acceder a la residencia porque ya no existiría el vínculo filial Todo eso, mientras más de tres millones de peruanos viven en el extranjero, enviando remesas que permiten sobrellevar la economía de sus familias en el país, muchos de ellos en condiciones precarias e indocumentados, sufriendo el acoso de las políticas migratorias restrictivas que se han endurecido en gran parte del mundo en los últimos años al calor de la crisis y de gobiernos impopulares. ¿Cómo protestar contra esas acciones mientras se promueven medidas similares a nivel interno? Nuestra lucha en Perú por un trato humano y de respeto para las madres migrantes cada día se ve más distante, pese a lo cual seguiremos en el esfuerzo. El camino parece no tener luz al final del túnel, y es necesario que en la historia quede testimonio de las infamias a las que fuimos sometidas, y que nuestros derechos humanos, y de nuestros hijos, fueron sistemáticamente golpeados y violados por un Estado xenófobo y machista, con muchas ONGS, organismos internacionales y medios de comunicación en Perú, testigos impasibles, por el simple hecho de haber nacido en otra tierra.",2025-11-16T21:32:01.293813,2018-11-11T00:00:00,2025-11-16T21:32:01.458304,Los Andes,10330,,1128,"Nuestra lucha por un trato humano y de respeto para las madres migrantes cada día se ve más distante. El camino parece no tener luz al final del túnel, y es necesario que en la historia quede testimonio de las infamias a las que fuimos sometidas, y que nuestros derechos humanos, y de nuestros hijos, […]",,"Xenofobia y machismo, la combinación normal y letal",https://losandes.com.pe/xenofobia-y-machismo-la-combinacion-normal-y-letal/?signup
Diario los Andes,2645,General,"Escribe: Oscar Enrique Pino Ponce Fue una buena intención de Promperú al lanzar la campaña Perú País de Dones Infinitos en provincias. Ni la negligencia de la corte de aduladores y asesores de la Ministra que no tuvieron el cuidado de colocar debidamente el asta de su bandera corporativa, que casi le cuesta –literalmente- la cabeza a Claricia Tirado, o el arrebato del celular en las calles arequipeñas con violencia a uno de éstos asesores pudo haber opacado la fiesta. La campaña es colorida, con ritmos pegajosos, con figuras representativas de todas las artes y paisajes paradisíacos, una pieza publicitaria de lujo, sin embargo, como país de contrastes, la campaña también difiere de acciones del ente oficial en provincias. POR FUERA FLORES, POR DENTRO…. Para la mayoría de empresarios de Arequipa y de la macrorregión sur, las campañas para promover los destinos de provincias son débiles y de poca eficacia. Un connotado empresario hotelero nos comenta por ejemplo sobre la necesidad de fortalecer el corredor Nasca – Colca- Machu Picchu- Titicaca, con la inclusión de Madre de Dios, Ilo y Tacna, éste último como puerta abierta al fuerte segmento del turista chileno, el más importante comprador sudamericano del Perú. Recomiendan, asimismo, poner en práctica la tan mentada “inclusión” para que empresarios representativos de sus regiones puedan estar presentes en las ferias nacionales e internacionales. El tema de las “argollas” es inevitable entre los “desconvocados” cuando se organizan estos eventos. CUESTIONES INTESTINAS Pero no toda la responsabilidad recae en el Estado. El desorden, falta de liderazgo y acciones ejecutivas de las regiones son acaso el mejor aliado del centralismo del que reniegan permanentemente. En Arequipa por ejemplo, el objetivo de posicionar la región como “Destino de Eventos y Convenciones” pende de un hilo al ser su principal escenario Cerro Juli, manoseado políticamente y de forma indebida. Lastimosamente la sociedad civil, incluyendo al anodino “Buró de Convenciones” es incapaz de ratificar la importancia de la empresa privada; y la consolidación del gremio CARETUR como ente representativo y que viene siendo usufructuado ilegítimamente por una sola persona, está muy lejos. Cusco y Puno también compiten en el círculo vicioso de la ineficacia. En Puno, el peor promotor de turismo es su agitador gobernador regional y el funcionamiento de gremios viene siendo presa del soroche y la helada y acaso para evitar su contagio Promperú no lo visita hace más de un año. La promoción es vital para el sector, pero no es la única variable, y ésta requiere complementarse con acciones de mejora",2025-11-16T21:32:01.293813,2024-07-17T00:00:00,2025-11-16T21:32:01.456857,Los Andes,10329,,420,"VIAJES Y TURISMO Escribe: Oscar Enrique Pino Ponce Fue una buena intención de Promperú al lanzar la campaña Perú País de Dones Infinitos en provincias. Ni la negligencia de la corte de aduladores y asesores de la Ministra que no tuvieron el cuidado de colocar debidamente el asta de su bandera corporativa, que casi le […]",,Los dones finitos de la promoción turística,https://losandes.com.pe/los-dones-finitos-de-la-promocion-turistica/?signup
Diario los Andes,1467,General,"De acuerdo al informe “Perú: Monitoreo de cultivos de coca del año 2024”, publicado en junio de este año, la región Puno registró el mayor incremento en el área cultivada de esta planta. Entre los años 2023 y 2024, el área total de cultivo de hoja de coca en la región se incrementó de 11,483 a 11,904 hectáreas, es decir, un total de 421 hectáreas adicionales en solo un año. En cambio, en Ayacucho se registró una disminución de 1,302 hectáreas, y en Ucayali una reducción de 1,015 hectáreas. Mientras tanto, solo se han observado incrementos en cuatro regiones, siendo el de Puno el más grande. En el año 2020, se estimaba que el área de producción de hoja de coca en la región alcanzaba un total de 8,730 hectáreas. Sin embargo, según el último monitoreo, es decir, en 2024, la estimación aumentó hasta 11,904 hectáreas. Entre las zonas con mayor producción se encuentra el valle de Inambari-Tambopata, y dentro de este, el distrito de San Pedro de Putina Punco, que en el año 2024 registró 7,359 hectáreas. Al analizar la situación de forma global, se observa que las zonas con mayor producción y, por lo tanto, con mayor intervención, han reducido su superficie cultivada, mientras que la producción se ha trasladado a otras zonas que antes registraban menor actividad. Es así que, mientras hubo una disminución en los distritos de San Pedro de Putina Punco y Alto Inambari, la producción aumentó en otras zonas como Phara, San Juan del Oro, Sandia y Yanahuaya.",2025-11-16T21:32:01.293813,2025-07-01T00:00:00,2025-11-16T21:32:01.454125,Los Andes,10328,,254,"De acuerdo al informe “Perú: Monitoreo de cultivos de coca del año 2024”, publicado en junio de este año, la región Puno registró el mayor incremento en el área cultivada de esta planta. Entre los años 2023 y 2024, el área total de cultivo de hoja de coca en la región se incrementó de 11,483 […]",,Puno con el mayor incremento de cultivo de coca en el Perú,https://losandes.com.pe/puno-con-el-mayor-incremento-de-cultivo-de-coca-en-el-peru/?signup
Diario los Andes,1719,General,"De acuerdo a datos recogidos por el Sistema Informático Nacional de Defunciones, al 4 de noviembre de este año, se tienen 464 muertes violentas en la región Puno, siendo la mayor cantidad accidentes de tránsito. De acuerdo a las estadísticas con fecha de corte 4 de noviembre hasta la fecha se han contado 168 muertes por accidentes de tránsito, es decir la mayor cantidad a nivel nacional si se la compara con cifras de otras regiones con excepción de Lima. En la ciudad capital se han registrado 552 fallecimientos por accidentes de tránsito, en Arequipa 152, en La Libertad 120, en Cusco 131 y en Piura 101, lo que da qué pensar en todas las irregularidades sobre entregas de berbex denunciadas en varias ocasiones. Para tener referencias sobre la cantidad de accidentes dados en la región se debe mencionar que solamente entre enero y marzo del año 2023 se han contado 349 accidentes de tránsito, es decir más de 100 accidentes al mes. Solamente en esos tres meses de inicio de este año se han contado 196 casos de accidentes ocasionados por la imprudencia o ebriedad del conductor y 55 ocasionados por la excesiva velocidad. Cabe recordar que se han registrado accidentes donde hay una clara negligencia de los conductores quiénes incumplen las normas mínimas de seguridad al momento de conducir, como es el caso de la distancia entre vehículos. No está de más precisar que solamente entre enero y marzo del presente año 252 personas resultaron heridas debido a accidentes de tránsito, es decir más de uno diario. Las cifras van en aumento, evidentemente. Según el Observatorio de Seguridad Vial del Ministerio de Transportes, Puno lidera los índices de fatalidad en accidentes de tránsito. Por: Jhon Carlos Flores",2025-11-16T21:32:01.293813,2024-11-07T00:00:00,2025-11-16T21:32:01.450487,Los Andes,10327,,289,"De acuerdo a datos recogidos por el Sistema Informático Nacional de Defunciones, al 4 de noviembre de este año, se tienen 464 muertes violentas en la región Puno, siendo la mayor cantidad accidentes de tránsito. De acuerdo a las estadísticas con fecha de corte 4 de noviembre hasta la fecha se han contado 168 muertes […]",,464 muertes violentas hasta noviembre de 2024 en Puno,https://losandes.com.pe/464-muertes-violentas-hasta-noviembre-de-2024-en-puno/?signup
Diario los Andes,1529,General,"A pesar de su escasa labor fiscalizadora y un desempeño poco destacado en el Consejo Regional, nueve de los 19 consejeros han optado por buscar un futuro político de cara a las elecciones del 2026. Alfredo Ucharico, el escudero de Richard Hancco, es voceado como uno de los candidatos de “Los Chapulines” al gobierno regional. Efectivamente figura como parte del Partido Democrático Somos Perú, que también lleva en sus filas al actual gobernador regional Richard Hancco y al ‘Carnicero’ Alberto Otárola. El grueso de estas afiliaciones se concretó el 7 de noviembre de 2024. Entre los nuevos militantes de Somos Perú figuran Héctor Aguilar Narváez (Carabaya), Wido William Condori Castillo, Leyder Carina Puma Ojeda (Huancané) y Wilbert John Aquise (Lampa), además de María Elena Mamani Apaza (San Román) y Concepción Aguirre Ccaso. Jaime Perlas Anco también se inscribió en el partido, aunque renunció meses después, en junio de 2025. Por su cuenta, el consejero regional por la provincia de Chucuito – Juli y, hasta hace poco, una de las voces más o menos críticas al gobierno regional, Abad Ubaldo Vizcarra Estrella figura como inscrito en el Partido Cívico Obras. Quiere conseguir el voto de sus paisanos de la provincia de Chucuito – Juli. Como se recuerda, se ha concretado una suerte de alianza entre el partido Somos Perú, parte del pacto que sostiene a Dina Boluarte y casa política de Alberto Otárola y el grupo de funcionarios, asesores y consejeros reunidos en torno a Richard Hancco conocidos como “Los Chapulines”.",2025-11-16T21:32:01.293813,2025-06-25T00:00:00,2025-11-16T21:32:01.446231,Los Andes,10326,,250,"A pesar de su escasa labor fiscalizadora y un desempeño poco destacado en el Consejo Regional, nueve de los 19 consejeros han optado por buscar un futuro político de cara a las elecciones del 2026. Alfredo Ucharico, el escudero de Richard Hancco, es voceado como uno de los candidatos de “Los Chapulines” al gobierno regional. […]",,Consejeros regionales de Puno ya piensan en elecciones 2026,https://losandes.com.pe/consejeros-regionales-de-puno-ya-piensan-en-elecciones-2026/?signup
Diario los Andes,1396,General,"Con ocho votos a favor y dos en contra, el Consejo Regional de Arequipa (CRA) aprobó el viaje hacia la ciudad de Chengdu, en China, de Mario Zúñiga Martínez, asesor del gobernador regional Rohel Sánchez Sánchez. En la sesión extraordinaria desarrollada ayer por la tarde, se debatió el pedido del Ejecutivo regional para el viaje de Zúñiga, sobre quien se desconoce producción alguna como asesor del GRA remunerado por el Fondo de Apoyo Gerencial (FAG) del Ministerio de Economía y Finanzas (MEF). En la cita se indicó que el viaje del consultor de Rohel Sánchez no demandará gasto alguno para el Estado, sin embargo, el consejero Miguel Linares preguntó si Zúñiga presentará su licencia sin goce de haber durante los días de viaje, interrogante que no estuvo contemplada en el expediente que justifica el periplo. Otra de las dudas que surgió durante la sesión, fue si el CRA debería o no debatir el viaje de Mario Zúñiga, teniendo en cuenta que este es un locador de servicios que no tendría vínculo con el GRA. Para ello, el secretario del CRA señaló que en opinión de Asesoría Legal, sí es competencia del consejo aprobar o no el viaje. Hay que precisar que, a este destino también irá el presidente del CRA, Osias Ortiz, y según detalla la invitación, será para asistir a la Conferencia de Cooperación y Desarrollo de Ciudades Hermanas Internacionales de Chengdu 2025, del 14 al 19 de abril.",2025-11-16T21:32:01.293813,2025-04-01T00:00:00,2025-11-16T21:32:01.441066,Los Andes,10325,,240,"Por: Los Andes Con ocho votos a favor y dos en contra, el Consejo Regional de Arequipa (CRA) aprobó el viaje hacia la ciudad de Chengdu, en China, de Mario Zúñiga Martínez, asesor del gobernador regional Rohel Sánchez Sánchez. En la sesión extraordinaria desarrollada ayer por la tarde, se debatió el pedido del Ejecutivo regional […]",,Consejeros premian a asesor del gobernador de Arequipa Rohel Sánchez,https://losandes.com.pe/consejeros-premian-a-asesor-de-rohel/
Diario los Andes,1311,General,"El regidor de la Municipalidad Distrital de Huambo, Freddy Cabana Flores, denunció públicamente el abandono de la obra de mejoramiento del estadio municipal, pese a que, según el portal de Transparencia del Ministerio de Economía y Finanzas (MEF), se habría girado el 100 % del presupuesto. La obra, denominada “Mejoramiento e Implementación de Grass Natural en el Estadio del Distrito de Huambo, Provincia de Caylloma, Arequipa”, fue ejecutada en el año 2022 durante la gestión del exalcalde Getulio Huaira Soto, con un presupuesto de S/ 97,888 financiado con recursos por operaciones oficia les de crédito. El plazo de ejecución fue de 45 días calendario, bajo la modalidad de ejecución presupuestaria directa. Sin embargo, de acuerdo al regidor Cabana, el avance físico de la obra no supera el 35 %, y el grass natural nunca fue instalado. A través de un video difundido en sus redes sociales, mostró el estado actual del campo deportivo y expresó su malestar por la situación. Cabana también criticó la pasividad del actual alcalde, Calio Huaira Collandres, quien asumió funciones en 2023 y sería familiar del exalcalde Getulio Huaira. Según el regidor, hasta la fecha no se han tomado acciones legales por el presunto incumplimiento de la obra, pese a las reiteradas denuncias presentadas por la población.",2025-11-16T21:32:01.293813,2025-07-25T00:00:00,2025-11-16T21:32:01.439932,Los Andes,10324,,211,"El regidor de la Municipalidad Distrital de Huambo, Freddy Cabana Flores, denunció públicamente el abandono de la obra de mejoramiento del estadio municipal, pese a que, según el portal de Transparencia del Ministerio de Economía y Finanzas (MEF), se habría girado el 100 % del presupuesto. La obra, denominada “Mejoramiento e Implementación de Grass Natural […]",,Arequipa: Denuncian abandono de estadio de Huambo,https://losandes.com.pe/arequipa-denuncian-abandono-de-estadio-de-huambo/?signup
Diario los Andes,1629,General,"Juliaca. Todo sucedió a raíz de que un presunto delincuente, identificado como César Mamani Machaca (31), fue retenido la madrugada de ayer por una enardecida turba cuando pretendía asaltar a Victoriano C.C., en la intersección de las avenidas Triunfo y Cincuentenario Miraflores. Los enfurecidos pobladores lo ataron de pies y manos hasta que lleguen los agentes de la policía, quienes se percataron de que el imputado tenía un chaleco antibalas, municiones en sus bolsillos y un arma de fuego. Al hacer las pericias correspondientes, se supo que el revólver era de propiedad del suboficial de tercera Antonio B.V. (25). Por lo tanto, el suboficial involucrado con el malhechor fue intervenido por sus colegas. Al ser interrogado por el lugar donde tenía su arma, dijo que estaba en su casa, por lo que los investigadores lo condujeron hasta su domicilio para constatar su versión. No obstante, en el camino, el suboficial cambió su versión e indicó que su armamento se lo habían robado hace dos semanas y no había realizado la denuncia correspondiente, y menos notificó a sus superiores, pues tenía miedo. Cabe indicar que el suboficial Antonio B.V. fue detenido hace unos meses atrás por conducir un vehículo robado, el cual le había entregado su pareja. El agente es investigado por presuntamente haber incurrido en el delito contra el patrimonio (asalto y robo a mano armada), hasta que se esclarezcan los hechos. El ladrón, que se salvó de ser linchado, tenía requisitoria por cometer el delito de homicidio calificado en su modalidad de asesinato, pues era solicitado por el Juzgado penal supraprovincial San Román-Juliaca",2025-11-16T21:32:01.293813,2018-12-27T00:00:00,2025-11-16T21:32:01.438592,Los Andes,10323,,264,"Juliaca. Todo sucedió a raíz de que un presunto delincuente, identificado como César Mamani Machaca (31), fue retenido la madrugada de ayer por una enardecida turba cuando pretendía asaltar a Victoriano C.C., en la intersección de las avenidas Triunfo y Cincuentenario Miraflores. Los enfurecidos pobladores lo ataron de pies y manos hasta que lleguen los […]",,Arma encontrada a delincuente pertenecía a un agente de la PNP,https://losandes.com.pe/arma-encontrada-a-delincuente-pertenecia-a-un-agente-de-la-pnp/?signup
Diario los Andes,1310,General,"El exgobernador regional de Puno, Juan Luque Mamani, cuestionó duramente al actual gobernador Richard Hancco por la demora en la entrega del estadio Guillermo Briceño Rosamedina en Juliaca, pese a que según afirmó, existe presupuesto asignado para su culminación. En recientes declaraciones, Luque expresó su preocupación ante versiones sobre un posible desmontaje del techo de la infraestructura del estadio. “Esto significa que el gobernador no está cumpliendo con sus responsabilidades”, expresó. Hay presupuesto. A no ser que esté esperando el famoso diezmo”, señaló con tono crítico. Luque pidió que se cumpla con el pago a los proveedores que instalaron los techos del estadio y que se haga entrega inmediata de la obra a la población. “Llamo a los dirigentes de la provincia de San Román y a las instituciones deportivas para que exijan una fecha oficial de entrega, y no estemos pensando en destechar una obra ya casi concluida”, añadió. En otros temas, respecto a los proyectos hospitalarios, la exautoridad regional dijo que Richard Hancco ha “fracasado”, porque no puede culminar el Hospital Materno Infantil de Juliaca, el Hospital de El Collao Ilave, no puede reiniciar el Hospital regional Manuel Núñez Butrón de Puno. Estas afirmaciones las dio a un medio de comunicación de carácter televisivo.",2025-11-16T21:32:01.293813,2025-05-23T00:00:00,2025-11-16T21:32:01.436624,Los Andes,10322,,206,"El exgobernador regional de Puno, Juan Luque Mamani, cuestionó duramente al actual gobernador Richard Hancco por la demora en la entrega del estadio Guillermo Briceño Rosamedina en Juliaca, pese a que según afirmó, existe presupuesto asignado para su culminación. En recientes declaraciones, Luque expresó su preocupación ante versiones sobre un posible desmontaje del techo de […]",,(VIDEO) Juan Luque a Richard Hancco: “no estemos pensando en destechar el estadio Briceño”,https://losandes.com.pe/video-juan-luque-a-richard-hancco-no-estemos-pensando-en-destechar-el-estadio-briceno/
Diario los Andes,1695,General,"Arequipa. Anímicamente fortalecido y en su mejor momento futbolístico, así es el presente de Binacional, que intentará materializar el milagro que es eliminar a Independiente por la Sudamericana. El 1-4 que le propinó el ‘Rey de Copas’ en Buenos Aires a ‘El Poderoso’ obliga a que este gane por un marcador de 3-0 para clasificar a la Segunda Fase, tarea que en teoría y en la práctica es muy complicada. Y es que no es un secreto ni una falta de respeto decir que el equipo argentino está varios peldaños arriba y con una jerarquía que le permite encarar con bastante autoconfianza dicho compromiso. Ahora más que nunca el cuadro celeste tiene que expresar individual y colectivamente lo mejor de su potencial, para intentar someter a un antagonista cuya prioridad es la Sudamericana, tras ser eliminado de la Superliga. Es importante subrayar que por primera vez en lo que va de 2019, el actual puntero del Torneo Apertura afrontará un cotejo de local fuera de Juliaca, que resolverá la interrogante si el rendimiento está sujeto o no a la altitud. Ideal y una gran ventaja hubiese sido enfrentar a Independiente en Juliaca, Cusco o Huancayo, pero la realidad dictó que no tengan otra opción que retornar a suelo mistiano luego de 368 días. Si adjudicarse la victoria es una meta por demás complicada, imponerse por 3-0 parece imposible. Eso sí, más allá del desenlace no debe faltar la actitud y la convicción que pintará de cuerpo entero la esencia celeste. Binacional e Independiente, una vez más frente a frente, dos clubes diametralmente opuestos por donde se les vea. El primero con muy poco que perder y mucho por ganar y el segundo, cual club argentino, con la obligación de campeonar.",2025-11-16T21:32:01.293813,2019-05-01T00:00:00,2025-11-16T21:32:01.433215,Los Andes,10321,https://losandes.com.pe/file/wp-content/uploads/2019/05/12515.jpg,290,"Arequipa. Anímicamente fortalecido y en su mejor momento futbolístico, así es el presente de Binacional, que intentará materializar el milagro que es eliminar a Independiente por la Sudamericana. El 1-4 que le propinó el ‘Rey de Copas’ en Buenos Aires a ‘El Poderoso’ obliga a que este gane por un marcador de 3-0 para clasificar […]",,¡Querer es poder!,https://losandes.com.pe/querer-es-poder/?signup
Diario los Andes,683,General,"Un hospedaje ubicado en la cuarta cuadra del jirón José Antonio Encinas, a unos pocos metros de la avenida Costanera de la ciudad de Puno, en realidad era un prostíbulo clandestino, por lo que fue intervenido por las autoridades del orden. Fueron los agentes policiales del Grupo Terna Puno quienes llegaron al lugar y descubrieron el hecho. Acto seguido, se montó un operativo en el que se detuvo al administrador del establecimiento, identificado como J.C.C. (48), por el presunto delito de proxenetismo y favorecimiento a la prostitución. Asimismo, se encontró a dos féminas, una de ellas con un parroquiano, gran cantidad de preservativos, botellas de licor y dinero en efectivo.",2025-11-16T21:32:01.293813,2024-03-02T00:00:00,2025-11-16T21:32:01.430775,Los Andes,10320,,110,"Un hospedaje ubicado en la cuarta cuadra del jirón José Antonio Encinas, a unos pocos metros de la avenida Costanera de la ciudad de Puno, en realidad era un prostíbulo clandestino, por lo que fue intervenido por las autoridades del orden. Fueron los agentes policiales del Grupo Terna Puno quienes llegaron al lugar y descubrieron […]",,Hospedaje era un prostíbulo oculto,https://losandes.com.pe/hospedaje-era-un-prostibulo-oculto/?signup
Diario los Andes,1051,General,"Jesús (46) y David Merino Rojas (37), hermanos sindicados como integrantes de la organización criminal ‘Los llaneros del Vraem’, fueron detenidos por la Policía, cuando recogían una ”narcoencomienda”, consistente en 33 paquetes de droga de alta pureza. La intervención se realizó el último domingo en la intersección de la avenida Circunvalación y el jirón San Martín de la ciudad de Juliaca. Los hermanos fueron detenidos por la Policía en el preciso instante en el que, luego de recoger el encargo, se aprestaban a trasladar el clorhidrato de cocaína a bordo de una mototaxi. La encomienda había sido enviada por David Merino desde la ciudad de Andahuaylas (Apurímac) y pretendía ser llevada hasta el vecino país de Bolivia. Los policías y el fiscal especializado han iniciado las diligencias de Ley para determinar responsabilidades. Se dice que el estupefaciente iba a ser entregado a ‘El Profe’ quien los esperaba en otro lugar. La encomienda había sido enviada desde la ciudad de Andahuaylas para ser comercializada en el vecino país de Bolivia.",2025-11-16T21:32:01.293813,2025-04-22T00:00:00,2025-11-16T21:32:01.430134,Los Andes,10319,,169,"Por: Los Andes Jesús (46) y David Merino Rojas (37), hermanos sindicados como integrantes de la organización criminal ‘Los llaneros del Vraem’, fueron detenidos por la Policía, cuando recogían una ”narcoencomienda”, consistente en 33 paquetes de droga de alta pureza. La intervención se realizó el último domingo en la intersección de la avenida Circunvalación y […]",,Juliaca: PNP incauta droga de alta pureza,https://losandes.com.pe/juliaca-pnp-incauta-droga-de-alta-pureza/?signup
Diario los Andes,1076,General,"La Policía Fiscal incautó mercadería “bamba” que era transportada en un tráiler con placa C9I-873. La intervención se realizó la madrugada de ayer, en la avenida Circunvalación de la ciudad de Puno, a la altura de la garita Huáscar. Al momento de la inspección del vehículo, los agentes del orden constataron que, transportaba zapatillas y prendas de vestir con el logo de reconocidas marcas; sin embargo, más adelante se comprobó que se trataba de mercadería adulterada. Por esta razón el cargamento que supera el millón de soles, fue incautado y puesto a disposición de la Fiscalía especializada en este tipo de delitos. La Policía del Área de Investigación Criminal, detalló que el tráiler conducido por Roger Mamani Mamani, salió de la Capital de la República y tenía como destino la ciudad fronteriza de Desaguadero. Las investigaciones giran en torno a la propiedad del cargamento y su destino final que sería principalmente el mercado boliviano. Además de prendas de vestir se incautó paquetes de champú con la marca adulterada. Las marcas están debidamente protegidas.",2025-11-16T21:32:01.293813,2025-01-10T00:00:00,2025-11-16T21:32:01.424966,Los Andes,10318,,173,"Por: Los Andes La Policía Fiscal incautó mercadería “bamba” que era transportada en un tráiler con placa C9I-873. La intervención se realizó la madrugada de ayer, en la avenida Circunvalación de la ciudad de Puno, a la altura de la garita Huáscar. Al momento de la inspección del vehículo, los agentes del orden constataron que, […]",,Puno: tráiler llevaba ropa “bamba”,https://losandes.com.pe/puno-trailer-llevaba-ropa-bamba/?signup
Diario los Andes,841,General,"El gerente de Seguridad, Prevención y Ordenamiento de la municipalidad de San Román, Efraín Pantigoso Málaga, dijo que 40 efectivos atenderán cualquier incidente que se produzca durante el inicio de labores escolares en las instituciones educativas de la ciudad de Juliaca. Expresó que este trabajo lo realizan conforme a un plan establecido para la temporada, el cual contempla el movimiento de personas, en este caso, estudiantes de los tres niveles de Educación Básica Regular. Dijo que las instituciones que serán vigiladas están ubicadas en el centro de la ciudad, debido a que allí existe alta demanda de la población. Es decir, que no se hará ningún trabajo en los centros educativos de las periferias. Asimismo, dijo que cuentan con poco más de 100 serenos, los cuales serán drásticamente sancionados si cometen alguna irregularidad.",2025-11-16T21:32:01.293813,2024-03-05T00:00:00,2025-11-16T21:32:01.421979,Los Andes,10317,,133,"Por: Eduardo Mamani El gerente de Seguridad, Prevención y Ordenamiento de la municipalidad de San Román, Efraín Pantigoso Málaga, dijo que 40 efectivos atenderán cualquier incidente que se produzca durante el inicio de labores escolares en las instituciones educativas de la ciudad de Juliaca. Expresó que este trabajo lo realizan conforme a un plan establecido […]",,Vigilarán las II.EE. en inicio de clases,https://losandes.com.pe/vigilaran-las-ii-ee-en-inicio-de-clases/?signup
Diario los Andes,1851,General,"Mediante el oficio Nro. 091-2018-SUNASS/OD-Puno, desde el primer día de este mes se cobra 3.04% más por el servicio de agua potable en la Ciudad Lacustre, merced al reajuste del Índice del Precio al por Mayor (IPM). No obstante, la Empresa Municipal de Saneamiento Básico (EMSA) Puno, y la Superintendencia Nacional de Servicios de Saneamiento (Sunass), incumplieron con la difusión y sensibilización que la norma establece. Este hecho fue duramente criticado por el representante de los usuarios, Fermín Montesinos. “Consideramos que este nuevo incremento es un abuso. Ya es la tercera o cuarta vez que el agua sube, y no mejoran los servicios, pero sí se dan el lujo de subir las tarifas”, sostuvo. Luego, poniéndose como ejemplo, detalló: “En meses anteriores, por mi consumo de 10 metros cúbicos, pagaba la suma de 20.46 soles; ahora, en este mes facturado que corresponde a octubre del 2018, por la misma cantidad, tendré que pagar 21.10 soles. Son 0.64 céntimos, prácticamente 70 céntimos más. Queremos llamar a la Defensoría del Pueblo y a los dirigentes a que se pronuncien”, expresó. INCLUMPLIERON Según la resolución Nro. 009-2007-CD-SUNASS, en su artículo 5.1, publicación de reajustes, se indica que antes de su implementación se debe cumplir con una adecuada difusión; sin embargo, las entidades antes mencionadas no habrían realizado este trabajo. Por otro lado, se conoce que en función al cumplimiento del denominado Plan Maestro Optimizado (PMO), en su reajuste actual no se habría cumplido en sus metas de gestión previstas para el presente año, la misma que hace mención a la mejora del servicio, que va desde la producción de agua hasta la distribución y disposición de aguas residuales. En ese marco, los quejosos hacen un llamado a las autoridades de la comuna local, y al pronunciamiento de los dirigentes de la Ciudad Lacustre.",2025-11-16T21:32:01.293813,2018-11-13T00:00:00,2025-11-16T21:32:01.418099,Los Andes,10316,,300,"Mediante el oficio Nro. 091-2018-SUNASS/OD-Puno, desde el primer día de este mes se cobra 3.04% más por el servicio de agua potable en la Ciudad Lacustre, merced al reajuste del Índice del Precio al por Mayor (IPM). No obstante, la Empresa Municipal de Saneamiento Básico (EMSA) Puno, y la Superintendencia Nacional de Servicios de Saneamiento […]",,La tarifa del servicio de agua potable se incrementó en 3.4%,https://losandes.com.pe/la-tarifa-del-servicio-de-agua-potable-se-incremento-en-3-4/?signup
Diario los Andes,8517,General,"Al parecer en el bolsillo de un poeta nunca falta un verso, es similar al caso de un artista plástico, nunca falta un color ni una ilustración mágica. Wilber Maydana Iturriaga debido a su lenguaje pictórico y visión del mundo es considerado como uno de los destacados artistas plásticos de la región Puno, que se caracteriza no solo por haber alcanzado un pleno dominio de su propio estilo, sino también de su lenguaje y técnica dentro de la pintura peruana. Wilber Maydana Iturriaga nació un día en que el león agonizaba y la Virgen restallaba su ternura, en el hermoso pueblo de YUNGUYO. Participó en el elenco de Danzas de la Tuna Universitaria, se dedicó al teatro, la música, la danza, las artes plásticas; pero, sobre todo, quiso tener experiencias mayores, es por esa razón que inició sus viajes por diferentes lugares, fue estudiante de la Escuela de Bellas Artes “Hernán Siles” de la Paz – Bolivia, de los Talleres Municipales de Arte de Córdoba – Argentina, de la Escuela de bellas Artes “Diego Quispe Tito” de Cusco. Formó parte de la fundación del Grupo Quaternario y otros colectivos artísticos, asimismo brilló con luz propia en diversas exposiciones colectivas pictóricas tanto nacionales como internacionales, logrando innumerables lauros para la ciudad lacustre de Puno. No se pone en duda en ningún momento que el profesor Wilber Maydana Iturriaga sobresale más en el arte costumbrista y figurativo, tradicional y experimental, además de las habilidades técnicas y destrezas que posee, expresa una extraña fuerza humana destinada a pintar el espíritu y la mirada del poblador andino, su pintura es apreciado porque ha evolucionado dentro de los cánones estéticos, todo fluye, imaginación, abstracción, mensaje, lo subjetivo y subconsciente. Por ello mismo nos llama la atención que su pintura está adscrita mediante tonos, líneas y colores que hace fluir la belleza de la naturaleza, lo inusual se luce absolutamente inconfundible por lo que el juego decorativo es clave y fruto de las cosas, opinar de sus cuadros pictóricos, es cada vez más dinámico y con multitudes de respuestas que a lo largo de los días van reafirmándose y afinándose. Cabe pues entonces resaltar y exaltar que el profesor Wilber Maydana Iturriaga lleva en la sangre el arte de la pintura y ha logrado cruzar fronteras con su desbordante creatividad, demostrando a todas luces la majestuosidad y belleza natural del legendario lago Titicaca. Por eso con mucha razón sus cuadros pictóricos significan: una geometría intuitiva e imbuida de laboriosidad que se va radicalizando conforme al desarrollo de los colores que, además, se debe, al campo maravilloso, donde aparecen personas realizando actividades habituales, es decir, consigue que la mágica realidad se convierta en un hecho cotidiano, en una realidad y verdad a la vez. De esta manera, Wilber Maydana Iturriaga conserva de un gran reconocimiento de carácter ciudadano, transparente y honesto como se merece todo artista plástico del Perú profundo. Asimismo, en su vasto conocimiento fidedigno, Puno es mágico, maravilloso y trascendental, canta a la vida y a la esperanza. Y nada le detiene en el camino, sino más bien, batalla contra todas las adversidades simultáneas, en el que genera una interacción humana, destinada a preservar la cultura viva del ande y la memoria social ante un gobierno sórdido e insensible. Todo es un acto de magia y fe en la palabra impresa, sólo así es posible afirmar que, en gran parte, las expresiones más profundas de la pintura contemporánea están, además, en los cuadros pictóricos de Wilber Maydana Iturriaga. Pues, debo señalar en estas líneas el esfuerzo e interés mostrado por el profesor Wilber Maydana Iturriaga, que es un artista plástico de larga data y celebrará en el gran lago de los Andes sus 45 años de trayectoria artística. ¿Cómo te dedicaste a la escultura? Haber incursionado al mundo del arte para mí fue uno de los estímulos más grandes de mi vida, felizmente tuve el apoyo de mis padres y mis hermanos, respetando mi decisión, he realizado diversas labores artísticas, como las artes plásticas, la música, la danza, el teatro, etc. y siendo niño aún gozaba con el desarrollo de la escultura desde las rejas del parque infantil que existía al costado de la Escuela de Bellas Artes, hoy Parque Mariátegui, me fascinaba la realización de las obras en escultura, lo que me impulsó por experimentar con esta difícil técnica, y posteriormente tuve una formación en la Escuela de Bellas Artes Diego Quispe Tito de la ciudad del Cusco, y el hecho de viajar por diferentes lugares, solidifica mi afición por este bello arte. ¿Recuerdas tu primera escultura, que era, que expresaba? Realicé una gran variedad de trabajos de escultura, pero recuerdo una que marcó mi vida por la representación de obras de carácter religioso, fue San Miguel Arcángel, tallado en madera, fue una gran experiencia, esta obra la realicé en la ciudad del Cusco, donde se encuentran los mejores talladores en madera, la obra tenía una dimensión aproximada de 45 cm. ¿Cuál ha sido la escultura que más te ha marcado? Hay obras que fueron diseñadas de diversas maneras, sin embargo, una de las obras que más recuerdos gratos me dio fue la realización de La Virgen de la Candelaria, ha pedido de los socios del Club Departamental Puno de los residentes en Lima que fue paseada por las calles de la ciudad de Puno, antes de viajar a la capital, y luego ver la imagen en su procesión, iniciando la Festividad de la Santísima Virgen de la Candelaria en la ciudad de Lima. ¿Cuánto ha sido el tiempo máximo que has pasado trabajando en una escultura? Algunas obras pequeñas se realizan en periodos de días y otros que demoraron hasta tres meses, como la realización del Mausoleo de Arturo Peralta (Gamaliel Churata), en el cual tuve que volver a leer la obra de Arturo Peralta “El pez de Oro” con la finalidad de dar una interpretación adecuada del mensaje de la obra, la realización de esta obra fue con la participación del Maestro Rolando Mamani Inquilla, profesor de escultura en la ESFAP Puno, y el apoyo de amigos como Julio Cesar Toalino, Richard Coopa, ya que la magnitud y el desarrollo de la obra es un trabajo colectivo. ¿Qué estilos y movimientos artísticos se ven reflejados en tu escultura? En su mayoría las obras están determinadas por un estilo realista, y en otras un surrealismo que pretende reflejar el momento que se piensa interpretar y llevar al espectador a imbuirse en el tiempo y en la obra, el uso de materiales diversos apoya en el mensaje la textura y la interpretación de la misma. ¿Qué escultores puneños han influido en tu vida? El hecho de haber realizado un recorrido constante por diversos lugares me dio la posibilidad de conocer a maestros de trayectoria maestros de la Escuela de bellas Artes, Hernán Siles de la Paz Bolivia, maestros de la Escuela de bellas Artes Diego Quispe Tito del Cusco, y otros de diversos lugares, de los cuales tengo grabado en mi mente gratos recuerdos, en Puno tuve la oportunidad de haber sido alumno del maestro Quintín Borda, uno de los mejores exponentes de este difícil arte que dejó huella en Puno y en el ESFAP Puno. ¿En qué proyectos te encuentras trabajando actualmente? Actualmente me encuentro realizando esculturas de carácter religioso con marcado acento regional, ya que tengo como objetivo la realización de una exposición plástica, donde mostraré diversas técnicas plásticas, dentro de ellas, la escultura, la pintura, el dibujo, el grabado y otras técnicas, con las cuales quiero dar un aporte y un homenaje a esta hermosa tierra, ya que nunca tuve la oportunidad de realizar en esta ciudad una exposición individual, por diversas razones que no quisiera mencionar pero que me negaron esta oportunidad; sin embargo tengo trazado este proyecto, que de ser posible lo realizaré sino es posible en una galería, será en la propia calle. ¿Qué aconsejarías a los que empiezan en este complejo mundo de la escultura? Ser escultor en nuestro país es un verdadero privilegio, uno de los principales retos por los que se tiene que pasar en este difícil arte, es la carencia de materiales adecuados, ya que se debe ir de la mano con la tecnología, con el uso de materiales de actualidad, que en su mayoría no se pueden encontrar en nuestro medio; sin embargo el esfuerzo, la paciencia y la constancia dará los frutos deseados, aconsejando a los que se inician en este bello arte a ser investigadores, y experimentar siempre con materiales nuevos que darán los resultados deseados.",2025-11-16T21:32:01.293813,2021-07-10T00:00:00,2025-11-16T21:32:01.416946,Los Andes,10315,,1425,"Al parecer en el bolsillo de un poeta nunca falta un verso, es similar al caso de un artista plástico, nunca falta un color ni una ilustración mágica. Wilber Maydana Iturriaga debido a su lenguaje pictórico y visión del mundo es considerado como uno de los destacados artistas plásticos de la región Puno, que se […]",,"Wilber Maydana Iturriaga, pintor yunguyeño, cumple 45 años de trayectoria artística",https://losandes.com.pe/wilber-maydana-iturriaga-pintor-yunguyeno-cumple-45-anos-de-trayectoria-artistica/?signup
Diario los Andes,516,General,"Luego del concurso de danzas autóctonas, realizado en el estadio Enrique torres Belón, una gran cantidad de basura acumulada en los graderíos provocó malestar en los deportistas. Tapers, bolsas, platos, latas de cerveza y otros productos desechables fueron dejados sin ningún tipo de cuidado, mellando una vez más la imagen de la ciudad. Del mismo modo, los deportistas que se congregan en el recinto deportivo para entrenarse, tuvieron que hacerlo en medio de los desechos, siendo un potencial riesgo para su salud.",2025-11-16T21:32:01.293813,2019-02-04T00:00:00,2025-11-16T21:32:01.415776,Los Andes,10314,,82,"Luego del concurso de danzas autóctonas, realizado en el estadio Enrique torres Belón, una gran cantidad de basura acumulada en los graderíos provocó malestar en los deportistas. Tapers, bolsas, platos, latas de cerveza y otros productos desechables fueron dejados sin ningún tipo de cuidado, mellando una vez más la imagen de la ciudad. Del mismo […]",,Candelaria: Basura acumulada en el estadio Torres Belón genera incomodidad en deportistas,https://losandes.com.pe/candelaria-basura-acumulada-en-el-estadio-torres-belon-genera-incomodidad-en-deportistas/?signup
Diario los Andes,1364,General,"El general de la Policía, Jorge Tomás Guardia Riveros, asumió el cargo como jefe de la Región Policial Puno en una ceremonia realizada en la Plaza Mayor de la ciudad de Puno. La ceremonia contó con la presencia del comandante general de la Policía Nacional del Perú y altos mandos policiales. Guardia Riveros reemplaza al general Francisco Ninalaya Martínez, cuya gestión estuvo marcada por serios cuestionamientos y controversias. La administración de la anterior autoridad policial, se vio empañada por numerosos reportes de asaltos y operativos ilegales en los que participaron efectivos policiales. Varios agentes fueron arrestados y procesados judicialmente por su implicación en actividades delictivas. El nombramiento de Guardia Riveros se produce en un contexto de creciente preocupación por la inseguridad ciudadana en toda la región Puno. Durante su alocución, el nuevo jefe policial ha prometido recuperar la confianza de la población a través de una gestión transparente y con firmeza contra la corrupción. Su principal objetivo será limpiar la imagen de la institución y sancionar ejemplarmente cualquier acto ilícito por parte de los miembros de la fuerza policial. Dirigentes de la ciudad de Juliaca han invocado al nuevo titular de la entidad en la región, acercarse a la población, para a partir de ese contacto establecer una estrategia conjunta.",2025-11-16T21:32:01.293813,2025-07-22T00:00:00,2025-11-16T21:32:01.415043,Los Andes,10313,,210,"El general de la Policía, Jorge Tomás Guardia Riveros, asumió el cargo como jefe de la Región Policial Puno en una ceremonia realizada en la Plaza Mayor de la ciudad de Puno. La ceremonia contó con la presencia del comandante general de la Policía Nacional del Perú y altos mandos policiales. Guardia Riveros reemplaza al […]",,Asume funciones nuevo jefe policial en la región Puno,https://losandes.com.pe/asume-funciones-nuevo-jefe-policial-en-la-region-puno/?signup
Diario los Andes,754,General,"El defensor del Pueblo, Jacinto Ticona Huamán, informó que, fruto de las acciones en 15 distritos de la región, se descubrió que no existiría una instancia para la lucha contra la violencia hacia la mujer, lo que se constituye como un gran problema entre los municipios, que así estarían minimizando el problema. Indicó además que en los últimos años se registraron 54 feminicidios en Puno, lo que nos convertiría en la quinta región a nivel nacional con incidencia en este crimen; en lo que va del año, agregó, se habrían registrado 103 casos en todo el Perú. En ese sentido, instó a las instituciones a apoyar la campaña “De una vez por todas” para conseguir que el próximo año sea denominado “Año de la igualdad y no violencia contra niñas y mujeres”.",2025-11-16T21:32:01.293813,2018-11-21T00:00:00,2025-11-16T21:32:01.414555,Los Andes,10312,,132,"El defensor del Pueblo, Jacinto Ticona Huamán, informó que, fruto de las acciones en 15 distritos de la región, se descubrió que no existiría una instancia para la lucha contra la violencia hacia la mujer, lo que se constituye como un gran problema entre los municipios, que así estarían minimizando el problema. Indicó además que […]",,Defensor del Pueblo Jacinto Ticona: Existe indiferencia frente a casos de violencia,https://losandes.com.pe/defensor-del-pueblo-jacinto-ticona-existe-indiferencia-frente-a-casos-de-violencia/?signup
Diario los Andes,301,General,"Guarda mi nombre, correo electrónico y sitio web en este navegador para la próxima vez que comente. Diario referente del sur del Perú, espacio de reflexión sobre el desarrollo humano y su relación con el medio ambiente, la sociedad y la economía © 2024 Diario los Andes. Todos los derechos reservados.",2025-11-16T21:32:01.293813,2025-11-16T00:00:00,2025-11-16T21:32:01.412965,Los Andes,10311,,51,"Guarda mi nombre, correo electrónico y sitio web en este navegador para la próxima vez que comente",,PUNO: Diario Los Andes 16/11/2025,https://losandes.com.pe/puno-diario-los-andes-16-11-2025/?signup
Diario los Andes,1086,General,"El ministro de Transportes y Comunicaciones, Raúl Pérez Reyes, indicó que durante las reuniones bilaterales que sostendrán con las delegaciones participantes de la Semana de Líderes del Foro de Cooperación Económica Asia-Pacífico (APEC), Perú presentará proyectos ferroviarios por 20,000 millones de dólares. “Hay una serie de otros proyectos que iremos presentando en las reuniones bilaterales con las distintas delegaciones, para lo cual hay una agenda concreta y definida por la Cancillería peruana y las cancillerías de las otras economías, donde irán surgiendo los temas y presentando los proyectos que le interesan a Perú exponer”, dijo. “Tenemos las Líneas 3 y 4 del Metro de Lima y Callao, los cuales son proyectos que en paquete suman 10,000 millones de dólares de inversión; también está el ferrocarril Lima-Ica con 6,500 millones de dólares más, y el tren Lima-Barranca con 4,500 millones de dólares. Estamos hablando de más de 20,000 millones de dólares en total e iremos conversando con los países que ya nos han expresado interés en participar de estos proyectos”, agregó.",2025-11-16T21:32:01.293813,2024-11-13T00:00:00,2025-11-16T21:32:01.411964,Los Andes,10310,,170,"El ministro de Transportes y Comunicaciones, Raúl Pérez Reyes, indicó que durante las reuniones bilaterales que sostendrán con las delegaciones participantes de la Semana de Líderes del Foro de Cooperación Económica Asia-Pacífico (APEC), Perú presentará proyectos ferroviarios por 20,000 millones de dólares. “Hay una serie de otros proyectos que iremos presentando en las reuniones bilaterales […]",,Proyectos ferroviarios por más de $ 20 mil millones,https://losandes.com.pe/proyectos-ferroviarios-por-mas-de-20-mil-millones/?signup
Diario los Andes,1516,General,"Cientos de comerciantes de venta de carros, que anteriormente se ubicaban en la avenida Circunvalación, ocuparon la avenida Andrés Avelino Cáceres del sector de la salida Arequipa, donde se notó falta de condiciones para realizar sus actividades. Según el presidente de la Asociación de Venta de Vehículos de la provincia de San Román, Braulio Díaz Cutipa, no tenían otra alternativa que reubicarse, pese a que aún no tenían previsto hacerlo, ya ello estaba programado para enero del 2019. Asimismo, mencionó que no hay una resolución que los avale; sin embargo, permanecerán hasta cuando se superen las condiciones de transitabilidad, pues existen empresas de nivel urbano que tienen su ruta por la avenida. De la misma forma, dijo que los comerciantes en venta de comida y otros, tampoco tienen dónde ubicarse, pues todos los comerciantes ocuparon la vía. Además, cuestionó que las primeras cuadras tengan una berma central amplia, generando un espacio insulso que no se utiliza. En otro momento, dijo que vienen solicitando la presencia de serenazgo municipal, a fin de resguardar la integridad de las personas, y también recordó que anteriormente intentaron reubicarse, pero por falta de condiciones retornaron a la avenida Circunvalación. En la parte final, advirtió que podrían volver a su anterior lugar de trabajo, de no superarse la falta de condiciones. Igualmente, dijo que tenían la propuesta de ubicarse en el sector del óvalo de la salida a Puno, pero coincidentemente también hacían falta condiciones.",2025-11-16T21:32:01.293813,2018-11-20T00:00:00,2025-11-16T21:32:01.407533,Los Andes,10309,,239,"Cientos de comerciantes de venta de carros, que anteriormente se ubicaban en la avenida Circunvalación, ocuparon la avenida Andrés Avelino Cáceres del sector de la salida Arequipa, donde se notó falta de condiciones para realizar sus actividades. Según el presidente de la Asociación de Venta de Vehículos de la provincia de San Román, Braulio Díaz […]",,Faltan condiciones para feria de carros,https://losandes.com.pe/faltan-condiciones-para-feria-de-carros/?signup
Diario los Andes,1576,General,"La inseguridad en la ciudad de Juliaca no tiene cuándo acabar. Esta vez, un grupo de avezados delincuentes asaltaron un taller de carpintería de donde se llevaron gran cantidad de dinero y artefactos del propietario. Los facinerosos huyeron en una camioneta ploma a toda velocidad. ASALTOEl robo se suscitó cerca de las 18:30 horas del último lunes, en el interior de una carpintería ubicada en la octava cuadra de la avenida Ferrocarril, en donde dos trabajadores venían cumpliendo su labor hasta que fueron víctimas de un robo a mano armada. Según refiere Andrés Avelino Luque Ccota (34), propietario de la carpintería, uno de sus trabajadores, identificado como José Acarapi Humpiri (25), le llamó a su celular indicándole que unos delincuentes ingresaron al taller utilizando armas de fuego para luego maniatarlos. BOTÍNPosteriormente, los malhechores comenzaron a rebuscar varias habitaciones hasta que en el segundo piso pudieron encontrar el ansiado botín que luego trasladarían a una camioneta ploma en la que escaparon rápidamente. Una vez que las víctimas del robo se liberaron, dieron aviso al dueño del negocio, quien se aproximó de inmediato a su domicilio y comunicó de lo ocurrido a la policía, señalando que los delincuentes se llevaron 12 mil dólares americanos y 6 mil 800 soles, además de una computadora, tres dispositivos USB que contenían diseños de máquinas cotizadas en otros 7 mil soles y algunas herramientas. La policía ya viene realizando las investigaciones correspondientes para dar con el paradero de los autores del robo, quienes serían cuatro.",2025-11-16T21:32:01.293813,2018-12-12T00:00:00,2025-11-16T21:32:01.406099,Los Andes,10308,,249,"La inseguridad en la ciudad de Juliaca no tiene cuándo acabar. Esta vez, un grupo de avezados delincuentes asaltaron un taller de carpintería de donde se llevaron gran cantidad de dinero y artefactos del propietario. Los facinerosos huyeron en una camioneta ploma a toda velocidad. ASALTOEl robo se suscitó cerca de las 18:30 horas del […]",,«Marcas» roban más de 13 mil dólares de una carpintería y fugan en camioneta,https://losandes.com.pe/marcas-roban-mas-de-13-mil-dolares-de-una-carpinteria-y-fugan-en-camioneta/?signup
Diario los Andes,939,General,"Eduardo Simón Calsina Huamán (54), trabajador de limpieza de la municipalidad de Puno, perdió la vida cuando cumplía, como todas las madrugadas, su labor. Un conductor en completo estado de ebriedad les quito la vida y sume en la más profunda tristeza a su familia. El servidor edil, como todas los días, había salido a trabajar en un vehículo recolector de residuos sólidos. La fría madrugada transcurría sin sobresalto alguno hasta que, en la avenida El Ejército, a la altura de un grifo ubicado cerca al cuartel Manco Cápac, apareció a toda velocidad, un auto con matrícula X3A-617, que terminó arrollando a Calsina Huamán y estrellándose contra la compactadora. El chofer del vehículo, José Gonzáles Mamani (24), se encontraba bajo los efectos del alcohol y solo atinó a mirar la terrible escena que provocó. Aún con vida, el trabajador de limpieza fue conducido al hospital Manuel Núñez Butrón, donde luego de una corta agonía, murió.",2025-11-16T21:32:01.293813,2025-07-15T00:00:00,2025-11-16T21:32:01.404107,Los Andes,10307,,155,"Eduardo Simón Calsina Huamán (54), trabajador de limpieza de la municipalidad de Puno, perdió la vida cuando cumplía, como todas las madrugadas, su labor. Un conductor en completo estado de ebriedad les quito la vida y sume en la más profunda tristeza a su familia. EBRIO AL TIMÓN El servidor edil, como todas los días, […]",,Borracho al timón mata a trabajador de la municipalidad de Puno,https://losandes.com.pe/borracho-al-timon-mata-a-trabajador-de-la-municipalidad-de-puno/?signup
Diario los Andes,939,General,"Escribe: Sonia Vilcanqui Las peleas por el rectorado de la Universidad Andina Néstor Cáceres Velásquez (UANCV) Juliaca, continúan y se agudizan. Ayer, Félix Ochatoma Paravicino, se instaló como rector en las oficinas de la sede administrativa del campus universitario (camping), ubicado en el pasaje La Cultura de la ciudad de Juliaca. Mostrando las resoluciones del Poder Judicial que lo acreditan como la máxima autoridad universitaria de la UANCV, Ochatoma Paravicino señaló que desde hoy atenderá como rector. Respecto al rector reconocido por la Sunedu y eterno rival, Milthon Quispe, indicó en forma despectiva que éste, “si quiere seguir atendiendo como rector en las oficinas de posgrado, que continúe haciéndolo”. En respuesta, Quispe Huanca anunció medidas legales contra Ochatoma por usurpación de funciones. “Vamos a tomar las acciones que corresponda, aquí va a primar el principio de autoridad, no es una amenaza…”, advirtió.",2025-11-16T21:32:01.293813,2025-07-02T00:00:00,2025-11-16T21:32:01.397779,Los Andes,10306,,142,"Escribe: Sonia Vilcanqui Las peleas por el rectorado de la Universidad Andina Néstor Cáceres Velásquez (UANCV) Juliaca, continúan y se agudizan. Ayer, Félix Ochatoma Paravicino, se instaló como rector en las oficinas de la sede administrativa del campus universitario (camping), ubicado en el pasaje La Cultura de la ciudad de Juliaca. Mostrando las resoluciones del […]",,Sigue la “guerra” por el rectorado de la UANCV de Juliaca,https://losandes.com.pe/sigue-la-guerra-por-el-rectorado-de-la-uancv-de-juliaca/?signup
Diario los Andes,958,General,"El exvicepresidente del barrio Los Choferes de la ciudad de Juliaca, Ramiro Díaz Tupa, denunció malos manejos en la administración del complejo deportivo de la urbanización a cargo del expresidente Felipe Tuero Ojeda que estuvo en el cargo por un periodo de 3 años. Explicó que durante ese período se habrían perdido alrededor de S/ 35 mil, producto de la recaudación de dinero por concepto de ingresos de personas al recinto, valorados de forma diaria en S/ 600.00. En ese sentido dijo que solicitaron a la Procuraduría Pública Municipal de San Román interponer sus buenos oficios para denunciar a este ciudadano que habría actuado de mala fe en contra de la urbanización. Asimismo indicó que se deben colocar nuevos trabajadores en cobranzas y otras áreas, a fin de mejorar los ingresos y generar el mantenimiento del complejo deportivo, que en la actualidad se encuentra abandonado y no representa mayor beneficio para la sociedad. Escrito: Eduardo Mamani",2025-11-16T21:32:01.293813,2024-11-27T00:00:00,2025-11-16T21:32:01.397175,Los Andes,10305,,156,"El exvicepresidente del barrio Los Choferes de la ciudad de Juliaca, Ramiro Díaz Tupa, denunció malos manejos en la administración del complejo deportivo de la urbanización a cargo del expresidente Felipe Tuero Ojeda que estuvo en el cargo por un periodo de 3 años. Explicó que durante ese período se habrían perdido alrededor de S/ […]",,“Explique dónde están los S/ 35 mil”,https://losandes.com.pe/explique-donde-estan-los-s-35-mil/?signup
Diario los Andes,975,General,"El gerente regional de Salud, Walther Oporto, asumirá temporalmente la dirección del hospital Goyeneche, tras la salida de Paula Suclla, quien fue retirada del cargo apenas horas después de denunciar públicamente su exclusión de una reunión técnica clave para el nuevo nosocomio el pasado viernes 25 de julio. La reunión, realizada en la sede del GRA, fue parte del proceso de socialización del proyecto del nuevo hospital con el estado de Francia. Suclla denunció que, pese a haber sido formalmente convocada, se le impidió el ingreso a ella y al equipo técnico del nosocomio, siendo reemplazada en documentos por otra profesional sin haber sido notificada. Ese mismo día, el gerente Oporto justificó la exclusión alegando motivos técnicos. Ho ras más tarde, el gerente general del GRA, Johan Cano, firmaría la resolución N.° 481 que concluye oficialmente su designación a partir del 26 de julio. Esta es la segunda remoción de un director de Goyeneche en lo que va del año.",2025-11-16T21:32:01.293813,2025-07-29T00:00:00,2025-11-16T21:32:01.396807,Los Andes,10304,,160,"El gerente regional de Salud, Walther Oporto, asumirá temporalmente la dirección del hospital Goyeneche, tras la salida de Paula Suclla, quien fue retirada del cargo apenas horas después de denunciar públicamente su exclusión de una reunión técnica clave para el nuevo nosocomio el pasado viernes 25 de julio. La reunión, realizada en la sede del […]",,Arequipa: Retiran a directora del hospital Goyeneche,https://losandes.com.pe/arequipa-retiran-a-directora-del-hospital-goyeneche/?signup
Diario los Andes,942,General,"Fuentes policiales indicaron que, además del vehículo, apareció el conductor involucrado en la muerte del joven Luis Aguilar con una versión muy dudosa de los hechos. Según indicaron, en horas de la mañana de la víspera, se presentó ante la policía con su abogado y los llevó donde estaba su vehículo. Además, señaló un punto en la ruta PunoLaraqueri donde presuntamente sucedió el accidente, pero cuando los peritos fueron al lugar no encontraron restos o señales de tal hecho. Otro detalle que llamó la atención es que la carrocería estaba intacta mientras que el daño en el vehículo se manifestó en los parabrisas. En los Registros Públicos el vehículo figura como propiedad de Jaqueliny Pérez Anahua; sin embargo, el conductor indicó que dicha persona vendió el vehículo a Celia Eulogia Chahuares Sayritupa. Al cierre de edición el conductor cuya identidad aún se reserva, está brindando su declaración ante los policías a cargo del caso.",2025-11-16T21:32:01.293813,2025-07-23T00:00:00,2025-11-16T21:32:01.395971,Los Andes,10303,,154,"Fuentes policiales indicaron que, además del vehículo, apareció el conductor involucrado en la muerte del joven Luis Aguilar con una versión muy dudosa de los hechos. Según indicaron, en horas de la mañana de la víspera, se presentó ante la policía con su abogado y los llevó donde estaba su vehículo. Además, señaló un punto […]",,Puno: Chofer involucrado en muerte de Luis Aguilar brinda extraña versión,https://losandes.com.pe/puno-chofer-involucrado-en-muerte-de-luis-aguilar-brinda-extrana-version/?signup
Diario los Andes,1673,General,"El suboficial técnico de primera, Eloy Martín Romero Vargas, fue detenido junto con otros 13 sujetos por pertenecer a la organización criminal ‘Los Nuevos Injertos Metalúrgicos del Sur’, que fue desarticulada hoy, tras un megaoperativo policial. Según información de la División de Investigación de delitos de Alta Complejidad (DIVIAC) de la Policía Nacional, Romero Vargas tendría relación directa con el cabecilla de los injertos, Yonathan Washington Roque Quispe (25) alias “Wara Wara”, La intervención se realizó en Juliaca, Puno, Abancay y Trujillo; y permitió la detención de Andy Jim Pacori Coaquira, alias ‘Andy’; Beto Julián Quispe Palomino, alias ‘Beto’; Julio Quito Mamani, alias ‘Julito’; Yanet Sónico Roque Quispe, alias ‘Sónico’; Nancy Chama Auccaille, alias ‘Comadre’; y Silvia Zinthia Soncco Apaza, alias ‘Cintia. Asimismo, Luz María Rodríguez Ticliahuanca, alias ‘Luz’; Reyna Roque Quispe, alias ‘Reyna’; Nancy Roque Quispe, alias ‘Nancy’; Melania Carpio Chacón, alias ‘Mélany’; Iván Mario Condori Vera, alias ‘Flaco’; Álex Marcio Quispe Suxso, alias ‘Motero’; Bernardo Samuel Roque León, alias ‘León’ y Eloy Martín Romero Vargas. Todos ellos son investigados por el Ministerio Público por los delitos de robo agravado, homicidio calificado, marcaje, reglaje, tenencia ilegal de armas y organización criminal. Según las investigaciones la organización criminal contaría con el apoyo de funcionarios públicos, que de manera directa colaborarían con la organización. En el operativo se incautaron además tres vehículos, seis pistolas, un rifle, municiones, gran cantidad de celulares, USB, importante documentación y 30 mil soles en efectivo aproximadamente.",2025-11-16T21:32:01.293813,2019-02-01T00:00:00,2025-11-16T21:32:01.393546,Los Andes,10302,,240,"El suboficial técnico de primera, Eloy Martín Romero Vargas, fue detenido junto con otros 13 sujetos por pertenecer a la organización criminal ‘Los Nuevos Injertos Metalúrgicos del Sur’, que fue desarticulada hoy, tras un megaoperativo policial. Según información de la División de Investigación de delitos de Alta Complejidad (DIVIAC) de la Policía Nacional, Romero Vargas […]",,Suboficial era parte de la organización criminal «Nuevos injertos metalúrgicos del Sur»,https://losandes.com.pe/suboficial-era-parte-de-la-organizacion-criminal-nuevos-injertos-metalurgicos-del-sur/?signup
Diario los Andes,1018,General,"Un accidente de tránsito en la vía Interoceánica cerca de las 19:00 horas del último miércoles, a la altura del desvío a Larimayo (puente Palmera), dejó un herido de gravedad, identificado como Andrés Avelino Calcina Condori (51). Sin embargo, lo que ha consternado a la población no fue el siniestro, sino la negativa de atención médica que recibió el afectado en el Centro de Salud de San Antón, supuestamente debido a una reciente recategorización del establecimiento por parte del Gobierno Regional de Puno. El hecho se produjo cuando Calcina Condori impactó su motocicleta contra una combi de servicio público. Aunque el chofer de esta última unidad y el patrullero policial que llegó a la escena trasladaron al herido al establecimiento de salud para que recibiera atención de urgencia, el personal de turno se negó a asistirlo. Dijeron no tener autorización para atender emergencias durante la noche. Según la versión del personal, su categoría actual sería “Nivel III”, lo que limitaría su horario de atención.",2025-11-16T21:32:01.293813,2025-08-08T00:00:00,2025-11-16T21:32:01.378727,Los Andes,10301,,164,"Un accidente de tránsito en la vía Interoceánica cerca de las 19:00 horas del último miércoles, a la altura del desvío a Larimayo (puente Palmera), dejó un herido de gravedad, identificado como Andrés Avelino Calcina Condori (51). Sin embargo, lo que ha consternado a la población no fue el siniestro, sino la negativa de atención […]",,Puno: Le cierran puertas a herido en San Antón,https://losandes.com.pe/puno-le-cierran-puertas-a-herido-en-san-anton/?signup
Diario los Andes,674,General,"A pesar de que hasta la fecha se han registrado alrededor de 17 muertes en el Centro Poblado La Rinconada, no existen hasta ahora políticas de seguridad por parte del Gobierno Regional de Puno. Según el gobernador regional Walter Aduviri Calisaya, la responsabilidad la tendría el Ministerio del Interior, por la poca presencia policial que existe en la zona. “Tenemos un Ministerio del Interior inactivo que muestra poco interés en nuestra región. Se han cursado varios documentos a este sector y, en ese marco, hubo una disposición de parte nuestra en combatir la delincuencia, señaló. Por otro lado, criticó el interés del Gobierno Central para realizar una interdicción.",2025-11-16T21:32:01.293813,2019-05-03T00:00:00,2025-11-16T21:32:01.376191,Los Andes,10300,,108,"A pesar de que hasta la fecha se han registrado alrededor de 17 muertes en el Centro Poblado La Rinconada, no existen hasta ahora políticas de seguridad por parte del Gobierno Regional de Puno. Según el gobernador regional Walter Aduviri Calisaya, la responsabilidad la tendría el Ministerio del Interior, por la poca presencia policial que […]",,La Rinconada sin políticas de seguridad,https://losandes.com.pe/la-rinconada-sin-politicas-de-seguridad/
Diario los Andes,8217,General,"A continuación, los nombres de algunos contactados de époccas recientes y actuales, esto es sólo una muestra de los cientos de contactados que hay en el mundo, la mayoría de veces con ciertas misiones que cumplir en la tierra, encargadas por los extraterrestres. Orfeo Angelucci.- Este italiano se contactó en los años 50 con seres pertenecientes al Consejo Galáctico, que sería una especie de “asamblea” formada por representantes de diferentes planetas evolucionados que ayudan a los de menor grado de evolución, como es el nuestro. Daniel Fry.- En 1950 se contactó con un ser llamado Alan, quien compartió con él mucha información y también la necesidad del crecimiento espiritual que reoriente la ciencia terrestre. Realizó un viaje en la nave de este ser por todo los EEUU. George Adamsky.- En los años 50 se contactó con seres provenientes, presumiblemente, del planeta Venus, estos tenían apariencia humana y le hicieron llegar a Adamsky, su preocupación por los experimentos de armas nucleares y atómicas que se practicaban en ese entonces en la Tierra. Este norteamericano, de origen polaco, anteriormente a su primer encuentro con este ser extraterrestre llamado Orthon, ya había tomado cientos de fotografías de objetos voladores no identificados, valiéndose de sus instrumentos que poseía, ya que era aficionado a la Astronomía, desde el restaurante Palomar Gardens, lugar donde trabajaba como administrador, cerca del observatorio de Monte Palomar en el estado de California (EEUU). Eugenio Siragusa.- Uno de los más famosos, en los años 60, hizo contacto con diferentes seres extraterrestres como: Ashtar Sheran, Ithacar, Adoniesis, Woodok y Link, seres provenientes de otros puntos de nuestra Vía Láctea, así como también de otras galaxias. Estos seres le dieron muchos mensajes, entre estos, el del desarme nuclear de los países desarrollados, que luego Siragusa entregó a las principales autoridades de las naciones. Este italiano, recibió antes de su primer encuentro, una preparación física, mental y espiritual de parte de los extraterrestres, por 11 años. Fundó una agrupación llamada “Centro de estudio de Fraternidad Cósmica”, la cual impartió a todo el mundo muchos mensajes dados por los extraterrestres, el fundamental era de Paz para el Mundo. Eduard “Billy” Meier.– Este suizo empezó sus contactos desde niño, es el más famoso contactado por pleyadianos, ha tomado cientos de fotografías a sus naves espaciales, así como también ha hecho filmaciones y grabaciones de audio, incluso proporcionó la foto de una pleyadiana de nombre Asket. Estos seres le brindaron enseñanzas y también mensajes para la Paz Mundial y la toma de consciencia de la humanidad. Tuvo frecuentes contactos principalmente con Semjase, una cosmonauta pleyadiana. María del Socorro Pérez.- En 1968, esta mexicana contactó con seres muy evolucionados, uno de ellos, de nombre Amriz. Ellos le brindaron conocimientos para restablecer la salud física, mental y espiritual de la humanidad y del propio planeta. Enrique Castillo Rincón.- En 1963, este costarricense fue contactado y llevado a una zona andina de Bolivia, por pleyadianos, donde se encontró a otras personas que ya habían sido llevadas de la misma forma que él. Allí recibió importantes mensajes sobre el plan de intervención de los extraterrestres en la Tierra, que apunta al despertar de la consciencia y sobre la necesidad de un cambio global. Sixto Paz Wells.- Peruano, actual líder de la Misión Rahma, empezó a tener contactos en 1974, con un ser extraterrestre llamado Oxalc (antes fue el arcángel Gabriel) que proviene de una base artificial ubicada en Ganímedes, posteriormente tiene contacto con Ashtar Sheran (antes fue el arcángel Miguel). Estos seres le dieron como objetivo a la Misión Rahma, el despertar la consciencia de la humanidad, a través del amor entre todos los habitantes del planeta, ya que estamos en un tiempo definitorio, donde el mundo no se va a acabar sino se va a transformar, esto viene a ser el Apocalipsis. Marcia Schafer.- Norteamericana, ha tenido contactos con diferentes seres extraterrestres desde que era muy niña y a lo largo de toda su vida. Ella explica como estos seres nos visitan sin ser vistos, y le declaran que nuestra historia como especie, es absolutamente diferente a la que creemos. Marcia Schafer es autora del libro Confesiones de un antropólogo intergaláctico. Carlos Beleván.- Peruano contactado por seres provenientes del planeta Nex-Aar, que gira en torno al astro Sirio (Nex-Oor) de la constelación del Can Mayor. Ha viajado con estos entes extraterrestres hasta dicho planeta y recibido conocimientos y enseñanzas sobre sus formas de vida, sistema orgánico, funcionamiento de sus naves, y lo principal, el mensaje de paz y cambio de la raza humana por un mundo mejor. El Sr. Carlos Beleván, a quien tuve el gusto de conocer, falleció el 11 de noviembre de 2003. Carlos Díaz.- Fotógrafo profesional avecindado en Tepoztlán (México), testigo de la venida de naves espaciales a la Tierra, los tripulantes de estos aparatos contactan telepáticamente con Díaz. Las fotos y videos que acompañan sus dichos son de por sí, lo suficientemente impactantes como para comprobar lo que dice. Carlos Díaz asegura que estos seres son tan humanos como nosotros, e incluso andan entre nosotros. Varias personas en Tepoztlán aseguran exactamente lo mismo, son también testigos de muchos avistamientos. Martha Rosenthal.- Venezolana de nacimiento. Inició el contacto extraterrestre a través de sueños y mensajes telepáticos. En 1992 recibió el primer mensaje donde abiertamente le dijeron quiénes eran ellos. En 1998 tuvo el primer contacto físico. Mantiene contacto con entidades como Ashtair y Marduk.Martha Rosenthal también es especialista en ciencias ocultas y esoterismo. Actualmente es muy reconocida como escritora y conferencista internacional. Giogio Bongiovanni.- Conocido mundialmente como “El estigmatizado de Fátima”, Bongiovanni tendría su primer encuentro con la realidad extraterrestre a la edad de trece años. Esta experiencia lo conduciría a encontrar al contactado siciliano Eugenio Siragusa, quien se convertiría en su “guía espiritual”. En 1989 Giorgio tuvo un primer encuentro con la Virgen María en su pueblo, Porto Santo Elpidio, y posteriormente viajaría a Fátima, en Portugal, donde ésta le revelaría el mensaje conocido como “Tercer secreto de Fátima”, escondido por la Iglesia durante más de 70 años. La Virgen le pidió que revelara este secreto públicamente a todo el mundo, así como que hablara abiertamente sobre la presencia extraterrestre en el planeta Tierra. Como prueba visible de esta experiencia recibió los estigmas paulatinamente, en las manos, los pies, el costado izquierdo y la frente. José García Álvarez.- Nacido en España. Entró en contacto astral con seres extraterrestres en 1975. Posteriormente tuvo encuentros físicos con tripulantes de naves espaciales provenientes de nuestro sistema solar, así como también de otros sistemas y galaxias, entre los que se encuentra Meltox, quien proviene de Andrómeda. José García Álvarez es experto en el desciframiento de las Profecías de Nostradamus, y es portavoz del mensaje cósmico para el cambio urgente de la conducta negativa de la humanidad. Alfa Bidondo.- Contactado argentino, natural de la provincia de Jujuy. Empezó sus contactos desde niño y mantiene comunicación hasta la actualidad con seres de la civilización dimensional llamada “Cronos” que nos lleva de adelanto unos 50 000 años. Killmex, es el nombre de una de estas entidades. Antonio Córdova.- Contactado peruano, actual líder de Alfa y Omega, tuvo contacto con un ente proveniente de los lejanos soles Alfa y Omega del “Macrocosmos”. Esté le legó 4 000 planos de escritura, el cual contiene ciencia no terrestre. Tuvo la oportunidad de viajar al “planeta amarillo”, que está muy distante de la Tierra. Miguel Villegas.- Contactado argentino radicado en la ciudad de Buenos Aires, creador de la web “Comando Fénix” y fundador de los “Niannas” (grupos de contacto y crecimiento espiritual) en diferentes ciudades argentinas y algunas de Latinoamérica. Mantiene contacto con entidades extraterrestres como Ashtar Soltec y maestros espirituales como Kuthumi.",2025-11-16T21:32:01.293813,2019-04-05T00:00:00,2025-11-16T21:32:01.374882,Los Andes,10299,,1276,"A continuación, los nombres de algunos contactados de époccas recientes y actuales, esto es sólo una muestra de los cientos de contactados que hay en el mundo, la mayoría de veces con ciertas misiones que cumplir en la tierra, encargadas por los extraterrestres. Orfeo Angelucci.- Este italiano se contactó en los años 50 con seres […]",,Contactados por extraterrestres,https://losandes.com.pe/contactados-por-extraterrestres/?signup
Diario los Andes,1358,General,"Una revisión al proceso de contratación de personal de enero del año 2025 lanzado por la municipalidad provincial de Puno, encontró que el Subgerente de Personal, Sadoc Salazar Mamani, y los demás miembros dl comité evaluador rompieron todas las reglas a la hora de calificar postulantes. La Contraloría General de la Republica elaboró varias listas de sus errores que se detalla a continuación: Cinco aspirantes pasaron a etapa de la entrevista sin estar habilitados en sus colegios profesionales; 45 no acreditaron cursos y especializaciones exigidos para sus puestos y 56 tampoco acreditaron experiencia. El proceso fueinformal que el comunicado número uno del proceso de selección no llevó las firmas de los miembros del comité de selección como correspondía. En el proceso aparece el nombre de Nelly Lourdes Andrade Quenta quien habría sido la que coordinó la publicación del comunicado a pesar de que, en ese momento, no contaba con relación laboral con la Municipalidad Provincial de Puno. Es necesario remarcar que varios de esos postulantes beneficiados irregularmente accedieron posteriormente a contratos laborarles con el municipio de forma completamente irregular. De hecho dos de los miembros del comité del proceso de selección indicaron que no firmaron el comunicado y que colocaron otras firmas y sellos en el comunicado. Algo huele muy mal.",2025-11-16T21:32:01.293813,2025-08-14T00:00:00,2025-11-16T21:32:01.369476,Los Andes,10298,,211,"Una revisión al proceso de contratación de personal de enero del año 2025 lanzado por la municipalidad provincial de Puno, encontró que el Subgerente de Personal, Sadoc Salazar Mamani, y los demás miembros dl comité evaluador rompieron todas las reglas a la hora de calificar postulantes. La Contraloría General de la Republica elaboró varias listas […]",,Contratos ”chuecos” en la municipalidad de Puno,https://losandes.com.pe/contratos-chuecos-en-la-municipalidad-de-puno/?signup
Diario los Andes,2025,General,"Escribe: Eduardo Mamani En la ciudad de Juliaca, el próximo 9 de enero de 2025, se llevará a cabo una autoconvocatoria nacional para conmemorar los dos años de los trágicos sucesos ocurridos en esta parte de la región. Bajo el lema “Dos años sin justicia”, la actividad intenta reunir a diversas organizaciones, artistas, personalidades, medios alternativos y organismos, con el objetivo de exigir verdad y justicia para las 17 víctimas mortales de aquella fatídica fecha. La Asociación de Mártires y Víctimas del 9 de Enero, junto a diversas agrupaciones civiles, impulsa esta jornada conmemorativa como un llamado urgente a las autoridades nacionales. Desde aquella fecha, familiares y colectivos vienen denunciando la falta de respuestas concretas sobre lo ocurrido, manteniendo viva la memoria de los caídos y reafirmando la necesidad de justicia. Se espera una masiva participación en la ciudad de las regiones vecinas y otros puntos del país, con actividades simbólicas y mensajes de reflexión en memoria de las víctimas. Esta jornada nacional pretende visibilizar la demanda por justicia y mantener presente el compromiso ciudadano con la verdad. De igual manera recientemente la Asociación de Mártires y Víctimas del 9 de Enero mediante su representante Raúl Samillán Sanga, rechazó las declaraciones del ministro de Educación Morgan Quero, sumándose a la serie de reclamos de este tipo a nivel nacional. Hasta hace poco se realizaron diligencias de reconocimiento del lugar de los hechos en distintos puntos de la ciudad como parte de las investigaciones a cargo del Ministerio Público. Cabe indicar que la autoridad municipal de San Román inauguró una estatua en el frontis del aeropuerto Inca Manco Cápac en la salida al Cusco, como un homenaje a las víctimas y heridos del 9 de enero. De la misma forma, se anunció el cambio de nomenclatura a la avenida Independencia de la salida al Cusco, sin embargo este propósito se vio truncado. Coordinaciones entre diferentes organizaciones están en marcha por esta fecha.",2025-11-16T21:32:01.293813,2024-12-17T00:00:00,2025-11-16T21:32:01.356523,Los Andes,10297,,321,"Escribe: Eduardo Mamani En la ciudad de Juliaca, el próximo 9 de enero de 2025, se llevará a cabo una autoconvocatoria nacional para conmemorar los dos años de los trágicos sucesos ocurridos en esta parte de la región. Bajo el lema “Dos años sin justicia”, la actividad intenta reunir a diversas organizaciones, artistas, personalidades, medios […]",,Conmemoración por los “Dos años sin justicia” en Juliaca,https://losandes.com.pe/conmemoracion-por-los-dos-anos-sin-justicia-en-juliaca/?signup
